/**
 * generated by fontconvert.py
 * name: inter_10_bold
 * size: 10
 * mode: 1-bit
 * Command used: fontconvert.py inter_10_bold 10 downloaded_fonts/terminus-font-4.49.1/ter-u28b.bdf ../builtinFonts/source/Inter/Inter-Bold.ttf
 */
#pragma once
#include "EpdFontData.h"

static const uint8_t inter_10_boldBitmaps[44019] = {
    0x00, 0x00, 0x00, 0x00, 0x00, 0x00, 0x00, 0x00, 0x00, 0x00, 0x00, 0x00, 0x00, 0x00, 0x00, 0x00,
    0x00, 0x00, 0x00, 0x00, 0x00, 0x00, 0x00, 0x00, 0x00, 0x00, 0x00, 0x00, 0x00, 0x00, 0x00, 0x00,
    0x00, 0x00, 0x00, 0x00, 0x00, 0x00, 0x00, 0x00, 0x00, 0x00, 0x00, 0x00, 0x00, 0x00, 0x00, 0x00,
    0x00, 0x00, 0x00, 0x00, 0x00, 0x00, 0x00, 0x00, 0x03, 0x00, 0x0C, 0x00, 0x30, 0x00, 0xC0, 0x03,
    0x00, 0x0C, 0x00, 0x30, 0x00, 0xC0, 0x03, 0x00, 0x0C, 0x00, 0x30, 0x00, 0xC0, 0x00, 0x00, 0x00,
    0x00, 0x30, 0x00, 0xC0, 0x03, 0x00, 0x0C, 0x00, 0x00, 0x00, 0x00, 0x00, 0x00, 0x00, 0x00, 0x00,
    0x00, 0x00, 0x00, 0x00, 0x00, 0x01, 0x8C, 0x06, 0x30, 0x18, 0xC0, 0x63, 0x01, 0x8C, 0x06, 0x30,
    0x00, 0x00, 0x00, 0x00, 0x00, 0x00, 0x00, 0x00, 0x00, 0x00, 0x00, 0x00, 0x00, 0x00, 0x00, 0x00,
    0x00, 0x00, 0x00, 0x00, 0x00, 0x00, 0x00, 0x00, 0x00, 0x00, 0x00, 0x00, 0x00, 0x00, 0x00, 0x00,
    0x00, 0x00, 0x00, 0x00, 0x00, 0x00, 0x00, 0x00, 0x00, 0x00, 0x18, 0xC0, 0x63, 0x01, 0x8C, 0x06,
    0x30, 0x7F, 0xF1, 0xFF, 0xC1, 0x8C, 0x06, 0x30, 0x18, 0xC0, 0x63, 0x01, 0x8C, 0x06, 0x30, 0x7F,
    0xF1, 0xFF, 0xC1, 0x8C, 0x06, 0x30, 0x18, 0xC0, 0x63, 0x00, 0x00, 0x00, 0x00, 0x00, 0x00, 0x00,
    0x00, 0x00, 0x00, 0x00, 0x00, 0x00, 0x00, 0x00, 0x30, 0x00, 0xC0, 0x03, 0x00, 0x7F, 0x83, 0xFF,
    0x1C, 0xCE, 0x63, 0x19, 0x8C, 0x06, 0x30, 0x1C, 0xC0, 0x3F, 0xE0, 0x7F, 0xC0, 0x33, 0x80, 0xC6,
    0x03, 0x19, 0x8C, 0x67, 0x33, 0x8F, 0xFC, 0x1F, 0xE0, 0x0C, 0x00, 0x30, 0x00, 0xC0, 0x00, 0x00,
    0x00, 0x00, 0x00, 0x00, 0x00, 0x00, 0x00, 0x00, 0x00, 0x00, 0x00, 0x00, 0x3C, 0x31, 0xF8, 0xC6,
    0x66, 0x1F, 0x98, 0x3C, 0xC0, 0x03, 0x00, 0x18, 0x00, 0x60, 0x03, 0x00, 0x0C, 0x00, 0x60, 0x01,
    0x80, 0x0C, 0x00, 0x33, 0xC1, 0x9F, 0x86, 0x66, 0x31, 0xF8, 0xC3, 0xC0, 0x00, 0x00, 0x00, 0x00,
    0x00, 0x00, 0x00, 0x00, 0x00, 0x00, 0x00, 0x00, 0x00, 0x00, 0x00, 0x00, 0x00, 0x0F, 0x00, 0x7E,
    0x03, 0x9C, 0x0C, 0x30, 0x30, 0xC0, 0xE7, 0x01, 0xF8, 0x03, 0xC0, 0x0E, 0x00, 0x7C, 0x63, 0xBB,
    0x9C, 0x7C, 0x60, 0xE1, 0x83, 0x86, 0x0E, 0x1C, 0x7C, 0x3F, 0xB8, 0x7C, 0x60, 0x00, 0x00, 0x00,
    0x00, 0x00, 0x00, 0x00, 0x00, 0x00, 0x00, 0x00, 0x00, 0x00, 0x00, 0x30, 0x00, 0xC0, 0x03, 0x00,
    0x0C, 0x00, 0x30, 0x00, 0xC0, 0x00, 0x00, 0x00, 0x00, 0x00, 0x00, 0x00, 0x00, 0x00, 0x00, 0x00,
    0x00, 0x00, 0x00, 0x00, 0x00, 0x00, 0x00, 0x00, 0x00, 0x00, 0x00, 0x00, 0x00, 0x00, 0x00, 0x00,
    0x00, 0x00, 0x00, 0x00, 0x00, 0x00, 0x00, 0x00, 0x00, 0x00, 0x00, 0x00, 0x00, 0x00, 0x00, 0x01,
    0x80, 0x0C, 0x00, 0x60, 0x01, 0x80, 0x0C, 0x00, 0x30, 0x00, 0xC0, 0x03, 0x00, 0x0C, 0x00, 0x30,
    0x00, 0xC0, 0x03, 0x00, 0x0C, 0x00, 0x30, 0x00, 0x60, 0x01, 0x80, 0x03, 0x00, 0x06, 0x00, 0x00,
    0x00, 0x00, 0x00, 0x00, 0x00, 0x00, 0x00, 0x00, 0x00, 0x00, 0x00, 0x00, 0x00, 0x00, 0x00, 0x00,
    0x0C, 0x00, 0x18, 0x00, 0x30, 0x00, 0xC0, 0x01, 0x80, 0x06, 0x00, 0x18, 0x00, 0x60, 0x01, 0x80,
    0x06, 0x00, 0x18, 0x00, 0x60, 0x01, 0x80, 0x06, 0x00, 0x30, 0x00, 0xC0, 0x06, 0x00, 0x30, 0x00,
    0x00, 0x00, 0x00, 0x00, 0x00, 0x00, 0x00, 0x00, 0x00, 0x00, 0x00, 0x00, 0x00, 0x00, 0x00, 0x00,
    0x00, 0x00, 0x00, 0x00, 0x00, 0x00, 0x00, 0x00, 0x38, 0xE0, 0x77, 0x00, 0xF8, 0x01, 0xC0, 0x7F,
    0xF1, 0xFF, 0xC0, 0x70, 0x03, 0xE0, 0x1D, 0xC0, 0xE3, 0x80, 0x00, 0x00, 0x00, 0x00, 0x00, 0x00,
    0x00, 0x00, 0x00, 0x00, 0x00, 0x00, 0x00, 0x00, 0x00, 0x00, 0x00, 0x00, 0x00, 0x00, 0x00, 0x00,
    0x00, 0x00, 0x00, 0x00, 0x00, 0x00, 0x00, 0x00, 0xC0, 0x03, 0x00, 0x0C, 0x00, 0x30, 0x00, 0xC0,
    0x7F, 0xF9, 0xFF, 0xE0, 0x30, 0x00, 0xC0, 0x03, 0x00, 0x0C, 0x00, 0x30, 0x00, 0x00, 0x00, 0x00,
    0x00, 0x00, 0x00, 0x00, 0x00, 0x00, 0x00, 0x00, 0x00, 0x00, 0x00, 0x00, 0x00, 0x00, 0x00, 0x00,
    0x00, 0x00, 0x00, 0x00, 0x00, 0x00, 0x00, 0x00, 0x00, 0x00, 0x00, 0x00, 0x00, 0x00, 0x00, 0x00,
    0x00, 0x00, 0x00, 0x00, 0x00, 0x00, 0x00, 0x00, 0x00, 0x00, 0x00, 0x00, 0x30, 0x00, 0xC0, 0x03,
    0x00, 0x0C, 0x00, 0x60, 0x03, 0x00, 0x00, 0x00, 0x00, 0x00, 0x00, 0x00, 0x00, 0x00, 0x00, 0x00,
    0x00, 0x00, 0x00, 0x00, 0x00, 0x00, 0x00, 0x00, 0x00, 0x00, 0x00, 0x00, 0x00, 0x00, 0x00, 0x00,
    0x00, 0x00, 0x7F, 0xF1, 0xFF, 0xC0, 0x00, 0x00, 0x00, 0x00, 0x00, 0x00, 0x00, 0x00, 0x00, 0x00,
    0x00, 0x00, 0x00, 0x00, 0x00, 0x00, 0x00, 0x00, 0x00, 0x00, 0x00, 0x00, 0x00, 0x00, 0x00, 0x00,
    0x00, 0x00, 0x00, 0x00, 0x00, 0x00, 0x00, 0x00, 0x00, 0x00, 0x00, 0x00, 0x00, 0x00, 0x00, 0x00,
    0x00, 0x00, 0x00, 0x00, 0x00, 0x00, 0x00, 0x00, 0x00, 0x00, 0x00, 0x00, 0x00, 0x00, 0x30, 0x00,
    0xC0, 0x03, 0x00, 0x0C, 0x00, 0x00, 0x00, 0x00, 0x00, 0x00, 0x00, 0x00, 0x00, 0x00, 0x00, 0x00,
    0x00, 0x00, 0x00, 0x00, 0x00, 0x00, 0x00, 0x30, 0x00, 0xC0, 0x06, 0x00, 0x18, 0x00, 0xC0, 0x03,
    0x00, 0x18, 0x00, 0x60, 0x03, 0x00, 0x0C, 0x00, 0x60, 0x01, 0x80, 0x0C, 0x00, 0x30, 0x01, 0x80,
    0x06, 0x00, 0x30, 0x00, 0xC0, 0x00, 0x00, 0x00, 0x00, 0x00, 0x00, 0x00, 0x00, 0x00, 0x00, 0x00,
    0x00, 0x00, 0x00, 0x00, 0x00, 0x00, 0x00, 0x1F, 0xC0, 0xFF, 0x87, 0x07, 0x18, 0x0C, 0x60, 0x71,
    0x83, 0xC6, 0x1F, 0x18, 0xEC, 0x67, 0x31, 0xB8, 0xC7, 0xC3, 0x1E, 0x0C, 0x70, 0x31, 0x80, 0xC6,
    0x03, 0x1C, 0x1C, 0x3F, 0xE0, 0x7F, 0x00, 0x00, 0x00, 0x00, 0x00, 0x00, 0x00, 0x00, 0x00, 0x00,
    0x00, 0x00, 0x00, 0x00, 0x00, 0x00, 0x00, 0x00, 0x03, 0x00, 0x1C, 0x00, 0xF0, 0x07, 0xC0, 0x03,
    0x00, 0x0C, 0x00, 0x30, 0x00, 0xC0, 0x03, 0x00, 0x0C, 0x00, 0x30, 0x00, 0xC0, 0x03, 0x00, 0x0C,
    0x00, 0x30, 0x00, 0xC0, 0x1F, 0xE0, 0x7F, 0x80, 0x00, 0x00, 0x00, 0x00, 0x00, 0x00, 0x00, 0x00,
    0x00, 0x00, 0x00, 0x00, 0x00, 0x00, 0x00, 0x00, 0x00, 0x1F, 0xC0, 0xFF, 0x87, 0x07, 0x18, 0x0C,
    0x60, 0x31, 0x80, 0xC0, 0x03, 0x00, 0x1C, 0x00, 0xE0, 0x07, 0x00, 0x38, 0x01, 0xC0, 0x0E, 0x00,
    0x70, 0x03, 0x80, 0x1C, 0x00, 0x7F, 0xF1, 0xFF, 0xC0, 0x00, 0x00, 0x00, 0x00, 0x00, 0x00, 0x00,
    0x00, 0x00, 0x00, 0x00, 0x00, 0x00, 0x00, 0x00, 0x00, 0x00, 0x1F, 0xC0, 0xFF, 0x87, 0x07, 0x18,
    0x0C, 0x00, 0x30, 0x00, 0xC0, 0x03, 0x00, 0x1C, 0x0F, 0xE0, 0x3F, 0x80, 0x07, 0x00, 0x0C, 0x00,
    0x30, 0x00, 0xC6, 0x03, 0x1C, 0x1C, 0x3F, 0xE0, 0x7F, 0x00, 0x00, 0x00, 0x00, 0x00, 0x00, 0x00,
    0x00, 0x00, 0x00, 0x00, 0x00, 0x00, 0x00, 0x00, 0x00, 0x00, 0x00, 0x00, 0x30, 0x01, 0xC0, 0x0F,
    0x00, 0x7C, 0x03, 0xB0, 0x1C, 0xC0, 0xE3, 0x07, 0x0C, 0x38, 0x31, 0xC0, 0xC6, 0x03, 0x18, 0x0C,
    0x7F, 0xF1, 0xFF, 0xC0, 0x03, 0x00, 0x0C, 0x00, 0x30, 0x00, 0xC0, 0x00, 0x00, 0x00, 0x00, 0x00,
    0x00, 0x00, 0x00, 0x00, 0x00, 0x00, 0x00, 0x00, 0x00, 0x00, 0x00, 0x00, 0x7F, 0xF1, 0xFF, 0xC6,
    0x00, 0x18, 0x00, 0x60, 0x01, 0x80, 0x06, 0x00, 0x1F, 0xF0, 0x7F, 0xE0, 0x01, 0xC0, 0x03, 0x00,
    0x0C, 0x00, 0x30, 0x00, 0xC6, 0x03, 0x1C, 0x1C, 0x3F, 0xE0, 0x7F, 0x00, 0x00, 0x00, 0x00, 0x00,
    0x00, 0x00, 0x00, 0x00, 0x00, 0x00, 0x00, 0x00, 0x00, 0x00, 0x00, 0x00, 0x00, 0x1F, 0xE0, 0xFF,
    0x87, 0x00, 0x18, 0x00, 0x60, 0x01, 0x80, 0x06, 0x00, 0x1F, 0xF0, 0x7F, 0xE1, 0x81, 0xC6, 0x03,
    0x18, 0x0C, 0x60, 0x31, 0x80, 0xC6, 0x03, 0x1C, 0x1C, 0x3F, 0xE0, 0x7F, 0x00, 0x00, 0x00, 0x00,
    0x00, 0x00, 0x00, 0x00, 0x00, 0x00, 0x00, 0x00, 0x00, 0x00, 0x00, 0x00, 0x00, 0x00, 0x7F, 0xF1,
    0xFF, 0xC6, 0x03, 0x18, 0x0C, 0x60, 0x30, 0x01, 0x80, 0x06, 0x00, 0x30, 0x00, 0xC0, 0x06, 0x00,
    0x18, 0x00, 0xC0, 0x03, 0x00, 0x0C, 0x00, 0x30, 0x00, 0xC0, 0x03, 0x00, 0x0C, 0x00, 0x00, 0x00,
    0x00, 0x00, 0x00, 0x00, 0x00, 0x00, 0x00, 0x00, 0x00, 0x00, 0x00, 0x00, 0x00, 0x00, 0x00, 0x1F,
    0xC0, 0xFF, 0x87, 0x07, 0x18, 0x0C, 0x60, 0x31, 0x80, 0xC6, 0x03, 0x1C, 0x1C, 0x3F, 0xE0, 0xFF,
    0x87, 0x07, 0x18, 0x0C, 0x60, 0x31, 0x80, 0xC6, 0x03, 0x1C, 0x1C, 0x3F, 0xE0, 0x7F, 0x00, 0x00,
    0x00, 0x00, 0x00, 0x00, 0x00, 0x00, 0x00, 0x00, 0x00, 0x00, 0x00, 0x00, 0x00, 0x00, 0x00, 0x00,
    0x1F, 0xC0, 0xFF, 0x87, 0x07, 0x18, 0x0C, 0x60, 0x31, 0x80, 0xC6, 0x03, 0x18, 0x0C, 0x70, 0x30,
    0xFF, 0xC1, 0xFF, 0x00, 0x0C, 0x00, 0x30, 0x00, 0xC0, 0x03, 0x00, 0x1C, 0x3F, 0xE0, 0xFF, 0x00,
    0x00, 0x00, 0x00, 0x00, 0x00, 0x00, 0x00, 0x00, 0x00, 0x00, 0x00, 0x00, 0x00, 0x00, 0x00, 0x00,
    0x00, 0x00, 0x00, 0x00, 0x00, 0x00, 0x00, 0x00, 0x00, 0x00, 0x0C, 0x00, 0x30, 0x00, 0xC0, 0x03,
    0x00, 0x00, 0x00, 0x00, 0x00, 0x00, 0x00, 0x00, 0x00, 0x00, 0x30, 0x00, 0xC0, 0x03, 0x00, 0x0C,
    0x00, 0x00, 0x00, 0x00, 0x00, 0x00, 0x00, 0x00, 0x00, 0x00, 0x00, 0x00, 0x00, 0x00, 0x00, 0x00,
    0x00, 0x00, 0x00, 0x00, 0x00, 0x00, 0x00, 0x00, 0x00, 0x00, 0x00, 0x0C, 0x00, 0x30, 0x00, 0xC0,
    0x03, 0x00, 0x00, 0x00, 0x00, 0x00, 0x00, 0x00, 0x00, 0x00, 0x00, 0x30, 0x00, 0xC0, 0x03, 0x00,
    0x0C, 0x00, 0x60, 0x03, 0x00, 0x00, 0x00, 0x00, 0x00, 0x00, 0x00, 0x00, 0x00, 0x00, 0x00, 0x00,
    0x00, 0x00, 0x00, 0x00, 0x00, 0x01, 0xC0, 0x0E, 0x00, 0x70, 0x03, 0x80, 0x1C, 0x00, 0xE0, 0x07,
    0x00, 0x38, 0x01, 0xC0, 0x03, 0x80, 0x07, 0x00, 0x0E, 0x00, 0x1C, 0x00, 0x38, 0x00, 0x70, 0x00,
    0xE0, 0x01, 0xC0, 0x00, 0x00, 0x00, 0x00, 0x00, 0x00, 0x00, 0x00, 0x00, 0x00, 0x00, 0x00, 0x00,
    0x00, 0x00, 0x00, 0x00, 0x00, 0x00, 0x00, 0x00, 0x00, 0x00, 0x00, 0x00, 0x01, 0xFF, 0xC7, 0xFF,
    0x00, 0x00, 0x00, 0x00, 0x00, 0x00, 0x00, 0x1F, 0xFC, 0x7F, 0xF0, 0x00, 0x00, 0x00, 0x00, 0x00,
    0x00, 0x00, 0x00, 0x00, 0x00, 0x00, 0x00, 0x00, 0x00, 0x00, 0x00, 0x00, 0x00, 0x00, 0x00, 0x00,
    0x00, 0x00, 0x00, 0x00, 0x00, 0x00, 0x01, 0xC0, 0x03, 0x80, 0x07, 0x00, 0x0E, 0x00, 0x1C, 0x00,
    0x38, 0x00, 0x70, 0x00, 0xE0, 0x01, 0xC0, 0x0E, 0x00, 0x70, 0x03, 0x80, 0x1C, 0x00, 0xE0, 0x07,
    0x00, 0x38, 0x01, 0xC0, 0x00, 0x00, 0x00, 0x00, 0x00, 0x00, 0x00, 0x00, 0x00, 0x00, 0x00, 0x00,
    0x00, 0x00, 0x00, 0x00, 0x00, 0x00, 0x1F, 0xC0, 0xFF, 0x87, 0x07, 0x18, 0x0C, 0x60, 0x31, 0x80,
    0xC0, 0x07, 0x00, 0x38, 0x01, 0xC0, 0x0E, 0x00, 0x30, 0x00, 0xC0, 0x00, 0x00, 0x00, 0x00, 0x30,
    0x00, 0xC0, 0x03, 0x00, 0x0C, 0x00, 0x00, 0x00, 0x00, 0x00, 0x00, 0x00, 0x00, 0x00, 0x00, 0x00,
    0x00, 0x00, 0x00, 0x00, 0x00, 0x00, 0x00, 0x1F, 0xE0, 0xFF, 0xC7, 0x03, 0x98, 0x06, 0x61, 0xF9,
    0x8F, 0xE6, 0x71, 0x99, 0x86, 0x66, 0x19, 0x98, 0x66, 0x61, 0x99, 0xC6, 0x63, 0xF9, 0x87, 0xA6,
    0x00, 0x1C, 0x00, 0x3F, 0xF8, 0x7F, 0xE0, 0x00, 0x00, 0x00, 0x00, 0x00, 0x00, 0x00, 0x00, 0x00,
    0x00, 0x00, 0x00, 0x00, 0x00, 0x00, 0x00, 0x00, 0x1F, 0xC0, 0xFF, 0x87, 0x07, 0x18, 0x0C, 0x60,
    0x31, 0x80, 0xC6, 0x03, 0x18, 0x0C, 0x60, 0x31, 0xFF, 0xC7, 0xFF, 0x18, 0x0C, 0x60, 0x31, 0x80,
    0xC6, 0x03, 0x18, 0x0C, 0x60, 0x31, 0x80, 0xC0, 0x00, 0x00, 0x00, 0x00, 0x00, 0x00, 0x00, 0x00,
    0x00, 0x00, 0x00, 0x00, 0x00, 0x00, 0x00, 0x00, 0x00, 0x7F, 0xC1, 0xFF, 0x86, 0x07, 0x18, 0x0C,
    0x60, 0x31, 0x80, 0xC6, 0x06, 0x1F, 0xF0, 0x7F, 0xC1, 0x81, 0x86, 0x03, 0x18, 0x0C, 0x60, 0x31,
    0x80, 0xC6, 0x03, 0x18, 0x1C, 0x7F, 0xE1, 0xFF, 0x00, 0x00, 0x00, 0x00, 0x00, 0x00, 0x00, 0x00,
    0x00, 0x00, 0x00, 0x00, 0x00, 0x00, 0x00, 0x00, 0x00, 0x00, 0x1F, 0xC0, 0xFF, 0x87, 0x07, 0x18,
    0x0C, 0x60, 0x31, 0x80, 0x06, 0x00, 0x18, 0x00, 0x60, 0x01, 0x80, 0x06, 0x00, 0x18, 0x00, 0x60,
    0x01, 0x80, 0xC6, 0x03, 0x1C, 0x1C, 0x3F, 0xE0, 0x7F, 0x00, 0x00, 0x00, 0x00, 0x00, 0x00, 0x00,
    0x00, 0x00, 0x00, 0x00, 0x00, 0x00, 0x00, 0x00, 0x00, 0x00, 0x00, 0x7F, 0x01, 0xFF, 0x06, 0x0E,
    0x18, 0x18, 0x60, 0x31, 0x80, 0xC6, 0x03, 0x18, 0x0C, 0x60, 0x31, 0x80, 0xC6, 0x03, 0x18, 0x0C,
    0x60, 0x31, 0x80, 0xC6, 0x06, 0x18, 0x38, 0x7F, 0xC1, 0xFC, 0x00, 0x00, 0x00, 0x00, 0x00, 0x00,
    0x00, 0x00, 0x00, 0x00, 0x00, 0x00, 0x00, 0x00, 0x00, 0x00, 0x00, 0x00, 0x7F, 0xF1, 0xFF, 0xC6,
    0x00, 0x18, 0x00, 0x60, 0x01, 0x80, 0x06, 0x00, 0x18, 0x00, 0x7F, 0x81, 0xFE, 0x06, 0x00, 0x18,
    0x00, 0x60, 0x01, 0x80, 0x06, 0x00, 0x18, 0x00, 0x7F, 0xF1, 0xFF, 0xC0, 0x00, 0x00, 0x00, 0x00,
    0x00, 0x00, 0x00, 0x00, 0x00, 0x00, 0x00, 0x00, 0x00, 0x00, 0x00, 0x00, 0x00, 0x7F, 0xF1, 0xFF,
    0xC6, 0x00, 0x18, 0x00, 0x60, 0x01, 0x80, 0x06, 0x00, 0x18, 0x00, 0x7F, 0x81, 0xFE, 0x06, 0x00,
    0x18, 0x00, 0x60, 0x01, 0x80, 0x06, 0x00, 0x18, 0x00, 0x60, 0x01, 0x80, 0x00, 0x00, 0x00, 0x00,
    0x00, 0x00, 0x00, 0x00, 0x00, 0x00, 0x00, 0x00, 0x00, 0x00, 0x00, 0x00, 0x00, 0x00, 0x1F, 0xC0,
    0xFF, 0x87, 0x07, 0x18, 0x0C, 0x60, 0x31, 0x80, 0x06, 0x00, 0x18, 0x00, 0x63, 0xF1, 0x8F, 0xC6,
    0x03, 0x18, 0x0C, 0x60, 0x31, 0x80, 0xC6, 0x03, 0x1C, 0x1C, 0x3F, 0xE0, 0x7F, 0x00, 0x00, 0x00,
    0x00, 0x00, 0x00, 0x00, 0x00, 0x00, 0x00, 0x00, 0x00, 0x00, 0x00, 0x00, 0x00, 0x00, 0x00, 0x60,
    0x31, 0x80, 0xC6, 0x03, 0x18, 0x0C, 0x60, 0x31, 0x80, 0xC6, 0x03, 0x18, 0x0C, 0x7F, 0xF1, 0xFF,
    0xC6, 0x03, 0x18, 0x0C, 0x60, 0x31, 0x80, 0xC6, 0x03, 0x18, 0x0C, 0x60, 0x31, 0x80, 0xC0, 0x00,
    0x00, 0x00, 0x00, 0x00, 0x00, 0x00, 0x00, 0x00, 0x00, 0x00, 0x00, 0x00, 0x00, 0x00, 0x00, 0x00,
    0x0F, 0xC0, 0x3F, 0x00, 0x30, 0x00, 0xC0, 0x03, 0x00, 0x0C, 0x00, 0x30, 0x00, 0xC0, 0x03, 0x00,
    0x0C, 0x00, 0x30, 0x00, 0xC0, 0x03, 0x00, 0x0C, 0x00, 0x30, 0x00, 0xC0, 0x0F, 0xC0, 0x3F, 0x00,
    0x00, 0x00, 0x00, 0x00, 0x00, 0x00, 0x00, 0x00, 0x00, 0x00, 0x00, 0x00, 0x00, 0x00, 0x00, 0x00,
    0x00, 0x01, 0xF8, 0x07, 0xE0, 0x06, 0x00, 0x18, 0x00, 0x60, 0x01, 0x80, 0x06, 0x00, 0x18, 0x00,
    0x60, 0x01, 0x80, 0x06, 0x00, 0x18, 0x60, 0x61, 0x81, 0x86, 0x06, 0x1C, 0x38, 0x3F, 0xC0, 0x7E,
    0x00, 0x00, 0x00, 0x00, 0x00, 0x00, 0x00, 0x00, 0x00, 0x00, 0x00, 0x00, 0x00, 0x00, 0x00, 0x00,
    0x00, 0x00, 0x60, 0x31, 0x81, 0xC6, 0x0E, 0x18, 0x70, 0x63, 0x81, 0x9C, 0x06, 0xE0, 0x1F, 0x00,
    0x78, 0x01, 0xE0, 0x07, 0xC0, 0x1B, 0x80, 0x67, 0x01, 0x8E, 0x06, 0x1C, 0x18, 0x38, 0x60, 0x71,
    0x80, 0xC0, 0x00, 0x00, 0x00, 0x00, 0x00, 0x00, 0x00, 0x00, 0x00, 0x00, 0x00, 0x00, 0x00, 0x00,
    0x00, 0x00, 0x00, 0x60, 0x01, 0x80, 0x06, 0x00, 0x18, 0x00, 0x60, 0x01, 0x80, 0x06, 0x00, 0x18,
    0x00, 0x60, 0x01, 0x80, 0x06, 0x00, 0x18, 0x00, 0x60, 0x01, 0x80, 0x06, 0x00, 0x18, 0x00, 0x7F,
    0xF1, 0xFF, 0xC0, 0x00, 0x00, 0x00, 0x00, 0x00, 0x00, 0x00, 0x00, 0x00, 0x00, 0x00, 0x00, 0x00,
    0x00, 0x00, 0x00, 0x00, 0x60, 0x19, 0x80, 0x67, 0x03, 0x9E, 0x1E, 0x7C, 0xF9, 0xBF, 0x66, 0x79,
    0x98, 0xC6, 0x60, 0x19, 0x80, 0x66, 0x01, 0x98, 0x06, 0x60, 0x19, 0x80, 0x66, 0x01, 0x98, 0x06,
    0x60, 0x19, 0x80, 0x60, 0x00, 0x00, 0x00, 0x00, 0x00, 0x00, 0x00, 0x00, 0x00, 0x00, 0x00, 0x00,
    0x00, 0x00, 0x00, 0x00, 0x00, 0x60, 0x31, 0x80, 0xC6, 0x03, 0x18, 0x0C, 0x70, 0x31, 0xE0, 0xC7,
    0xC3, 0x1B, 0x8C, 0x67, 0x31, 0x8E, 0xC6, 0x1F, 0x18, 0x3C, 0x60, 0x71, 0x80, 0xC6, 0x03, 0x18,
    0x0C, 0x60, 0x31, 0x80, 0xC0, 0x00, 0x00, 0x00, 0x00, 0x00, 0x00, 0x00, 0x00, 0x00, 0x00, 0x00,
    0x00, 0x00, 0x00, 0x00, 0x00, 0x00, 0x1F, 0xC0, 0xFF, 0x87, 0x07, 0x18, 0x0C, 0x60, 0x31, 0x80,
    0xC6, 0x03, 0x18, 0x0C, 0x60, 0x31, 0x80, 0xC6, 0x03, 0x18, 0x0C, 0x60, 0x31, 0x80, 0xC6, 0x03,
    0x1C, 0x1C, 0x3F, 0xE0, 0x7F, 0x00, 0x00, 0x00, 0x00, 0x00, 0x00, 0x00, 0x00, 0x00, 0x00, 0x00,
    0x00, 0x00, 0x00, 0x00, 0x00, 0x00, 0x00, 0x7F, 0xC1, 0xFF, 0x86, 0x07, 0x18, 0x0C, 0x60, 0x31,
    0x80, 0xC6, 0x03, 0x18, 0x0C, 0x60, 0x71, 0xFF, 0x87, 0xFC, 0x18, 0x00, 0x60, 0x01, 0x80, 0x06,
    0x00, 0x18, 0x00, 0x60, 0x01, 0x80, 0x00, 0x00, 0x00, 0x00, 0x00, 0x00, 0x00, 0x00, 0x00, 0x00,
    0x00, 0x00, 0x00, 0x00, 0x00, 0x00, 0x00, 0x00, 0x1F, 0xC0, 0xFF, 0x87, 0x07, 0x18, 0x0C, 0x60,
    0x31, 0x80, 0xC6, 0x03, 0x18, 0x0C, 0x60, 0x31, 0x80, 0xC6, 0x03, 0x18, 0x0C, 0x60, 0x31, 0x80,
    0xC6, 0x3B, 0x1C, 0x7C, 0x3F, 0xE0, 0x7F, 0x80, 0x07, 0x00, 0x0E, 0x00, 0x00, 0x00, 0x00, 0x00,
    0x00, 0x00, 0x00, 0x00, 0x00, 0x00, 0x00, 0x00, 0x00, 0x7F, 0xC1, 0xFF, 0x86, 0x07, 0x18, 0x0C,
    0x60, 0x31, 0x80, 0xC6, 0x03, 0x18, 0x0C, 0x60, 0x71, 0xFF, 0x87, 0xFC, 0x1F, 0x00, 0x6E, 0x01,
    0x9C, 0x06, 0x38, 0x18, 0x70, 0x60, 0xE1, 0x81, 0xC0, 0x00, 0x00, 0x00, 0x00, 0x00, 0x00, 0x00,
    0x00, 0x00, 0x00, 0x00, 0x00, 0x00, 0x00, 0x00, 0x00, 0x00, 0x1F, 0xC0, 0xFF, 0x87, 0x07, 0x18,
    0x0C, 0x60, 0x01, 0x80, 0x06, 0x00, 0x1C, 0x00, 0x3F, 0xC0, 0x7F, 0x80, 0x07, 0x00, 0x0C, 0x00,
    0x30, 0x00, 0xC6, 0x03, 0x1C, 0x1C, 0x3F, 0xE0, 0x7F, 0x00, 0x00, 0x00, 0x00, 0x00, 0x00, 0x00,
    0x00, 0x00, 0x00, 0x00, 0x00, 0x00, 0x00, 0x00, 0x00, 0x00, 0x00, 0x7F, 0xF9, 0xFF, 0xE0, 0x30,
    0x00, 0xC0, 0x03, 0x00, 0x0C, 0x00, 0x30, 0x00, 0xC0, 0x03, 0x00, 0x0C, 0x00, 0x30, 0x00, 0xC0,
    0x03, 0x00, 0x0C, 0x00, 0x30, 0x00, 0xC0, 0x03, 0x00, 0x0C, 0x00, 0x00, 0x00, 0x00, 0x00, 0x00,
    0x00, 0x00, 0x00, 0x00, 0x00, 0x00, 0x00, 0x00, 0x00, 0x00, 0x00, 0x00, 0x60, 0x31, 0x80, 0xC6,
    0x03, 0x18, 0x0C, 0x60, 0x31, 0x80, 0xC6, 0x03, 0x18, 0x0C, 0x60, 0x31, 0x80, 0xC6, 0x03, 0x18,
    0x0C, 0x60, 0x31, 0x80, 0xC6, 0x03, 0x1C, 0x1C, 0x3F, 0xE0, 0x7F, 0x00, 0x00, 0x00, 0x00, 0x00,
    0x00, 0x00, 0x00, 0x00, 0x00, 0x00, 0x00, 0x00, 0x00, 0x00, 0x00, 0x00, 0x00, 0x60, 0x31, 0x80,
    0xC6, 0x03, 0x18, 0x0C, 0x30, 0x60, 0xC1, 0x83, 0x06, 0x0C, 0x18, 0x18, 0xC0, 0x63, 0x01, 0x8C,
    0x06, 0x30, 0x0D, 0x80, 0x36, 0x00, 0xD8, 0x01, 0xC0, 0x07, 0x00, 0x1C, 0x00, 0x00, 0x00, 0x00,
    0x00, 0x00, 0x00, 0x00, 0x00, 0x00, 0x00, 0x00, 0x00, 0x00, 0x00, 0x00, 0x00, 0x00, 0x60, 0x19,
    0x80, 0x66, 0x01, 0x98, 0x06, 0x60, 0x19, 0x80, 0x66, 0x01, 0x98, 0x06, 0x60, 0x19, 0x80, 0x66,
    0x31, 0x99, 0xE6, 0x6F, 0xD9, 0xF3, 0xE7, 0x87, 0x9C, 0x0E, 0x60, 0x19, 0x80, 0x60, 0x00, 0x00,
    0x00, 0x00, 0x00, 0x00, 0x00, 0x00, 0x00, 0x00, 0x00, 0x00, 0x00, 0x00, 0x00, 0x00, 0x00, 0x60,
    0x31, 0x80, 0xC3, 0x06, 0x0C, 0x18, 0x18, 0xC0, 0x63, 0x00, 0xD8, 0x03, 0x60, 0x07, 0x00, 0x1C,
    0x00, 0xD8, 0x03, 0x60, 0x18, 0xC0, 0x63, 0x03, 0x06, 0x0C, 0x18, 0x60, 0x31, 0x80, 0xC0, 0x00,
    0x00, 0x00, 0x00, 0x00, 0x00, 0x00, 0x00, 0x00, 0x00, 0x00, 0x00, 0x00, 0x00, 0x00, 0x00, 0x00,
    0x60, 0x19, 0x80, 0x63, 0x03, 0x0C, 0x0C, 0x18, 0x60, 0x61, 0x80, 0xCC, 0x03, 0x30, 0x07, 0x80,
    0x1E, 0x00, 0x30, 0x00, 0xC0, 0x03, 0x00, 0x0C, 0x00, 0x30, 0x00, 0xC0, 0x03, 0x00, 0x0C, 0x00,
    0x00, 0x00, 0x00, 0x00, 0x00, 0x00, 0x00, 0x00, 0x00, 0x00, 0x00, 0x00, 0x00, 0x00, 0x00, 0x00,
    0x00, 0x7F, 0xF1, 0xFF, 0xC0, 0x03, 0x00, 0x0C, 0x00, 0x70, 0x03, 0x80, 0x1C, 0x00, 0xE0, 0x07,
    0x00, 0x38, 0x01, 0xC0, 0x0E, 0x00, 0x70, 0x01, 0x80, 0x06, 0x00, 0x18, 0x00, 0x7F, 0xF1, 0xFF,
    0xC0, 0x00, 0x00, 0x00, 0x00, 0x00, 0x00, 0x00, 0x00, 0x00, 0x00, 0x00, 0x00, 0x00, 0x00, 0x00,
    0x00, 0x00, 0x0F, 0xC0, 0x3F, 0x00, 0xC0, 0x03, 0x00, 0x0C, 0x00, 0x30, 0x00, 0xC0, 0x03, 0x00,
    0x0C, 0x00, 0x30, 0x00, 0xC0, 0x03, 0x00, 0x0C, 0x00, 0x30, 0x00, 0xC0, 0x03, 0x00, 0x0F, 0xC0,
    0x3F, 0x00, 0x00, 0x00, 0x00, 0x00, 0x00, 0x00, 0x00, 0x00, 0x00, 0x00, 0x00, 0x00, 0x00, 0x00,
    0x00, 0x00, 0x00, 0x30, 0x00, 0xC0, 0x01, 0x80, 0x06, 0x00, 0x0C, 0x00, 0x30, 0x00, 0x60, 0x01,
    0x80, 0x03, 0x00, 0x0C, 0x00, 0x18, 0x00, 0x60, 0x00, 0xC0, 0x03, 0x00, 0x06, 0x00, 0x18, 0x00,
    0x30, 0x00, 0xC0, 0x00, 0x00, 0x00, 0x00, 0x00, 0x00, 0x00, 0x00, 0x00, 0x00, 0x00, 0x00, 0x00,
    0x00, 0x00, 0x00, 0x00, 0x0F, 0xC0, 0x3F, 0x00, 0x0C, 0x00, 0x30, 0x00, 0xC0, 0x03, 0x00, 0x0C,
    0x00, 0x30, 0x00, 0xC0, 0x03, 0x00, 0x0C, 0x00, 0x30, 0x00, 0xC0, 0x03, 0x00, 0x0C, 0x00, 0x30,
    0x0F, 0xC0, 0x3F, 0x00, 0x00, 0x00, 0x00, 0x00, 0x00, 0x00, 0x00, 0x00, 0x00, 0x00, 0x00, 0x00,
    0x00, 0x00, 0x20, 0x01, 0xC0, 0x0F, 0x80, 0x77, 0x03, 0x8E, 0x1C, 0x1C, 0x00, 0x00, 0x00, 0x00,
    0x00, 0x00, 0x00, 0x00, 0x00, 0x00, 0x00, 0x00, 0x00, 0x00, 0x00, 0x00, 0x00, 0x00, 0x00, 0x00,
    0x00, 0x00, 0x00, 0x00, 0x00, 0x00, 0x00, 0x00, 0x00, 0x00, 0x00, 0x00, 0x00, 0x00, 0x00, 0x00,
    0x00, 0x00, 0x00, 0x00, 0x00, 0x00, 0x00, 0x00, 0x00, 0x00, 0x00, 0x00, 0x00, 0x00, 0x00, 0x00,
    0x00, 0x00, 0x00, 0x00, 0x00, 0x00, 0x00, 0x00, 0x00, 0x00, 0x00, 0x00, 0x00, 0x00, 0x00, 0x00,
    0x00, 0x00, 0x00, 0x00, 0x00, 0x00, 0x00, 0x1F, 0xFC, 0x7F, 0xF0, 0x00, 0x00, 0x00, 0x00, 0x00,
    0x38, 0x00, 0x70, 0x00, 0xE0, 0x01, 0xC0, 0x00, 0x00, 0x00, 0x00, 0x00, 0x00, 0x00, 0x00, 0x00,
    0x00, 0x00, 0x00, 0x00, 0x00, 0x00, 0x00, 0x00, 0x00, 0x00, 0x00, 0x00, 0x00, 0x00, 0x00, 0x00,
    0x00, 0x00, 0x00, 0x00, 0x00, 0x00, 0x00, 0x00, 0x00, 0x00, 0x00, 0x00, 0x00, 0x00, 0x00, 0x00,
    0x00, 0x00, 0x00, 0x00, 0x00, 0x00, 0x00, 0x00, 0x00, 0x00, 0x00, 0x00, 0x00, 0x00, 0x00, 0x00,
    0x00, 0x7F, 0x01, 0xFE, 0x00, 0x1C, 0x00, 0x30, 0x7F, 0xC3, 0xFF, 0x1C, 0x0C, 0x60, 0x31, 0x80,
    0xC6, 0x03, 0x1C, 0x0C, 0x3F, 0xF0, 0x7F, 0xC0, 0x00, 0x00, 0x00, 0x00, 0x00, 0x00, 0x00, 0x00,
    0x00, 0x00, 0x00, 0x00, 0x00, 0x00, 0x00, 0x00, 0x00, 0x60, 0x01, 0x80, 0x06, 0x00, 0x18, 0x00,
    0x60, 0x01, 0xFF, 0x07, 0xFE, 0x18, 0x1C, 0x60, 0x31, 0x80, 0xC6, 0x03, 0x18, 0x0C, 0x60, 0x31,
    0x80, 0xC6, 0x03, 0x18, 0x1C, 0x7F, 0xE1, 0xFF, 0x00, 0x00, 0x00, 0x00, 0x00, 0x00, 0x00, 0x00,
    0x00, 0x00, 0x00, 0x00, 0x00, 0x00, 0x00, 0x00, 0x00, 0x00, 0x00, 0x00, 0x00, 0x00, 0x00, 0x00,
    0x00, 0x00, 0x00, 0x7F, 0x03, 0xFE, 0x1C, 0x1C, 0x60, 0x01, 0x80, 0x06, 0x00, 0x18, 0x00, 0x60,
    0x01, 0x80, 0x06, 0x00, 0x1C, 0x1C, 0x3F, 0xE0, 0x7F, 0x00, 0x00, 0x00, 0x00, 0x00, 0x00, 0x00,
    0x00, 0x00, 0x00, 0x00, 0x00, 0x00, 0x00, 0x00, 0x00, 0x00, 0x00, 0x00, 0x30, 0x00, 0xC0, 0x03,
    0x00, 0x0C, 0x00, 0x30, 0x7F, 0xC3, 0xFF, 0x1C, 0x0C, 0x60, 0x31, 0x80, 0xC6, 0x03, 0x18, 0x0C,
    0x60, 0x31, 0x80, 0xC6, 0x03, 0x1C, 0x0C, 0x3F, 0xF0, 0x7F, 0xC0, 0x00, 0x00, 0x00, 0x00, 0x00,
    0x00, 0x00, 0x00, 0x00, 0x00, 0x00, 0x00, 0x00, 0x00, 0x00, 0x00, 0x00, 0x00, 0x00, 0x00, 0x00,
    0x00, 0x00, 0x00, 0x00, 0x00, 0x7F, 0x03, 0xFE, 0x1C, 0x1C, 0x60, 0x31, 0x80, 0xC7, 0xFF, 0x1F,
    0xFC, 0x60, 0x01, 0x80, 0x06, 0x00, 0x1C, 0x1C, 0x3F, 0xE0, 0x7F, 0x00, 0x00, 0x00, 0x00, 0x00,
    0x00, 0x00, 0x00, 0x00, 0x00, 0x00, 0x00, 0x00, 0x00, 0x00, 0x00, 0x00, 0x00, 0x03, 0xF0, 0x1F,
    0xC0, 0x60, 0x01, 0x80, 0x06, 0x00, 0xFF, 0x03, 0xFC, 0x01, 0x80, 0x06, 0x00, 0x18, 0x00, 0x60,
    0x01, 0x80, 0x06, 0x00, 0x18, 0x00, 0x60, 0x01, 0x80, 0x06, 0x00, 0x18, 0x00, 0x00, 0x00, 0x00,
    0x00, 0x00, 0x00, 0x00, 0x00, 0x00, 0x00, 0x00, 0x00, 0x00, 0x00, 0x00, 0x00, 0x00, 0x00, 0x00,
    0x00, 0x00, 0x00, 0x00, 0x00, 0x00, 0x00, 0x7F, 0xC3, 0xFF, 0x1C, 0x0C, 0x60, 0x31, 0x80, 0xC6,
    0x03, 0x18, 0x0C, 0x60, 0x31, 0x80, 0xC6, 0x03, 0x1C, 0x0C, 0x3F, 0xF0, 0x7F, 0xC0, 0x03, 0x00,
    0x0C, 0x00, 0x70, 0xFF, 0x83, 0xFC, 0x00, 0x00, 0x00, 0x00, 0x00, 0x00, 0x00, 0x00, 0x00, 0x60,
    0x01, 0x80, 0x06, 0x00, 0x18, 0x00, 0x60, 0x01, 0xFF, 0x07, 0xFE, 0x18, 0x1C, 0x60, 0x31, 0x80,
    0xC6, 0x03, 0x18, 0x0C, 0x60, 0x31, 0x80, 0xC6, 0x03, 0x18, 0x0C, 0x60, 0x31, 0x80, 0xC0, 0x00,
    0x00, 0x00, 0x00, 0x00, 0x00, 0x00, 0x00, 0x00, 0x00, 0x00, 0x00, 0x00, 0x00, 0x00, 0x00, 0x00,
    0x03, 0x00, 0x0C, 0x00, 0x30, 0x00, 0x00, 0x00, 0x00, 0x3C, 0x00, 0xF0, 0x00, 0xC0, 0x03, 0x00,
    0x0C, 0x00, 0x30, 0x00, 0xC0, 0x03, 0x00, 0x0C, 0x00, 0x30, 0x00, 0xC0, 0x0F, 0xC0, 0x3F, 0x00,
    0x00, 0x00, 0x00, 0x00, 0x00, 0x00, 0x00, 0x00, 0x00, 0x00, 0x00, 0x00, 0x00, 0x00, 0x00, 0x00,
    0x00, 0x00, 0x60, 0x01, 0x80, 0x06, 0x00, 0x00, 0x00, 0x00, 0x07, 0x80, 0x1E, 0x00, 0x18, 0x00,
    0x60, 0x01, 0x80, 0x06, 0x00, 0x18, 0x00, 0x60, 0x01, 0x80, 0x06, 0x00, 0x18, 0x00, 0x60, 0x01,
    0x83, 0x06, 0x0C, 0x18, 0x38, 0xE0, 0x7F, 0x00, 0xF8, 0x00, 0x00, 0x00, 0x00, 0x00, 0x00, 0x00,
    0x00, 0x00, 0x30, 0x00, 0xC0, 0x03, 0x00, 0x0C, 0x00, 0x30, 0x00, 0xC1, 0xC3, 0x0E, 0x0C, 0x70,
    0x33, 0x80, 0xDC, 0x03, 0xE0, 0x0F, 0x00, 0x3E, 0x00, 0xDC, 0x03, 0x38, 0x0C, 0x70, 0x30, 0xE0,
    0xC1, 0xC0, 0x00, 0x00, 0x00, 0x00, 0x00, 0x00, 0x00, 0x00, 0x00, 0x00, 0x00, 0x00, 0x00, 0x00,
    0x00, 0x00, 0x00, 0x0F, 0x00, 0x3C, 0x00, 0x30, 0x00, 0xC0, 0x03, 0x00, 0x0C, 0x00, 0x30, 0x00,
    0xC0, 0x03, 0x00, 0x0C, 0x00, 0x30, 0x00, 0xC0, 0x03, 0x00, 0x0C, 0x00, 0x30, 0x00, 0xC0, 0x0F,
    0xC0, 0x3F, 0x00, 0x00, 0x00, 0x00, 0x00, 0x00, 0x00, 0x00, 0x00, 0x00, 0x00, 0x00, 0x00, 0x00,
    0x00, 0x00, 0x00, 0x00, 0x00, 0x00, 0x00, 0x00, 0x00, 0x00, 0x00, 0x00, 0x01, 0xFF, 0x87, 0xFF,
    0x18, 0xCE, 0x63, 0x19, 0x8C, 0x66, 0x31, 0x98, 0xC6, 0x63, 0x19, 0x8C, 0x66, 0x31, 0x98, 0xC6,
    0x63, 0x19, 0x8C, 0x60, 0x00, 0x00, 0x00, 0x00, 0x00, 0x00, 0x00, 0x00, 0x00, 0x00, 0x00, 0x00,
    0x00, 0x00, 0x00, 0x00, 0x00, 0x00, 0x00, 0x00, 0x00, 0x00, 0x00, 0x00, 0x00, 0x01, 0xFF, 0x07,
    0xFE, 0x18, 0x1C, 0x60, 0x31, 0x80, 0xC6, 0x03, 0x18, 0x0C, 0x60, 0x31, 0x80, 0xC6, 0x03, 0x18,
    0x0C, 0x60, 0x31, 0x80, 0xC0, 0x00, 0x00, 0x00, 0x00, 0x00, 0x00, 0x00, 0x00, 0x00, 0x00, 0x00,
    0x00, 0x00, 0x00, 0x00, 0x00, 0x00, 0x00, 0x00, 0x00, 0x00, 0x00, 0x00, 0x00, 0x00, 0x00, 0x7F,
    0x03, 0xFE, 0x1C, 0x1C, 0x60, 0x31, 0x80, 0xC6, 0x03, 0x18, 0x0C, 0x60, 0x31, 0x80, 0xC6, 0x03,
    0x1C, 0x1C, 0x3F, 0xE0, 0x7F, 0x00, 0x00, 0x00, 0x00, 0x00, 0x00, 0x00, 0x00, 0x00, 0x00, 0x00,
    0x00, 0x00, 0x00, 0x00, 0x00, 0x00, 0x00, 0x00, 0x00, 0x00, 0x00, 0x00, 0x00, 0x00, 0x00, 0x01,
    0xFF, 0x07, 0xFE, 0x18, 0x1C, 0x60, 0x31, 0x80, 0xC6, 0x03, 0x18, 0x0C, 0x60, 0x31, 0x80, 0xC6,
    0x03, 0x18, 0x1C, 0x7F, 0xE1, 0xFF, 0x06, 0x00, 0x18, 0x00, 0x60, 0x01, 0x80, 0x06, 0x00, 0x00,
    0x00, 0x00, 0x00, 0x00, 0x00, 0x00, 0x00, 0x00, 0x00, 0x00, 0x00, 0x00, 0x00, 0x00, 0x00, 0x00,
    0x00, 0x7F, 0xC3, 0xFF, 0x1C, 0x0C, 0x60, 0x31, 0x80, 0xC6, 0x03, 0x18, 0x0C, 0x60, 0x31, 0x80,
    0xC6, 0x03, 0x1C, 0x0C, 0x3F, 0xF0, 0x7F, 0xC0, 0x03, 0x00, 0x0C, 0x00, 0x30, 0x00, 0xC0, 0x03,
    0x00, 0x00, 0x00, 0x00, 0x00, 0x00, 0x00, 0x00, 0x00, 0x00, 0x00, 0x00, 0x00, 0x00, 0x00, 0x00,
    0x00, 0x01, 0x9F, 0xC6, 0xFF, 0x1F, 0x00, 0x78, 0x01, 0xC0, 0x06, 0x00, 0x18, 0x00, 0x60, 0x01,
    0x80, 0x06, 0x00, 0x18, 0x00, 0x60, 0x01, 0x80, 0x00, 0x00, 0x00, 0x00, 0x00, 0x00, 0x00, 0x00,
    0x00, 0x00, 0x00, 0x00, 0x00, 0x00, 0x00, 0x00, 0x00, 0x00, 0x00, 0x00, 0x00, 0x00, 0x00, 0x00,
    0x00, 0x00, 0x00, 0x7F, 0x03, 0xFE, 0x1C, 0x1C, 0x60, 0x01, 0xC0, 0x03, 0xFC, 0x07, 0xF8, 0x00,
    0x70, 0x00, 0xC0, 0x03, 0x1C, 0x1C, 0x3F, 0xE0, 0x7F, 0x00, 0x00, 0x00, 0x00, 0x00, 0x00, 0x00,
    0x00, 0x00, 0x00, 0x00, 0x00, 0x00, 0x00, 0x00, 0x00, 0x00, 0x00, 0x06, 0x00, 0x18, 0x00, 0x60,
    0x01, 0x80, 0x06, 0x00, 0xFF, 0x03, 0xFC, 0x01, 0x80, 0x06, 0x00, 0x18, 0x00, 0x60, 0x01, 0x80,
    0x06, 0x00, 0x18, 0x00, 0x60, 0x01, 0x80, 0x07, 0xE0, 0x0F, 0x80, 0x00, 0x00, 0x00, 0x00, 0x00,
    0x00, 0x00, 0x00, 0x00, 0x00, 0x00, 0x00, 0x00, 0x00, 0x00, 0x00, 0x00, 0x00, 0x00, 0x00, 0x00,
    0x00, 0x00, 0x00, 0x00, 0x01, 0x80, 0xC6, 0x03, 0x18, 0x0C, 0x60, 0x31, 0x80, 0xC6, 0x03, 0x18,
    0x0C, 0x60, 0x31, 0x80, 0xC6, 0x03, 0x1C, 0x0C, 0x3F, 0xF0, 0x7F, 0xC0, 0x00, 0x00, 0x00, 0x00,
    0x00, 0x00, 0x00, 0x00, 0x00, 0x00, 0x00, 0x00, 0x00, 0x00, 0x00, 0x00, 0x00, 0x00, 0x00, 0x00,
    0x00, 0x00, 0x00, 0x00, 0x00, 0x01, 0x80, 0xC6, 0x03, 0x18, 0x0C, 0x30, 0x60, 0xC1, 0x83, 0x06,
    0x06, 0x30, 0x18, 0xC0, 0x63, 0x00, 0xD8, 0x03, 0x60, 0x07, 0x00, 0x1C, 0x00, 0x00, 0x00, 0x00,
    0x00, 0x00, 0x00, 0x00, 0x00, 0x00, 0x00, 0x00, 0x00, 0x00, 0x00, 0x00, 0x00, 0x00, 0x00, 0x00,
    0x00, 0x00, 0x00, 0x00, 0x00, 0x00, 0x01, 0x80, 0x66, 0x01, 0x98, 0x06, 0x60, 0x19, 0x8C, 0x66,
    0x31, 0x98, 0xC6, 0x63, 0x19, 0x8C, 0x66, 0x31, 0x9C, 0xCE, 0x3F, 0xF0, 0x7F, 0x80, 0x00, 0x00,
    0x00, 0x00, 0x00, 0x00, 0x00, 0x00, 0x00, 0x00, 0x00, 0x00, 0x00, 0x00, 0x00, 0x00, 0x00, 0x00,
    0x00, 0x00, 0x00, 0x00, 0x00, 0x00, 0x00, 0x01, 0x80, 0xC6, 0x03, 0x1C, 0x1C, 0x38, 0xE0, 0x77,
    0x00, 0xF8, 0x01, 0xC0, 0x0F, 0x80, 0x77, 0x03, 0x8E, 0x1C, 0x1C, 0x60, 0x31, 0x80, 0xC0, 0x00,
    0x00, 0x00, 0x00, 0x00, 0x00, 0x00, 0x00, 0x00, 0x00, 0x00, 0x00, 0x00, 0x00, 0x00, 0x00, 0x00,
    0x00, 0x00, 0x00, 0x00, 0x00, 0x00, 0x00, 0x00, 0x01, 0x80, 0xC6, 0x03, 0x18, 0x0C, 0x60, 0x31,
    0x80, 0xC6, 0x03, 0x18, 0x0C, 0x60, 0x31, 0x80, 0xC6, 0x03, 0x1C, 0x0C, 0x3F, 0xF0, 0x7F, 0xC0,
    0x03, 0x00, 0x0C, 0x00, 0x70, 0xFF, 0x83, 0xFC, 0x00, 0x00, 0x00, 0x00, 0x00, 0x00, 0x00, 0x00,
    0x00, 0x00, 0x00, 0x00, 0x00, 0x00, 0x00, 0x00, 0x00, 0x01, 0xFF, 0xC7, 0xFF, 0x00, 0x1C, 0x00,
    0xE0, 0x07, 0x00, 0x38, 0x01, 0xC0, 0x0E, 0x00, 0x70, 0x03, 0x80, 0x1C, 0x00, 0x7F, 0xF1, 0xFF,
    0xC0, 0x00, 0x00, 0x00, 0x00, 0x00, 0x00, 0x00, 0x00, 0x00, 0x00, 0x00, 0x00, 0x00, 0x00, 0x00,
    0x00, 0x00, 0x01, 0xC0, 0x0F, 0x00, 0x70, 0x01, 0x80, 0x06, 0x00, 0x18, 0x00, 0x60, 0x01, 0x80,
    0x1C, 0x00, 0x70, 0x00, 0x60, 0x01, 0x80, 0x06, 0x00, 0x18, 0x00, 0x60, 0x01, 0xC0, 0x03, 0xC0,
    0x07, 0x00, 0x00, 0x00, 0x00, 0x00, 0x00, 0x00, 0x00, 0x00, 0x00, 0x00, 0x00, 0x00, 0x00, 0x00,
    0x00, 0x00, 0x00, 0x03, 0x00, 0x0C, 0x00, 0x30, 0x00, 0xC0, 0x03, 0x00, 0x0C, 0x00, 0x30, 0x00,
    0xC0, 0x03, 0x00, 0x0C, 0x00, 0x30, 0x00, 0xC0, 0x03, 0x00, 0x0C, 0x00, 0x30, 0x00, 0xC0, 0x03,
    0x00, 0x0C, 0x00, 0x00, 0x00, 0x00, 0x00, 0x00, 0x00, 0x00, 0x00, 0x00, 0x00, 0x00, 0x00, 0x00,
    0x00, 0x00, 0x00, 0x00, 0x1C, 0x00, 0x78, 0x00, 0x70, 0x00, 0xC0, 0x03, 0x00, 0x0C, 0x00, 0x30,
    0x00, 0xC0, 0x01, 0xC0, 0x07, 0x00, 0x30, 0x00, 0xC0, 0x03, 0x00, 0x0C, 0x00, 0x30, 0x01, 0xC0,
    0x1E, 0x00, 0x70, 0x00, 0x00, 0x00, 0x00, 0x00, 0x00, 0x00, 0x00, 0x00, 0x00, 0x00, 0x00, 0x00,
    0x00, 0x03, 0xC3, 0x1F, 0x8C, 0x67, 0x31, 0x8F, 0xC6, 0x1E, 0x00, 0x00, 0x00, 0x00, 0x00, 0x00,
    0x00, 0x00, 0x00, 0x00, 0x00, 0x00, 0x00, 0x00, 0x00, 0x00, 0x00, 0x00, 0x00, 0x00, 0x00, 0x00,
    0x00, 0x00, 0x00, 0x00, 0x00, 0x00, 0x00, 0x00, 0x00, 0x00, 0x00, 0x00, 0x00, 0x00, 0x00, 0x00,
    0x00, 0x00, 0x00, 0x00, 0x00, 0x00, 0x00, 0x00, 0x00, 0x00, 0x00, 0x00, 0x00, 0x00, 0x00, 0x00,
    0x00, 0x00, 0x00, 0x00, 0x00, 0x00, 0x00, 0x00, 0x00, 0x00, 0x00, 0x00, 0x00, 0x00, 0x00, 0x00,
    0x00, 0x00, 0x00, 0x00, 0x00, 0x00, 0x00, 0x00, 0x00, 0x00, 0x00, 0x00, 0x00, 0x00, 0x00, 0x00,
    0x00, 0x00, 0x00, 0x00, 0x00, 0x00, 0x00, 0x03, 0x00, 0x0C, 0x00, 0x30, 0x00, 0xC0, 0x00, 0x00,
    0x00, 0x00, 0x30, 0x00, 0xC0, 0x03, 0x00, 0x0C, 0x00, 0x30, 0x00, 0xC0, 0x03, 0x00, 0x0C, 0x00,
    0x30, 0x00, 0xC0, 0x03, 0x00, 0x0C, 0x00, 0x00, 0x00, 0x00, 0x00, 0x00, 0x00, 0x00, 0x00, 0x00,
    0x00, 0x00, 0x00, 0x00, 0x00, 0x00, 0x00, 0x00, 0x00, 0x00, 0x00, 0x00, 0x00, 0x00, 0xC0, 0x03,
    0x00, 0x3F, 0x01, 0xFE, 0x0C, 0xCC, 0x33, 0x00, 0xCC, 0x03, 0x30, 0x0C, 0xC0, 0x33, 0x00, 0xCC,
    0x03, 0x30, 0x0C, 0xCC, 0x1F, 0xE0, 0x3F, 0x00, 0x30, 0x00, 0xC0, 0x00, 0x00, 0x00, 0x00, 0x00,
    0x00, 0x00, 0x00, 0x00, 0x00, 0x00, 0x00, 0x00, 0x00, 0x07, 0x80, 0x3F, 0x01, 0xC6, 0x06, 0x18,
    0x18, 0x00, 0x60, 0x01, 0x80, 0x06, 0x00, 0x3F, 0x80, 0xFE, 0x01, 0x80, 0x06, 0x00, 0x18, 0x00,
    0x60, 0x01, 0x83, 0x06, 0x0C, 0x3F, 0xF0, 0xFF, 0xC0, 0x00, 0x00, 0x00, 0x00, 0x00, 0x00, 0x00,
    0x00, 0x00, 0x00, 0x00, 0x00, 0x00, 0x00, 0x00, 0x00, 0x00, 0x00, 0x00, 0x00, 0x00, 0x00, 0x18,
    0x06, 0x70, 0x38, 0xFF, 0xC1, 0xFE, 0x0E, 0x1C, 0x30, 0x30, 0xC0, 0xC3, 0x03, 0x0E, 0x1C, 0x1F,
    0xE0, 0xFF, 0xC7, 0x03, 0x98, 0x06, 0x00, 0x00, 0x00, 0x00, 0x00, 0x00, 0x00, 0x00, 0x00, 0x00,
    0x00, 0x00, 0x00, 0x00, 0x00, 0x00, 0x00, 0x00, 0x00, 0x00, 0x00, 0x60, 0x19, 0x80, 0x63, 0x03,
    0x0C, 0x0C, 0x18, 0x60, 0x61, 0x80, 0xCC, 0x03, 0x30, 0x07, 0x80, 0x0C, 0x03, 0xFF, 0x0F, 0xFC,
    0x03, 0x00, 0x0C, 0x03, 0xFF, 0x0F, 0xFC, 0x03, 0x00, 0x0C, 0x00, 0x00, 0x00, 0x00, 0x00, 0x00,
    0x00, 0x00, 0x00, 0x00, 0x00, 0x00, 0x00, 0x00, 0x00, 0x00, 0x00, 0x00, 0x03, 0x00, 0x0C, 0x00,
    0x30, 0x00, 0xC0, 0x03, 0x00, 0x0C, 0x00, 0x30, 0x00, 0x00, 0x00, 0x00, 0x00, 0x00, 0x00, 0x00,
    0xC0, 0x03, 0x00, 0x0C, 0x00, 0x30, 0x00, 0xC0, 0x03, 0x00, 0x0C, 0x00, 0x00, 0x00, 0x00, 0x00,
    0x00, 0x00, 0x00, 0x00, 0x00, 0x00, 0x00, 0x00, 0x00, 0x00, 0x00, 0x01, 0xE0, 0x0F, 0xC0, 0x73,
    0x81, 0x80, 0x07, 0x00, 0x0F, 0x00, 0x3E, 0x01, 0x9C, 0x06, 0x38, 0x18, 0x60, 0x61, 0x81, 0xC6,
    0x03, 0x98, 0x07, 0xC0, 0x0F, 0x00, 0x0E, 0x00, 0x18, 0x1C, 0xE0, 0x3F, 0x00, 0x78, 0x00, 0x00,
    0x00, 0x00, 0x00, 0x00, 0x00, 0x00, 0x00, 0x18, 0xC0, 0x63, 0x01, 0x8C, 0x00, 0x00, 0x00, 0x00,
    0x00, 0x00, 0x00, 0x00, 0x00, 0x00, 0x00, 0x00, 0x00, 0x00, 0x00, 0x00, 0x00, 0x00, 0x00, 0x00,
    0x00, 0x00, 0x00, 0x00, 0x00, 0x00, 0x00, 0x00, 0x00, 0x00, 0x00, 0x00, 0x00, 0x00, 0x00, 0x00,
    0x00, 0x00, 0x00, 0x00, 0x00, 0x00, 0x00, 0x00, 0x00, 0x00, 0x00, 0x00, 0x00, 0x00, 0x00, 0x00,
    0x00, 0x00, 0x00, 0x00, 0x0F, 0xF8, 0x7F, 0xF3, 0x80, 0xEC, 0xF9, 0xB7, 0xF6, 0xD8, 0xDB, 0x60,
    0x6D, 0x81, 0xB6, 0x36, 0xDF, 0xDB, 0x3E, 0x6E, 0x03, 0x9F, 0xFC, 0x3F, 0xE0, 0x00, 0x00, 0x00,
    0x00, 0x00, 0x00, 0x00, 0x00, 0x00, 0x00, 0x00, 0x00, 0x00, 0x00, 0x7F, 0x01, 0xFE, 0x00, 0x1C,
    0x0F, 0xF0, 0x7F, 0xC3, 0x83, 0x0C, 0x0C, 0x38, 0x30, 0x7F, 0xC0, 0xFF, 0x00, 0x00, 0x3F, 0xF0,
    0xFF, 0xC0, 0x00, 0x00, 0x00, 0x00, 0x00, 0x00, 0x00, 0x00, 0x00, 0x00, 0x00, 0x00, 0x00, 0x00,
    0x00, 0x00, 0x00, 0x00, 0x00, 0x00, 0x00, 0x00, 0x00, 0x00, 0x00, 0x00, 0x00, 0x00, 0x00, 0x00,
    0x00, 0x00, 0x00, 0x00, 0x00, 0x00, 0x00, 0x00, 0x00, 0x00, 0x0E, 0x70, 0x73, 0x83, 0x9C, 0x1C,
    0xE0, 0xE7, 0x07, 0x38, 0x39, 0xC0, 0x73, 0x80, 0xE7, 0x01, 0xCE, 0x03, 0x9C, 0x07, 0x38, 0x0E,
    0x70, 0x00, 0x00, 0x00, 0x00, 0x00, 0x00, 0x00, 0x00, 0x00, 0x00, 0x00, 0x00, 0x00, 0x00, 0x00,
    0x00, 0x00, 0x00, 0x00, 0x00, 0x00, 0x00, 0x00, 0x00, 0x00, 0x00, 0x00, 0x07, 0xFF, 0x1F, 0xFC,
    0x00, 0x30, 0x00, 0xC0, 0x03, 0x00, 0x0C, 0x00, 0x30, 0x00, 0x00, 0x00, 0x00, 0x00, 0x00, 0x00,
    0x00, 0x00, 0x00, 0x00, 0x00, 0x00, 0x00, 0x00, 0x00, 0x00, 0x00, 0x00, 0x00, 0x00, 0x00, 0x00,
    0x00, 0x00, 0x00, 0x00, 0x00, 0x00, 0x00, 0x00, 0x0F, 0xF8, 0x7F, 0xF3, 0x80, 0xED, 0xF9, 0xB7,
    0xF6, 0xD8, 0xDB, 0x63, 0x6D, 0xF9, 0xB7, 0xC6, 0xD9, 0x9B, 0x63, 0x6E, 0x03, 0x9F, 0xFC, 0x3F,
    0xE0, 0x00, 0x00, 0x00, 0x00, 0x00, 0x00, 0x00, 0x00, 0x00, 0x00, 0x00, 0x00, 0x1F, 0xC0, 0x7F,
    0x00, 0x00, 0x00, 0x00, 0x00, 0x00, 0x00, 0x00, 0x00, 0x00, 0x00, 0x00, 0x00, 0x00, 0x00, 0x00,
    0x00, 0x00, 0x00, 0x00, 0x00, 0x00, 0x00, 0x00, 0x00, 0x00, 0x00, 0x00, 0x00, 0x00, 0x00, 0x00,
    0x00, 0x00, 0x00, 0x00, 0x00, 0x00, 0x00, 0x00, 0x00, 0x00, 0x00, 0x00, 0x00, 0x00, 0x00, 0x00,
    0x00, 0x00, 0xF8, 0x07, 0xF0, 0x18, 0xC0, 0x63, 0x01, 0x8C, 0x07, 0xF0, 0x0F, 0x80, 0x00, 0x00,
    0x00, 0x00, 0x00, 0x00, 0x00, 0x00, 0x00, 0x00, 0x00, 0x00, 0x00, 0x00, 0x00, 0x00, 0x00, 0x00,
    0x00, 0x00, 0x00, 0x00, 0x00, 0x00, 0x00, 0x00, 0x00, 0x00, 0x00, 0x00, 0x00, 0x00, 0x00, 0x00,
    0x00, 0x00, 0x00, 0x00, 0x00, 0x00, 0x00, 0x00, 0x00, 0x00, 0x30, 0x00, 0xC0, 0x03, 0x00, 0x0C,
    0x00, 0x30, 0x1F, 0xFE, 0x7F, 0xF8, 0x0C, 0x00, 0x30, 0x00, 0xC0, 0x03, 0x00, 0x0C, 0x00, 0x00,
    0x00, 0x00, 0x7F, 0xF9, 0xFF, 0xE0, 0x00, 0x00, 0x00, 0x00, 0x00, 0x00, 0x00, 0x00, 0x00, 0x00,
    0x00, 0x00, 0x00, 0x00, 0xF8, 0x07, 0xF0, 0x18, 0xC0, 0x03, 0x00, 0x1C, 0x00, 0xE0, 0x07, 0x00,
    0x38, 0x01, 0xFC, 0x07, 0xF0, 0x00, 0x00, 0x00, 0x00, 0x00, 0x00, 0x00, 0x00, 0x00, 0x00, 0x00,
    0x00, 0x00, 0x00, 0x00, 0x00, 0x00, 0x00, 0x00, 0x00, 0x00, 0x00, 0x00, 0x00, 0x00, 0x00, 0x00,
    0x00, 0x00, 0x00, 0x00, 0x00, 0xF8, 0x07, 0xF0, 0x00, 0xC0, 0x03, 0x00, 0x78, 0x01, 0xF0, 0x00,
    0xC0, 0x03, 0x01, 0xFC, 0x03, 0xE0, 0x00, 0x00, 0x00, 0x00, 0x00, 0x00, 0x00, 0x00, 0x00, 0x00,
    0x00, 0x00, 0x00, 0x00, 0x00, 0x00, 0x00, 0x00, 0x00, 0x00, 0x00, 0x00, 0x00, 0x00, 0x00, 0x00,
    0x00, 0x00, 0x01, 0xC0, 0x0E, 0x00, 0x70, 0x00, 0x00, 0x00, 0x00, 0x00, 0x00, 0x00, 0x00, 0x00,
    0x00, 0x00, 0x00, 0x00, 0x00, 0x00, 0x00, 0x00, 0x00, 0x00, 0x00, 0x00, 0x00, 0x00, 0x00, 0x00,
    0x00, 0x00, 0x00, 0x00, 0x00, 0x00, 0x00, 0x00, 0x00, 0x00, 0x00, 0x00, 0x00, 0x00, 0x00, 0x00,
    0x00, 0x00, 0x00, 0x00, 0x00, 0x00, 0x00, 0x00, 0x00, 0x00, 0x00, 0x00, 0x00, 0x00, 0x00, 0x00,
    0x00, 0x00, 0x01, 0x80, 0xC6, 0x03, 0x18, 0x0C, 0x60, 0x31, 0x80, 0xC6, 0x03, 0x18, 0x0C, 0x60,
    0x31, 0x81, 0xC6, 0x0F, 0x18, 0x7C, 0x7F, 0xB1, 0xFC, 0xC6, 0x00, 0x18, 0x00, 0x60, 0x01, 0x80,
    0x06, 0x00, 0x00, 0x00, 0x00, 0x00, 0x00, 0x00, 0x00, 0x00, 0x00, 0x3F, 0xF9, 0xFF, 0xE6, 0x31,
    0x98, 0xC6, 0x63, 0x19, 0x8C, 0x66, 0x31, 0x98, 0xC6, 0x63, 0x19, 0xFC, 0x63, 0xF1, 0x80, 0xC6,
    0x03, 0x18, 0x0C, 0x60, 0x31, 0x80, 0xC6, 0x03, 0x18, 0x0C, 0x60, 0x00, 0x00, 0x00, 0x00, 0x00,
    0x00, 0x00, 0x00, 0x00, 0x00, 0x00, 0x00, 0x00, 0x00, 0x00, 0x00, 0x00, 0x00, 0x00, 0x00, 0x00,
    0x00, 0x00, 0x00, 0x00, 0x00, 0x00, 0x00, 0x00, 0x00, 0x00, 0x03, 0x00, 0x0C, 0x00, 0x30, 0x00,
    0xC0, 0x00, 0x00, 0x00, 0x00, 0x00, 0x00, 0x00, 0x00, 0x00, 0x00, 0x00, 0x00, 0x00, 0x00, 0x00,
    0x00, 0x00, 0x00, 0x00, 0x00, 0x00, 0x00, 0x00, 0x00, 0x00, 0x00, 0x00, 0x00, 0x00, 0x00, 0x00,
    0x00, 0x00, 0x00, 0x00, 0x00, 0x00, 0x00, 0x00, 0x00, 0x00, 0x00, 0x00, 0x00, 0x00, 0x00, 0x00,
    0x00, 0x00, 0x00, 0x00, 0x00, 0x00, 0x00, 0x00, 0x00, 0x00, 0x00, 0x00, 0x00, 0x60, 0x01, 0x80,
    0x06, 0x00, 0x30, 0x01, 0x80, 0x00, 0x00, 0x00, 0x00, 0x00, 0x00, 0x30, 0x01, 0xC0, 0x0F, 0x00,
    0x0C, 0x00, 0x30, 0x00, 0xC0, 0x03, 0x00, 0x0C, 0x00, 0xFC, 0x03, 0xF0, 0x00, 0x00, 0x00, 0x00,
    0x00, 0x00, 0x00, 0x00, 0x00, 0x00, 0x00, 0x00, 0x00, 0x00, 0x00, 0x00, 0x00, 0x00, 0x00, 0x00,
    0x00, 0x00, 0x00, 0x00, 0x00, 0x00, 0x00, 0x00, 0x00, 0x00, 0x3F, 0x01, 0xFE, 0x0E, 0x1C, 0x30,
    0x30, 0xC0, 0xC3, 0x03, 0x0C, 0x0C, 0x38, 0x70, 0x7F, 0x80, 0xFC, 0x00, 0x00, 0x3F, 0xF0, 0xFF,
    0xC0, 0x00, 0x00, 0x00, 0x00, 0x00, 0x00, 0x00, 0x00, 0x00, 0x00, 0x00, 0x00, 0x00, 0x00, 0x00,
    0x00, 0x00, 0x00, 0x00, 0x00, 0x00, 0x00, 0x00, 0x00, 0x00, 0x00, 0x00, 0x00, 0x00, 0x00, 0x00,
    0x00, 0x00, 0x00, 0x00, 0x00, 0x00, 0x00, 0x00, 0x03, 0x9C, 0x07, 0x38, 0x0E, 0x70, 0x1C, 0xE0,
    0x39, 0xC0, 0x73, 0x80, 0xE7, 0x07, 0x38, 0x39, 0xC1, 0xCE, 0x0E, 0x70, 0x73, 0x83, 0x9C, 0x00,
    0x00, 0x00, 0x00, 0x00, 0x00, 0x00, 0x00, 0x00, 0x00, 0x00, 0x00, 0x00, 0x00, 0x00, 0x00, 0x00,
    0x00, 0x18, 0x00, 0xE0, 0x07, 0x80, 0x06, 0x06, 0x18, 0x38, 0x61, 0xC1, 0x8E, 0x06, 0x70, 0x03,
    0x80, 0x1C, 0xC0, 0xE7, 0x07, 0x3C, 0x39, 0xB1, 0xCC, 0xC6, 0x7F, 0x01, 0xFC, 0x00, 0x30, 0x00,
    0xC0, 0x00, 0x00, 0x00, 0x00, 0x00, 0x00, 0x00, 0x00, 0x00, 0x00, 0x00, 0x00, 0x00, 0x00, 0x00,
    0x00, 0x00, 0x18, 0x00, 0xE0, 0x07, 0x81, 0x86, 0x0E, 0x18, 0x70, 0x63, 0x81, 0x9C, 0x06, 0xE0,
    0x07, 0x00, 0x38, 0x01, 0xDF, 0x0E, 0xFE, 0x73, 0x19, 0x80, 0xC0, 0x06, 0x00, 0x30, 0x01, 0xF8,
    0x0F, 0xE0, 0x00, 0x00, 0x00, 0x00, 0x00, 0x00, 0x00, 0x00, 0x00, 0x00, 0x00, 0x00, 0x00, 0x00,
    0x00, 0x00, 0x00, 0x3E, 0x01, 0xFC, 0x00, 0x30, 0x07, 0x80, 0x1F, 0x18, 0x0C, 0xE7, 0xF7, 0x0F,
    0xB8, 0x01, 0xC0, 0x0E, 0x60, 0x73, 0x83, 0x9E, 0x1C, 0xD8, 0xE6, 0x67, 0x3F, 0x98, 0xFE, 0x00,
    0x18, 0x00, 0x60, 0x00, 0x00, 0x00, 0x00, 0x00, 0x00, 0x00, 0x00, 0x00, 0x00, 0x00, 0x00, 0x00,
    0x00, 0x00, 0x00, 0x00, 0x06, 0x00, 0x18, 0x00, 0x60, 0x01, 0x80, 0x00, 0x00, 0x00, 0x00, 0x60,
    0x01, 0x80, 0x06, 0x00, 0x30, 0x01, 0x80, 0x0C, 0x00, 0x60, 0x31, 0x80, 0xC6, 0x03, 0x1C, 0x1C,
    0x3F, 0xE0, 0x7F, 0x00, 0x00, 0x00, 0x00, 0x00, 0x00, 0x00, 0x00, 0x00, 0x00, 0x00, 0x1C, 0x00,
    0x38, 0x00, 0x70, 0x00, 0x00, 0x1F, 0xC0, 0xFF, 0x87, 0x07, 0x18, 0x0C, 0x60, 0x31, 0x80, 0xC6,
    0x03, 0x18, 0x0C, 0x60, 0x31, 0xFF, 0xC7, 0xFF, 0x18, 0x0C, 0x60, 0x31, 0x80, 0xC6, 0x03, 0x18,
    0x0C, 0x60, 0x31, 0x80, 0xC0, 0x00, 0x00, 0x00, 0x00, 0x00, 0x00, 0x00, 0x00, 0x00, 0x00, 0x01,
    0xC0, 0x0E, 0x00, 0x70, 0x00, 0x00, 0x1F, 0xC0, 0xFF, 0x87, 0x07, 0x18, 0x0C, 0x60, 0x31, 0x80,
    0xC6, 0x03, 0x18, 0x0C, 0x60, 0x31, 0xFF, 0xC7, 0xFF, 0x18, 0x0C, 0x60, 0x31, 0x80, 0xC6, 0x03,
    0x18, 0x0C, 0x60, 0x31, 0x80, 0xC0, 0x00, 0x00, 0x00, 0x00, 0x00, 0x00, 0x00, 0x00, 0x00, 0x00,
    0x07, 0x00, 0x3E, 0x01, 0xDC, 0x00, 0x00, 0x1F, 0xC0, 0xFF, 0x87, 0x07, 0x18, 0x0C, 0x60, 0x31,
    0x80, 0xC6, 0x03, 0x18, 0x0C, 0x60, 0x31, 0xFF, 0xC7, 0xFF, 0x18, 0x0C, 0x60, 0x31, 0x80, 0xC6,
    0x03, 0x18, 0x0C, 0x60, 0x31, 0x80, 0xC0, 0x00, 0x00, 0x00, 0x00, 0x00, 0x00, 0x00, 0x00, 0x00,
    0x00, 0x1E, 0x60, 0xFF, 0x83, 0x3C, 0x00, 0x00, 0x1F, 0xC0, 0xFF, 0x87, 0x07, 0x18, 0x0C, 0x60,
    0x31, 0x80, 0xC6, 0x03, 0x18, 0x0C, 0x60, 0x31, 0xFF, 0xC7, 0xFF, 0x18, 0x0C, 0x60, 0x31, 0x80,
    0xC6, 0x03, 0x18, 0x0C, 0x60, 0x31, 0x80, 0xC0, 0x00, 0x00, 0x00, 0x00, 0x00, 0x00, 0x00, 0x00,
    0x00, 0x00, 0x18, 0xC0, 0x63, 0x01, 0x8C, 0x00, 0x00, 0x1F, 0xC0, 0xFF, 0x87, 0x07, 0x18, 0x0C,
    0x60, 0x31, 0x80, 0xC6, 0x03, 0x18, 0x0C, 0x60, 0x31, 0xFF, 0xC7, 0xFF, 0x18, 0x0C, 0x60, 0x31,
    0x80, 0xC6, 0x03, 0x18, 0x0C, 0x60, 0x31, 0x80, 0xC0, 0x00, 0x00, 0x00, 0x00, 0x00, 0x00, 0x00,
    0x00, 0x00, 0x00, 0x07, 0x80, 0x33, 0x00, 0xCC, 0x01, 0xE0, 0x1F, 0xC0, 0xFF, 0x87, 0x07, 0x18,
    0x0C, 0x60, 0x31, 0x80, 0xC6, 0x03, 0x18, 0x0C, 0x60, 0x31, 0xFF, 0xC7, 0xFF, 0x18, 0x0C, 0x60,
    0x31, 0x80, 0xC6, 0x03, 0x18, 0x0C, 0x60, 0x31, 0x80, 0xC0, 0x00, 0x00, 0x00, 0x00, 0x00, 0x00,
    0x00, 0x00, 0x00, 0x00, 0x00, 0x00, 0x00, 0x00, 0x00, 0x00, 0x00, 0x3F, 0xF9, 0xFF, 0xEE, 0x30,
    0x30, 0xC0, 0xC3, 0x03, 0x0C, 0x0C, 0x30, 0x30, 0xC0, 0xFF, 0xF3, 0xFF, 0xCC, 0x30, 0x30, 0xC0,
    0xC3, 0x03, 0x0C, 0x0C, 0x30, 0x30, 0xC0, 0xC3, 0xFB, 0x0F, 0xE0, 0x00, 0x00, 0x00, 0x00, 0x00,
    0x00, 0x00, 0x00, 0x00, 0x00, 0x00, 0x00, 0x00, 0x00, 0x00, 0x00, 0x00, 0x1F, 0xC0, 0xFF, 0x87,
    0x07, 0x18, 0x0C, 0x60, 0x31, 0x80, 0x06, 0x00, 0x18, 0x00, 0x60, 0x01, 0x80, 0x06, 0x00, 0x18,
    0x00, 0x60, 0x01, 0x80, 0xC6, 0x03, 0x1C, 0x1C, 0x3F, 0xE0, 0x7F, 0x00, 0x60, 0x01, 0x80, 0x06,
    0x00, 0x30, 0x01, 0x80, 0x00, 0x00, 0x1C, 0x00, 0x38, 0x00, 0x70, 0x00, 0x00, 0x7F, 0xF1, 0xFF,
    0xC6, 0x00, 0x18, 0x00, 0x60, 0x01, 0x80, 0x06, 0x00, 0x18, 0x00, 0x7F, 0x81, 0xFE, 0x06, 0x00,
    0x18, 0x00, 0x60, 0x01, 0x80, 0x06, 0x00, 0x18, 0x00, 0x7F, 0xF1, 0xFF, 0xC0, 0x00, 0x00, 0x00,
    0x00, 0x00, 0x00, 0x00, 0x00, 0x00, 0x00, 0x01, 0xC0, 0x0E, 0x00, 0x70, 0x00, 0x00, 0x7F, 0xF1,
    0xFF, 0xC6, 0x00, 0x18, 0x00, 0x60, 0x01, 0x80, 0x06, 0x00, 0x18, 0x00, 0x7F, 0x81, 0xFE, 0x06,
    0x00, 0x18, 0x00, 0x60, 0x01, 0x80, 0x06, 0x00, 0x18, 0x00, 0x7F, 0xF1, 0xFF, 0xC0, 0x00, 0x00,
    0x00, 0x00, 0x00, 0x00, 0x00, 0x00, 0x00, 0x00, 0x07, 0x00, 0x3E, 0x01, 0xDC, 0x00, 0x00, 0x7F,
    0xF1, 0xFF, 0xC6, 0x00, 0x18, 0x00, 0x60, 0x01, 0x80, 0x06, 0x00, 0x18, 0x00, 0x7F, 0x81, 0xFE,
    0x06, 0x00, 0x18, 0x00, 0x60, 0x01, 0x80, 0x06, 0x00, 0x18, 0x00, 0x7F, 0xF1, 0xFF, 0xC0, 0x00,
    0x00, 0x00, 0x00, 0x00, 0x00, 0x00, 0x00, 0x00, 0x00, 0x18, 0xC0, 0x63, 0x01, 0x8C, 0x00, 0x00,
    0x7F, 0xF1, 0xFF, 0xC6, 0x00, 0x18, 0x00, 0x60, 0x01, 0x80, 0x06, 0x00, 0x18, 0x00, 0x7F, 0x81,
    0xFE, 0x06, 0x00, 0x18, 0x00, 0x60, 0x01, 0x80, 0x06, 0x00, 0x18, 0x00, 0x7F, 0xF1, 0xFF, 0xC0,
    0x00, 0x00, 0x00, 0x00, 0x00, 0x00, 0x00, 0x00, 0x00, 0x00, 0x0E, 0x00, 0x1C, 0x00, 0x38, 0x00,
    0x00, 0x0F, 0xC0, 0x3F, 0x00, 0x30, 0x00, 0xC0, 0x03, 0x00, 0x0C, 0x00, 0x30, 0x00, 0xC0, 0x03,
    0x00, 0x0C, 0x00, 0x30, 0x00, 0xC0, 0x03, 0x00, 0x0C, 0x00, 0x30, 0x00, 0xC0, 0x0F, 0xC0, 0x3F,
    0x00, 0x00, 0x00, 0x00, 0x00, 0x00, 0x00, 0x00, 0x00, 0x00, 0x00, 0x01, 0xC0, 0x0E, 0x00, 0x70,
    0x00, 0x00, 0x0F, 0xC0, 0x3F, 0x00, 0x30, 0x00, 0xC0, 0x03, 0x00, 0x0C, 0x00, 0x30, 0x00, 0xC0,
    0x03, 0x00, 0x0C, 0x00, 0x30, 0x00, 0xC0, 0x03, 0x00, 0x0C, 0x00, 0x30, 0x00, 0xC0, 0x0F, 0xC0,
    0x3F, 0x00, 0x00, 0x00, 0x00, 0x00, 0x00, 0x00, 0x00, 0x00, 0x00, 0x00, 0x07, 0x00, 0x3E, 0x01,
    0xDC, 0x00, 0x00, 0x0F, 0xC0, 0x3F, 0x00, 0x30, 0x00, 0xC0, 0x03, 0x00, 0x0C, 0x00, 0x30, 0x00,
    0xC0, 0x03, 0x00, 0x0C, 0x00, 0x30, 0x00, 0xC0, 0x03, 0x00, 0x0C, 0x00, 0x30, 0x00, 0xC0, 0x0F,
    0xC0, 0x3F, 0x00, 0x00, 0x00, 0x00, 0x00, 0x00, 0x00, 0x00, 0x00, 0x00, 0x00, 0x18, 0xC0, 0x63,
    0x01, 0x8C, 0x00, 0x00, 0x0F, 0xC0, 0x3F, 0x00, 0x30, 0x00, 0xC0, 0x03, 0x00, 0x0C, 0x00, 0x30,
    0x00, 0xC0, 0x03, 0x00, 0x0C, 0x00, 0x30, 0x00, 0xC0, 0x03, 0x00, 0x0C, 0x00, 0x30, 0x00, 0xC0,
    0x0F, 0xC0, 0x3F, 0x00, 0x00, 0x00, 0x00, 0x00, 0x00, 0x00, 0x00, 0x00, 0x00, 0x00, 0x00, 0x00,
    0x00, 0x00, 0x00, 0x00, 0x00, 0x7F, 0x01, 0xFF, 0x06, 0x0E, 0x18, 0x18, 0x60, 0x31, 0x80, 0xC6,
    0x03, 0x18, 0x0C, 0xFE, 0x33, 0xF8, 0xC6, 0x03, 0x18, 0x0C, 0x60, 0x31, 0x80, 0xC6, 0x06, 0x18,
    0x38, 0x7F, 0xC1, 0xFC, 0x00, 0x00, 0x00, 0x00, 0x00, 0x00, 0x00, 0x00, 0x00, 0x00, 0x00, 0x1E,
    0x60, 0xFF, 0x83, 0x3C, 0x00, 0x00, 0x60, 0x31, 0x80, 0xC6, 0x03, 0x18, 0x0C, 0x70, 0x31, 0xE0,
    0xC7, 0xC3, 0x1B, 0x8C, 0x67, 0x31, 0x8E, 0xC6, 0x1F, 0x18, 0x3C, 0x60, 0x71, 0x80, 0xC6, 0x03,
    0x18, 0x0C, 0x60, 0x31, 0x80, 0xC0, 0x00, 0x00, 0x00, 0x00, 0x00, 0x00, 0x00, 0x00, 0x00, 0x00,
    0x1C, 0x00, 0x38, 0x00, 0x70, 0x00, 0x00, 0x1F, 0xC0, 0xFF, 0x87, 0x07, 0x18, 0x0C, 0x60, 0x31,
    0x80, 0xC6, 0x03, 0x18, 0x0C, 0x60, 0x31, 0x80, 0xC6, 0x03, 0x18, 0x0C, 0x60, 0x31, 0x80, 0xC6,
    0x03, 0x1C, 0x1C, 0x3F, 0xE0, 0x7F, 0x00, 0x00, 0x00, 0x00, 0x00, 0x00, 0x00, 0x00, 0x00, 0x00,
    0x00, 0x01, 0xC0, 0x0E, 0x00, 0x70, 0x00, 0x00, 0x1F, 0xC0, 0xFF, 0x87, 0x07, 0x18, 0x0C, 0x60,
    0x31, 0x80, 0xC6, 0x03, 0x18, 0x0C, 0x60, 0x31, 0x80, 0xC6, 0x03, 0x18, 0x0C, 0x60, 0x31, 0x80,
    0xC6, 0x03, 0x1C, 0x1C, 0x3F, 0xE0, 0x7F, 0x00, 0x00, 0x00, 0x00, 0x00, 0x00, 0x00, 0x00, 0x00,
    0x00, 0x00, 0x07, 0x00, 0x3E, 0x01, 0xDC, 0x00, 0x00, 0x1F, 0xC0, 0xFF, 0x87, 0x07, 0x18, 0x0C,
    0x60, 0x31, 0x80, 0xC6, 0x03, 0x18, 0x0C, 0x60, 0x31, 0x80, 0xC6, 0x03, 0x18, 0x0C, 0x60, 0x31,
    0x80, 0xC6, 0x03, 0x1C, 0x1C, 0x3F, 0xE0, 0x7F, 0x00, 0x00, 0x00, 0x00, 0x00, 0x00, 0x00, 0x00,
    0x00, 0x00, 0x00, 0x1E, 0x60, 0xFF, 0x83, 0x3C, 0x00, 0x00, 0x1F, 0xC0, 0xFF, 0x87, 0x07, 0x18,
    0x0C, 0x60, 0x31, 0x80, 0xC6, 0x03, 0x18, 0x0C, 0x60, 0x31, 0x80, 0xC6, 0x03, 0x18, 0x0C, 0x60,
    0x31, 0x80, 0xC6, 0x03, 0x1C, 0x1C, 0x3F, 0xE0, 0x7F, 0x00, 0x00, 0x00, 0x00, 0x00, 0x00, 0x00,
    0x00, 0x00, 0x00, 0x00, 0x18, 0xC0, 0x63, 0x01, 0x8C, 0x00, 0x00, 0x1F, 0xC0, 0xFF, 0x87, 0x07,
    0x18, 0x0C, 0x60, 0x31, 0x80, 0xC6, 0x03, 0x18, 0x0C, 0x60, 0x31, 0x80, 0xC6, 0x03, 0x18, 0x0C,
    0x60, 0x31, 0x80, 0xC6, 0x03, 0x1C, 0x1C, 0x3F, 0xE0, 0x7F, 0x00, 0x00, 0x00, 0x00, 0x00, 0x00,
    0x00, 0x00, 0x00, 0x00, 0x00, 0x00, 0x00, 0x00, 0x00, 0x00, 0x00, 0x00, 0x00, 0x00, 0x00, 0x00,
    0x00, 0x00, 0x00, 0x60, 0x31, 0xC1, 0xC3, 0x8E, 0x07, 0x70, 0x0F, 0x80, 0x1C, 0x00, 0xF8, 0x07,
    0x70, 0x38, 0xE1, 0xC1, 0xC6, 0x03, 0x00, 0x00, 0x00, 0x00, 0x00, 0x00, 0x00, 0x00, 0x00, 0x00,
    0x00, 0x00, 0x00, 0x00, 0x00, 0x00, 0x00, 0x00, 0x00, 0x00, 0x00, 0x00, 0x00, 0x1F, 0xC0, 0xFF,
    0x87, 0x07, 0x18, 0x0E, 0x60, 0x79, 0x83, 0xC6, 0x1F, 0x18, 0xEC, 0x67, 0x31, 0xB8, 0xC7, 0xC3,
    0x1E, 0x0C, 0x70, 0x33, 0x80, 0xCE, 0x03, 0x1C, 0x1C, 0x3F, 0xE0, 0x7F, 0x00, 0x00, 0x00, 0x00,
    0x00, 0x00, 0x00, 0x00, 0x00, 0x00, 0x00, 0x1C, 0x00, 0x38, 0x00, 0x70, 0x00, 0x00, 0x60, 0x31,
    0x80, 0xC6, 0x03, 0x18, 0x0C, 0x60, 0x31, 0x80, 0xC6, 0x03, 0x18, 0x0C, 0x60, 0x31, 0x80, 0xC6,
    0x03, 0x18, 0x0C, 0x60, 0x31, 0x80, 0xC6, 0x03, 0x1C, 0x1C, 0x3F, 0xE0, 0x7F, 0x00, 0x00, 0x00,
    0x00, 0x00, 0x00, 0x00, 0x00, 0x00, 0x00, 0x00, 0x01, 0xC0, 0x0E, 0x00, 0x70, 0x00, 0x00, 0x60,
    0x31, 0x80, 0xC6, 0x03, 0x18, 0x0C, 0x60, 0x31, 0x80, 0xC6, 0x03, 0x18, 0x0C, 0x60, 0x31, 0x80,
    0xC6, 0x03, 0x18, 0x0C, 0x60, 0x31, 0x80, 0xC6, 0x03, 0x1C, 0x1C, 0x3F, 0xE0, 0x7F, 0x00, 0x00,
    0x00, 0x00, 0x00, 0x00, 0x00, 0x00, 0x00, 0x00, 0x00, 0x07, 0x00, 0x3E, 0x01, 0xDC, 0x00, 0x00,
    0x60, 0x31, 0x80, 0xC6, 0x03, 0x18, 0x0C, 0x60, 0x31, 0x80, 0xC6, 0x03, 0x18, 0x0C, 0x60, 0x31,
    0x80, 0xC6, 0x03, 0x18, 0x0C, 0x60, 0x31, 0x80, 0xC6, 0x03, 0x1C, 0x1C, 0x3F, 0xE0, 0x7F, 0x00,
    0x00, 0x00, 0x00, 0x00, 0x00, 0x00, 0x00, 0x00, 0x00, 0x00, 0x18, 0xC0, 0x63, 0x01, 0x8C, 0x00,
    0x00, 0x60, 0x31, 0x80, 0xC6, 0x03, 0x18, 0x0C, 0x60, 0x31, 0x80, 0xC6, 0x03, 0x18, 0x0C, 0x60,
    0x31, 0x80, 0xC6, 0x03, 0x18, 0x0C, 0x60, 0x31, 0x80, 0xC6, 0x03, 0x1C, 0x1C, 0x3F, 0xE0, 0x7F,
    0x00, 0x00, 0x00, 0x00, 0x00, 0x00, 0x00, 0x00, 0x00, 0x00, 0x00, 0x01, 0xC0, 0x0E, 0x00, 0x70,
    0x00, 0x00, 0x60, 0x19, 0x80, 0x63, 0x03, 0x0C, 0x0C, 0x18, 0x60, 0x61, 0x80, 0xCC, 0x03, 0x30,
    0x07, 0x80, 0x1E, 0x00, 0x30, 0x00, 0xC0, 0x03, 0x00, 0x0C, 0x00, 0x30, 0x00, 0xC0, 0x03, 0x00,
    0x0C, 0x00, 0x00, 0x00, 0x00, 0x00, 0x00, 0x00, 0x00, 0x00, 0x00, 0x00, 0x00, 0x00, 0x00, 0x00,
    0x00, 0x00, 0x00, 0x60, 0x01, 0x80, 0x06, 0x00, 0x1F, 0xF0, 0x7F, 0xE1, 0x81, 0xC6, 0x03, 0x18,
    0x0C, 0x60, 0x31, 0x80, 0xC6, 0x03, 0x18, 0x1C, 0x7F, 0xE1, 0xFF, 0x06, 0x00, 0x18, 0x00, 0x60,
    0x01, 0x80, 0x00, 0x00, 0x00, 0x00, 0x00, 0x00, 0x00, 0x00, 0x00, 0x00, 0x00, 0x00, 0x00, 0x00,
    0x00, 0x00, 0x00, 0x00, 0x3F, 0x81, 0xFF, 0x06, 0x0E, 0x18, 0x18, 0x60, 0x61, 0x81, 0x86, 0x0C,
    0x1F, 0xF0, 0x7F, 0xE1, 0x81, 0xC6, 0x03, 0x18, 0x0C, 0x60, 0x31, 0x80, 0xC7, 0x03, 0x1E, 0x1C,
    0x6F, 0xE1, 0x9F, 0x00, 0x00, 0x00, 0x00, 0x00, 0x00, 0x00, 0x00, 0x00, 0x00, 0x00, 0x00, 0x00,
    0x00, 0x00, 0x00, 0x00, 0x00, 0x00, 0x00, 0x70, 0x00, 0xE0, 0x01, 0xC0, 0x00, 0x00, 0x7F, 0x01,
    0xFE, 0x00, 0x1C, 0x00, 0x30, 0x7F, 0xC3, 0xFF, 0x1C, 0x0C, 0x60, 0x31, 0x80, 0xC6, 0x03, 0x1C,
    0x0C, 0x3F, 0xF0, 0x7F, 0xC0, 0x00, 0x00, 0x00, 0x00, 0x00, 0x00, 0x00, 0x00, 0x00, 0x00, 0x00,
    0x00, 0x00, 0x00, 0x00, 0x00, 0x00, 0x00, 0x00, 0x07, 0x00, 0x38, 0x01, 0xC0, 0x00, 0x00, 0x7F,
    0x01, 0xFE, 0x00, 0x1C, 0x00, 0x30, 0x7F, 0xC3, 0xFF, 0x1C, 0x0C, 0x60, 0x31, 0x80, 0xC6, 0x03,
    0x1C, 0x0C, 0x3F, 0xF0, 0x7F, 0xC0, 0x00, 0x00, 0x00, 0x00, 0x00, 0x00, 0x00, 0x00, 0x00, 0x00,
    0x00, 0x00, 0x00, 0x00, 0x00, 0x00, 0x00, 0x00, 0x00, 0x1C, 0x00, 0xF8, 0x07, 0x70, 0x00, 0x00,
    0x7F, 0x01, 0xFE, 0x00, 0x1C, 0x00, 0x30, 0x7F, 0xC3, 0xFF, 0x1C, 0x0C, 0x60, 0x31, 0x80, 0xC6,
    0x03, 0x1C, 0x0C, 0x3F, 0xF0, 0x7F, 0xC0, 0x00, 0x00, 0x00, 0x00, 0x00, 0x00, 0x00, 0x00, 0x00,
    0x00, 0x00, 0x00, 0x00, 0x00, 0x00, 0x00, 0x00, 0x00, 0x00, 0x79, 0x83, 0xFE, 0x0C, 0xF0, 0x00,
    0x00, 0x7F, 0x01, 0xFE, 0x00, 0x1C, 0x00, 0x30, 0x7F, 0xC3, 0xFF, 0x1C, 0x0C, 0x60, 0x31, 0x80,
    0xC6, 0x03, 0x1C, 0x0C, 0x3F, 0xF0, 0x7F, 0xC0, 0x00, 0x00, 0x00, 0x00, 0x00, 0x00, 0x00, 0x00,
    0x00, 0x00, 0x00, 0x00, 0x00, 0x00, 0x00, 0x00, 0x00, 0x00, 0x00, 0x63, 0x01, 0x8C, 0x06, 0x30,
    0x00, 0x00, 0x7F, 0x01, 0xFE, 0x00, 0x1C, 0x00, 0x30, 0x7F, 0xC3, 0xFF, 0x1C, 0x0C, 0x60, 0x31,
    0x80, 0xC6, 0x03, 0x1C, 0x0C, 0x3F, 0xF0, 0x7F, 0xC0, 0x00, 0x00, 0x00, 0x00, 0x00, 0x00, 0x00,
    0x00, 0x00, 0x00, 0x00, 0x00, 0x00, 0x00, 0x00, 0x00, 0x00, 0x00, 0x00, 0x1E, 0x00, 0xCC, 0x03,
    0x30, 0x07, 0x80, 0x7F, 0x01, 0xFE, 0x00, 0x1C, 0x00, 0x30, 0x7F, 0xC3, 0xFF, 0x1C, 0x0C, 0x60,
    0x31, 0x80, 0xC6, 0x03, 0x1C, 0x0C, 0x3F, 0xF0, 0x7F, 0xC0, 0x00, 0x00, 0x00, 0x00, 0x00, 0x00,
    0x00, 0x00, 0x00, 0x00, 0x00, 0x00, 0x00, 0x00, 0x00, 0x00, 0x00, 0x00, 0x00, 0x00, 0x00, 0x00,
    0x00, 0x00, 0x00, 0x01, 0xF7, 0x87, 0xFF, 0x01, 0xCE, 0x03, 0x18, 0xFC, 0x67, 0xFF, 0xB8, 0xFE,
    0xC3, 0x03, 0x0C, 0x0C, 0x30, 0x38, 0xE6, 0x7F, 0xF8, 0xFB, 0xC0, 0x00, 0x00, 0x00, 0x00, 0x00,
    0x00, 0x00, 0x00, 0x00, 0x00, 0x00, 0x00, 0x00, 0x00, 0x00, 0x00, 0x00, 0x00, 0x00, 0x00, 0x00,
    0x00, 0x00, 0x00, 0x00, 0x00, 0x7F, 0x03, 0xFE, 0x1C, 0x1C, 0x60, 0x01, 0x80, 0x06, 0x00, 0x18,
    0x00, 0x60, 0x01, 0x80, 0x06, 0x00, 0x1C, 0x1C, 0x3F, 0xE0, 0x7F, 0x00, 0x60, 0x01, 0x80, 0x06,
    0x00, 0x30, 0x01, 0x80, 0x00, 0x00, 0x00, 0x00, 0x00, 0x00, 0x00, 0x00, 0x00, 0x00, 0x00, 0x70,
    0x00, 0xE0, 0x01, 0xC0, 0x00, 0x00, 0x7F, 0x03, 0xFE, 0x1C, 0x1C, 0x60, 0x31, 0x80, 0xC7, 0xFF,
    0x1F, 0xFC, 0x60, 0x01, 0x80, 0x06, 0x00, 0x1C, 0x1C, 0x3F, 0xE0, 0x7F, 0x00, 0x00, 0x00, 0x00,
    0x00, 0x00, 0x00, 0x00, 0x00, 0x00, 0x00, 0x00, 0x00, 0x00, 0x00, 0x00, 0x00, 0x00, 0x00, 0x00,
    0x07, 0x00, 0x38, 0x01, 0xC0, 0x00, 0x00, 0x7F, 0x03, 0xFE, 0x1C, 0x1C, 0x60, 0x31, 0x80, 0xC7,
    0xFF, 0x1F, 0xFC, 0x60, 0x01, 0x80, 0x06, 0x00, 0x1C, 0x1C, 0x3F, 0xE0, 0x7F, 0x00, 0x00, 0x00,
    0x00, 0x00, 0x00, 0x00, 0x00, 0x00, 0x00, 0x00, 0x00, 0x00, 0x00, 0x00, 0x00, 0x00, 0x00, 0x00,
    0x00, 0x1C, 0x00, 0xF8, 0x07, 0x70, 0x00, 0x00, 0x7F, 0x03, 0xFE, 0x1C, 0x1C, 0x60, 0x31, 0x80,
    0xC7, 0xFF, 0x1F, 0xFC, 0x60, 0x01, 0x80, 0x06, 0x00, 0x1C, 0x1C, 0x3F, 0xE0, 0x7F, 0x00, 0x00,
    0x00, 0x00, 0x00, 0x00, 0x00, 0x00, 0x00, 0x00, 0x00, 0x00, 0x00, 0x00, 0x00, 0x00, 0x00, 0x00,
    0x00, 0x00, 0x63, 0x01, 0x8C, 0x06, 0x30, 0x00, 0x00, 0x7F, 0x03, 0xFE, 0x1C, 0x1C, 0x60, 0x31,
    0x80, 0xC7, 0xFF, 0x1F, 0xFC, 0x60, 0x01, 0x80, 0x06, 0x00, 0x1C, 0x1C, 0x3F, 0xE0, 0x7F, 0x00,
    0x00, 0x00, 0x00, 0x00, 0x00, 0x00, 0x00, 0x00, 0x00, 0x00, 0x00, 0x00, 0x00, 0x00, 0x00, 0x00,
    0x00, 0x00, 0x00, 0x70, 0x00, 0xE0, 0x01, 0xC0, 0x00, 0x00, 0x3C, 0x00, 0xF0, 0x00, 0xC0, 0x03,
    0x00, 0x0C, 0x00, 0x30, 0x00, 0xC0, 0x03, 0x00, 0x0C, 0x00, 0x30, 0x00, 0xC0, 0x0F, 0xC0, 0x3F,
    0x00, 0x00, 0x00, 0x00, 0x00, 0x00, 0x00, 0x00, 0x00, 0x00, 0x00, 0x00, 0x00, 0x00, 0x00, 0x00,
    0x00, 0x00, 0x00, 0x00, 0x07, 0x00, 0x38, 0x01, 0xC0, 0x00, 0x00, 0x3C, 0x00, 0xF0, 0x00, 0xC0,
    0x03, 0x00, 0x0C, 0x00, 0x30, 0x00, 0xC0, 0x03, 0x00, 0x0C, 0x00, 0x30, 0x00, 0xC0, 0x0F, 0xC0,
    0x3F, 0x00, 0x00, 0x00, 0x00, 0x00, 0x00, 0x00, 0x00, 0x00, 0x00, 0x00, 0x00, 0x00, 0x00, 0x00,
    0x00, 0x00, 0x00, 0x00, 0x00, 0x1C, 0x00, 0xF8, 0x07, 0x70, 0x00, 0x00, 0x3C, 0x00, 0xF0, 0x00,
    0xC0, 0x03, 0x00, 0x0C, 0x00, 0x30, 0x00, 0xC0, 0x03, 0x00, 0x0C, 0x00, 0x30, 0x00, 0xC0, 0x0F,
    0xC0, 0x3F, 0x00, 0x00, 0x00, 0x00, 0x00, 0x00, 0x00, 0x00, 0x00, 0x00, 0x00, 0x00, 0x00, 0x00,
    0x00, 0x00, 0x00, 0x00, 0x00, 0x00, 0x63, 0x01, 0x8C, 0x06, 0x30, 0x00, 0x00, 0x3C, 0x00, 0xF0,
    0x00, 0xC0, 0x03, 0x00, 0x0C, 0x00, 0x30, 0x00, 0xC0, 0x03, 0x00, 0x0C, 0x00, 0x30, 0x00, 0xC0,
    0x0F, 0xC0, 0x3F, 0x00, 0x00, 0x00, 0x00, 0x00, 0x00, 0x00, 0x00, 0x00, 0x00, 0x00, 0x00, 0x00,
    0x00, 0x00, 0x00, 0x00, 0x00, 0x39, 0x80, 0x7C, 0x01, 0xE0, 0x0D, 0xC0, 0x03, 0x80, 0x7F, 0x03,
    0xFE, 0x1C, 0x1C, 0x60, 0x31, 0x80, 0xC6, 0x03, 0x18, 0x0C, 0x60, 0x31, 0x80, 0xC6, 0x03, 0x1C,
    0x1C, 0x3F, 0xE0, 0x7F, 0x00, 0x00, 0x00, 0x00, 0x00, 0x00, 0x00, 0x00, 0x00, 0x00, 0x00, 0x00,
    0x00, 0x00, 0x00, 0x00, 0x00, 0x00, 0x00, 0x00, 0xF1, 0x87, 0xFE, 0x18, 0xF0, 0x00, 0x01, 0xFF,
    0x07, 0xFE, 0x18, 0x1C, 0x60, 0x31, 0x80, 0xC6, 0x03, 0x18, 0x0C, 0x60, 0x31, 0x80, 0xC6, 0x03,
    0x18, 0x0C, 0x60, 0x31, 0x80, 0xC0, 0x00, 0x00, 0x00, 0x00, 0x00, 0x00, 0x00, 0x00, 0x00, 0x00,
    0x00, 0x00, 0x00, 0x00, 0x00, 0x00, 0x00, 0x00, 0x00, 0x70, 0x00, 0xE0, 0x01, 0xC0, 0x00, 0x00,
    0x7F, 0x03, 0xFE, 0x1C, 0x1C, 0x60, 0x31, 0x80, 0xC6, 0x03, 0x18, 0x0C, 0x60, 0x31, 0x80, 0xC6,
    0x03, 0x1C, 0x1C, 0x3F, 0xE0, 0x7F, 0x00, 0x00, 0x00, 0x00, 0x00, 0x00, 0x00, 0x00, 0x00, 0x00,
    0x00, 0x00, 0x00, 0x00, 0x00, 0x00, 0x00, 0x00, 0x00, 0x00, 0x07, 0x00, 0x38, 0x01, 0xC0, 0x00,
    0x00, 0x7F, 0x03, 0xFE, 0x1C, 0x1C, 0x60, 0x31, 0x80, 0xC6, 0x03, 0x18, 0x0C, 0x60, 0x31, 0x80,
    0xC6, 0x03, 0x1C, 0x1C, 0x3F, 0xE0, 0x7F, 0x00, 0x00, 0x00, 0x00, 0x00, 0x00, 0x00, 0x00, 0x00,
    0x00, 0x00, 0x00, 0x00, 0x00, 0x00, 0x00, 0x00, 0x00, 0x00, 0x00, 0x1C, 0x00, 0xF8, 0x07, 0x70,
    0x00, 0x00, 0x7F, 0x03, 0xFE, 0x1C, 0x1C, 0x60, 0x31, 0x80, 0xC6, 0x03, 0x18, 0x0C, 0x60, 0x31,
    0x80, 0xC6, 0x03, 0x1C, 0x1C, 0x3F, 0xE0, 0x7F, 0x00, 0x00, 0x00, 0x00, 0x00, 0x00, 0x00, 0x00,
    0x00, 0x00, 0x00, 0x00, 0x00, 0x00, 0x00, 0x00, 0x00, 0x00, 0x00, 0x00, 0x79, 0x83, 0xFE, 0x0C,
    0xF0, 0x00, 0x00, 0x7F, 0x03, 0xFE, 0x1C, 0x1C, 0x60, 0x31, 0x80, 0xC6, 0x03, 0x18, 0x0C, 0x60,
    0x31, 0x80, 0xC6, 0x03, 0x1C, 0x1C, 0x3F, 0xE0, 0x7F, 0x00, 0x00, 0x00, 0x00, 0x00, 0x00, 0x00,
    0x00, 0x00, 0x00, 0x00, 0x00, 0x00, 0x00, 0x00, 0x00, 0x00, 0x00, 0x00, 0x00, 0x63, 0x01, 0x8C,
    0x06, 0x30, 0x00, 0x00, 0x7F, 0x03, 0xFE, 0x1C, 0x1C, 0x60, 0x31, 0x80, 0xC6, 0x03, 0x18, 0x0C,
    0x60, 0x31, 0x80, 0xC6, 0x03, 0x1C, 0x1C, 0x3F, 0xE0, 0x7F, 0x00, 0x00, 0x00, 0x00, 0x00, 0x00,
    0x00, 0x00, 0x00, 0x00, 0x00, 0x00, 0x00, 0x00, 0x00, 0x00, 0x00, 0x00, 0x00, 0x00, 0x00, 0x00,
    0x30, 0x00, 0xC0, 0x03, 0x00, 0x0C, 0x00, 0x00, 0x00, 0x00, 0x7F, 0xF9, 0xFF, 0xE0, 0x00, 0x00,
    0x00, 0x03, 0x00, 0x0C, 0x00, 0x30, 0x00, 0xC0, 0x00, 0x00, 0x00, 0x00, 0x00, 0x00, 0x00, 0x00,
    0x00, 0x00, 0x00, 0x00, 0x00, 0x00, 0x00, 0x00, 0x00, 0x00, 0x00, 0x00, 0x00, 0x00, 0x00, 0x00,
    0x00, 0x00, 0x00, 0x00, 0x00, 0x00, 0x7F, 0x63, 0xFF, 0x98, 0x1C, 0x60, 0xF1, 0x87, 0xC6, 0x3B,
    0x19, 0xCC, 0x6E, 0x31, 0xF0, 0xC7, 0x83, 0x1C, 0x0C, 0xFF, 0xE3, 0x7F, 0x00, 0x00, 0x00, 0x00,
    0x00, 0x00, 0x00, 0x00, 0x00, 0x00, 0x00, 0x00, 0x00, 0x00, 0x00, 0x00, 0x00, 0x00, 0x00, 0x00,
    0x70, 0x00, 0xE0, 0x01, 0xC0, 0x00, 0x01, 0x80, 0xC6, 0x03, 0x18, 0x0C, 0x60, 0x31, 0x80, 0xC6,
    0x03, 0x18, 0x0C, 0x60, 0x31, 0x80, 0xC6, 0x03, 0x1C, 0x0C, 0x3F, 0xF0, 0x7F, 0xC0, 0x00, 0x00,
    0x00, 0x00, 0x00, 0x00, 0x00, 0x00, 0x00, 0x00, 0x00, 0x00, 0x00, 0x00, 0x00, 0x00, 0x00, 0x00,
    0x00, 0x07, 0x00, 0x38, 0x01, 0xC0, 0x00, 0x01, 0x80, 0xC6, 0x03, 0x18, 0x0C, 0x60, 0x31, 0x80,
    0xC6, 0x03, 0x18, 0x0C, 0x60, 0x31, 0x80, 0xC6, 0x03, 0x1C, 0x0C, 0x3F, 0xF0, 0x7F, 0xC0, 0x00,
    0x00, 0x00, 0x00, 0x00, 0x00, 0x00, 0x00, 0x00, 0x00, 0x00, 0x00, 0x00, 0x00, 0x00, 0x00, 0x00,
    0x00, 0x00, 0x1C, 0x00, 0xF8, 0x07, 0x70, 0x00, 0x01, 0x80, 0xC6, 0x03, 0x18, 0x0C, 0x60, 0x31,
    0x80, 0xC6, 0x03, 0x18, 0x0C, 0x60, 0x31, 0x80, 0xC6, 0x03, 0x1C, 0x0C, 0x3F, 0xF0, 0x7F, 0xC0,
    0x00, 0x00, 0x00, 0x00, 0x00, 0x00, 0x00, 0x00, 0x00, 0x00, 0x00, 0x00, 0x00, 0x00, 0x00, 0x00,
    0x00, 0x00, 0x00, 0x63, 0x01, 0x8C, 0x06, 0x30, 0x00, 0x01, 0x80, 0xC6, 0x03, 0x18, 0x0C, 0x60,
    0x31, 0x80, 0xC6, 0x03, 0x18, 0x0C, 0x60, 0x31, 0x80, 0xC6, 0x03, 0x1C, 0x0C, 0x3F, 0xF0, 0x7F,
    0xC0, 0x00, 0x00, 0x00, 0x00, 0x00, 0x00, 0x00, 0x00, 0x00, 0x00, 0x00, 0x00, 0x00, 0x00, 0x00,
    0x00, 0x00, 0x00, 0x00, 0x07, 0x00, 0x38, 0x01, 0xC0, 0x00, 0x01, 0x80, 0xC6, 0x03, 0x18, 0x0C,
    0x60, 0x31, 0x80, 0xC6, 0x03, 0x18, 0x0C, 0x60, 0x31, 0x80, 0xC6, 0x03, 0x1C, 0x0C, 0x3F, 0xF0,
    0x7F, 0xC0, 0x03, 0x00, 0x0C, 0x00, 0x70, 0xFF, 0x83, 0xFC, 0x00, 0x00, 0x00, 0x00, 0x00, 0x00,
    0x00, 0x00, 0x00, 0x60, 0x01, 0x80, 0x06, 0x00, 0x18, 0x00, 0x60, 0x01, 0xFF, 0x07, 0xFE, 0x18,
    0x1C, 0x60, 0x31, 0x80, 0xC6, 0x03, 0x18, 0x0C, 0x60, 0x31, 0x80, 0xC6, 0x03, 0x18, 0x1C, 0x7F,
    0xE1, 0xFF, 0x06, 0x00, 0x18, 0x00, 0x60, 0x01, 0x80, 0x06, 0x00, 0x00, 0x00, 0x00, 0x00, 0x00,
    0x00, 0x00, 0x00, 0x00, 0x00, 0x00, 0x63, 0x01, 0x8C, 0x06, 0x30, 0x00, 0x01, 0x80, 0xC6, 0x03,
    0x18, 0x0C, 0x60, 0x31, 0x80, 0xC6, 0x03, 0x18, 0x0C, 0x60, 0x31, 0x80, 0xC6, 0x03, 0x1C, 0x0C,
    0x3F, 0xF0, 0x7F, 0xC0, 0x03, 0x00, 0x0C, 0x00, 0x70, 0xFF, 0x83, 0xFC, 0x00, 0x00, 0x1F, 0xC0,
    0x7F, 0x00, 0x00, 0x00, 0x00, 0x1F, 0xC0, 0xFF, 0x87, 0x07, 0x18, 0x0C, 0x60, 0x31, 0x80, 0xC6,
    0x03, 0x18, 0x0C, 0x60, 0x31, 0xFF, 0xC7, 0xFF, 0x18, 0x0C, 0x60, 0x31, 0x80, 0xC6, 0x03, 0x18,
    0x0C, 0x60, 0x31, 0x80, 0xC0, 0x00, 0x00, 0x00, 0x00, 0x00, 0x00, 0x00, 0x00, 0x00, 0x00, 0x00,
    0x00, 0x00, 0x00, 0x00, 0x00, 0x00, 0x00, 0x00, 0x7F, 0x01, 0xFC, 0x00, 0x00, 0x00, 0x00, 0x7F,
    0x01, 0xFE, 0x00, 0x1C, 0x00, 0x30, 0x7F, 0xC3, 0xFF, 0x1C, 0x0C, 0x60, 0x31, 0x80, 0xC6, 0x03,
    0x1C, 0x0C, 0x3F, 0xF0, 0x7F, 0xC0, 0x00, 0x00, 0x00, 0x00, 0x00, 0x00, 0x00, 0x00, 0x00, 0x00,
    0x18, 0xC0, 0x7F, 0x00, 0xF8, 0x00, 0x00, 0x1F, 0xC0, 0xFF, 0x87, 0x07, 0x18, 0x0C, 0x60, 0x31,
    0x80, 0xC6, 0x03, 0x18, 0x0C, 0x60, 0x31, 0xFF, 0xC7, 0xFF, 0x18, 0x0C, 0x60, 0x31, 0x80, 0xC6,
    0x03, 0x18, 0x0C, 0x60, 0x31, 0x80, 0xC0, 0x00, 0x00, 0x00, 0x00, 0x00, 0x00, 0x00, 0x00, 0x00,
    0x00, 0x00, 0x00, 0x00, 0x00, 0x00, 0x00, 0x00, 0x00, 0x00, 0x63, 0x01, 0xFC, 0x03, 0xE0, 0x00,
    0x00, 0x7F, 0x01, 0xFE, 0x00, 0x1C, 0x00, 0x30, 0x7F, 0xC3, 0xFF, 0x1C, 0x0C, 0x60, 0x31, 0x80,
    0xC6, 0x03, 0x1C, 0x0C, 0x3F, 0xF0, 0x7F, 0xC0, 0x00, 0x00, 0x00, 0x00, 0x00, 0x00, 0x00, 0x00,
    0x00, 0x00, 0x00, 0x00, 0x00, 0x00, 0x00, 0x00, 0x00, 0x1F, 0xC0, 0xFF, 0x87, 0x07, 0x18, 0x0C,
    0x60, 0x31, 0x80, 0xC6, 0x03, 0x18, 0x0C, 0x60, 0x31, 0xFF, 0xC7, 0xFF, 0x18, 0x0C, 0x60, 0x31,
    0x80, 0xC6, 0x03, 0x18, 0x0C, 0x60, 0x31, 0x80, 0xC0, 0x06, 0x00, 0x30, 0x00, 0xC0, 0x03, 0xE0,
    0x07, 0x80, 0x00, 0x00, 0x00, 0x00, 0x00, 0x00, 0x00, 0x00, 0x00, 0x00, 0x00, 0x00, 0x00, 0x00,
    0x00, 0x00, 0x00, 0x7F, 0x01, 0xFE, 0x00, 0x1C, 0x00, 0x30, 0x7F, 0xC3, 0xFF, 0x1C, 0x0C, 0x60,
    0x31, 0x80, 0xC6, 0x03, 0x1C, 0x0C, 0x3F, 0xF0, 0x7F, 0xC0, 0x06, 0x00, 0x30, 0x00, 0xC0, 0x03,
    0xE0, 0x07, 0x80, 0x00, 0x01, 0xC0, 0x0E, 0x00, 0x70, 0x00, 0x00, 0x1F, 0xC0, 0xFF, 0x87, 0x07,
    0x18, 0x0C, 0x60, 0x31, 0x80, 0x06, 0x00, 0x18, 0x00, 0x60, 0x01, 0x80, 0x06, 0x00, 0x18, 0x00,
    0x60, 0x01, 0x80, 0xC6, 0x03, 0x1C, 0x1C, 0x3F, 0xE0, 0x7F, 0x00, 0x00, 0x00, 0x00, 0x00, 0x00,
    0x00, 0x00, 0x00, 0x00, 0x00, 0x00, 0x00, 0x00, 0x00, 0x00, 0x00, 0x00, 0x00, 0x00, 0x07, 0x00,
    0x38, 0x01, 0xC0, 0x00, 0x00, 0x7F, 0x03, 0xFE, 0x1C, 0x1C, 0x60, 0x01, 0x80, 0x06, 0x00, 0x18,
    0x00, 0x60, 0x01, 0x80, 0x06, 0x00, 0x1C, 0x1C, 0x3F, 0xE0, 0x7F, 0x00, 0x00, 0x00, 0x00, 0x00,
    0x00, 0x00, 0x00, 0x00, 0x00, 0x00, 0x07, 0x00, 0x3E, 0x01, 0xDC, 0x00, 0x00, 0x1F, 0xC0, 0xFF,
    0x87, 0x07, 0x18, 0x0C, 0x60, 0x31, 0x80, 0x06, 0x00, 0x18, 0x00, 0x60, 0x01, 0x80, 0x06, 0x00,
    0x18, 0x00, 0x60, 0x01, 0x80, 0xC6, 0x03, 0x1C, 0x1C, 0x3F, 0xE0, 0x7F, 0x00, 0x00, 0x00, 0x00,
    0x00, 0x00, 0x00, 0x00, 0x00, 0x00, 0x00, 0x00, 0x00, 0x00, 0x00, 0x00, 0x00, 0x00, 0x00, 0x00,
    0x1C, 0x00, 0xF8, 0x07, 0x70, 0x00, 0x00, 0x7F, 0x03, 0xFE, 0x1C, 0x1C, 0x60, 0x01, 0x80, 0x06,
    0x00, 0x18, 0x00, 0x60, 0x01, 0x80, 0x06, 0x00, 0x1C, 0x1C, 0x3F, 0xE0, 0x7F, 0x00, 0x00, 0x00,
    0x00, 0x00, 0x00, 0x00, 0x00, 0x00, 0x00, 0x00, 0x03, 0x00, 0x0C, 0x00, 0x30, 0x00, 0x00, 0x1F,
    0xC0, 0xFF, 0x87, 0x07, 0x18, 0x0C, 0x60, 0x31, 0x80, 0x06, 0x00, 0x18, 0x00, 0x60, 0x01, 0x80,
    0x06, 0x00, 0x18, 0x00, 0x60, 0x01, 0x80, 0xC6, 0x03, 0x1C, 0x1C, 0x3F, 0xE0, 0x7F, 0x00, 0x00,
    0x00, 0x00, 0x00, 0x00, 0x00, 0x00, 0x00, 0x00, 0x00, 0x00, 0x00, 0x00, 0x00, 0x00, 0x00, 0x00,
    0x00, 0x00, 0x0C, 0x00, 0x30, 0x00, 0xC0, 0x00, 0x00, 0x7F, 0x03, 0xFE, 0x1C, 0x1C, 0x60, 0x01,
    0x80, 0x06, 0x00, 0x18, 0x00, 0x60, 0x01, 0x80, 0x06, 0x00, 0x1C, 0x1C, 0x3F, 0xE0, 0x7F, 0x00,
    0x00, 0x00, 0x00, 0x00, 0x00, 0x00, 0x00, 0x00, 0x00, 0x00, 0x1D, 0xC0, 0x3E, 0x00, 0x70, 0x00,
    0x00, 0x1F, 0xC0, 0xFF, 0x87, 0x07, 0x18, 0x0C, 0x60, 0x31, 0x80, 0x06, 0x00, 0x18, 0x00, 0x60,
    0x01, 0x80, 0x06, 0x00, 0x18, 0x00, 0x60, 0x01, 0x80, 0xC6, 0x03, 0x1C, 0x1C, 0x3F, 0xE0, 0x7F,
    0x00, 0x00, 0x00, 0x00, 0x00, 0x00, 0x00, 0x00, 0x00, 0x00, 0x00, 0x00, 0x00, 0x00, 0x00, 0x00,
    0x00, 0x00, 0x00, 0x00, 0x77, 0x00, 0xF8, 0x01, 0xC0, 0x00, 0x00, 0x7F, 0x03, 0xFE, 0x1C, 0x1C,
    0x60, 0x01, 0x80, 0x06, 0x00, 0x18, 0x00, 0x60, 0x01, 0x80, 0x06, 0x00, 0x1C, 0x1C, 0x3F, 0xE0,
    0x7F, 0x00, 0x00, 0x00, 0x00, 0x00, 0x00, 0x00, 0x00, 0x00, 0x00, 0x00, 0x1D, 0xC0, 0x3E, 0x00,
    0x70, 0x00, 0x00, 0x7F, 0x01, 0xFF, 0x06, 0x0E, 0x18, 0x18, 0x60, 0x31, 0x80, 0xC6, 0x03, 0x18,
    0x0C, 0x60, 0x31, 0x80, 0xC6, 0x03, 0x18, 0x0C, 0x60, 0x31, 0x80, 0xC6, 0x06, 0x18, 0x38, 0x7F,
    0xC1, 0xFC, 0x00, 0x00, 0x00, 0x00, 0x00, 0x00, 0x00, 0x00, 0x00, 0x00, 0x00, 0x1D, 0xC0, 0x3E,
    0x00, 0x70, 0x00, 0x00, 0x00, 0x30, 0x00, 0xC0, 0x03, 0x00, 0x0C, 0x00, 0x30, 0x7F, 0xC3, 0xFF,
    0x1C, 0x0C, 0x60, 0x31, 0x80, 0xC6, 0x03, 0x18, 0x0C, 0x60, 0x31, 0x80, 0xC6, 0x03, 0x1C, 0x0C,
    0x3F, 0xF0, 0x7F, 0xC0, 0x00, 0x00, 0x00, 0x00, 0x00, 0x00, 0x00, 0x00, 0x00, 0x00, 0x00, 0x00,
    0x00, 0x00, 0x00, 0x00, 0x00, 0x7F, 0x01, 0xFF, 0x06, 0x0E, 0x18, 0x18, 0x60, 0x31, 0x80, 0xC6,
    0x03, 0x18, 0x0C, 0xFE, 0x33, 0xF8, 0xC6, 0x03, 0x18, 0x0C, 0x60, 0x31, 0x80, 0xC6, 0x06, 0x18,
    0x38, 0x7F, 0xC1, 0xFC, 0x00, 0x00, 0x00, 0x00, 0x00, 0x00, 0x00, 0x00, 0x00, 0x00, 0x00, 0x00,
    0x00, 0x00, 0x00, 0x00, 0x00, 0x00, 0x00, 0x30, 0x1F, 0xE0, 0x7F, 0x80, 0x0C, 0x00, 0x30, 0x7F,
    0xC3, 0xFF, 0x1C, 0x0C, 0x60, 0x31, 0x80, 0xC6, 0x03, 0x18, 0x0C, 0x60, 0x31, 0x80, 0xC6, 0x03,
    0x1C, 0x0C, 0x3F, 0xF0, 0x7F, 0xC0, 0x00, 0x00, 0x00, 0x00, 0x00, 0x00, 0x00, 0x00, 0x00, 0x00,
    0x1F, 0xC0, 0x7F, 0x00, 0x00, 0x00, 0x00, 0x7F, 0xF1, 0xFF, 0xC6, 0x00, 0x18, 0x00, 0x60, 0x01,
    0x80, 0x06, 0x00, 0x18, 0x00, 0x7F, 0x81, 0xFE, 0x06, 0x00, 0x18, 0x00, 0x60, 0x01, 0x80, 0x06,
    0x00, 0x18, 0x00, 0x7F, 0xF1, 0xFF, 0xC0, 0x00, 0x00, 0x00, 0x00, 0x00, 0x00, 0x00, 0x00, 0x00,
    0x00, 0x00, 0x00, 0x00, 0x00, 0x00, 0x00, 0x00, 0x00, 0x00, 0x7F, 0x01, 0xFC, 0x00, 0x00, 0x00,
    0x00, 0x7F, 0x03, 0xFE, 0x1C, 0x1C, 0x60, 0x31, 0x80, 0xC7, 0xFF, 0x1F, 0xFC, 0x60, 0x01, 0x80,
    0x06, 0x00, 0x1C, 0x1C, 0x3F, 0xE0, 0x7F, 0x00, 0x00, 0x00, 0x00, 0x00, 0x00, 0x00, 0x00, 0x00,
    0x00, 0x00, 0x18, 0xC0, 0x7F, 0x00, 0xF8, 0x00, 0x00, 0x7F, 0xF1, 0xFF, 0xC6, 0x00, 0x18, 0x00,
    0x60, 0x01, 0x80, 0x06, 0x00, 0x18, 0x00, 0x7F, 0x81, 0xFE, 0x06, 0x00, 0x18, 0x00, 0x60, 0x01,
    0x80, 0x06, 0x00, 0x18, 0x00, 0x7F, 0xF1, 0xFF, 0xC0, 0x00, 0x00, 0x00, 0x00, 0x00, 0x00, 0x00,
    0x00, 0x00, 0x00, 0x00, 0x00, 0x00, 0x00, 0x00, 0x00, 0x00, 0x00, 0x00, 0x63, 0x01, 0xFC, 0x03,
    0xE0, 0x00, 0x00, 0x7F, 0x03, 0xFE, 0x1C, 0x1C, 0x60, 0x31, 0x80, 0xC7, 0xFF, 0x1F, 0xFC, 0x60,
    0x01, 0x80, 0x06, 0x00, 0x1C, 0x1C, 0x3F, 0xE0, 0x7F, 0x00, 0x00, 0x00, 0x00, 0x00, 0x00, 0x00,
    0x00, 0x00, 0x00, 0x00, 0x03, 0x00, 0x0C, 0x00, 0x30, 0x00, 0x00, 0x7F, 0xF1, 0xFF, 0xC6, 0x00,
    0x18, 0x00, 0x60, 0x01, 0x80, 0x06, 0x00, 0x18, 0x00, 0x7F, 0x81, 0xFE, 0x06, 0x00, 0x18, 0x00,
    0x60, 0x01, 0x80, 0x06, 0x00, 0x18, 0x00, 0x7F, 0xF1, 0xFF, 0xC0, 0x00, 0x00, 0x00, 0x00, 0x00,
    0x00, 0x00, 0x00, 0x00, 0x00, 0x00, 0x00, 0x00, 0x00, 0x00, 0x00, 0x00, 0x00, 0x00, 0x0C, 0x00,
    0x30, 0x00, 0xC0, 0x00, 0x00, 0x7F, 0x03, 0xFE, 0x1C, 0x1C, 0x60, 0x31, 0x80, 0xC7, 0xFF, 0x1F,
    0xFC, 0x60, 0x01, 0x80, 0x06, 0x00, 0x1C, 0x1C, 0x3F, 0xE0, 0x7F, 0x00, 0x00, 0x00, 0x00, 0x00,
    0x00, 0x00, 0x00, 0x00, 0x00, 0x00, 0x00, 0x00, 0x00, 0x00, 0x00, 0x00, 0x00, 0x7F, 0xF1, 0xFF,
    0xC6, 0x00, 0x18, 0x00, 0x60, 0x01, 0x80, 0x06, 0x00, 0x18, 0x00, 0x7F, 0x81, 0xFE, 0x06, 0x00,
    0x18, 0x00, 0x60, 0x01, 0x80, 0x06, 0x00, 0x18, 0x00, 0x7F, 0xF1, 0xFF, 0xC0, 0x06, 0x00, 0x30,
    0x00, 0xC0, 0x03, 0xE0, 0x07, 0x80, 0x00, 0x00, 0x00, 0x00, 0x00, 0x00, 0x00, 0x00, 0x00, 0x00,
    0x00, 0x00, 0x00, 0x00, 0x00, 0x00, 0x00, 0x7F, 0x03, 0xFE, 0x1C, 0x1C, 0x60, 0x31, 0x80, 0xC7,
    0xFF, 0x1F, 0xFC, 0x60, 0x01, 0x80, 0x06, 0x00, 0x1C, 0x1C, 0x3F, 0xE0, 0x7F, 0x00, 0x38, 0x01,
    0x80, 0x06, 0x00, 0x1F, 0x00, 0x3C, 0x00, 0x00, 0x1D, 0xC0, 0x3E, 0x00, 0x70, 0x00, 0x00, 0x7F,
    0xF1, 0xFF, 0xC6, 0x00, 0x18, 0x00, 0x60, 0x01, 0x80, 0x06, 0x00, 0x18, 0x00, 0x7F, 0x81, 0xFE,
    0x06, 0x00, 0x18, 0x00, 0x60, 0x01, 0x80, 0x06, 0x00, 0x18, 0x00, 0x7F, 0xF1, 0xFF, 0xC0, 0x00,
    0x00, 0x00, 0x00, 0x00, 0x00, 0x00, 0x00, 0x00, 0x00, 0x00, 0x00, 0x00, 0x00, 0x00, 0x00, 0x00,
    0x00, 0x00, 0x77, 0x00, 0xF8, 0x01, 0xC0, 0x00, 0x00, 0x7F, 0x03, 0xFE, 0x1C, 0x1C, 0x60, 0x31,
    0x80, 0xC7, 0xFF, 0x1F, 0xFC, 0x60, 0x01, 0x80, 0x06, 0x00, 0x1C, 0x1C, 0x3F, 0xE0, 0x7F, 0x00,
    0x00, 0x00, 0x00, 0x00, 0x00, 0x00, 0x00, 0x00, 0x00, 0x00, 0x07, 0x00, 0x3E, 0x01, 0xDC, 0x00,
    0x00, 0x1F, 0xC0, 0xFF, 0x87, 0x07, 0x18, 0x0C, 0x60, 0x31, 0x80, 0x06, 0x00, 0x18, 0x00, 0x63,
    0xF1, 0x8F, 0xC6, 0x03, 0x18, 0x0C, 0x60, 0x31, 0x80, 0xC6, 0x03, 0x1C, 0x1C, 0x3F, 0xE0, 0x7F,
    0x00, 0x00, 0x00, 0x00, 0x00, 0x00, 0x00, 0x00, 0x00, 0x00, 0x00, 0x00, 0x00, 0x00, 0x00, 0x00,
    0x00, 0x00, 0x00, 0x00, 0x1C, 0x00, 0xF8, 0x07, 0x70, 0x00, 0x00, 0x7F, 0xC3, 0xFF, 0x1C, 0x0C,
    0x60, 0x31, 0x80, 0xC6, 0x03, 0x18, 0x0C, 0x60, 0x31, 0x80, 0xC6, 0x03, 0x1C, 0x0C, 0x3F, 0xF0,
    0x7F, 0xC0, 0x03, 0x00, 0x0C, 0x00, 0x70, 0xFF, 0x83, 0xFC, 0x00, 0x00, 0x18, 0xC0, 0x7F, 0x00,
    0xF8, 0x00, 0x00, 0x1F, 0xC0, 0xFF, 0x87, 0x07, 0x18, 0x0C, 0x60, 0x31, 0x80, 0x06, 0x00, 0x18,
    0x00, 0x63, 0xF1, 0x8F, 0xC6, 0x03, 0x18, 0x0C, 0x60, 0x31, 0x80, 0xC6, 0x03, 0x1C, 0x1C, 0x3F,
    0xE0, 0x7F, 0x00, 0x00, 0x00, 0x00, 0x00, 0x00, 0x00, 0x00, 0x00, 0x00, 0x00, 0x00, 0x00, 0x00,
    0x00, 0x00, 0x00, 0x00, 0x00, 0x00, 0x63, 0x01, 0xFC, 0x03, 0xE0, 0x00, 0x00, 0x7F, 0xC3, 0xFF,
    0x1C, 0x0C, 0x60, 0x31, 0x80, 0xC6, 0x03, 0x18, 0x0C, 0x60, 0x31, 0x80, 0xC6, 0x03, 0x1C, 0x0C,
    0x3F, 0xF0, 0x7F, 0xC0, 0x03, 0x00, 0x0C, 0x00, 0x70, 0xFF, 0x83, 0xFC, 0x00, 0x00, 0x03, 0x00,
    0x0C, 0x00, 0x30, 0x00, 0x00, 0x1F, 0xC0, 0xFF, 0x87, 0x07, 0x18, 0x0C, 0x60, 0x31, 0x80, 0x06,
    0x00, 0x18, 0x00, 0x63, 0xF1, 0x8F, 0xC6, 0x03, 0x18, 0x0C, 0x60, 0x31, 0x80, 0xC6, 0x03, 0x1C,
    0x1C, 0x3F, 0xE0, 0x7F, 0x00, 0x00, 0x00, 0x00, 0x00, 0x00, 0x00, 0x00, 0x00, 0x00, 0x00, 0x00,
    0x00, 0x00, 0x00, 0x00, 0x00, 0x00, 0x00, 0x00, 0x0C, 0x00, 0x30, 0x00, 0xC0, 0x00, 0x00, 0x7F,
    0xC3, 0xFF, 0x1C, 0x0C, 0x60, 0x31, 0x80, 0xC6, 0x03, 0x18, 0x0C, 0x60, 0x31, 0x80, 0xC6, 0x03,
    0x1C, 0x0C, 0x3F, 0xF0, 0x7F, 0xC0, 0x03, 0x00, 0x0C, 0x00, 0x70, 0xFF, 0x83, 0xFC, 0x00, 0x00,
    0x00, 0x00, 0x00, 0x00, 0x00, 0x00, 0x00, 0x1F, 0xC0, 0xFF, 0x87, 0x07, 0x18, 0x0C, 0x60, 0x31,
    0x80, 0x06, 0x00, 0x18, 0x00, 0x63, 0xF1, 0x8F, 0xC6, 0x03, 0x18, 0x0C, 0x60, 0x31, 0x80, 0xC6,
    0x03, 0x1C, 0x1C, 0x3F, 0xE0, 0x7F, 0x00, 0x00, 0x01, 0x80, 0x06, 0x00, 0x18, 0x00, 0xC0, 0x06,
    0x00, 0x00, 0x00, 0x00, 0x00, 0x00, 0x00, 0x00, 0x01, 0x80, 0x0E, 0x00, 0x30, 0x00, 0xC0, 0x00,
    0x00, 0x7F, 0xC3, 0xFF, 0x1C, 0x0C, 0x60, 0x31, 0x80, 0xC6, 0x03, 0x18, 0x0C, 0x60, 0x31, 0x80,
    0xC6, 0x03, 0x1C, 0x0C, 0x3F, 0xF0, 0x7F, 0xC0, 0x03, 0x00, 0x0C, 0x00, 0x70, 0xFF, 0x83, 0xFC,
    0x00, 0x00, 0x07, 0x00, 0x3E, 0x01, 0xDC, 0x00, 0x00, 0x60, 0x31, 0x80, 0xC6, 0x03, 0x18, 0x0C,
    0x60, 0x31, 0x80, 0xC6, 0x03, 0x18, 0x0C, 0x7F, 0xF1, 0xFF, 0xC6, 0x03, 0x18, 0x0C, 0x60, 0x31,
    0x80, 0xC6, 0x03, 0x18, 0x0C, 0x60, 0x31, 0x80, 0xC0, 0x00, 0x00, 0x00, 0x00, 0x00, 0x00, 0x00,
    0x00, 0x00, 0x00, 0x07, 0x00, 0x3E, 0x01, 0xDC, 0x00, 0x00, 0x60, 0x01, 0x80, 0x06, 0x00, 0x18,
    0x00, 0x60, 0x01, 0xFF, 0x07, 0xFE, 0x18, 0x1C, 0x60, 0x31, 0x80, 0xC6, 0x03, 0x18, 0x0C, 0x60,
    0x31, 0x80, 0xC6, 0x03, 0x18, 0x0C, 0x60, 0x31, 0x80, 0xC0, 0x00, 0x00, 0x00, 0x00, 0x00, 0x00,
    0x00, 0x00, 0x00, 0x00, 0x00, 0x00, 0x00, 0x00, 0x00, 0x00, 0x00, 0x60, 0x31, 0x80, 0xC6, 0x03,
    0x3F, 0xFE, 0xFF, 0xF9, 0x80, 0xC6, 0x03, 0x18, 0x0C, 0x7F, 0xF1, 0xFF, 0xC6, 0x03, 0x18, 0x0C,
    0x60, 0x31, 0x80, 0xC6, 0x03, 0x18, 0x0C, 0x60, 0x31, 0x80, 0xC0, 0x00, 0x00, 0x00, 0x00, 0x00,
    0x00, 0x00, 0x00, 0x00, 0x00, 0x00, 0x00, 0x00, 0x00, 0x00, 0x00, 0x00, 0x60, 0x03, 0xFC, 0x0F,
    0xF0, 0x18, 0x00, 0x60, 0x01, 0xFF, 0x07, 0xFE, 0x18, 0x1C, 0x60, 0x31, 0x80, 0xC6, 0x03, 0x18,
    0x0C, 0x60, 0x31, 0x80, 0xC6, 0x03, 0x18, 0x0C, 0x60, 0x31, 0x80, 0xC0, 0x00, 0x00, 0x00, 0x00,
    0x00, 0x00, 0x00, 0x00, 0x00, 0x00, 0x1E, 0x60, 0xFF, 0x83, 0x3C, 0x00, 0x00, 0x0F, 0xC0, 0x3F,
    0x00, 0x30, 0x00, 0xC0, 0x03, 0x00, 0x0C, 0x00, 0x30, 0x00, 0xC0, 0x03, 0x00, 0x0C, 0x00, 0x30,
    0x00, 0xC0, 0x03, 0x00, 0x0C, 0x00, 0x30, 0x00, 0xC0, 0x0F, 0xC0, 0x3F, 0x00, 0x00, 0x00, 0x00,
    0x00, 0x00, 0x00, 0x00, 0x00, 0x00, 0x00, 0x00, 0x00, 0x00, 0x00, 0x00, 0x00, 0x00, 0x00, 0x00,
    0x79, 0x83, 0xFE, 0x0C, 0xF0, 0x00, 0x00, 0x3C, 0x00, 0xF0, 0x00, 0xC0, 0x03, 0x00, 0x0C, 0x00,
    0x30, 0x00, 0xC0, 0x03, 0x00, 0x0C, 0x00, 0x30, 0x00, 0xC0, 0x0F, 0xC0, 0x3F, 0x00, 0x00, 0x00,
    0x00, 0x00, 0x00, 0x00, 0x00, 0x00, 0x00, 0x00, 0x1F, 0xC0, 0x7F, 0x00, 0x00, 0x00, 0x00, 0x0F,
    0xC0, 0x3F, 0x00, 0x30, 0x00, 0xC0, 0x03, 0x00, 0x0C, 0x00, 0x30, 0x00, 0xC0, 0x03, 0x00, 0x0C,
    0x00, 0x30, 0x00, 0xC0, 0x03, 0x00, 0x0C, 0x00, 0x30, 0x00, 0xC0, 0x0F, 0xC0, 0x3F, 0x00, 0x00,
    0x00, 0x00, 0x00, 0x00, 0x00, 0x00, 0x00, 0x00, 0x00, 0x00, 0x00, 0x00, 0x00, 0x00, 0x00, 0x00,
    0x00, 0x00, 0x7F, 0x01, 0xFC, 0x00, 0x00, 0x00, 0x00, 0x3C, 0x00, 0xF0, 0x00, 0xC0, 0x03, 0x00,
    0x0C, 0x00, 0x30, 0x00, 0xC0, 0x03, 0x00, 0x0C, 0x00, 0x30, 0x00, 0xC0, 0x0F, 0xC0, 0x3F, 0x00,
    0x00, 0x00, 0x00, 0x00, 0x00, 0x00, 0x00, 0x00, 0x00, 0x00, 0x18, 0xC0, 0x7F, 0x00, 0xF8, 0x00,
    0x00, 0x0F, 0xC0, 0x3F, 0x00, 0x30, 0x00, 0xC0, 0x03, 0x00, 0x0C, 0x00, 0x30, 0x00, 0xC0, 0x03,
    0x00, 0x0C, 0x00, 0x30, 0x00, 0xC0, 0x03, 0x00, 0x0C, 0x00, 0x30, 0x00, 0xC0, 0x0F, 0xC0, 0x3F,
    0x00, 0x00, 0x00, 0x00, 0x00, 0x00, 0x00, 0x00, 0x00, 0x00, 0x00, 0x00, 0x00, 0x00, 0x00, 0x00,
    0x00, 0x00, 0x00, 0x00, 0x63, 0x01, 0xFC, 0x03, 0xE0, 0x00, 0x00, 0x3C, 0x00, 0xF0, 0x00, 0xC0,
    0x03, 0x00, 0x0C, 0x00, 0x30, 0x00, 0xC0, 0x03, 0x00, 0x0C, 0x00, 0x30, 0x00, 0xC0, 0x0F, 0xC0,
    0x3F, 0x00, 0x00, 0x00, 0x00, 0x00, 0x00, 0x00, 0x00, 0x00, 0x00, 0x00, 0x00, 0x00, 0x00, 0x00,
    0x00, 0x00, 0x00, 0x0F, 0xC0, 0x3F, 0x00, 0x30, 0x00, 0xC0, 0x03, 0x00, 0x0C, 0x00, 0x30, 0x00,
    0xC0, 0x03, 0x00, 0x0C, 0x00, 0x30, 0x00, 0xC0, 0x03, 0x00, 0x0C, 0x00, 0x30, 0x00, 0xC0, 0x0F,
    0xC0, 0x3F, 0x00, 0x30, 0x01, 0x80, 0x06, 0x00, 0x1F, 0x00, 0x3C, 0x00, 0x00, 0x00, 0x00, 0x00,
    0x00, 0x00, 0x00, 0x00, 0x03, 0x00, 0x0C, 0x00, 0x30, 0x00, 0x00, 0x00, 0x00, 0x3C, 0x00, 0xF0,
    0x00, 0xC0, 0x03, 0x00, 0x0C, 0x00, 0x30, 0x00, 0xC0, 0x03, 0x00, 0x0C, 0x00, 0x30, 0x00, 0xC0,
    0x0F, 0xC0, 0x3F, 0x00, 0x30, 0x01, 0x80, 0x06, 0x00, 0x1F, 0x00, 0x3C, 0x00, 0x00, 0x03, 0x00,
    0x0C, 0x00, 0x30, 0x00, 0x00, 0x0F, 0xC0, 0x3F, 0x00, 0x30, 0x00, 0xC0, 0x03, 0x00, 0x0C, 0x00,
    0x30, 0x00, 0xC0, 0x03, 0x00, 0x0C, 0x00, 0x30, 0x00, 0xC0, 0x03, 0x00, 0x0C, 0x00, 0x30, 0x00,
    0xC0, 0x0F, 0xC0, 0x3F, 0x00, 0x00, 0x00, 0x00, 0x00, 0x00, 0x00, 0x00, 0x00, 0x00, 0x00, 0x00,
    0x00, 0x00, 0x00, 0x00, 0x00, 0x00, 0x00, 0x00, 0x00, 0x00, 0x00, 0x00, 0x00, 0x00, 0x00, 0x3C,
    0x00, 0xF0, 0x00, 0xC0, 0x03, 0x00, 0x0C, 0x00, 0x30, 0x00, 0xC0, 0x03, 0x00, 0x0C, 0x00, 0x30,
    0x00, 0xC0, 0x0F, 0xC0, 0x3F, 0x00, 0x00, 0x00, 0x00, 0x00, 0x00, 0x00, 0x00, 0x00, 0x00, 0x00,
    0x00, 0x00, 0x00, 0x00, 0x00, 0x00, 0x00, 0xF0, 0x7B, 0xC1, 0xE6, 0x03, 0x18, 0x0C, 0x60, 0x31,
    0x80, 0xC6, 0x03, 0x18, 0x0C, 0x60, 0x31, 0x80, 0xC6, 0x03, 0x18, 0x0C, 0x66, 0x31, 0x98, 0xC6,
    0x63, 0x19, 0x8C, 0xF7, 0xF3, 0xCF, 0x80, 0x00, 0x00, 0x00, 0x00, 0x00, 0x00, 0x00, 0x00, 0x00,
    0x00, 0x00, 0x00, 0x00, 0x00, 0x00, 0x00, 0x00, 0x30, 0x18, 0xC0, 0x63, 0x01, 0x80, 0x00, 0x00,
    0x01, 0xC0, 0xE7, 0x03, 0x8C, 0x06, 0x30, 0x18, 0xC0, 0x63, 0x01, 0x8C, 0x06, 0x30, 0x18, 0xC0,
    0x63, 0x01, 0x8C, 0x06, 0x78, 0x19, 0xE0, 0x60, 0x01, 0x80, 0xC6, 0x03, 0x18, 0x0F, 0xE0, 0x1F,
    0x00, 0x00, 0x00, 0xE0, 0x07, 0xC0, 0x3B, 0x80, 0x00, 0x01, 0xF8, 0x07, 0xE0, 0x06, 0x00, 0x18,
    0x00, 0x60, 0x01, 0x80, 0x06, 0x00, 0x18, 0x00, 0x60, 0x01, 0x80, 0x06, 0x00, 0x18, 0x60, 0x61,
    0x81, 0x86, 0x06, 0x1C, 0x38, 0x3F, 0xC0, 0x7E, 0x00, 0x00, 0x00, 0x00, 0x00, 0x00, 0x00, 0x00,
    0x00, 0x00, 0x00, 0x00, 0x00, 0x00, 0x00, 0x00, 0x00, 0x00, 0x00, 0x00, 0x03, 0x80, 0x1F, 0x00,
    0xEE, 0x00, 0x00, 0x07, 0x80, 0x1E, 0x00, 0x18, 0x00, 0x60, 0x01, 0x80, 0x06, 0x00, 0x18, 0x00,
    0x60, 0x01, 0x80, 0x06, 0x00, 0x18, 0x00, 0x60, 0x01, 0x83, 0x06, 0x0C, 0x18, 0x38, 0xE0, 0x7F,
    0x00, 0xF8, 0x00, 0x00, 0x00, 0x00, 0x00, 0x00, 0x00, 0x00, 0x00, 0x60, 0x31, 0x81, 0xC6, 0x0E,
    0x18, 0x70, 0x63, 0x81, 0x9C, 0x06, 0xE0, 0x1F, 0x00, 0x78, 0x01, 0xE0, 0x07, 0xC0, 0x1B, 0x80,
    0x67, 0x01, 0x8E, 0x06, 0x1C, 0x18, 0x38, 0x60, 0x71, 0x80, 0xC0, 0x00, 0x01, 0x80, 0x06, 0x00,
    0x18, 0x00, 0xC0, 0x06, 0x00, 0x00, 0x00, 0x00, 0x00, 0x00, 0x00, 0x00, 0x30, 0x00, 0xC0, 0x03,
    0x00, 0x0C, 0x00, 0x30, 0x00, 0xC1, 0xC3, 0x0E, 0x0C, 0x70, 0x33, 0x80, 0xDC, 0x03, 0xE0, 0x0F,
    0x00, 0x3E, 0x00, 0xDC, 0x03, 0x38, 0x0C, 0x70, 0x30, 0xE0, 0xC1, 0xC0, 0x00, 0x01, 0x80, 0x06,
    0x00, 0x18, 0x00, 0xC0, 0x06, 0x00, 0x00, 0x00, 0x00, 0x00, 0x00, 0x00, 0x00, 0x00, 0x00, 0x00,
    0x00, 0x00, 0x00, 0x00, 0x00, 0x00, 0xC1, 0xC3, 0x0E, 0x0C, 0x70, 0x33, 0x80, 0xDC, 0x03, 0xE0,
    0x0F, 0x00, 0x3E, 0x00, 0xDC, 0x03, 0x38, 0x0C, 0x70, 0x30, 0xE0, 0xC1, 0xC0, 0x00, 0x00, 0x00,
    0x00, 0x00, 0x00, 0x00, 0x00, 0x00, 0x00, 0x1C, 0x00, 0xE0, 0x07, 0x00, 0x00, 0x00, 0x60, 0x01,
    0x80, 0x06, 0x00, 0x18, 0x00, 0x60, 0x01, 0x80, 0x06, 0x00, 0x18, 0x00, 0x60, 0x01, 0x80, 0x06,
    0x00, 0x18, 0x00, 0x60, 0x01, 0x80, 0x06, 0x00, 0x18, 0x00, 0x7F, 0xF1, 0xFF, 0xC0, 0x00, 0x00,
    0x00, 0x00, 0x00, 0x00, 0x00, 0x00, 0x00, 0x00, 0x01, 0xC0, 0x0E, 0x00, 0x70, 0x00, 0x00, 0x0F,
    0x00, 0x3C, 0x00, 0x30, 0x00, 0xC0, 0x03, 0x00, 0x0C, 0x00, 0x30, 0x00, 0xC0, 0x03, 0x00, 0x0C,
    0x00, 0x30, 0x00, 0xC0, 0x03, 0x00, 0x0C, 0x00, 0x30, 0x00, 0xC0, 0x0F, 0xC0, 0x3F, 0x00, 0x00,
    0x00, 0x00, 0x00, 0x00, 0x00, 0x00, 0x00, 0x00, 0x00, 0x00, 0x00, 0x00, 0x00, 0x00, 0x00, 0x00,
    0x60, 0x01, 0x80, 0x06, 0x00, 0x18, 0x00, 0x60, 0x01, 0x80, 0x06, 0x00, 0x18, 0x00, 0x60, 0x01,
    0x80, 0x06, 0x00, 0x18, 0x00, 0x60, 0x01, 0x80, 0x06, 0x00, 0x18, 0x00, 0x7F, 0xF1, 0xFF, 0xC0,
    0x00, 0x01, 0x80, 0x06, 0x00, 0x18, 0x00, 0xC0, 0x06, 0x00, 0x00, 0x00, 0x00, 0x00, 0x00, 0x00,
    0x00, 0x0F, 0x00, 0x3C, 0x00, 0x30, 0x00, 0xC0, 0x03, 0x00, 0x0C, 0x00, 0x30, 0x00, 0xC0, 0x03,
    0x00, 0x0C, 0x00, 0x30, 0x00, 0xC0, 0x03, 0x00, 0x0C, 0x00, 0x30, 0x00, 0xC0, 0x0F, 0xC0, 0x3F,
    0x00, 0x00, 0x00, 0xC0, 0x03, 0x00, 0x0C, 0x00, 0x60, 0x03, 0x00, 0x1D, 0xC0, 0x3E, 0x00, 0x70,
    0x00, 0x00, 0x60, 0x01, 0x80, 0x06, 0x00, 0x18, 0x00, 0x60, 0x01, 0x80, 0x06, 0x00, 0x18, 0x00,
    0x60, 0x01, 0x80, 0x06, 0x00, 0x18, 0x00, 0x60, 0x01, 0x80, 0x06, 0x00, 0x18, 0x00, 0x7F, 0xF1,
    0xFF, 0xC0, 0x00, 0x00, 0x00, 0x00, 0x00, 0x00, 0x00, 0x00, 0x00, 0x00, 0x1D, 0xC0, 0x3E, 0x00,
    0x70, 0x00, 0x00, 0x0F, 0x00, 0x3C, 0x00, 0x30, 0x00, 0xC0, 0x03, 0x00, 0x0C, 0x00, 0x30, 0x00,
    0xC0, 0x03, 0x00, 0x0C, 0x00, 0x30, 0x00, 0xC0, 0x03, 0x00, 0x0C, 0x00, 0x30, 0x00, 0xC0, 0x0F,
    0xC0, 0x3F, 0x00, 0x00, 0x00, 0x00, 0x00, 0x00, 0x00, 0x00, 0x00, 0x00, 0x00, 0x00, 0x00, 0x00,
    0x00, 0x00, 0x00, 0x00, 0x60, 0x01, 0x80, 0x06, 0x00, 0x18, 0x00, 0x60, 0x01, 0x80, 0x06, 0x0C,
    0x18, 0x30, 0x60, 0xC1, 0x83, 0x06, 0x00, 0x18, 0x00, 0x60, 0x01, 0x80, 0x06, 0x00, 0x18, 0x00,
    0x7F, 0xF1, 0xFF, 0xC0, 0x00, 0x00, 0x00, 0x00, 0x00, 0x00, 0x00, 0x00, 0x00, 0x00, 0x00, 0x00,
    0x00, 0x00, 0x00, 0x00, 0x00, 0x0F, 0x00, 0x3C, 0x00, 0x30, 0x00, 0xC0, 0x03, 0x00, 0x0C, 0x00,
    0x30, 0xC0, 0xC3, 0x03, 0x0C, 0x0C, 0x30, 0x30, 0x00, 0xC0, 0x03, 0x00, 0x0C, 0x00, 0x30, 0x00,
    0xC0, 0x0F, 0xC0, 0x3F, 0x00, 0x00, 0x00, 0x00, 0x00, 0x00, 0x00, 0x00, 0x00, 0x00, 0x00, 0x00,
    0x00, 0x00, 0x00, 0x00, 0x00, 0x00, 0x30, 0x00, 0xC0, 0x03, 0x00, 0x0C, 0x00, 0x30, 0x00, 0xCC,
    0x03, 0x60, 0x0F, 0x00, 0x38, 0x00, 0xC0, 0x07, 0x00, 0x3C, 0x00, 0x30, 0x00, 0xC0, 0x03, 0x00,
    0x0C, 0x00, 0x3F, 0xF8, 0xFF, 0xE0, 0x00, 0x00, 0x00, 0x00, 0x00, 0x00, 0x00, 0x00, 0x00, 0x00,
    0x00, 0x00, 0x00, 0x00, 0x00, 0x00, 0x00, 0x0F, 0x00, 0x3C, 0x00, 0x30, 0x00, 0xC0, 0x03, 0x00,
    0x0D, 0x80, 0x3C, 0x00, 0xE0, 0x03, 0x00, 0x1C, 0x00, 0xF0, 0x06, 0xC0, 0x03, 0x00, 0x0C, 0x00,
    0x30, 0x00, 0xC0, 0x0F, 0xC0, 0x3F, 0x00, 0x00, 0x00, 0x00, 0x00, 0x00, 0x00, 0x00, 0x00, 0x00,
    0x00, 0x01, 0xC0, 0x0E, 0x00, 0x70, 0x00, 0x00, 0x60, 0x31, 0x80, 0xC6, 0x03, 0x18, 0x0C, 0x70,
    0x31, 0xE0, 0xC7, 0xC3, 0x1B, 0x8C, 0x67, 0x31, 0x8E, 0xC6, 0x1F, 0x18, 0x3C, 0x60, 0x71, 0x80,
    0xC6, 0x03, 0x18, 0x0C, 0x60, 0x31, 0x80, 0xC0, 0x00, 0x00, 0x00, 0x00, 0x00, 0x00, 0x00, 0x00,
    0x00, 0x00, 0x00, 0x00, 0x00, 0x00, 0x00, 0x00, 0x00, 0x00, 0x00, 0x07, 0x00, 0x38, 0x01, 0xC0,
    0x00, 0x01, 0xFF, 0x07, 0xFE, 0x18, 0x1C, 0x60, 0x31, 0x80, 0xC6, 0x03, 0x18, 0x0C, 0x60, 0x31,
    0x80, 0xC6, 0x03, 0x18, 0x0C, 0x60, 0x31, 0x80, 0xC0, 0x00, 0x00, 0x00, 0x00, 0x00, 0x00, 0x00,
    0x00, 0x00, 0x00, 0x00, 0x00, 0x00, 0x00, 0x00, 0x00, 0x00, 0x60, 0x31, 0x80, 0xC6, 0x03, 0x18,
    0x0C, 0x70, 0x31, 0xE0, 0xC7, 0xC3, 0x1B, 0x8C, 0x67, 0x31, 0x8E, 0xC6, 0x1F, 0x18, 0x3C, 0x60,
    0x71, 0x80, 0xC6, 0x03, 0x18, 0x0C, 0x60, 0x31, 0x80, 0xC0, 0x00, 0x01, 0x80, 0x06, 0x00, 0x18,
    0x00, 0xC0, 0x06, 0x00, 0x00, 0x00, 0x00, 0x00, 0x00, 0x00, 0x00, 0x00, 0x00, 0x00, 0x00, 0x00,
    0x00, 0x00, 0x00, 0x01, 0xFF, 0x07, 0xFE, 0x18, 0x1C, 0x60, 0x31, 0x80, 0xC6, 0x03, 0x18, 0x0C,
    0x60, 0x31, 0x80, 0xC6, 0x03, 0x18, 0x0C, 0x60, 0x31, 0x80, 0xC0, 0x00, 0x01, 0x80, 0x06, 0x00,
    0x18, 0x00, 0xC0, 0x06, 0x00, 0x1D, 0xC0, 0x3E, 0x00, 0x70, 0x00, 0x00, 0x60, 0x31, 0x80, 0xC6,
    0x03, 0x18, 0x0C, 0x70, 0x31, 0xE0, 0xC7, 0xC3, 0x1B, 0x8C, 0x67, 0x31, 0x8E, 0xC6, 0x1F, 0x18,
    0x3C, 0x60, 0x71, 0x80, 0xC6, 0x03, 0x18, 0x0C, 0x60, 0x31, 0x80, 0xC0, 0x00, 0x00, 0x00, 0x00,
    0x00, 0x00, 0x00, 0x00, 0x00, 0x00, 0x00, 0x00, 0x00, 0x00, 0x00, 0x00, 0x00, 0x00, 0x00, 0x77,
    0x00, 0xF8, 0x01, 0xC0, 0x00, 0x01, 0xFF, 0x07, 0xFE, 0x18, 0x1C, 0x60, 0x31, 0x80, 0xC6, 0x03,
    0x18, 0x0C, 0x60, 0x31, 0x80, 0xC6, 0x03, 0x18, 0x0C, 0x60, 0x31, 0x80, 0xC0, 0x00, 0x00, 0x00,
    0x00, 0x00, 0x00, 0x00, 0x00, 0x00, 0x00, 0x00, 0x00, 0x00, 0x06, 0x00, 0x18, 0x00, 0x60, 0x01,
    0x80, 0x0C, 0x00, 0x30, 0x00, 0x00, 0x01, 0xFF, 0x07, 0xFE, 0x18, 0x1C, 0x60, 0x31, 0x80, 0xC6,
    0x03, 0x18, 0x0C, 0x60, 0x31, 0x80, 0xC6, 0x03, 0x18, 0x0C, 0x60, 0x31, 0x80, 0xC0, 0x00, 0x00,
    0x00, 0x00, 0x00, 0x00, 0x00, 0x00, 0x00, 0x00, 0x00, 0x00, 0x00, 0x00, 0x00, 0x00, 0x00, 0x60,
    0x31, 0x80, 0xC6, 0x03, 0x18, 0x0C, 0x70, 0x31, 0xE0, 0xC7, 0xC3, 0x1B, 0x8C, 0x67, 0x31, 0x8E,
    0xC6, 0x1F, 0x18, 0x3C, 0x60, 0x71, 0x80, 0xC6, 0x03, 0x18, 0x0C, 0x60, 0x31, 0x80, 0xC0, 0x03,
    0x00, 0x0C, 0x00, 0x70, 0x0F, 0x80, 0x3C, 0x00, 0x00, 0x00, 0x00, 0x00, 0x00, 0x00, 0x00, 0x00,
    0x00, 0x00, 0x00, 0x00, 0x00, 0x00, 0x00, 0x00, 0x01, 0xFF, 0x07, 0xFE, 0x18, 0x1C, 0x60, 0x31,
    0x80, 0xC6, 0x03, 0x18, 0x0C, 0x60, 0x31, 0x80, 0xC6, 0x03, 0x18, 0x0C, 0x60, 0x31, 0x80, 0xC0,
    0x03, 0x00, 0x0C, 0x00, 0x70, 0x0F, 0x80, 0x3C, 0x00, 0x00, 0x1F, 0xC0, 0x7F, 0x00, 0x00, 0x00,
    0x00, 0x1F, 0xC0, 0xFF, 0x87, 0x07, 0x18, 0x0C, 0x60, 0x31, 0x80, 0xC6, 0x03, 0x18, 0x0C, 0x60,
    0x31, 0x80, 0xC6, 0x03, 0x18, 0x0C, 0x60, 0x31, 0x80, 0xC6, 0x03, 0x1C, 0x1C, 0x3F, 0xE0, 0x7F,
    0x00, 0x00, 0x00, 0x00, 0x00, 0x00, 0x00, 0x00, 0x00, 0x00, 0x00, 0x00, 0x00, 0x00, 0x00, 0x00,
    0x00, 0x00, 0x00, 0x00, 0x7F, 0x01, 0xFC, 0x00, 0x00, 0x00, 0x00, 0x7F, 0x03, 0xFE, 0x1C, 0x1C,
    0x60, 0x31, 0x80, 0xC6, 0x03, 0x18, 0x0C, 0x60, 0x31, 0x80, 0xC6, 0x03, 0x1C, 0x1C, 0x3F, 0xE0,
    0x7F, 0x00, 0x00, 0x00, 0x00, 0x00, 0x00, 0x00, 0x00, 0x00, 0x00, 0x00, 0x18, 0xC0, 0x7F, 0x00,
    0xF8, 0x00, 0x00, 0x1F, 0xC0, 0xFF, 0x87, 0x07, 0x18, 0x0C, 0x60, 0x31, 0x80, 0xC6, 0x03, 0x18,
    0x0C, 0x60, 0x31, 0x80, 0xC6, 0x03, 0x18, 0x0C, 0x60, 0x31, 0x80, 0xC6, 0x03, 0x1C, 0x1C, 0x3F,
    0xE0, 0x7F, 0x00, 0x00, 0x00, 0x00, 0x00, 0x00, 0x00, 0x00, 0x00, 0x00, 0x00, 0x00, 0x00, 0x00,
    0x00, 0x00, 0x00, 0x00, 0x00, 0x00, 0x63, 0x01, 0xFC, 0x03, 0xE0, 0x00, 0x00, 0x7F, 0x03, 0xFE,
    0x1C, 0x1C, 0x60, 0x31, 0x80, 0xC6, 0x03, 0x18, 0x0C, 0x60, 0x31, 0x80, 0xC6, 0x03, 0x1C, 0x1C,
    0x3F, 0xE0, 0x7F, 0x00, 0x00, 0x00, 0x00, 0x00, 0x00, 0x00, 0x00, 0x00, 0x00, 0x00, 0x07, 0x38,
    0x39, 0xC1, 0xCE, 0x00, 0x00, 0x1F, 0xC0, 0xFF, 0x87, 0x07, 0x18, 0x0C, 0x60, 0x31, 0x80, 0xC6,
    0x03, 0x18, 0x0C, 0x60, 0x31, 0x80, 0xC6, 0x03, 0x18, 0x0C, 0x60, 0x31, 0x80, 0xC6, 0x03, 0x1C,
    0x1C, 0x3F, 0xE0, 0x7F, 0x00, 0x00, 0x00, 0x00, 0x00, 0x00, 0x00, 0x00, 0x00, 0x00, 0x00, 0x00,
    0x00, 0x00, 0x00, 0x00, 0x00, 0x00, 0x00, 0x00, 0x1C, 0xE0, 0xE7, 0x07, 0x38, 0x00, 0x00, 0x7F,
    0x03, 0xFE, 0x1C, 0x1C, 0x60, 0x31, 0x80, 0xC6, 0x03, 0x18, 0x0C, 0x60, 0x31, 0x80, 0xC6, 0x03,
    0x1C, 0x1C, 0x3F, 0xE0, 0x7F, 0x00, 0x00, 0x00, 0x00, 0x00, 0x00, 0x00, 0x00, 0x00, 0x00, 0x00,
    0x00, 0x00, 0x00, 0x00, 0x00, 0x00, 0x00, 0x3F, 0xF9, 0xFF, 0xEE, 0x30, 0x30, 0xC0, 0xC3, 0x03,
    0x0C, 0x0C, 0x30, 0x30, 0xC0, 0xC3, 0xF3, 0x0F, 0xCC, 0x30, 0x30, 0xC0, 0xC3, 0x03, 0x0C, 0x0C,
    0x30, 0x38, 0xC0, 0x7F, 0xF8, 0xFF, 0xE0, 0x00, 0x00, 0x00, 0x00, 0x00, 0x00, 0x00, 0x00, 0x00,
    0x00, 0x00, 0x00, 0x00, 0x00, 0x00, 0x00, 0x00, 0x00, 0x00, 0x00, 0x00, 0x00, 0x00, 0x00, 0x00,
    0x00, 0xFF, 0x87, 0xFF, 0x30, 0xC6, 0xC3, 0x1B, 0x0C, 0x6C, 0x3F, 0xB0, 0xFE, 0xC3, 0x03, 0x0C,
    0x0C, 0x30, 0x30, 0xC6, 0x7F, 0xF8, 0xFF, 0xC0, 0x00, 0x00, 0x00, 0x00, 0x00, 0x00, 0x00, 0x00,
    0x00, 0x00, 0x01, 0xC0, 0x0E, 0x00, 0x70, 0x00, 0x00, 0x7F, 0xC1, 0xFF, 0x86, 0x07, 0x18, 0x0C,
    0x60, 0x31, 0x80, 0xC6, 0x03, 0x18, 0x0C, 0x60, 0x71, 0xFF, 0x87, 0xFC, 0x1F, 0x00, 0x6E, 0x01,
    0x9C, 0x06, 0x38, 0x18, 0x70, 0x60, 0xE1, 0x81, 0xC0, 0x00, 0x00, 0x00, 0x00, 0x00, 0x00, 0x00,
    0x00, 0x00, 0x00, 0x00, 0x00, 0x00, 0x00, 0x00, 0x00, 0x00, 0x00, 0x00, 0x07, 0x00, 0x38, 0x01,
    0xC0, 0x00, 0x01, 0x9F, 0xC6, 0xFF, 0x1F, 0x00, 0x78, 0x01, 0xC0, 0x06, 0x00, 0x18, 0x00, 0x60,
    0x01, 0x80, 0x06, 0x00, 0x18, 0x00, 0x60, 0x01, 0x80, 0x00, 0x00, 0x00, 0x00, 0x00, 0x00, 0x00,
    0x00, 0x00, 0x00, 0x00, 0x00, 0x00, 0x00, 0x00, 0x00, 0x00, 0x00, 0x7F, 0xC1, 0xFF, 0x86, 0x07,
    0x18, 0x0C, 0x60, 0x31, 0x80, 0xC6, 0x03, 0x18, 0x0C, 0x60, 0x71, 0xFF, 0x87, 0xFC, 0x1F, 0x00,
    0x6E, 0x01, 0x9C, 0x06, 0x38, 0x18, 0x70, 0x60, 0xE1, 0x81, 0xC0, 0x00, 0x01, 0x80, 0x06, 0x00,
    0x18, 0x00, 0xC0, 0x06, 0x00, 0x00, 0x00, 0x00, 0x00, 0x00, 0x00, 0x00, 0x00, 0x00, 0x00, 0x00,
    0x00, 0x00, 0x00, 0x00, 0x00, 0xCF, 0xE3, 0x7F, 0x8F, 0x80, 0x3C, 0x00, 0xE0, 0x03, 0x00, 0x0C,
    0x00, 0x30, 0x00, 0xC0, 0x03, 0x00, 0x0C, 0x00, 0x30, 0x00, 0xC0, 0x00, 0x00, 0x0C, 0x00, 0x30,
    0x00, 0xC0, 0x06, 0x00, 0x30, 0x00, 0x1D, 0xC0, 0x3E, 0x00, 0x70, 0x00, 0x00, 0x7F, 0xC1, 0xFF,
    0x86, 0x07, 0x18, 0x0C, 0x60, 0x31, 0x80, 0xC6, 0x03, 0x18, 0x0C, 0x60, 0x71, 0xFF, 0x87, 0xFC,
    0x1F, 0x00, 0x6E, 0x01, 0x9C, 0x06, 0x38, 0x18, 0x70, 0x60, 0xE1, 0x81, 0xC0, 0x00, 0x00, 0x00,
    0x00, 0x00, 0x00, 0x00, 0x00, 0x00, 0x00, 0x00, 0x00, 0x00, 0x00, 0x00, 0x00, 0x00, 0x00, 0x00,
    0x77, 0x00, 0xF8, 0x01, 0xC0, 0x00, 0x01, 0x9F, 0xC6, 0xFF, 0x1F, 0x00, 0x78, 0x01, 0xC0, 0x06,
    0x00, 0x18, 0x00, 0x60, 0x01, 0x80, 0x06, 0x00, 0x18, 0x00, 0x60, 0x01, 0x80, 0x00, 0x00, 0x00,
    0x00, 0x00, 0x00, 0x00, 0x00, 0x00, 0x00, 0x00, 0x01, 0xC0, 0x0E, 0x00, 0x70, 0x00, 0x00, 0x1F,
    0xC0, 0xFF, 0x87, 0x07, 0x18, 0x0C, 0x60, 0x01, 0x80, 0x06, 0x00, 0x1C, 0x00, 0x3F, 0xC0, 0x7F,
    0x80, 0x07, 0x00, 0x0C, 0x00, 0x30, 0x00, 0xC6, 0x03, 0x1C, 0x1C, 0x3F, 0xE0, 0x7F, 0x00, 0x00,
    0x00, 0x00, 0x00, 0x00, 0x00, 0x00, 0x00, 0x00, 0x00, 0x00, 0x00, 0x00, 0x00, 0x00, 0x00, 0x00,
    0x00, 0x00, 0x07, 0x00, 0x38, 0x01, 0xC0, 0x00, 0x00, 0x7F, 0x03, 0xFE, 0x1C, 0x1C, 0x60, 0x01,
    0xC0, 0x03, 0xFC, 0x07, 0xF8, 0x00, 0x70, 0x00, 0xC0, 0x03, 0x1C, 0x1C, 0x3F, 0xE0, 0x7F, 0x00,
    0x00, 0x00, 0x00, 0x00, 0x00, 0x00, 0x00, 0x00, 0x00, 0x00, 0x07, 0x00, 0x3E, 0x01, 0xDC, 0x00,
    0x00, 0x1F, 0xC0, 0xFF, 0x87, 0x07, 0x18, 0x0C, 0x60, 0x01, 0x80, 0x06, 0x00, 0x1C, 0x00, 0x3F,
    0xC0, 0x7F, 0x80, 0x07, 0x00, 0x0C, 0x00, 0x30, 0x00, 0xC6, 0x03, 0x1C, 0x1C, 0x3F, 0xE0, 0x7F,
    0x00, 0x00, 0x00, 0x00, 0x00, 0x00, 0x00, 0x00, 0x00, 0x00, 0x00, 0x00, 0x00, 0x00, 0x00, 0x00,
    0x00, 0x00, 0x00, 0x00, 0x1C, 0x00, 0xF8, 0x07, 0x70, 0x00, 0x00, 0x7F, 0x03, 0xFE, 0x1C, 0x1C,
    0x60, 0x01, 0xC0, 0x03, 0xFC, 0x07, 0xF8, 0x00, 0x70, 0x00, 0xC0, 0x03, 0x1C, 0x1C, 0x3F, 0xE0,
    0x7F, 0x00, 0x00, 0x00, 0x00, 0x00, 0x00, 0x00, 0x00, 0x00, 0x00, 0x00, 0x00, 0x00, 0x00, 0x00,
    0x00, 0x00, 0x00, 0x1F, 0xC0, 0xFF, 0x87, 0x07, 0x18, 0x0C, 0x60, 0x01, 0x80, 0x06, 0x00, 0x1C,
    0x00, 0x3F, 0xC0, 0x7F, 0x80, 0x07, 0x00, 0x0C, 0x00, 0x30, 0x00, 0xC6, 0x03, 0x1C, 0x1C, 0x3F,
    0xE0, 0x7F, 0x00, 0x60, 0x01, 0x80, 0x06, 0x00, 0x30, 0x01, 0x80, 0x00, 0x00, 0x00, 0x00, 0x00,
    0x00, 0x00, 0x00, 0x00, 0x00, 0x00, 0x00, 0x00, 0x00, 0x00, 0x00, 0x00, 0x00, 0x7F, 0x03, 0xFE,
    0x1C, 0x1C, 0x60, 0x01, 0xC0, 0x03, 0xFC, 0x07, 0xF8, 0x00, 0x70, 0x00, 0xC0, 0x03, 0x1C, 0x1C,
    0x3F, 0xE0, 0x7F, 0x00, 0x60, 0x01, 0x80, 0x06, 0x00, 0x30, 0x01, 0x80, 0x00, 0x00, 0x1D, 0xC0,
    0x3E, 0x00, 0x70, 0x00, 0x00, 0x1F, 0xC0, 0xFF, 0x87, 0x07, 0x18, 0x0C, 0x60, 0x01, 0x80, 0x06,
    0x00, 0x1C, 0x00, 0x3F, 0xC0, 0x7F, 0x80, 0x07, 0x00, 0x0C, 0x00, 0x30, 0x00, 0xC6, 0x03, 0x1C,
    0x1C, 0x3F, 0xE0, 0x7F, 0x00, 0x00, 0x00, 0x00, 0x00, 0x00, 0x00, 0x00, 0x00, 0x00, 0x00, 0x00,
    0x00, 0x00, 0x00, 0x00, 0x00, 0x00, 0x00, 0x00, 0x77, 0x00, 0xF8, 0x01, 0xC0, 0x00, 0x00, 0x7F,
    0x03, 0xFE, 0x1C, 0x1C, 0x60, 0x01, 0xC0, 0x03, 0xFC, 0x07, 0xF8, 0x00, 0x70, 0x00, 0xC0, 0x03,
    0x1C, 0x1C, 0x3F, 0xE0, 0x7F, 0x00, 0x00, 0x00, 0x00, 0x00, 0x00, 0x00, 0x00, 0x00, 0x00, 0x00,
    0x00, 0x00, 0x00, 0x00, 0x00, 0x00, 0x00, 0x7F, 0xF9, 0xFF, 0xE0, 0x30, 0x00, 0xC0, 0x03, 0x00,
    0x0C, 0x00, 0x30, 0x00, 0xC0, 0x03, 0x00, 0x0C, 0x00, 0x30, 0x00, 0xC0, 0x03, 0x00, 0x0C, 0x00,
    0x30, 0x00, 0xC0, 0x03, 0x00, 0x0C, 0x00, 0x18, 0x00, 0x60, 0x01, 0x80, 0x0C, 0x00, 0x60, 0x00,
    0x00, 0x00, 0x00, 0x00, 0x00, 0x00, 0x00, 0x00, 0x06, 0x00, 0x18, 0x00, 0x60, 0x01, 0x80, 0x06,
    0x00, 0xFF, 0x03, 0xFC, 0x01, 0x80, 0x06, 0x00, 0x18, 0x00, 0x60, 0x01, 0x80, 0x06, 0x00, 0x18,
    0x00, 0x60, 0x01, 0x80, 0x07, 0xE0, 0x0F, 0x80, 0x18, 0x00, 0x60, 0x01, 0x80, 0x0C, 0x00, 0x60,
    0x00, 0x00, 0x1D, 0xC0, 0x3E, 0x00, 0x70, 0x00, 0x00, 0x7F, 0xF9, 0xFF, 0xE0, 0x30, 0x00, 0xC0,
    0x03, 0x00, 0x0C, 0x00, 0x30, 0x00, 0xC0, 0x03, 0x00, 0x0C, 0x00, 0x30, 0x00, 0xC0, 0x03, 0x00,
    0x0C, 0x00, 0x30, 0x00, 0xC0, 0x03, 0x00, 0x0C, 0x00, 0x00, 0x00, 0x00, 0x00, 0x00, 0x00, 0x00,
    0x00, 0x00, 0x00, 0x3B, 0x80, 0x7C, 0x00, 0xE0, 0x00, 0x00, 0x06, 0x00, 0x18, 0x00, 0x60, 0x01,
    0x80, 0x06, 0x00, 0xFF, 0x03, 0xFC, 0x01, 0x80, 0x06, 0x00, 0x18, 0x00, 0x60, 0x01, 0x80, 0x06,
    0x00, 0x18, 0x00, 0x60, 0x01, 0x80, 0x07, 0xE0, 0x0F, 0x80, 0x00, 0x00, 0x00, 0x00, 0x00, 0x00,
    0x00, 0x00, 0x00, 0x00, 0x00, 0x00, 0x00, 0x00, 0x00, 0x00, 0x00, 0x7F, 0xF9, 0xFF, 0xE0, 0x30,
    0x00, 0xC0, 0x03, 0x00, 0x0C, 0x00, 0x30, 0x00, 0xC0, 0x1F, 0xE0, 0x7F, 0x80, 0x30, 0x00, 0xC0,
    0x03, 0x00, 0x0C, 0x00, 0x30, 0x00, 0xC0, 0x03, 0x00, 0x0C, 0x00, 0x00, 0x00, 0x00, 0x00, 0x00,
    0x00, 0x00, 0x00, 0x00, 0x00, 0x00, 0x00, 0x00, 0x00, 0x00, 0x00, 0x00, 0x06, 0x00, 0x18, 0x00,
    0x60, 0x01, 0x80, 0x06, 0x00, 0xFF, 0x03, 0xFC, 0x01, 0x80, 0x06, 0x00, 0x7E, 0x01, 0xF8, 0x01,
    0x80, 0x06, 0x00, 0x18, 0x00, 0x60, 0x01, 0x80, 0x07, 0xE0, 0x0F, 0x80, 0x00, 0x00, 0x00, 0x00,
    0x00, 0x00, 0x00, 0x00, 0x00, 0x00, 0x1E, 0x60, 0xFF, 0x83, 0x3C, 0x00, 0x00, 0x60, 0x31, 0x80,
    0xC6, 0x03, 0x18, 0x0C, 0x60, 0x31, 0x80, 0xC6, 0x03, 0x18, 0x0C, 0x60, 0x31, 0x80, 0xC6, 0x03,
    0x18, 0x0C, 0x60, 0x31, 0x80, 0xC6, 0x03, 0x1C, 0x1C, 0x3F, 0xE0, 0x7F, 0x00, 0x00, 0x00, 0x00,
    0x00, 0x00, 0x00, 0x00, 0x00, 0x00, 0x00, 0x00, 0x00, 0x00, 0x00, 0x00, 0x00, 0x00, 0x00, 0x00,
    0x79, 0x83, 0xFE, 0x0C, 0xF0, 0x00, 0x01, 0x80, 0xC6, 0x03, 0x18, 0x0C, 0x60, 0x31, 0x80, 0xC6,
    0x03, 0x18, 0x0C, 0x60, 0x31, 0x80, 0xC6, 0x03, 0x1C, 0x0C, 0x3F, 0xF0, 0x7F, 0xC0, 0x00, 0x00,
    0x00, 0x00, 0x00, 0x00, 0x00, 0x00, 0x00, 0x00, 0x1F, 0xC0, 0x7F, 0x00, 0x00, 0x00, 0x00, 0x60,
    0x31, 0x80, 0xC6, 0x03, 0x18, 0x0C, 0x60, 0x31, 0x80, 0xC6, 0x03, 0x18, 0x0C, 0x60, 0x31, 0x80,
    0xC6, 0x03, 0x18, 0x0C, 0x60, 0x31, 0x80, 0xC6, 0x03, 0x1C, 0x1C, 0x3F, 0xE0, 0x7F, 0x00, 0x00,
    0x00, 0x00, 0x00, 0x00, 0x00, 0x00, 0x00, 0x00, 0x00, 0x00, 0x00, 0x00, 0x00, 0x00, 0x00, 0x00,
    0x00, 0x00, 0x7F, 0x01, 0xFC, 0x00, 0x00, 0x00, 0x01, 0x80, 0xC6, 0x03, 0x18, 0x0C, 0x60, 0x31,
    0x80, 0xC6, 0x03, 0x18, 0x0C, 0x60, 0x31, 0x80, 0xC6, 0x03, 0x1C, 0x0C, 0x3F, 0xF0, 0x7F, 0xC0,
    0x00, 0x00, 0x00, 0x00, 0x00, 0x00, 0x00, 0x00, 0x00, 0x00, 0x18, 0xC0, 0x7F, 0x00, 0xF8, 0x00,
    0x00, 0x60, 0x31, 0x80, 0xC6, 0x03, 0x18, 0x0C, 0x60, 0x31, 0x80, 0xC6, 0x03, 0x18, 0x0C, 0x60,
    0x31, 0x80, 0xC6, 0x03, 0x18, 0x0C, 0x60, 0x31, 0x80, 0xC6, 0x03, 0x1C, 0x1C, 0x3F, 0xE0, 0x7F,
    0x00, 0x00, 0x00, 0x00, 0x00, 0x00, 0x00, 0x00, 0x00, 0x00, 0x00, 0x00, 0x00, 0x00, 0x00, 0x00,
    0x00, 0x00, 0x00, 0x00, 0x63, 0x01, 0xFC, 0x03, 0xE0, 0x00, 0x01, 0x80, 0xC6, 0x03, 0x18, 0x0C,
    0x60, 0x31, 0x80, 0xC6, 0x03, 0x18, 0x0C, 0x60, 0x31, 0x80, 0xC6, 0x03, 0x1C, 0x0C, 0x3F, 0xF0,
    0x7F, 0xC0, 0x00, 0x00, 0x00, 0x00, 0x00, 0x00, 0x00, 0x00, 0x00, 0x00, 0x07, 0x80, 0x33, 0x00,
    0xCC, 0x01, 0xE0, 0x60, 0x31, 0x80, 0xC6, 0x03, 0x18, 0x0C, 0x60, 0x31, 0x80, 0xC6, 0x03, 0x18,
    0x0C, 0x60, 0x31, 0x80, 0xC6, 0x03, 0x18, 0x0C, 0x60, 0x31, 0x80, 0xC6, 0x03, 0x1C, 0x1C, 0x3F,
    0xE0, 0x7F, 0x00, 0x00, 0x00, 0x00, 0x00, 0x00, 0x00, 0x00, 0x00, 0x00, 0x00, 0x00, 0x00, 0x00,
    0x00, 0x00, 0x00, 0x00, 0x00, 0x00, 0x1E, 0x00, 0xCC, 0x03, 0x30, 0x07, 0x81, 0x80, 0xC6, 0x03,
    0x18, 0x0C, 0x60, 0x31, 0x80, 0xC6, 0x03, 0x18, 0x0C, 0x60, 0x31, 0x80, 0xC6, 0x03, 0x1C, 0x0C,
    0x3F, 0xF0, 0x7F, 0xC0, 0x00, 0x00, 0x00, 0x00, 0x00, 0x00, 0x00, 0x00, 0x00, 0x00, 0x07, 0x38,
    0x39, 0xC1, 0xCE, 0x00, 0x00, 0x60, 0x31, 0x80, 0xC6, 0x03, 0x18, 0x0C, 0x60, 0x31, 0x80, 0xC6,
    0x03, 0x18, 0x0C, 0x60, 0x31, 0x80, 0xC6, 0x03, 0x18, 0x0C, 0x60, 0x31, 0x80, 0xC6, 0x03, 0x1C,
    0x1C, 0x3F, 0xE0, 0x7F, 0x00, 0x00, 0x00, 0x00, 0x00, 0x00, 0x00, 0x00, 0x00, 0x00, 0x00, 0x00,
    0x00, 0x00, 0x00, 0x00, 0x00, 0x00, 0x00, 0x00, 0x1C, 0xE0, 0xE7, 0x07, 0x38, 0x00, 0x01, 0x80,
    0xC6, 0x03, 0x18, 0x0C, 0x60, 0x31, 0x80, 0xC6, 0x03, 0x18, 0x0C, 0x60, 0x31, 0x80, 0xC6, 0x03,
    0x1C, 0x0C, 0x3F, 0xF0, 0x7F, 0xC0, 0x00, 0x00, 0x00, 0x00, 0x00, 0x00, 0x00, 0x00, 0x00, 0x00,
    0x00, 0x00, 0x00, 0x00, 0x00, 0x00, 0x00, 0x60, 0x31, 0x80, 0xC6, 0x03, 0x18, 0x0C, 0x60, 0x31,
    0x80, 0xC6, 0x03, 0x18, 0x0C, 0x60, 0x31, 0x80, 0xC6, 0x03, 0x18, 0x0C, 0x60, 0x31, 0x80, 0xC6,
    0x03, 0x1C, 0x1C, 0x3F, 0xE0, 0x7F, 0x00, 0x38, 0x01, 0x80, 0x06, 0x00, 0x1F, 0x00, 0x3C, 0x00,
    0x00, 0x00, 0x00, 0x00, 0x00, 0x00, 0x00, 0x00, 0x00, 0x00, 0x00, 0x00, 0x00, 0x00, 0x00, 0x00,
    0x01, 0x80, 0xC6, 0x03, 0x18, 0x0C, 0x60, 0x31, 0x80, 0xC6, 0x03, 0x18, 0x0C, 0x60, 0x31, 0x80,
    0xC6, 0x03, 0x1C, 0x0C, 0x3F, 0xF0, 0x7F, 0xC0, 0x06, 0x00, 0x30, 0x00, 0xC0, 0x03, 0xE0, 0x07,
    0x80, 0x00, 0x07, 0x00, 0x3E, 0x01, 0xDC, 0x00, 0x00, 0x60, 0x19, 0x80, 0x66, 0x01, 0x98, 0x06,
    0x60, 0x19, 0x80, 0x66, 0x01, 0x98, 0x06, 0x60, 0x19, 0x80, 0x66, 0x31, 0x99, 0xE6, 0x6F, 0xD9,
    0xF3, 0xE7, 0x87, 0x9C, 0x0E, 0x60, 0x19, 0x80, 0x60, 0x00, 0x00, 0x00, 0x00, 0x00, 0x00, 0x00,
    0x00, 0x00, 0x00, 0x00, 0x00, 0x00, 0x00, 0x00, 0x00, 0x00, 0x00, 0x00, 0x1C, 0x00, 0xF8, 0x07,
    0x70, 0x00, 0x01, 0x80, 0x66, 0x01, 0x98, 0x06, 0x60, 0x19, 0x8C, 0x66, 0x31, 0x98, 0xC6, 0x63,
    0x19, 0x8C, 0x66, 0x31, 0x9C, 0xCE, 0x3F, 0xF0, 0x7F, 0x80, 0x00, 0x00, 0x00, 0x00, 0x00, 0x00,
    0x00, 0x00, 0x00, 0x00, 0x07, 0x00, 0x3E, 0x01, 0xDC, 0x00, 0x00, 0x60, 0x19, 0x80, 0x63, 0x03,
    0x0C, 0x0C, 0x18, 0x60, 0x61, 0x80, 0xCC, 0x03, 0x30, 0x07, 0x80, 0x1E, 0x00, 0x30, 0x00, 0xC0,
    0x03, 0x00, 0x0C, 0x00, 0x30, 0x00, 0xC0, 0x03, 0x00, 0x0C, 0x00, 0x00, 0x00, 0x00, 0x00, 0x00,
    0x00, 0x00, 0x00, 0x00, 0x00, 0x00, 0x00, 0x00, 0x00, 0x00, 0x00, 0x00, 0x00, 0x00, 0x1C, 0x00,
    0xF8, 0x07, 0x70, 0x00, 0x01, 0x80, 0xC6, 0x03, 0x18, 0x0C, 0x60, 0x31, 0x80, 0xC6, 0x03, 0x18,
    0x0C, 0x60, 0x31, 0x80, 0xC6, 0x03, 0x1C, 0x0C, 0x3F, 0xF0, 0x7F, 0xC0, 0x03, 0x00, 0x0C, 0x00,
    0x70, 0xFF, 0x83, 0xFC, 0x00, 0x00, 0x18, 0xC0, 0x63, 0x01, 0x8C, 0x00, 0x00, 0x60, 0x19, 0x80,
    0x63, 0x03, 0x0C, 0x0C, 0x18, 0x60, 0x61, 0x80, 0xCC, 0x03, 0x30, 0x07, 0x80, 0x1E, 0x00, 0x30,
    0x00, 0xC0, 0x03, 0x00, 0x0C, 0x00, 0x30, 0x00, 0xC0, 0x03, 0x00, 0x0C, 0x00, 0x00, 0x00, 0x00,
    0x00, 0x00, 0x00, 0x00, 0x00, 0x00, 0x00, 0x01, 0xC0, 0x0E, 0x00, 0x70, 0x00, 0x00, 0x7F, 0xF1,
    0xFF, 0xC0, 0x03, 0x00, 0x0C, 0x00, 0x70, 0x03, 0x80, 0x1C, 0x00, 0xE0, 0x07, 0x00, 0x38, 0x01,
    0xC0, 0x0E, 0x00, 0x70, 0x01, 0x80, 0x06, 0x00, 0x18, 0x00, 0x7F, 0xF1, 0xFF, 0xC0, 0x00, 0x00,
    0x00, 0x00, 0x00, 0x00, 0x00, 0x00, 0x00, 0x00, 0x00, 0x00, 0x00, 0x00, 0x00, 0x00, 0x00, 0x00,
    0x00, 0x07, 0x00, 0x38, 0x01, 0xC0, 0x00, 0x01, 0xFF, 0xC7, 0xFF, 0x00, 0x1C, 0x00, 0xE0, 0x07,
    0x00, 0x38, 0x01, 0xC0, 0x0E, 0x00, 0x70, 0x03, 0x80, 0x1C, 0x00, 0x7F, 0xF1, 0xFF, 0xC0, 0x00,
    0x00, 0x00, 0x00, 0x00, 0x00, 0x00, 0x00, 0x00, 0x00, 0x03, 0x00, 0x0C, 0x00, 0x30, 0x00, 0x00,
    0x7F, 0xF1, 0xFF, 0xC0, 0x03, 0x00, 0x0C, 0x00, 0x70, 0x03, 0x80, 0x1C, 0x00, 0xE0, 0x07, 0x00,
    0x38, 0x01, 0xC0, 0x0E, 0x00, 0x70, 0x01, 0x80, 0x06, 0x00, 0x18, 0x00, 0x7F, 0xF1, 0xFF, 0xC0,
    0x00, 0x00, 0x00, 0x00, 0x00, 0x00, 0x00, 0x00, 0x00, 0x00, 0x00, 0x00, 0x00, 0x00, 0x00, 0x00,
    0x00, 0x00, 0x00, 0x0C, 0x00, 0x30, 0x00, 0xC0, 0x00, 0x01, 0xFF, 0xC7, 0xFF, 0x00, 0x1C, 0x00,
    0xE0, 0x07, 0x00, 0x38, 0x01, 0xC0, 0x0E, 0x00, 0x70, 0x03, 0x80, 0x1C, 0x00, 0x7F, 0xF1, 0xFF,
    0xC0, 0x00, 0x00, 0x00, 0x00, 0x00, 0x00, 0x00, 0x00, 0x00, 0x00, 0x1D, 0xC0, 0x3E, 0x00, 0x70,
    0x00, 0x00, 0x7F, 0xF1, 0xFF, 0xC0, 0x03, 0x00, 0x0C, 0x00, 0x70, 0x03, 0x80, 0x1C, 0x00, 0xE0,
    0x07, 0x00, 0x38, 0x01, 0xC0, 0x0E, 0x00, 0x70, 0x01, 0x80, 0x06, 0x00, 0x18, 0x00, 0x7F, 0xF1,
    0xFF, 0xC0, 0x00, 0x00, 0x00, 0x00, 0x00, 0x00, 0x00, 0x00, 0x00, 0x00, 0x00, 0x00, 0x00, 0x00,
    0x00, 0x00, 0x00, 0x00, 0x00, 0x77, 0x00, 0xF8, 0x01, 0xC0, 0x00, 0x01, 0xFF, 0xC7, 0xFF, 0x00,
    0x1C, 0x00, 0xE0, 0x07, 0x00, 0x38, 0x01, 0xC0, 0x0E, 0x00, 0x70, 0x03, 0x80, 0x1C, 0x00, 0x7F,
    0xF1, 0xFF, 0xC0, 0x00, 0x00, 0x00, 0x00, 0x00, 0x00, 0x00, 0x00, 0x00, 0x00, 0x00, 0x00, 0x00,
    0x00, 0x00, 0x00, 0x00, 0x03, 0xF0, 0x1F, 0xC0, 0x60, 0x01, 0x80, 0x06, 0x00, 0x18, 0x00, 0x60,
    0x01, 0x80, 0x06, 0x00, 0x18, 0x00, 0x60, 0x01, 0x80, 0x06, 0x00, 0x18, 0x00, 0x60, 0x01, 0x80,
    0x06, 0x00, 0x18, 0x00, 0x00, 0x00, 0x00, 0x00, 0x00, 0x00, 0x00, 0x00, 0x00, 0x00, 0x00, 0x0E,
    0x00, 0x0F, 0x03, 0xFE, 0x0F, 0xFE, 0x1F, 0xFE, 0x3F, 0xFC, 0x7C, 0x3E, 0x78, 0x1E, 0x78, 0x1E,
    0x70, 0x1E, 0x70, 0x0E, 0x70, 0x1E, 0x78, 0x1E, 0x78, 0x1E, 0x7C, 0x3E, 0x3F, 0xFC, 0x1F, 0xF8,
    0x0F, 0xF0, 0x01, 0x80, 0x00, 0x38, 0x01, 0xC3, 0xFE, 0x3F, 0xE3, 0xFE, 0x3E, 0xF9, 0xE3, 0xDE,
    0x1E, 0xF0, 0xF7, 0x87, 0x9E, 0x3C, 0xFF, 0xE3, 0xFE, 0x0F, 0xE0, 0x18, 0x00, 0x00, 0x0E, 0x00,
    0x3D, 0x80, 0xFF, 0x83, 0xFF, 0x07, 0xDE, 0x0F, 0x3C, 0x1E, 0x78, 0x3C, 0xF0, 0x79, 0xE0, 0xF3,
    0xC1, 0xE7, 0x83, 0xCF, 0x07, 0x9E, 0x0F, 0x3E, 0x3E, 0x3F, 0xF8, 0x7F, 0xF0, 0x3F, 0xC0, 0x1C,
    0x00, 0x00, 0x38, 0x01, 0xF8, 0x3F, 0xE3, 0xEF, 0x1F, 0x78, 0xF3, 0xC7, 0x9E, 0x3C, 0xF1, 0xE7,
    0x8F, 0x3C, 0x79, 0xFF, 0xC7, 0xFE, 0x3F, 0xF0, 0x20, 0x00, 0x7C, 0x00, 0xEF, 0x7F, 0xE0, 0x7F,
    0x3F, 0xF8, 0x1F, 0x1F, 0xFE, 0x07, 0x0F, 0x0F, 0x9F, 0xF7, 0x83, 0xCF, 0xFF, 0xC1, 0xE7, 0xFF,
    0xE0, 0x73, 0xFE, 0xF0, 0x38, 0x1E, 0x78, 0x1C, 0x1F, 0x3C, 0x1E, 0x0F, 0x1E, 0x0F, 0x0F, 0x0F,
    0x0F, 0x8F, 0x07, 0xFF, 0x8F, 0xFF, 0xFF, 0x87, 0xFF, 0xFF, 0x83, 0xFF, 0x00, 0x61, 0xDE, 0x00,
    0xF1, 0xFC, 0x00, 0xF0, 0xF8, 0x00, 0xF0, 0x70, 0x0E, 0xF3, 0xFE, 0x3F, 0xF3, 0xFF, 0x7F, 0xF3,
    0xFF, 0x7D, 0xF3, 0xFE, 0x78, 0xF0, 0x3C, 0xF0, 0xF0, 0x7C, 0xF0, 0xF0, 0x78, 0xF0, 0xF0, 0xF0,
    0x78, 0xF1, 0xE0, 0x7F, 0xF3, 0xFF, 0x3F, 0xF3, 0xFF, 0x3F, 0xF3, 0xFF, 0x04, 0x00, 0x00, 0x60,
    0x00, 0x1B, 0xC0, 0x00, 0xFF, 0x00, 0x03, 0xFC, 0x00, 0x0F, 0xF0, 0x00, 0x3F, 0xC0, 0x00, 0xFF,
    0x00, 0x03, 0xFC, 0x00, 0x0F, 0xF0, 0x00, 0x3F, 0xC0, 0x00, 0xFF, 0x01, 0xE3, 0xFC, 0x07, 0x8F,
    0xF0, 0x1E, 0x3F, 0xFF, 0x7F, 0xFF, 0xFC, 0xFF, 0xBF, 0xF1, 0xFC, 0x00, 0x01, 0x80, 0x60, 0x0E,
    0xF0, 0x1E, 0xF0, 0x0E, 0xF0, 0x04, 0xF0, 0x0E, 0xF0, 0x0E, 0xF0, 0x0E, 0xF0, 0x0E, 0xF0, 0x0E,
    0xF0, 0x0E, 0xF0, 0x0E, 0xF0, 0x0E, 0xF0, 0x0E, 0xFF, 0xCE, 0xFF, 0xCE, 0xFF, 0xCE, 0x00, 0x0E,
    0x00, 0x3E, 0x00, 0x3E, 0x00, 0x3C, 0x00, 0x30, 0x63, 0xFB, 0xFD, 0xFE, 0x6F, 0x3F, 0xBF, 0xDF,
    0xEF, 0xF7, 0xFB, 0xFD, 0xFE, 0xFF, 0x7F, 0xBF, 0xDF, 0xEF, 0x07, 0x87, 0xC3, 0xE1, 0xE0, 0xC0,
    0x60, 0x18, 0x01, 0xBE, 0x0F, 0x00, 0xFF, 0x83, 0xC0, 0x3F, 0xF0, 0xF0, 0x0F, 0xFC, 0x3C, 0x03,
    0xFF, 0x8F, 0x00, 0xFF, 0xF3, 0xC0, 0x3F, 0xFC, 0xF0, 0x0F, 0xF7, 0xBC, 0x03, 0xFD, 0xFF, 0x00,
    0xFF, 0x3F, 0xDE, 0x3F, 0xC7, 0xF7, 0x8F, 0xF1, 0xFD, 0xE3, 0xFC, 0x3F, 0x7F, 0xEF, 0x07, 0xCF,
    0xFB, 0xC1, 0xF1, 0xFC, 0x00, 0x00, 0x18, 0x00, 0x60, 0x18, 0xEF, 0x83, 0xDE, 0xF8, 0x3C, 0xEF,
    0xC3, 0xC4, 0xFC, 0x3C, 0xEF, 0xE3, 0xCE, 0xFF, 0x3C, 0xEF, 0xF3, 0xCE, 0xF7, 0xBC, 0xEF, 0x7F,
    0xCE, 0xF3, 0xFC, 0xEF, 0x1F, 0xCE, 0xF1, 0xFC, 0xEF, 0x0F, 0xCE, 0xF0, 0x7C, 0xEF, 0x07, 0xCE,
    0x00, 0x00, 0xE0, 0x00, 0x3E, 0x00, 0x03, 0xE0, 0x00, 0x3C, 0x00, 0x03, 0x00, 0x00, 0x07, 0x00,
    0x03, 0xC0, 0x01, 0xC0, 0x00, 0x4E, 0x70, 0x77, 0xFE, 0x3B, 0xFF, 0x1D, 0xFF, 0xCE, 0xF1, 0xE7,
    0x78, 0xF3, 0xBC, 0x79, 0xDE, 0x3C, 0xEF, 0x1E, 0x77, 0x8F, 0x3B, 0xC7, 0x9D, 0xE3, 0xCE, 0x00,
    0x07, 0x00, 0x0F, 0x80, 0x07, 0xC0, 0x03, 0xC0, 0x01, 0x80, 0x1D, 0xC0, 0x3E, 0x00, 0x70, 0x00,
    0x00, 0x1F, 0xC0, 0xFF, 0x87, 0x07, 0x18, 0x0C, 0x60, 0x31, 0x80, 0xC6, 0x03, 0x18, 0x0C, 0x60,
    0x31, 0xFF, 0xC7, 0xFF, 0x18, 0x0C, 0x60, 0x31, 0x80, 0xC6, 0x03, 0x18, 0x0C, 0x60, 0x31, 0x80,
    0xC0, 0x00, 0x00, 0x00, 0x00, 0x00, 0x00, 0x00, 0x00, 0x00, 0x00, 0x00, 0x00, 0x00, 0x00, 0x00,
    0x00, 0x00, 0x00, 0x00, 0x77, 0x00, 0xF8, 0x01, 0xC0, 0x00, 0x00, 0x7F, 0x01, 0xFE, 0x00, 0x1C,
    0x00, 0x30, 0x7F, 0xC3, 0xFF, 0x1C, 0x0C, 0x60, 0x31, 0x80, 0xC6, 0x03, 0x1C, 0x0C, 0x3F, 0xF0,
    0x7F, 0xC0, 0x00, 0x00, 0x00, 0x00, 0x00, 0x00, 0x00, 0x00, 0x00, 0x00, 0x1D, 0xC0, 0x3E, 0x00,
    0x70, 0x00, 0x00, 0x0F, 0xC0, 0x3F, 0x00, 0x30, 0x00, 0xC0, 0x03, 0x00, 0x0C, 0x00, 0x30, 0x00,
    0xC0, 0x03, 0x00, 0x0C, 0x00, 0x30, 0x00, 0xC0, 0x03, 0x00, 0x0C, 0x00, 0x30, 0x00, 0xC0, 0x0F,
    0xC0, 0x3F, 0x00, 0x00, 0x00, 0x00, 0x00, 0x00, 0x00, 0x00, 0x00, 0x00, 0x00, 0x00, 0x00, 0x00,
    0x00, 0x00, 0x00, 0x00, 0x00, 0x00, 0x77, 0x00, 0xF8, 0x01, 0xC0, 0x00, 0x00, 0x3C, 0x00, 0xF0,
    0x00, 0xC0, 0x03, 0x00, 0x0C, 0x00, 0x30, 0x00, 0xC0, 0x03, 0x00, 0x0C, 0x00, 0x30, 0x00, 0xC0,
    0x0F, 0xC0, 0x3F, 0x00, 0x00, 0x00, 0x00, 0x00, 0x00, 0x00, 0x00, 0x00, 0x00, 0x00, 0x1D, 0xC0,
    0x3E, 0x00, 0x70, 0x00, 0x00, 0x1F, 0xC0, 0xFF, 0x87, 0x07, 0x18, 0x0C, 0x60, 0x31, 0x80, 0xC6,
    0x03, 0x18, 0x0C, 0x60, 0x31, 0x80, 0xC6, 0x03, 0x18, 0x0C, 0x60, 0x31, 0x80, 0xC6, 0x03, 0x1C,
    0x1C, 0x3F, 0xE0, 0x7F, 0x00, 0x00, 0x00, 0x00, 0x00, 0x00, 0x00, 0x00, 0x00, 0x00, 0x00, 0x00,
    0x00, 0x00, 0x00, 0x00, 0x00, 0x00, 0x00, 0x00, 0x77, 0x00, 0xF8, 0x01, 0xC0, 0x00, 0x00, 0x7F,
    0x03, 0xFE, 0x1C, 0x1C, 0x60, 0x31, 0x80, 0xC6, 0x03, 0x18, 0x0C, 0x60, 0x31, 0x80, 0xC6, 0x03,
    0x1C, 0x1C, 0x3F, 0xE0, 0x7F, 0x00, 0x00, 0x00, 0x00, 0x00, 0x00, 0x00, 0x00, 0x00, 0x00, 0x00,
    0x1D, 0xC0, 0x3E, 0x00, 0x70, 0x00, 0x00, 0x60, 0x31, 0x80, 0xC6, 0x03, 0x18, 0x0C, 0x60, 0x31,
    0x80, 0xC6, 0x03, 0x18, 0x0C, 0x60, 0x31, 0x80, 0xC6, 0x03, 0x18, 0x0C, 0x60, 0x31, 0x80, 0xC6,
    0x03, 0x1C, 0x1C, 0x3F, 0xE0, 0x7F, 0x00, 0x00, 0x00, 0x00, 0x00, 0x00, 0x00, 0x00, 0x00, 0x00,
    0x00, 0x00, 0x00, 0x00, 0x00, 0x00, 0x00, 0x00, 0x00, 0x00, 0x77, 0x00, 0xF8, 0x01, 0xC0, 0x00,
    0x01, 0x80, 0xC6, 0x03, 0x18, 0x0C, 0x60, 0x31, 0x80, 0xC6, 0x03, 0x18, 0x0C, 0x60, 0x31, 0x80,
    0xC6, 0x03, 0x1C, 0x0C, 0x3F, 0xF0, 0x7F, 0xC0, 0x00, 0x00, 0x00, 0x00, 0x00, 0x00, 0x00, 0x00,
    0x00, 0x00, 0x1F, 0xC0, 0xFE, 0x03, 0xF0, 0x31, 0x83, 0xDE, 0x1E, 0xF0, 0x63, 0x0C, 0x07, 0xF0,
    0x7F, 0x83, 0xFC, 0x1F, 0xE0, 0xFF, 0x07, 0xF8, 0x3F, 0xC1, 0xFE, 0x0F, 0xF0, 0x7F, 0x83, 0xFC,
    0x1F, 0xF1, 0xF7, 0xFF, 0x3F, 0xF8, 0x7F, 0x80, 0xE0, 0x3F, 0x87, 0xF0, 0xFC, 0x18, 0xC7, 0xB8,
    0xF7, 0x0C, 0x67, 0x07, 0xF1, 0xFE, 0x3F, 0xC7, 0xF8, 0xFF, 0x1F, 0xE3, 0xFC, 0x7F, 0x8F, 0xFF,
    0xEF, 0xFD, 0xFF, 0x84, 0x00, 0x00, 0x00, 0x1C, 0x00, 0xE0, 0x0E, 0x01, 0x8C, 0x1E, 0xF0, 0xF7,
    0x83, 0x18, 0x60, 0x3F, 0x83, 0xFC, 0x1F, 0xE0, 0xFF, 0x07, 0xF8, 0x3F, 0xC1, 0xFE, 0x0F, 0xF0,
    0x7F, 0x83, 0xFC, 0x1F, 0xE0, 0xFF, 0x8F, 0xBF, 0xF9, 0xFF, 0xC3, 0xFC, 0x07, 0x00, 0x00, 0x00,
    0xE0, 0x1C, 0x07, 0x03, 0x18, 0xF7, 0x1E, 0xE1, 0x8C, 0xE0, 0xFE, 0x3F, 0xC7, 0xF8, 0xFF, 0x1F,
    0xE3, 0xFC, 0x7F, 0x8F, 0xF1, 0xFF, 0xFD, 0xFF, 0xBF, 0xF0, 0x80, 0x00, 0x00, 0xEE, 0x03, 0xE0,
    0x0E, 0x01, 0x8C, 0x1E, 0xF0, 0xF7, 0x83, 0x18, 0x60, 0x3F, 0x83, 0xFC, 0x1F, 0xE0, 0xFF, 0x07,
    0xF8, 0x3F, 0xC1, 0xFE, 0x0F, 0xF0, 0x7F, 0x83, 0xFC, 0x1F, 0xE0, 0xFF, 0x8F, 0xBF, 0xF9, 0xFF,
    0xC3, 0xFC, 0x07, 0x00, 0x00, 0x07, 0x70, 0x7C, 0x07, 0x03, 0x18, 0xF7, 0x1E, 0xE1, 0x8C, 0xE0,
    0xFE, 0x3F, 0xC7, 0xF8, 0xFF, 0x1F, 0xE3, 0xFC, 0x7F, 0x8F, 0xF1, 0xFF, 0xFD, 0xFF, 0xBF, 0xF0,
    0x80, 0x00, 0x00, 0x70, 0x03, 0x80, 0x0E, 0x01, 0x8C, 0x1E, 0xF0, 0xF7, 0x83, 0x18, 0x60, 0x3F,
    0x83, 0xFC, 0x1F, 0xE0, 0xFF, 0x07, 0xF8, 0x3F, 0xC1, 0xFE, 0x0F, 0xF0, 0x7F, 0x83, 0xFC, 0x1F,
    0xE0, 0xFF, 0x8F, 0xBF, 0xF9, 0xFF, 0xC3, 0xFC, 0x07, 0x00, 0x00, 0x07, 0x80, 0x70, 0x06, 0x03,
    0x18, 0xF7, 0x1E, 0xE1, 0x8C, 0xE0, 0xFE, 0x3F, 0xC7, 0xF8, 0xFF, 0x1F, 0xE3, 0xFC, 0x7F, 0x8F,
    0xF1, 0xFF, 0xFD, 0xFF, 0xBF, 0xF0, 0x80, 0x0F, 0x03, 0xFC, 0x7F, 0xE7, 0x9E, 0x00, 0xF7, 0xFF,
    0xFF, 0xFF, 0xFF, 0x70, 0xF7, 0xFE, 0x3F, 0xC1, 0xF8, 0x06, 0x00, 0x07, 0xE0, 0x1F, 0xC0, 0x1F,
    0x80, 0x73, 0x00, 0xEF, 0x01, 0xDE, 0x03, 0x98, 0x01, 0xC0, 0x07, 0xC0, 0x0F, 0xC0, 0x3F, 0x80,
    0x7F, 0x00, 0xEF, 0x03, 0xDE, 0x07, 0xBC, 0x0F, 0x3C, 0x3C, 0x78, 0x7F, 0xF0, 0xFF, 0xF3, 0xFF,
    0xE7, 0x83, 0xCF, 0x03, 0xFC, 0x07, 0x80, 0x1F, 0x83, 0xF0, 0x7E, 0x0C, 0xC3, 0xBC, 0x77, 0x86,
    0x60, 0x78, 0x3F, 0xCF, 0xFD, 0xE7, 0x80, 0xF1, 0xFE, 0xFF, 0xDF, 0x7F, 0x8F, 0xF3, 0xEF, 0xFD,
    0xFF, 0x8C, 0x00, 0x07, 0xE0, 0x1F, 0xC0, 0x1F, 0x80, 0x1C, 0x00, 0x3C, 0x00, 0x78, 0x00, 0xE0,
    0x01, 0xC0, 0x07, 0xC0, 0x0F, 0xC0, 0x3F, 0x80, 0x7F, 0x00, 0xEF, 0x03, 0xDE, 0x07, 0xBC, 0x0F,
    0x3C, 0x3C, 0x78, 0x7F, 0xF0, 0xFF, 0xF3, 0xFF, 0xE7, 0x83, 0xCF, 0x03, 0xFC, 0x07, 0x80, 0x1F,
    0x83, 0xF0, 0x7E, 0x03, 0x00, 0xF0, 0x1E, 0x01, 0x80, 0x78, 0x3F, 0xCF, 0xFD, 0xE7, 0x80, 0xF1,
    0xFE, 0xFF, 0xDF, 0x7F, 0x8F, 0xF3, 0xEF, 0xFD, 0xFF, 0x8C, 0x00, 0x3F, 0xF0, 0xFF, 0xC0, 0x00,
    0x00, 0x00, 0x3F, 0xF9, 0xFF, 0xEE, 0x30, 0x30, 0xC0, 0xC3, 0x03, 0x0C, 0x0C, 0x30, 0x30, 0xC0,
    0xFF, 0xF3, 0xFF, 0xCC, 0x30, 0x30, 0xC0, 0xC3, 0x03, 0x0C, 0x0C, 0x30, 0x30, 0xC0, 0xC3, 0xFB,
    0x0F, 0xE0, 0x00, 0x00, 0x00, 0x00, 0x00, 0x00, 0x00, 0x00, 0x00, 0x00, 0x00, 0x00, 0x00, 0x00,
    0x00, 0x00, 0x00, 0x00, 0x00, 0xFF, 0x83, 0xFE, 0x00, 0x00, 0x00, 0x01, 0xF7, 0x87, 0xFF, 0x01,
    0xCE, 0x03, 0x18, 0xFC, 0x67, 0xFF, 0xB8, 0xFE, 0xC3, 0x03, 0x0C, 0x0C, 0x30, 0x38, 0xE6, 0x7F,
    0xF8, 0xFB, 0xC0, 0x00, 0x00, 0x00, 0x00, 0x00, 0x00, 0x00, 0x00, 0x00, 0x00, 0x00, 0x00, 0x00,
    0x00, 0x00, 0x00, 0x00, 0x1F, 0xC0, 0xFF, 0x87, 0x07, 0x18, 0x0C, 0x60, 0x31, 0x80, 0x06, 0x00,
    0x18, 0x00, 0x63, 0xF1, 0x8F, 0xC6, 0x03, 0x18, 0x0C, 0x61, 0xFD, 0x87, 0xF6, 0x03, 0x1C, 0x1C,
    0x3F, 0xE0, 0x7F, 0x00, 0x00, 0x00, 0x00, 0x00, 0x00, 0x00, 0x00, 0x00, 0x00, 0x00, 0x00, 0x00,
    0x00, 0x00, 0x00, 0x00, 0x00, 0x00, 0x00, 0x00, 0x00, 0x00, 0x00, 0x00, 0x00, 0x00, 0x7F, 0xC3,
    0xFF, 0x1C, 0x0C, 0x60, 0x31, 0x80, 0xC6, 0x1F, 0xD8, 0x7F, 0x60, 0x31, 0x80, 0xC6, 0x03, 0x1C,
    0x0C, 0x3F, 0xF0, 0x7F, 0xC0, 0x03, 0x00, 0x0C, 0x00, 0x70, 0xFF, 0x83, 0xFC, 0x00, 0x00, 0x1D,
    0xC0, 0x3E, 0x00, 0x70, 0x00, 0x00, 0x1F, 0xC0, 0xFF, 0x87, 0x07, 0x18, 0x0C, 0x60, 0x31, 0x80,
    0x06, 0x00, 0x18, 0x00, 0x63, 0xF1, 0x8F, 0xC6, 0x03, 0x18, 0x0C, 0x60, 0x31, 0x80, 0xC6, 0x03,
    0x1C, 0x1C, 0x3F, 0xE0, 0x7F, 0x00, 0x00, 0x00, 0x00, 0x00, 0x00, 0x00, 0x00, 0x00, 0x00, 0x00,
    0x00, 0x00, 0x00, 0x00, 0x00, 0x00, 0x00, 0x00, 0x00, 0x77, 0x00, 0xF8, 0x01, 0xC0, 0x00, 0x00,
    0x7F, 0xC3, 0xFF, 0x1C, 0x0C, 0x60, 0x31, 0x80, 0xC6, 0x03, 0x18, 0x0C, 0x60, 0x31, 0x80, 0xC6,
    0x03, 0x1C, 0x0C, 0x3F, 0xF0, 0x7F, 0xC0, 0x03, 0x00, 0x0C, 0x00, 0x70, 0xFF, 0x83, 0xFC, 0x00,
    0x00, 0x1D, 0xC0, 0x3E, 0x00, 0x70, 0x00, 0x00, 0x60, 0x31, 0x81, 0xC6, 0x0E, 0x18, 0x70, 0x63,
    0x81, 0x9C, 0x06, 0xE0, 0x1F, 0x00, 0x78, 0x01, 0xE0, 0x07, 0xC0, 0x1B, 0x80, 0x67, 0x01, 0x8E,
    0x06, 0x1C, 0x18, 0x38, 0x60, 0x71, 0x80, 0xC0, 0x00, 0x00, 0x00, 0x00, 0x00, 0x00, 0x00, 0x00,
    0x00, 0x00, 0x1D, 0xC0, 0x3E, 0x00, 0x70, 0x00, 0x00, 0x30, 0x00, 0xC0, 0x03, 0x00, 0x0C, 0x00,
    0x30, 0x00, 0xC1, 0xC3, 0x0E, 0x0C, 0x70, 0x33, 0x80, 0xDC, 0x03, 0xE0, 0x0F, 0x00, 0x3E, 0x00,
    0xDC, 0x03, 0x38, 0x0C, 0x70, 0x30, 0xE0, 0xC1, 0xC0, 0x00, 0x00, 0x00, 0x00, 0x00, 0x00, 0x00,
    0x00, 0x00, 0x00, 0x00, 0x00, 0x00, 0x00, 0x00, 0x00, 0x00, 0x1F, 0xC0, 0xFF, 0x87, 0x07, 0x18,
    0x0C, 0x60, 0x31, 0x80, 0xC6, 0x03, 0x18, 0x0C, 0x60, 0x31, 0x80, 0xC6, 0x03, 0x18, 0x0C, 0x60,
    0x31, 0x80, 0xC6, 0x03, 0x1C, 0x1C, 0x3F, 0xE0, 0x7F, 0x00, 0x38, 0x01, 0x80, 0x06, 0x00, 0x1F,
    0x00, 0x3C, 0x00, 0x00, 0x00, 0x00, 0x00, 0x00, 0x00, 0x00, 0x00, 0x00, 0x00, 0x00, 0x00, 0x00,
    0x00, 0x00, 0x00, 0x00, 0x7F, 0x03, 0xFE, 0x1C, 0x1C, 0x60, 0x31, 0x80, 0xC6, 0x03, 0x18, 0x0C,
    0x60, 0x31, 0x80, 0xC6, 0x03, 0x1C, 0x1C, 0x3F, 0xE0, 0x7F, 0x00, 0x38, 0x01, 0x80, 0x06, 0x00,
    0x1F, 0x00, 0x3C, 0x00, 0x00, 0x1F, 0xC0, 0x7F, 0x00, 0x00, 0x00, 0x00, 0x1F, 0xC0, 0xFF, 0x87,
    0x07, 0x18, 0x0C, 0x60, 0x31, 0x80, 0xC6, 0x03, 0x18, 0x0C, 0x60, 0x31, 0x80, 0xC6, 0x03, 0x18,
    0x0C, 0x60, 0x31, 0x80, 0xC6, 0x03, 0x1C, 0x1C, 0x3F, 0xE0, 0x7F, 0x00, 0x38, 0x01, 0x80, 0x06,
    0x00, 0x1F, 0x00, 0x3C, 0x00, 0x00, 0x00, 0x00, 0x00, 0x00, 0x00, 0x00, 0x00, 0x00, 0x00, 0x7F,
    0x01, 0xFC, 0x00, 0x00, 0x00, 0x00, 0x7F, 0x03, 0xFE, 0x1C, 0x1C, 0x60, 0x31, 0x80, 0xC6, 0x03,
    0x18, 0x0C, 0x60, 0x31, 0x80, 0xC6, 0x03, 0x1C, 0x1C, 0x3F, 0xE0, 0x7F, 0x00, 0x38, 0x01, 0x80,
    0x06, 0x00, 0x1F, 0x00, 0x3C, 0x00, 0x00, 0x1D, 0xC0, 0x3E, 0x00, 0x70, 0x00, 0x00, 0x7F, 0xF1,
    0xFF, 0xC0, 0x07, 0x00, 0x38, 0x01, 0xC0, 0x0E, 0x00, 0x70, 0x03, 0xF0, 0x0F, 0xE0, 0x01, 0xC0,
    0x03, 0x00, 0x0C, 0x00, 0x30, 0x00, 0xC6, 0x03, 0x1C, 0x1C, 0x3F, 0xE0, 0x7F, 0x00, 0x00, 0x00,
    0x00, 0x00, 0x00, 0x00, 0x00, 0x00, 0x00, 0x00, 0x00, 0x00, 0x00, 0x00, 0x00, 0x00, 0x00, 0x00,
    0x00, 0x77, 0x00, 0xF8, 0x01, 0xC0, 0x00, 0x01, 0xFF, 0xC7, 0xFF, 0x00, 0x1C, 0x00, 0xE0, 0x07,
    0x00, 0x38, 0x01, 0xC0, 0x0F, 0xC0, 0x3F, 0x80, 0x07, 0x00, 0x0C, 0x00, 0x30, 0x00, 0xC0, 0x03,
    0x18, 0x0C, 0x70, 0x70, 0xFF, 0x81, 0xFC, 0x00, 0x00, 0x00, 0x00, 0x00, 0x00, 0x00, 0x00, 0x00,
    0x00, 0x00, 0x0E, 0xE0, 0x1F, 0x00, 0x38, 0x00, 0x00, 0x07, 0x80, 0x1E, 0x00, 0x18, 0x00, 0x60,
    0x01, 0x80, 0x06, 0x00, 0x18, 0x00, 0x60, 0x01, 0x80, 0x06, 0x00, 0x18, 0x00, 0x60, 0x01, 0x83,
    0x06, 0x0C, 0x18, 0x38, 0xE0, 0x7F, 0x00, 0xF8, 0x00, 0x00, 0x7C, 0x01, 0xFF, 0xDF, 0xF8, 0x3F,
    0xFF, 0xFF, 0x87, 0xFF, 0xFF, 0xF8, 0xFF, 0xFF, 0x0F, 0x80, 0x3D, 0xE0, 0xF0, 0x0F, 0x3C, 0x1E,
    0x03, 0xC7, 0x81, 0xC0, 0xF8, 0xF0, 0x38, 0x1E, 0x1E, 0x07, 0x07, 0x83, 0xC1, 0xE1, 0xE0, 0x78,
    0x3C, 0x7C, 0x0F, 0x0F, 0x8F, 0x01, 0xFF, 0xE3, 0xFF, 0xFF, 0xF8, 0x7F, 0xFF, 0xFE, 0x0F, 0xFF,
    0x7C, 0x00, 0x00, 0x7F, 0xE0, 0x00, 0x3F, 0xF8, 0x00, 0x1F, 0xFE, 0x00, 0x0F, 0x0F, 0x9F, 0xF7,
    0x83, 0xCF, 0xFF, 0xC1, 0xE7, 0xFF, 0xE0, 0x73, 0xFE, 0xF0, 0x38, 0x1E, 0x78, 0x1C, 0x1F, 0x3C,
    0x1E, 0x0F, 0x1E, 0x0F, 0x0F, 0x0F, 0x0F, 0x8F, 0x07, 0xFF, 0x8F, 0xFF, 0xFF, 0x87, 0xFF, 0xFF,
    0x83, 0xFF, 0x00, 0x60, 0x00, 0x00, 0xF0, 0x00, 0x00, 0xF0, 0x00, 0x00, 0xF0, 0x00, 0x0E, 0xF3,
    0xFE, 0x3F, 0xF3, 0xFF, 0x7F, 0xF3, 0xFF, 0x7D, 0xF3, 0xFE, 0x78, 0xF0, 0x3C, 0xF0, 0xF0, 0x7C,
    0xF0, 0xF0, 0x78, 0xF0, 0xF0, 0xF0, 0x78, 0xF1, 0xE0, 0x7F, 0xF3, 0xFF, 0x3F, 0xF3, 0xFF, 0x3F,
    0xF3, 0xFF, 0x04, 0x00, 0x00, 0x01, 0xC0, 0x0E, 0x00, 0x70, 0x00, 0x00, 0x1F, 0xC0, 0xFF, 0x87,
    0x07, 0x18, 0x0C, 0x60, 0x31, 0x80, 0x06, 0x00, 0x18, 0x00, 0x63, 0xF1, 0x8F, 0xC6, 0x03, 0x18,
    0x0C, 0x60, 0x31, 0x80, 0xC6, 0x03, 0x1C, 0x1C, 0x3F, 0xE0, 0x7F, 0x00, 0x00, 0x00, 0x00, 0x00,
    0x00, 0x00, 0x00, 0x00, 0x00, 0x00, 0x00, 0x00, 0x00, 0x00, 0x00, 0x00, 0x00, 0x00, 0x00, 0x03,
    0x80, 0x1C, 0x00, 0xE0, 0x00, 0x00, 0x7F, 0xC3, 0xFF, 0x1C, 0x0C, 0x60, 0x31, 0x80, 0xC6, 0x03,
    0x18, 0x0C, 0x60, 0x31, 0x80, 0xC6, 0x03, 0x1C, 0x0C, 0x3F, 0xF0, 0x7F, 0xC0, 0x03, 0x00, 0x0C,
    0x00, 0x70, 0xFF, 0x83, 0xFC, 0x00, 0x00, 0x60, 0x38, 0x07, 0x81, 0xC0, 0x3C, 0x0E, 0x01, 0xE0,
    0x70, 0x0F, 0x03, 0x80, 0x78, 0x1C, 0x3F, 0xC0, 0xE1, 0xFF, 0xFF, 0x0F, 0xFF, 0xF8, 0x7F, 0xFF,
    0xC3, 0xFC, 0x0E, 0x1F, 0xE0, 0x78, 0xFF, 0x03, 0xC7, 0xF8, 0x1F, 0xFF, 0xC0, 0x7F, 0xDE, 0x01,
    0xFC, 0x00, 0x03, 0x80, 0x67, 0x07, 0xFE, 0x3F, 0xFD, 0xFF, 0xEF, 0x0F, 0xF8, 0x3F, 0xC1, 0xFE,
    0x0F, 0xF0, 0x7F, 0x83, 0xFC, 0x1F, 0xE1, 0xEF, 0x1F, 0x79, 0xF3, 0xFF, 0x1F, 0xF0, 0xFE, 0x07,
    0xC0, 0x3C, 0x01, 0xE0, 0x07, 0x00, 0x00, 0x0E, 0x00, 0x38, 0x00, 0x70, 0x00, 0xC0, 0x60, 0x1B,
    0xE0, 0xFF, 0x83, 0xFF, 0x0F, 0xFC, 0x3F, 0xF8, 0xFF, 0xF3, 0xFF, 0xCF, 0xF7, 0xBF, 0xDF, 0xFF,
    0x3F, 0xFC, 0x7F, 0xF1, 0xFF, 0xC3, 0xFF, 0x07, 0xFC, 0x1F, 0x3C, 0x03, 0x80, 0x70, 0x07, 0x0E,
    0x71, 0xFF, 0xBF, 0xF7, 0xFF, 0xF1, 0xFE, 0x3F, 0xC7, 0xF8, 0xFF, 0x1F, 0xE3, 0xFC, 0x7F, 0x8F,
    0x00, 0x00, 0x03, 0xC0, 0x07, 0x00, 0x1C, 0x00, 0x7C, 0x00, 0xDC, 0x01, 0xB8, 0x03, 0xE0, 0x03,
    0xC0, 0x0F, 0x80, 0x1F, 0x80, 0x7F, 0x00, 0xFE, 0x01, 0xDE, 0x07, 0xBC, 0x0F, 0x78, 0x1E, 0x78,
    0x78, 0xF0, 0xFF, 0xE1, 0xFF, 0xE7, 0xFF, 0xCF, 0x07, 0x9E, 0x07, 0xF8, 0x0F, 0x03, 0x80, 0xE0,
    0x18, 0x07, 0x81, 0xF8, 0x33, 0x07, 0xE0, 0x78, 0x0F, 0x07, 0xF9, 0xFF, 0xBC, 0xF0, 0x1E, 0x3F,
    0xDF, 0xFB, 0xEF, 0xF1, 0xFE, 0x7D, 0xFF, 0xBF, 0xF1, 0x80, 0x01, 0xC0, 0x0E, 0x00, 0x70, 0x00,
    0x00, 0x3F, 0xF9, 0xFF, 0xEE, 0x30, 0x30, 0xC0, 0xC3, 0x03, 0x0C, 0x0C, 0x30, 0x30, 0xC0, 0xFF,
    0xF3, 0xFF, 0xCC, 0x30, 0x30, 0xC0, 0xC3, 0x03, 0x0C, 0x0C, 0x30, 0x30, 0xC0, 0xC3, 0xFB, 0x0F,
    0xE0, 0x00, 0x00, 0x00, 0x00, 0x00, 0x00, 0x00, 0x00, 0x00, 0x00, 0x00, 0x00, 0x00, 0x00, 0x00,
    0x00, 0x00, 0x00, 0x00, 0x07, 0x00, 0x38, 0x01, 0xC0, 0x00, 0x01, 0xF7, 0x87, 0xFF, 0x01, 0xCE,
    0x03, 0x18, 0xFC, 0x67, 0xFF, 0xB8, 0xFE, 0xC3, 0x03, 0x0C, 0x0C, 0x30, 0x38, 0xE6, 0x7F, 0xF8,
    0xFB, 0xC0, 0x00, 0x00, 0x00, 0x00, 0x00, 0x00, 0x00, 0x00, 0x00, 0x00, 0x01, 0xC0, 0x0E, 0x00,
    0x70, 0x00, 0x00, 0x1F, 0xC0, 0xFF, 0x87, 0x07, 0x18, 0x0E, 0x60, 0x79, 0x83, 0xC6, 0x1F, 0x18,
    0xEC, 0x67, 0x31, 0xB8, 0xC7, 0xC3, 0x1E, 0x0C, 0x70, 0x33, 0x80, 0xCE, 0x03, 0x1C, 0x1C, 0x3F,
    0xE0, 0x7F, 0x00, 0x00, 0x00, 0x00, 0x00, 0x00, 0x00, 0x00, 0x00, 0x00, 0x00, 0x00, 0x00, 0x00,
    0x00, 0x00, 0x00, 0x00, 0x00, 0x00, 0x07, 0x00, 0x38, 0x01, 0xC0, 0x00, 0x00, 0x7F, 0x63, 0xFF,
    0x98, 0x1C, 0x60, 0xF1, 0x87, 0xC6, 0x3B, 0x19, 0xCC, 0x6E, 0x31, 0xF0, 0xC7, 0x83, 0x1C, 0x0C,
    0xFF, 0xE3, 0x7F, 0x00, 0x00, 0x00, 0x00, 0x00, 0x00, 0x00, 0x00, 0x00, 0x00, 0x00, 0x3D, 0xC0,
    0x3B, 0x80, 0x3B, 0x80, 0x37, 0x00, 0x38, 0x00, 0xF8, 0x01, 0xF8, 0x07, 0xF0, 0x0F, 0xE0, 0x1D,
    0xE0, 0x7B, 0xC0, 0xF7, 0x81, 0xE7, 0x87, 0x8F, 0x0F, 0xFE, 0x1F, 0xFE, 0x7F, 0xFC, 0xF0, 0x79,
    0xE0, 0x7F, 0x80, 0xF0, 0x77, 0x0F, 0xF0, 0xEE, 0x0D, 0xC0, 0xF0, 0x7F, 0x9F, 0xFB, 0xCF, 0x01,
    0xE3, 0xFD, 0xFF, 0xBE, 0xFF, 0x1F, 0xE7, 0xDF, 0xFB, 0xFF, 0x18, 0x00, 0x07, 0xC0, 0x1F, 0xC0,
    0x39, 0x80, 0x63, 0x00, 0x38, 0x00, 0xF8, 0x01, 0xF8, 0x07, 0xF0, 0x0F, 0xE0, 0x1D, 0xE0, 0x7B,
    0xC0, 0xF7, 0x81, 0xE7, 0x87, 0x8F, 0x0F, 0xFE, 0x1F, 0xFE, 0x7F, 0xFC, 0xF0, 0x79, 0xE0, 0x7F,
    0x80, 0xF0, 0x1F, 0x03, 0xF0, 0xE7, 0x18, 0x60, 0xF0, 0x7F, 0x9F, 0xFB, 0xCF, 0x01, 0xE3, 0xFD,
    0xFF, 0xBE, 0xFF, 0x1F, 0xE7, 0xDF, 0xFB, 0xFF, 0x18, 0x00, 0xFF, 0x0E, 0xE0, 0xFC, 0x1D, 0x87,
    0xFD, 0xFF, 0xFF, 0xFF, 0xFF, 0xF0, 0x1E, 0x03, 0xC0, 0x7F, 0xEF, 0xFD, 0xFF, 0xBC, 0x07, 0x80,
    0xF0, 0x1F, 0xFF, 0xFF, 0xFF, 0xF0, 0x77, 0x07, 0xF8, 0x3B, 0x81, 0xD8, 0x0F, 0x01, 0xFC, 0x3F,
    0xE7, 0x9E, 0x70, 0xFF, 0xFF, 0xFF, 0xFF, 0xFE, 0x70, 0xE7, 0xDF, 0x3F, 0xE1, 0xFC, 0x06, 0x00,
    0x1F, 0x07, 0xF0, 0xC6, 0x18, 0xC7, 0xFD, 0xFF, 0xFF, 0xFF, 0xFF, 0xF0, 0x1E, 0x03, 0xC0, 0x7F,
    0xEF, 0xFD, 0xFF, 0xBC, 0x07, 0x80, 0xF0, 0x1F, 0xFF, 0xFF, 0xFF, 0xF0, 0x0F, 0x81, 0xFC, 0x39,
    0xC1, 0x0C, 0x0F, 0x01, 0xFC, 0x3F, 0xE7, 0x9E, 0x70, 0xFF, 0xFF, 0xFF, 0xFF, 0xFE, 0x70, 0xE7,
    0xDF, 0x3F, 0xE1, 0xFC, 0x06, 0x00, 0x77, 0x3F, 0x8E, 0xE3, 0x70, 0x60, 0x78, 0x3C, 0x1E, 0x0F,
    0x07, 0x83, 0xC1, 0xE0, 0xF0, 0x78, 0x3C, 0x1E, 0x0F, 0x07, 0x83, 0xC1, 0xE0, 0xF7, 0x3F, 0x8E,
    0xE3, 0x70, 0xE0, 0x78, 0x3C, 0x1E, 0x0F, 0x07, 0x83, 0xC1, 0xE0, 0xF0, 0x78, 0x3C, 0x1E, 0x7C,
    0xFE, 0xE7, 0xC2, 0x18, 0x3C, 0x3C, 0x3C, 0x3C, 0x3C, 0x3C, 0x3C, 0x3C, 0x3C, 0x3C, 0x3C, 0x3C,
    0x3C, 0x3C, 0x3C, 0x7C, 0xFE, 0xE7, 0xC6, 0x38, 0x3C, 0x3C, 0x3C, 0x3C, 0x3C, 0x3C, 0x3C, 0x3C,
    0x3C, 0x3C, 0x3C, 0x1D, 0xC0, 0x1F, 0xE0, 0x0E, 0xE0, 0x06, 0xE0, 0x03, 0xC0, 0x0F, 0xF0, 0x1F,
    0xF8, 0x3F, 0xFC, 0x7C, 0x3E, 0x78, 0x1E, 0x78, 0x1E, 0x70, 0x1E, 0x70, 0x0E, 0x70, 0x1E, 0x78,
    0x1E, 0x78, 0x1E, 0x7C, 0x3E, 0x3F, 0xFC, 0x1F, 0xF8, 0x0F, 0xF0, 0x01, 0x80, 0x77, 0x83, 0xB8,
    0x3F, 0x81, 0xD8, 0x0F, 0x01, 0xFC, 0x3F, 0xE7, 0xDF, 0x78, 0xFF, 0x0F, 0xF0, 0xFF, 0x0F, 0x78,
    0xF7, 0xFF, 0x3F, 0xE1, 0xFC, 0x06, 0x00, 0x07, 0xC0, 0x07, 0xE0, 0x0E, 0x70, 0x0C, 0x30, 0x03,
    0xC0, 0x0F, 0xF0, 0x1F, 0xF8, 0x3F, 0xFC, 0x7C, 0x3E, 0x78, 0x1E, 0x78, 0x1E, 0x70, 0x1E, 0x70,
    0x0E, 0x70, 0x1E, 0x78, 0x1E, 0x78, 0x1E, 0x7C, 0x3E, 0x3F, 0xFC, 0x1F, 0xF8, 0x0F, 0xF0, 0x01,
    0x80, 0x0F, 0x81, 0xFC, 0x39, 0xC1, 0x8C, 0x0F, 0x01, 0xFC, 0x3F, 0xE7, 0xDF, 0x78, 0xFF, 0x0F,
    0xF0, 0xFF, 0x0F, 0x78, 0xF7, 0xFF, 0x3F, 0xE1, 0xFC, 0x06, 0x00, 0xF7, 0x03, 0xB8, 0x0E, 0xE0,
    0x37, 0x07, 0xE0, 0x7F, 0xE3, 0xFF, 0x9F, 0xFE, 0xF0, 0xF7, 0x87, 0xBC, 0x3D, 0xE3, 0xEF, 0xFE,
    0x7F, 0xF3, 0xFF, 0x1E, 0x78, 0xF1, 0xE7, 0x8F, 0x3C, 0x3D, 0xE1, 0xE0, 0xFF, 0x3B, 0x8F, 0xE7,
    0x73, 0x99, 0xFC, 0xFE, 0x7F, 0x3C, 0x1E, 0x0F, 0x07, 0x83, 0xC1, 0xE0, 0xF0, 0x78, 0x1F, 0x01,
    0xFC, 0x0E, 0x70, 0x63, 0x07, 0xE0, 0x7F, 0xE3, 0xFF, 0x9F, 0xFE, 0xF0, 0xF7, 0x87, 0xBC, 0x3D,
    0xE3, 0xEF, 0xFE, 0x7F, 0xF3, 0xFF, 0x1E, 0x78, 0xF1, 0xE7, 0x8F, 0x3C, 0x3D, 0xE1, 0xE0, 0x7C,
    0xFE, 0xC6, 0xC6, 0xE6, 0xFE, 0xFE, 0xFE, 0xF0, 0xF0, 0xF0, 0xF0, 0xF0, 0xF0, 0xF0, 0xF0, 0x7F,
    0x81, 0xDC, 0x07, 0xF0, 0x3B, 0x86, 0x03, 0xF8, 0x3F, 0xC1, 0xFE, 0x0F, 0xF0, 0x7F, 0x83, 0xFC,
    0x1F, 0xE0, 0xFF, 0x07, 0xF8, 0x3F, 0xC1, 0xFE, 0x0F, 0xF8, 0xFB, 0xFF, 0x9F, 0xFC, 0x3F, 0xC0,
    0x70, 0x00, 0xFF, 0x0E, 0xE1, 0xFC, 0x1D, 0x8E, 0x0F, 0xE3, 0xFC, 0x7F, 0x8F, 0xF1, 0xFE, 0x3F,
    0xC7, 0xF8, 0xFF, 0x1F, 0xFF, 0xDF, 0xFB, 0xFF, 0x08, 0x00, 0x0F, 0x80, 0xFE, 0x06, 0x30, 0x31,
    0x86, 0x03, 0xF8, 0x3F, 0xC1, 0xFE, 0x0F, 0xF0, 0x7F, 0x83, 0xFC, 0x1F, 0xE0, 0xFF, 0x07, 0xF8,
    0x3F, 0xC1, 0xFE, 0x0F, 0xF8, 0xFB, 0xFF, 0x9F, 0xFC, 0x3F, 0xC0, 0x70, 0x00, 0x1F, 0x07, 0xF0,
    0xCE, 0x18, 0xCE, 0x0F, 0xE3, 0xFC, 0x7F, 0x8F, 0xF1, 0xFE, 0x3F, 0xC7, 0xF8, 0xFF, 0x1F, 0xFF,
    0xDF, 0xFB, 0xFF, 0x08, 0x00, 0x00, 0x00, 0x00, 0x00, 0x00, 0x00, 0x00, 0x1F, 0xC0, 0xFF, 0x87,
    0x07, 0x18, 0x0C, 0x60, 0x01, 0x80, 0x06, 0x00, 0x1C, 0x00, 0x3F, 0xC0, 0x7F, 0x80, 0x07, 0x00,
    0x0C, 0x00, 0x30, 0x00, 0xC6, 0x03, 0x1C, 0x1C, 0x3F, 0xE0, 0x7F, 0x00, 0x00, 0x01, 0x80, 0x06,
    0x00, 0x18, 0x00, 0xC0, 0x06, 0x00, 0x00, 0x00, 0x00, 0x00, 0x00, 0x00, 0x00, 0x00, 0x00, 0x00,
    0x00, 0x00, 0x00, 0x00, 0x00, 0x00, 0x7F, 0x03, 0xFE, 0x1C, 0x1C, 0x60, 0x01, 0xC0, 0x03, 0xFC,
    0x07, 0xF8, 0x00, 0x70, 0x00, 0xC0, 0x03, 0x1C, 0x1C, 0x3F, 0xE0, 0x7F, 0x00, 0x00, 0x01, 0x80,
    0x06, 0x00, 0x18, 0x00, 0xC0, 0x06, 0x00, 0x00, 0x00, 0x00, 0x00, 0x00, 0x00, 0x00, 0x7F, 0xF9,
    0xFF, 0xE0, 0x30, 0x00, 0xC0, 0x03, 0x00, 0x0C, 0x00, 0x30, 0x00, 0xC0, 0x03, 0x00, 0x0C, 0x00,
    0x30, 0x00, 0xC0, 0x03, 0x00, 0x0C, 0x00, 0x30, 0x00, 0xC0, 0x03, 0x00, 0x0C, 0x00, 0x00, 0x00,
    0xC0, 0x03, 0x00, 0x0C, 0x00, 0x60, 0x03, 0x00, 0x00, 0x00, 0x00, 0x00, 0x00, 0x00, 0x00, 0x06,
    0x00, 0x18, 0x00, 0x60, 0x01, 0x80, 0x06, 0x00, 0xFF, 0x03, 0xFC, 0x01, 0x80, 0x06, 0x00, 0x18,
    0x00, 0x60, 0x01, 0x80, 0x06, 0x00, 0x18, 0x00, 0x60, 0x01, 0x80, 0x07, 0xE0, 0x0F, 0x80, 0x00,
    0x00, 0x60, 0x01, 0x80, 0x06, 0x00, 0x30, 0x01, 0x80, 0x0F, 0x03, 0xFC, 0x7F, 0xEF, 0xFE, 0xF0,
    0xF0, 0x0F, 0x00, 0xF0, 0x1E, 0x03, 0xE1, 0xFE, 0x7F, 0xE7, 0xCF, 0x70, 0xF0, 0x0F, 0x01, 0xF0,
    0x1E, 0x07, 0xE3, 0xFC, 0x7F, 0x07, 0xC0, 0x60, 0x00, 0x1E, 0x1F, 0xEF, 0xFF, 0xCF, 0xE3, 0xC0,
    0xF0, 0x78, 0xFE, 0x7F, 0xDE, 0xF4, 0x3C, 0x0F, 0x07, 0x8F, 0xE7, 0xF1, 0xF0, 0x60, 0x00, 0x1D,
    0xE0, 0x7F, 0x00, 0xF8, 0x01, 0xC0, 0x60, 0x3B, 0xC0, 0xEF, 0x03, 0xBC, 0x0E, 0xF0, 0x3B, 0xC0,
    0xEF, 0x03, 0xBF, 0xFE, 0xFF, 0xFB, 0xFF, 0xEF, 0x03, 0xBC, 0x0E, 0xF0, 0x3B, 0xC0, 0xEF, 0x03,
    0xBC, 0x0E, 0x77, 0x81, 0xFC, 0x03, 0xE0, 0x07, 0x00, 0x0C, 0x00, 0x78, 0x01, 0xE0, 0x07, 0x80,
    0x1E, 0xE0, 0x7F, 0xE1, 0xFF, 0x87, 0xFF, 0x1E, 0x3C, 0x78, 0xF1, 0xE3, 0xC7, 0x8F, 0x1E, 0x3C,
    0x78, 0xF1, 0xE3, 0xC7, 0x8F, 0x1C, 0x00, 0x38, 0x00, 0x70, 0x00, 0x00, 0x00, 0x00, 0x00, 0x00,
    0x00, 0x00, 0x00, 0x00, 0x00, 0x00, 0x00, 0x00, 0x00, 0x00, 0x00, 0x00, 0x00, 0x00, 0x00, 0x00,
    0x00, 0x00, 0x00, 0x00, 0x00, 0x00, 0x00, 0x00, 0x00, 0x00, 0x00, 0x00, 0x00, 0x00, 0x00, 0x00,
    0x00, 0x00, 0x00, 0x00, 0x00, 0x00, 0x01, 0xC0, 0x0E, 0x00, 0x70, 0x00, 0x00, 0x00, 0x00, 0x00,
    0x00, 0x00, 0x00, 0x00, 0x00, 0x00, 0x00, 0x00, 0x00, 0x00, 0x00, 0x00, 0x00, 0x00, 0x00, 0x00,
    0x00, 0x00, 0x00, 0x00, 0x00, 0x00, 0x00, 0x00, 0x00, 0x00, 0x00, 0x00, 0x00, 0x00, 0x00, 0x00,
    0x00, 0x00, 0x00, 0x00, 0x00, 0x00, 0x00, 0x07, 0x00, 0x3E, 0x01, 0xDC, 0x00, 0x00, 0x00, 0x00,
    0x00, 0x00, 0x00, 0x00, 0x00, 0x00, 0x00, 0x00, 0x00, 0x00, 0x00, 0x00, 0x00, 0x00, 0x00, 0x00,
    0x00, 0x00, 0x00, 0x00, 0x00, 0x00, 0x00, 0x00, 0x00, 0x00, 0x00, 0x00, 0x00, 0x00, 0x00, 0x00,
    0x00, 0x00, 0x00, 0x00, 0x00, 0x00, 0x00, 0x00, 0x1E, 0x60, 0xFF, 0x83, 0x3C, 0x00, 0x00, 0x00,
    0x00, 0x00, 0x00, 0x00, 0x00, 0x00, 0x00, 0x00, 0x00, 0x00, 0x00, 0x00, 0x00, 0x00, 0x00, 0x00,
    0x00, 0x00, 0x00, 0x00, 0x00, 0x00, 0x00, 0x00, 0x00, 0x00, 0x00, 0x00, 0x00, 0x00, 0x00, 0x00,
    0x00, 0x00, 0x00, 0x00, 0x00, 0x00, 0x00, 0x00, 0x00, 0x1F, 0xC0, 0x7F, 0x00, 0x00, 0x00, 0x00,
    0x00, 0x00, 0x00, 0x00, 0x00, 0x00, 0x00, 0x00, 0x00, 0x00, 0x00, 0x00, 0x00, 0x00, 0x00, 0x00,
    0x00, 0x00, 0x00, 0x00, 0x00, 0x00, 0x00, 0x00, 0x00, 0x00, 0x00, 0x00, 0x00, 0x00, 0x00, 0x00,
    0x00, 0x00, 0x00, 0x00, 0x00, 0x00, 0x00, 0x00, 0x00, 0x00, 0x7F, 0xF1, 0xFF, 0xC0, 0x00, 0x00,
    0x00, 0x00, 0x00, 0x00, 0x00, 0x00, 0x00, 0x00, 0x00, 0x00, 0x00, 0x00, 0x00, 0x00, 0x00, 0x00,
    0x00, 0x00, 0x00, 0x00, 0x00, 0x00, 0x00, 0x00, 0x00, 0x00, 0x00, 0x00, 0x00, 0x00, 0x00, 0x00,
    0x00, 0x00, 0x00, 0x00, 0x00, 0x00, 0x00, 0x00, 0x00, 0x00, 0x00, 0x18, 0xC0, 0x7F, 0x00, 0xF8,
    0x00, 0x00, 0x00, 0x00, 0x00, 0x00, 0x00, 0x00, 0x00, 0x00, 0x00, 0x00, 0x00, 0x00, 0x00, 0x00,
    0x00, 0x00, 0x00, 0x00, 0x00, 0x00, 0x00, 0x00, 0x00, 0x00, 0x00, 0x00, 0x00, 0x00, 0x00, 0x00,
    0x00, 0x00, 0x00, 0x00, 0x00, 0x00, 0x00, 0x00, 0x00, 0x00, 0x00, 0x00, 0x03, 0x00, 0x0C, 0x00,
    0x30, 0x00, 0x00, 0x00, 0x00, 0x00, 0x00, 0x00, 0x00, 0x00, 0x00, 0x00, 0x00, 0x00, 0x00, 0x00,
    0x00, 0x00, 0x00, 0x00, 0x00, 0x00, 0x00, 0x00, 0x00, 0x00, 0x00, 0x00, 0x00, 0x00, 0x00, 0x00,
    0x00, 0x00, 0x00, 0x00, 0x00, 0x00, 0x00, 0x00, 0x00, 0x00, 0x00, 0x00, 0x00, 0x18, 0xC0, 0x63,
    0x01, 0x8C, 0x00, 0x00, 0x00, 0x00, 0x00, 0x00, 0x00, 0x00, 0x00, 0x00, 0x00, 0x00, 0x00, 0x00,
    0x00, 0x00, 0x00, 0x00, 0x00, 0x00, 0x00, 0x00, 0x00, 0x00, 0x00, 0x00, 0x00, 0x00, 0x00, 0x00,
    0x00, 0x00, 0x00, 0x00, 0x00, 0x00, 0x00, 0x00, 0x00, 0x00, 0x00, 0x00, 0x00, 0x00, 0xFF, 0x76,
    0x07, 0x80, 0x33, 0x00, 0xCC, 0x01, 0xE0, 0x00, 0x00, 0x00, 0x00, 0x00, 0x00, 0x00, 0x00, 0x00,
    0x00, 0x00, 0x00, 0x00, 0x00, 0x00, 0x00, 0x00, 0x00, 0x00, 0x00, 0x00, 0x00, 0x00, 0x00, 0x00,
    0x00, 0x00, 0x00, 0x00, 0x00, 0x00, 0x00, 0x00, 0x00, 0x00, 0x00, 0x00, 0x00, 0x00, 0x00, 0x00,
    0x00, 0x07, 0x38, 0x39, 0xC1, 0xCE, 0x00, 0x00, 0x00, 0x00, 0x00, 0x00, 0x00, 0x00, 0x00, 0x00,
    0x00, 0x00, 0x00, 0x00, 0x00, 0x00, 0x00, 0x00, 0x00, 0x00, 0x00, 0x00, 0x00, 0x00, 0x00, 0x00,
    0x00, 0x00, 0x00, 0x00, 0x00, 0x00, 0x00, 0x00, 0x00, 0x00, 0x00, 0x00, 0x00, 0x00, 0x00, 0x00,
    0x00, 0x00, 0x1D, 0xC0, 0x3E, 0x00, 0x70, 0x00, 0x00, 0x00, 0x00, 0x00, 0x00, 0x00, 0x00, 0x00,
    0x00, 0x00, 0x00, 0x00, 0x00, 0x00, 0x00, 0x00, 0x00, 0x00, 0x00, 0x00, 0x00, 0x00, 0x00, 0x00,
    0x00, 0x00, 0x00, 0x00, 0x00, 0x00, 0x00, 0x00, 0x00, 0x00, 0x00, 0x00, 0x00, 0x00, 0x00, 0x00,
    0x00, 0x00, 0x00, 0xF7, 0x3B, 0x8E, 0xE3, 0x70, 0x73, 0x9C, 0xE7, 0x30, 0x00, 0x73, 0x9C, 0xE7,
    0x30, 0x00, 0x77, 0xFE, 0xEC, 0xEF, 0xF6, 0x77, 0x76, 0x60, 0x43, 0x3C, 0x7F, 0x70, 0x31, 0xEF,
    0x3E, 0x7C, 0xE0, 0x00, 0x00, 0x00, 0x00, 0x00, 0x00, 0x00, 0x00, 0x00, 0x00, 0x00, 0x00, 0x00,
    0x00, 0x00, 0x00, 0x00, 0x00, 0x00, 0x00, 0x00, 0x00, 0x00, 0x00, 0x00, 0x00, 0x00, 0x00, 0x00,
    0x00, 0x00, 0x00, 0x00, 0x00, 0x00, 0x00, 0x00, 0x00, 0x00, 0x00, 0x00, 0xC0, 0x03, 0x00, 0x0C,
    0x00, 0x00, 0x00, 0x00, 0x77, 0xBF, 0x8F, 0x83, 0x80, 0x01, 0x81, 0xC0, 0xC0, 0xE0, 0x60, 0x70,
    0x30, 0x38, 0x18, 0x1C, 0x0C, 0x0E, 0x06, 0x07, 0x03, 0x00, 0x00, 0x30, 0x01, 0x80, 0x18, 0x01,
    0xC0, 0x0C, 0x00, 0xE0, 0x06, 0x00, 0x60, 0x07, 0x00, 0x30, 0x03, 0x80, 0x18, 0x01, 0x80, 0x1C,
    0x00, 0xC0, 0x0E, 0x00, 0x60, 0x00, 0x3B, 0x7F, 0x7F, 0x00, 0x73, 0xBD, 0xC0, 0x7F, 0x7F, 0xBF,
    0xDC, 0x6E, 0x30, 0xFE, 0xFE, 0xFE, 0xFE, 0xFE, 0xFE, 0x03, 0x7D, 0xF7, 0xDF, 0x70, 0xFF, 0xC6,
    0x31, 0x80, 0x00, 0x3F, 0xBF, 0xDF, 0xED, 0xC0, 0x00, 0x1C, 0x1E, 0x0F, 0x0F, 0x6F, 0xF7, 0xF9,
    0x70, 0x78, 0x3C, 0x04, 0x00, 0x73, 0xFF, 0xBB, 0xCF, 0xFF, 0xF6, 0x30, 0x33, 0x8F, 0xFB, 0xFF,
    0x3F, 0xC3, 0x30, 0x03, 0xBF, 0xF7, 0x30, 0x80, 0x78, 0x3F, 0x87, 0xE1, 0xFF, 0xFB, 0xF1, 0xC0,
    0x00, 0x00, 0x7F, 0x76, 0x00, 0x3E, 0x7F, 0xE7, 0x1C, 0x3C, 0x1C, 0x08, 0x43, 0xE7, 0x9E, 0xF8,
    0x00, 0x04, 0xFF, 0xBE, 0x7C, 0x30, 0x40, 0xF1, 0xF9, 0xF7, 0xC8, 0x00, 0x80, 0x8F, 0x1C, 0xFD,
    0xC7, 0xFE, 0xFB, 0x6C, 0x36, 0x0E, 0x77, 0xEE, 0xEF, 0xF6, 0x21, 0x3E, 0xEF, 0x28, 0x22, 0x3F,
    0xB7, 0x7B, 0xB7, 0xF0, 0x67, 0xFF, 0xF3, 0x00, 0xE0, 0x07, 0x78, 0x0F, 0x7F, 0xFE, 0x1F, 0xF8,
    0x03, 0xC0, 0x60, 0x03, 0x3C, 0x07, 0x8F, 0xFF, 0x83, 0xFF, 0x80, 0x1C, 0x00, 0x7F, 0xFF, 0xFF,
    0xDF, 0xFE, 0x7F, 0xFF, 0xFF, 0xDF, 0xFE, 0x1F, 0x00, 0x0D, 0xFF, 0xFF, 0xF7, 0xFF, 0xFF, 0xD8,
    0x00, 0x7C, 0x00, 0x00, 0x07, 0xFC, 0x0F, 0xFF, 0x8F, 0x01, 0xE7, 0x00, 0x70, 0x00, 0x07, 0x0F,
    0xFF, 0xF3, 0xFF, 0xFF, 0x3F, 0xFF, 0xC0, 0x00, 0x70, 0x7C, 0xF9, 0xF3, 0xE7, 0xCF, 0x80, 0x7C,
    0xF9, 0xF7, 0xE7, 0xCF, 0x80, 0x1D, 0xFF, 0xFF, 0xE0, 0x7C, 0xFB, 0xBF, 0x77, 0xCF, 0x80, 0x6C,
    0xD9, 0xB3, 0x67, 0xCF, 0x80, 0x7D, 0xF6, 0xD9, 0x7D, 0xF0, 0x0C, 0x18, 0x33, 0xE7, 0xDD, 0xBB,
    0x3E, 0x7C, 0x60, 0xC1, 0x83, 0xE7, 0xCD, 0x9B, 0x36, 0x6C, 0xFF, 0x7F, 0xF7, 0x7B, 0xBD, 0xDE,
    0xEC, 0xFF, 0xCC, 0xCC, 0x66, 0xFF, 0x66, 0x77, 0x6C, 0xD9, 0xF1, 0xC3, 0x87, 0x00, 0x6C, 0xF8,
    0xE1, 0xC7, 0xCD, 0x80, 0x1C, 0x00, 0x38, 0x00, 0x70, 0x00, 0x00, 0x7F, 0xF1, 0xFF, 0xC6, 0x00,
    0x18, 0x00, 0x60, 0x01, 0x80, 0x06, 0x00, 0x18, 0x00, 0x7F, 0x81, 0xFE, 0x06, 0x00, 0x18, 0x00,
    0x60, 0x01, 0x80, 0x06, 0x00, 0x18, 0x00, 0x7F, 0xF1, 0xFF, 0xC0, 0x00, 0x00, 0x00, 0x00, 0x00,
    0x00, 0x00, 0x00, 0x00, 0x00, 0x18, 0xC0, 0x63, 0x01, 0x8C, 0x00, 0x00, 0x7F, 0xF1, 0xFF, 0xC6,
    0x00, 0x18, 0x00, 0x60, 0x01, 0x80, 0x06, 0x00, 0x18, 0x00, 0x7F, 0x81, 0xFE, 0x06, 0x00, 0x18,
    0x00, 0x60, 0x01, 0x80, 0x06, 0x00, 0x18, 0x00, 0x7F, 0xF1, 0xFF, 0xC0, 0x00, 0x00, 0x00, 0x00,
    0x00, 0x00, 0x00, 0x00, 0x00, 0x00, 0x00, 0x00, 0x00, 0x00, 0x00, 0x00, 0x00, 0xFC, 0x03, 0xF0,
    0x03, 0x00, 0x0C, 0x00, 0x30, 0x00, 0xC0, 0x03, 0xFC, 0x0F, 0xF8, 0x30, 0x70, 0xC0, 0xC3, 0x03,
    0x0C, 0x0C, 0x30, 0x30, 0xC0, 0xC3, 0x03, 0x0C, 0x1C, 0x31, 0xE0, 0xC7, 0x00, 0x00, 0x00, 0x00,
    0x00, 0x00, 0x00, 0x00, 0x00, 0x00, 0x00, 0x01, 0xC0, 0x0E, 0x00, 0x70, 0x00, 0x00, 0x7F, 0xF1,
    0xFF, 0xC6, 0x00, 0x18, 0x00, 0x60, 0x01, 0x80, 0x06, 0x00, 0x18, 0x00, 0x60, 0x01, 0x80, 0x06,
    0x00, 0x18, 0x00, 0x60, 0x01, 0x80, 0x06, 0x00, 0x18, 0x00, 0x60, 0x01, 0x80, 0x00, 0x00, 0x00,
    0x00, 0x00, 0x00, 0x00, 0x00, 0x00, 0x00, 0x00, 0x00, 0x00, 0x00, 0x00, 0x00, 0x00, 0x00, 0x1F,
    0xC0, 0xFF, 0x87, 0x07, 0x18, 0x0C, 0x60, 0x01, 0x80, 0x06, 0x00, 0x18, 0x00, 0x7F, 0x81, 0xFE,
    0x06, 0x00, 0x18, 0x00, 0x60, 0x01, 0x80, 0x06, 0x03, 0x1C, 0x1C, 0x3F, 0xE0, 0x7F, 0x00, 0x00,
    0x00, 0x00, 0x00, 0x00, 0x00, 0x00, 0x00, 0x00, 0x00, 0x00, 0x00, 0x00, 0x00, 0x00, 0x00, 0x00,
    0x1F, 0xC0, 0xFF, 0x87, 0x07, 0x18, 0x0C, 0x60, 0x01, 0x80, 0x06, 0x00, 0x1C, 0x00, 0x3F, 0xC0,
    0x7F, 0x80, 0x07, 0x00, 0x0C, 0x00, 0x30, 0x00, 0xC6, 0x03, 0x1C, 0x1C, 0x3F, 0xE0, 0x7F, 0x00,
    0x00, 0x00, 0x00, 0x00, 0x00, 0x00, 0x00, 0x00, 0x00, 0x00, 0x00, 0x00, 0x00, 0x00, 0x00, 0x00,
    0x00, 0x0F, 0xC0, 0x3F, 0x00, 0x30, 0x00, 0xC0, 0x03, 0x00, 0x0C, 0x00, 0x30, 0x00, 0xC0, 0x03,
    0x00, 0x0C, 0x00, 0x30, 0x00, 0xC0, 0x03, 0x00, 0x0C, 0x00, 0x30, 0x00, 0xC0, 0x0F, 0xC0, 0x3F,
    0x00, 0x00, 0x00, 0x00, 0x00, 0x00, 0x00, 0x00, 0x00, 0x00, 0x00, 0x18, 0xC0, 0x63, 0x01, 0x8C,
    0x00, 0x00, 0x0F, 0xC0, 0x3F, 0x00, 0x30, 0x00, 0xC0, 0x03, 0x00, 0x0C, 0x00, 0x30, 0x00, 0xC0,
    0x03, 0x00, 0x0C, 0x00, 0x30, 0x00, 0xC0, 0x03, 0x00, 0x0C, 0x00, 0x30, 0x00, 0xC0, 0x0F, 0xC0,
    0x3F, 0x00, 0x00, 0x00, 0x00, 0x00, 0x00, 0x00, 0x00, 0x00, 0x00, 0x00, 0x00, 0x00, 0x00, 0x00,
    0x00, 0x00, 0x00, 0x01, 0xF8, 0x07, 0xE0, 0x06, 0x00, 0x18, 0x00, 0x60, 0x01, 0x80, 0x06, 0x00,
    0x18, 0x00, 0x60, 0x01, 0x80, 0x06, 0x00, 0x18, 0x60, 0x61, 0x81, 0x86, 0x06, 0x1C, 0x38, 0x3F,
    0xC0, 0x7E, 0x00, 0x00, 0x00, 0x00, 0x00, 0x00, 0x00, 0x00, 0x00, 0x00, 0x00, 0x00, 0x00, 0x00,
    0x00, 0x00, 0x00, 0x00, 0x1F, 0x00, 0xFC, 0x07, 0x30, 0x18, 0xC0, 0x63, 0x01, 0x8C, 0x06, 0x30,
    0x18, 0xF8, 0x63, 0xF1, 0x8C, 0xE6, 0x31, 0x98, 0xC6, 0x63, 0x19, 0x8C, 0x66, 0x31, 0x98, 0xCE,
    0xE3, 0xF3, 0x0F, 0x80, 0x00, 0x00, 0x00, 0x00, 0x00, 0x00, 0x00, 0x00, 0x00, 0x00, 0x00, 0x00,
    0x00, 0x00, 0x00, 0x00, 0x00, 0x63, 0x01, 0x8C, 0x06, 0x30, 0x18, 0xC0, 0x63, 0x01, 0x8C, 0x06,
    0x30, 0x18, 0xF8, 0x7F, 0xF1, 0xFC, 0xE6, 0x31, 0x98, 0xC6, 0x63, 0x19, 0x8C, 0x66, 0x31, 0x98,
    0xCE, 0x63, 0xF1, 0x8F, 0x80, 0x00, 0x00, 0x00, 0x00, 0x00, 0x00, 0x00, 0x00, 0x00, 0x00, 0x00,
    0x00, 0x00, 0x00, 0x00, 0x00, 0x00, 0xFC, 0x03, 0xF0, 0x03, 0x00, 0x0C, 0x00, 0x30, 0x00, 0xC0,
    0x03, 0xFC, 0x0F, 0xF8, 0x30, 0x70, 0xC0, 0xC3, 0x03, 0x0C, 0x0C, 0x30, 0x30, 0xC0, 0xC3, 0x03,
    0x0C, 0x0C, 0x30, 0x30, 0xC0, 0xC0, 0x00, 0x00, 0x00, 0x00, 0x00, 0x00, 0x00, 0x00, 0x00, 0x00,
    0x01, 0xC0, 0x0E, 0x00, 0x70, 0x00, 0x00, 0x60, 0x31, 0x81, 0xC6, 0x0E, 0x18, 0x70, 0x63, 0x81,
    0x9C, 0x06, 0xE0, 0x1F, 0x00, 0x78, 0x01, 0xE0, 0x07, 0xC0, 0x1B, 0x80, 0x67, 0x01, 0x8E, 0x06,
    0x1C, 0x18, 0x38, 0x60, 0x71, 0x80, 0xC0, 0x00, 0x00, 0x00, 0x00, 0x00, 0x00, 0x00, 0x00, 0x00,
    0x00, 0x1C, 0x00, 0x38, 0x00, 0x70, 0x00, 0x00, 0x60, 0x31, 0x80, 0xC6, 0x03, 0x18, 0x0C, 0x60,
    0x71, 0x83, 0xC6, 0x1F, 0x18, 0xEC, 0x67, 0x31, 0xB8, 0xC7, 0xC3, 0x1E, 0x0C, 0x70, 0x31, 0x80,
    0xC6, 0x03, 0x18, 0x0C, 0x60, 0x31, 0x80, 0xC0, 0x00, 0x00, 0x00, 0x00, 0x00, 0x00, 0x00, 0x00,
    0x00, 0x00, 0x18, 0xC0, 0x7F, 0x00, 0xF8, 0x00, 0x00, 0x60, 0x31, 0x80, 0xC6, 0x03, 0x18, 0x0C,
    0x60, 0x31, 0x80, 0xC6, 0x03, 0x18, 0x0C, 0x70, 0x30, 0xFF, 0xC1, 0xFF, 0x00, 0x0C, 0x00, 0x30,
    0x00, 0xC0, 0x03, 0x00, 0x1C, 0x3F, 0xE0, 0xFF, 0x00, 0x00, 0x00, 0x00, 0x00, 0x00, 0x00, 0x00,
    0x00, 0x00, 0x00, 0x00, 0x00, 0x00, 0x00, 0x00, 0x00, 0x00, 0x60, 0x19, 0x80, 0x66, 0x01, 0x98,
    0x06, 0x60, 0x19, 0x80, 0x66, 0x01, 0x98, 0x06, 0x60, 0x19, 0x80, 0x66, 0x01, 0x98, 0x06, 0x60,
    0x19, 0x80, 0x66, 0x01, 0x98, 0x06, 0x7F, 0xF9, 0xFF, 0xE0, 0x30, 0x00, 0xC0, 0x03, 0x00, 0x0C,
    0x00, 0x00, 0x00, 0x00, 0x00, 0x00, 0x00, 0x00, 0x00, 0x00, 0x00, 0x1F, 0xC0, 0xFF, 0x87, 0x07,
    0x18, 0x0C, 0x60, 0x31, 0x80, 0xC6, 0x03, 0x18, 0x0C, 0x60, 0x31, 0xFF, 0xC7, 0xFF, 0x18, 0x0C,
    0x60, 0x31, 0x80, 0xC6, 0x03, 0x18, 0x0C, 0x60, 0x31, 0x80, 0xC0, 0x00, 0x00, 0x00, 0x00, 0x00,
    0x00, 0x00, 0x00, 0x00, 0x00, 0x00, 0x00, 0x00, 0x00, 0x00, 0x00, 0x00, 0x7F, 0xE1, 0xFF, 0x86,
    0x00, 0x18, 0x00, 0x60, 0x01, 0x80, 0x06, 0x00, 0x1F, 0xF0, 0x7F, 0xE1, 0x81, 0xC6, 0x03, 0x18,
    0x0C, 0x60, 0x31, 0x80, 0xC6, 0x03, 0x18, 0x1C, 0x7F, 0xE1, 0xFF, 0x00, 0x00, 0x00, 0x00, 0x00,
    0x00, 0x00, 0x00, 0x00, 0x00, 0x00, 0x00, 0x00, 0x00, 0x00, 0x00, 0x00, 0x00, 0x7F, 0xC1, 0xFF,
    0x86, 0x07, 0x18, 0x0C, 0x60, 0x31, 0x80, 0xC6, 0x06, 0x1F, 0xF0, 0x7F, 0xC1, 0x81, 0x86, 0x03,
    0x18, 0x0C, 0x60, 0x31, 0x80, 0xC6, 0x03, 0x18, 0x1C, 0x7F, 0xE1, 0xFF, 0x00, 0x00, 0x00, 0x00,
    0x00, 0x00, 0x00, 0x00, 0x00, 0x00, 0x00, 0x00, 0x00, 0x00, 0x00, 0x00, 0x00, 0x00, 0x7F, 0xF1,
    0xFF, 0xC6, 0x00, 0x18, 0x00, 0x60, 0x01, 0x80, 0x06, 0x00, 0x18, 0x00, 0x60, 0x01, 0x80, 0x06,
    0x00, 0x18, 0x00, 0x60, 0x01, 0x80, 0x06, 0x00, 0x18, 0x00, 0x60, 0x01, 0x80, 0x00, 0x00, 0x00,
    0x00, 0x00, 0x00, 0x00, 0x00, 0x00, 0x00, 0x00, 0x00, 0x00, 0x00, 0x00, 0x00, 0x00, 0x00, 0x07,
    0xF0, 0x3F, 0xC1, 0xC3, 0x06, 0x0C, 0x18, 0x30, 0x60, 0xC1, 0x83, 0x06, 0x0C, 0x18, 0x30, 0x60,
    0xC1, 0x83, 0x06, 0x0C, 0x18, 0x30, 0x60, 0xC1, 0x83, 0x06, 0x0C, 0x3F, 0xF1, 0xFF, 0xE6, 0x01,
    0x98, 0x06, 0x60, 0x18, 0x00, 0x00, 0x00, 0x00, 0x00, 0x00, 0x00, 0x00, 0x00, 0x00, 0x00, 0x00,
    0x7F, 0xF1, 0xFF, 0xC6, 0x00, 0x18, 0x00, 0x60, 0x01, 0x80, 0x06, 0x00, 0x18, 0x00, 0x7F, 0x81,
    0xFE, 0x06, 0x00, 0x18, 0x00, 0x60, 0x01, 0x80, 0x06, 0x00, 0x18, 0x00, 0x7F, 0xF1, 0xFF, 0xC0,
    0x00, 0x00, 0x00, 0x00, 0x00, 0x00, 0x00, 0x00, 0x00, 0x00, 0x00, 0x00, 0x00, 0x00, 0x00, 0x00,
    0x00, 0x63, 0x19, 0x8C, 0x66, 0x31, 0x98, 0xC6, 0x63, 0x19, 0xCC, 0xE3, 0xB7, 0x07, 0xF8, 0x0F,
    0xC0, 0x7F, 0x83, 0xB7, 0x1C, 0xCE, 0x63, 0x19, 0x8C, 0x66, 0x31, 0x98, 0xC6, 0x63, 0x19, 0x8C,
    0x60, 0x00, 0x00, 0x00, 0x00, 0x00, 0x00, 0x00, 0x00, 0x00, 0x00, 0x00, 0x00, 0x00, 0x00, 0x00,
    0x00, 0x00, 0x1F, 0xC0, 0xFF, 0x87, 0x07, 0x18, 0x0C, 0x00, 0x30, 0x00, 0xC0, 0x03, 0x00, 0x1C,
    0x0F, 0xE0, 0x3F, 0x80, 0x07, 0x00, 0x0C, 0x00, 0x30, 0x00, 0xC6, 0x03, 0x1C, 0x1C, 0x3F, 0xE0,
    0x7F, 0x00, 0x00, 0x00, 0x00, 0x00, 0x00, 0x00, 0x00, 0x00, 0x00, 0x00, 0x00, 0x00, 0x00, 0x00,
    0x00, 0x00, 0x00, 0x60, 0x31, 0x80, 0xC6, 0x03, 0x18, 0x0C, 0x60, 0x71, 0x83, 0xC6, 0x1F, 0x18,
    0xEC, 0x67, 0x31, 0xB8, 0xC7, 0xC3, 0x1E, 0x0C, 0x70, 0x31, 0x80, 0xC6, 0x03, 0x18, 0x0C, 0x60,
    0x31, 0x80, 0xC0, 0x00, 0x00, 0x00, 0x00, 0x00, 0x00, 0x00, 0x00, 0x00, 0x00, 0x18, 0xC0, 0x7F,
    0x00, 0xF8, 0x00, 0x00, 0x60, 0x31, 0x80, 0xC6, 0x03, 0x18, 0x0C, 0x60, 0x71, 0x83, 0xC6, 0x1F,
    0x18, 0xEC, 0x67, 0x31, 0xB8, 0xC7, 0xC3, 0x1E, 0x0C, 0x70, 0x31, 0x80, 0xC6, 0x03, 0x18, 0x0C,
    0x60, 0x31, 0x80, 0xC0, 0x00, 0x00, 0x00, 0x00, 0x00, 0x00, 0x00, 0x00, 0x00, 0x00, 0x00, 0x00,
    0x00, 0x00, 0x00, 0x00, 0x00, 0x60, 0x31, 0x81, 0xC6, 0x0E, 0x18, 0x70, 0x63, 0x81, 0x9C, 0x06,
    0xE0, 0x1F, 0x00, 0x78, 0x01, 0xE0, 0x07, 0xC0, 0x1B, 0x80, 0x67, 0x01, 0x8E, 0x06, 0x1C, 0x18,
    0x38, 0x60, 0x71, 0x80, 0xC0, 0x00, 0x00, 0x00, 0x00, 0x00, 0x00, 0x00, 0x00, 0x00, 0x00, 0x00,
    0x00, 0x00, 0x00, 0x00, 0x00, 0x00, 0x07, 0xF0, 0x3F, 0xC1, 0xC3, 0x06, 0x0C, 0x18, 0x30, 0x60,
    0xC1, 0x83, 0x06, 0x0C, 0x18, 0x30, 0x60, 0xC1, 0x83, 0x06, 0x0C, 0x18, 0x30, 0x60, 0xC1, 0x83,
    0x06, 0x0C, 0x38, 0x31, 0xC0, 0xC0, 0x00, 0x00, 0x00, 0x00, 0x00, 0x00, 0x00, 0x00, 0x00, 0x00,
    0x00, 0x00, 0x00, 0x00, 0x00, 0x00, 0x00, 0x60, 0x19, 0x80, 0x67, 0x03, 0x9E, 0x1E, 0x7C, 0xF9,
    0xBF, 0x66, 0x79, 0x98, 0xC6, 0x60, 0x19, 0x80, 0x66, 0x01, 0x98, 0x06, 0x60, 0x19, 0x80, 0x66,
    0x01, 0x98, 0x06, 0x60, 0x19, 0x80, 0x60, 0x00, 0x00, 0x00, 0x00, 0x00, 0x00, 0x00, 0x00, 0x00,
    0x00, 0x00, 0x00, 0x00, 0x00, 0x00, 0x00, 0x00, 0x60, 0x31, 0x80, 0xC6, 0x03, 0x18, 0x0C, 0x60,
    0x31, 0x80, 0xC6, 0x03, 0x18, 0x0C, 0x7F, 0xF1, 0xFF, 0xC6, 0x03, 0x18, 0x0C, 0x60, 0x31, 0x80,
    0xC6, 0x03, 0x18, 0x0C, 0x60, 0x31, 0x80, 0xC0, 0x00, 0x00, 0x00, 0x00, 0x00, 0x00, 0x00, 0x00,
    0x00, 0x00, 0x00, 0x00, 0x00, 0x00, 0x00, 0x00, 0x00, 0x1F, 0xC0, 0xFF, 0x87, 0x07, 0x18, 0x0C,
    0x60, 0x31, 0x80, 0xC6, 0x03, 0x18, 0x0C, 0x60, 0x31, 0x80, 0xC6, 0x03, 0x18, 0x0C, 0x60, 0x31,
    0x80, 0xC6, 0x03, 0x1C, 0x1C, 0x3F, 0xE0, 0x7F, 0x00, 0x00, 0x00, 0x00, 0x00, 0x00, 0x00, 0x00,
    0x00, 0x00, 0x00, 0x00, 0x00, 0x00, 0x00, 0x00, 0x00, 0x00, 0x7F, 0xF1, 0xFF, 0xC6, 0x03, 0x18,
    0x0C, 0x60, 0x31, 0x80, 0xC6, 0x03, 0x18, 0x0C, 0x60, 0x31, 0x80, 0xC6, 0x03, 0x18, 0x0C, 0x60,
    0x31, 0x80, 0xC6, 0x03, 0x18, 0x0C, 0x60, 0x31, 0x80, 0xC0, 0x00, 0x00, 0x00, 0x00, 0x00, 0x00,
    0x00, 0x00, 0x00, 0x00, 0x00, 0x00, 0x00, 0x00, 0x00, 0x00, 0x00, 0x7F, 0xC1, 0xFF, 0x86, 0x07,
    0x18, 0x0C, 0x60, 0x31, 0x80, 0xC6, 0x03, 0x18, 0x0C, 0x60, 0x71, 0xFF, 0x87, 0xFC, 0x18, 0x00,
    0x60, 0x01, 0x80, 0x06, 0x00, 0x18, 0x00, 0x60, 0x01, 0x80, 0x00, 0x00, 0x00, 0x00, 0x00, 0x00,
    0x00, 0x00, 0x00, 0x00, 0x00, 0x00, 0x00, 0x00, 0x00, 0x00, 0x00, 0x00, 0x1F, 0xC0, 0xFF, 0x87,
    0x07, 0x18, 0x0C, 0x60, 0x31, 0x80, 0x06, 0x00, 0x18, 0x00, 0x60, 0x01, 0x80, 0x06, 0x00, 0x18,
    0x00, 0x60, 0x01, 0x80, 0xC6, 0x03, 0x1C, 0x1C, 0x3F, 0xE0, 0x7F, 0x00, 0x00, 0x00, 0x00, 0x00,
    0x00, 0x00, 0x00, 0x00, 0x00, 0x00, 0x00, 0x00, 0x00, 0x00, 0x00, 0x00, 0x00, 0x7F, 0xF9, 0xFF,
    0xE0, 0x30, 0x00, 0xC0, 0x03, 0x00, 0x0C, 0x00, 0x30, 0x00, 0xC0, 0x03, 0x00, 0x0C, 0x00, 0x30,
    0x00, 0xC0, 0x03, 0x00, 0x0C, 0x00, 0x30, 0x00, 0xC0, 0x03, 0x00, 0x0C, 0x00, 0x00, 0x00, 0x00,
    0x00, 0x00, 0x00, 0x00, 0x00, 0x00, 0x00, 0x00, 0x00, 0x00, 0x00, 0x00, 0x00, 0x00, 0x60, 0x31,
    0x80, 0xC6, 0x03, 0x18, 0x0C, 0x60, 0x31, 0x80, 0xC6, 0x03, 0x18, 0x0C, 0x70, 0x30, 0xFF, 0xC1,
    0xFF, 0x00, 0x0C, 0x00, 0x30, 0x00, 0xC0, 0x03, 0x00, 0x1C, 0x3F, 0xE0, 0xFF, 0x00, 0x00, 0x00,
    0x00, 0x00, 0x00, 0x00, 0x00, 0x00, 0x00, 0x00, 0x00, 0x00, 0x00, 0x00, 0x30, 0x00, 0xC0, 0x1F,
    0xE0, 0xFF, 0xC7, 0x33, 0x98, 0xC6, 0x63, 0x19, 0x8C, 0x66, 0x31, 0x98, 0xC6, 0x63, 0x19, 0x8C,
    0x66, 0x31, 0x98, 0xC6, 0x63, 0x19, 0x8C, 0x66, 0x31, 0x9C, 0xCE, 0x3F, 0xF0, 0x7F, 0x80, 0x30,
    0x00, 0xC0, 0x00, 0x00, 0x00, 0x00, 0x00, 0x00, 0x00, 0x00, 0x00, 0x00, 0x00, 0x00, 0x00, 0x00,
    0x60, 0x31, 0x80, 0xC3, 0x06, 0x0C, 0x18, 0x18, 0xC0, 0x63, 0x00, 0xD8, 0x03, 0x60, 0x07, 0x00,
    0x1C, 0x00, 0xD8, 0x03, 0x60, 0x18, 0xC0, 0x63, 0x03, 0x06, 0x0C, 0x18, 0x60, 0x31, 0x80, 0xC0,
    0x00, 0x00, 0x00, 0x00, 0x00, 0x00, 0x00, 0x00, 0x00, 0x00, 0x00, 0x00, 0x00, 0x00, 0x00, 0x00,
    0x00, 0x60, 0x31, 0x80, 0xC6, 0x03, 0x18, 0x0C, 0x60, 0x31, 0x80, 0xC6, 0x03, 0x18, 0x0C, 0x60,
    0x31, 0x80, 0xC6, 0x03, 0x18, 0x0C, 0x60, 0x31, 0x80, 0xC6, 0x03, 0x1C, 0x0C, 0x3F, 0xF8, 0x7F,
    0xE0, 0x01, 0x80, 0x06, 0x00, 0x18, 0x00, 0x60, 0x00, 0x00, 0x00, 0x00, 0x00, 0x00, 0x00, 0x00,
    0x00, 0x00, 0x60, 0x31, 0x80, 0xC6, 0x03, 0x18, 0x0C, 0x60, 0x31, 0x80, 0xC6, 0x03, 0x1C, 0x0C,
    0x3F, 0xF0, 0x7F, 0xC0, 0x03, 0x00, 0x0C, 0x00, 0x30, 0x00, 0xC0, 0x03, 0x00, 0x0C, 0x00, 0x30,
    0x00, 0xC0, 0x00, 0x00, 0x00, 0x00, 0x00, 0x00, 0x00, 0x00, 0x00, 0x00, 0x00, 0x00, 0x00, 0x00,
    0x00, 0x00, 0x00, 0x63, 0x19, 0x8C, 0x66, 0x31, 0x98, 0xC6, 0x63, 0x19, 0x8C, 0x66, 0x31, 0x98,
    0xC6, 0x63, 0x19, 0x8C, 0x66, 0x31, 0x98, 0xC6, 0x63, 0x19, 0x8C, 0x66, 0x31, 0x9C, 0xC6, 0x3F,
    0xF8, 0x7F, 0xE0, 0x00, 0x00, 0x00, 0x00, 0x00, 0x00, 0x00, 0x00, 0x00, 0x00, 0x00, 0x00, 0x00,
    0x00, 0x00, 0x00, 0x00, 0x63, 0x19, 0x8C, 0x66, 0x31, 0x98, 0xC6, 0x63, 0x19, 0x8C, 0x66, 0x31,
    0x98, 0xC6, 0x63, 0x19, 0x8C, 0x66, 0x31, 0x98, 0xC6, 0x63, 0x19, 0x8C, 0x66, 0x31, 0x9C, 0xC6,
    0x3F, 0xFC, 0x7F, 0xF0, 0x00, 0xC0, 0x03, 0x00, 0x0C, 0x00, 0x30, 0x00, 0x00, 0x00, 0x00, 0x00,
    0x00, 0x00, 0x00, 0x00, 0x00, 0xF0, 0x03, 0xC0, 0x03, 0x00, 0x0C, 0x00, 0x30, 0x00, 0xC0, 0x03,
    0xFE, 0x0F, 0xFC, 0x30, 0x38, 0xC0, 0x63, 0x01, 0x8C, 0x06, 0x30, 0x18, 0xC0, 0x63, 0x01, 0x8C,
    0x0E, 0x3F, 0xF0, 0xFF, 0x80, 0x00, 0x00, 0x00, 0x00, 0x00, 0x00, 0x00, 0x00, 0x00, 0x00, 0x00,
    0x00, 0x00, 0x00, 0x00, 0x00, 0x00, 0x60, 0x19, 0x80, 0x66, 0x01, 0x98, 0x06, 0x60, 0x19, 0x80,
    0x67, 0xF1, 0x9F, 0xE6, 0x61, 0xD9, 0x83, 0x66, 0x0D, 0x98, 0x36, 0x60, 0xD9, 0x83, 0x66, 0x0D,
    0x98, 0x76, 0x7F, 0x99, 0xFC, 0x60, 0x00, 0x00, 0x00, 0x00, 0x00, 0x00, 0x00, 0x00, 0x00, 0x00,
    0x00, 0x00, 0x00, 0x00, 0x00, 0x00, 0x00, 0x60, 0x01, 0x80, 0x06, 0x00, 0x18, 0x00, 0x60, 0x01,
    0x80, 0x07, 0xFC, 0x1F, 0xF8, 0x60, 0x71, 0x80, 0xC6, 0x03, 0x18, 0x0C, 0x60, 0x31, 0x80, 0xC6,
    0x03, 0x18, 0x1C, 0x7F, 0xE1, 0xFF, 0x00, 0x00, 0x00, 0x00, 0x00, 0x00, 0x00, 0x00, 0x00, 0x00,
    0x00, 0x00, 0x00, 0x00, 0x00, 0x00, 0x00, 0x00, 0x1F, 0xC0, 0xFF, 0x87, 0x07, 0x18, 0x0C, 0x00,
    0x30, 0x00, 0xC0, 0x03, 0x00, 0x0C, 0x0F, 0xF0, 0x3F, 0xC0, 0x03, 0x00, 0x0C, 0x00, 0x30, 0x00,
    0xC6, 0x03, 0x1C, 0x1C, 0x3F, 0xE0, 0x7F, 0x00, 0x00, 0x00, 0x00, 0x00, 0x00, 0x00, 0x00, 0x00,
    0x00, 0x00, 0x00, 0x00, 0x00, 0x00, 0x00, 0x00, 0x00, 0x61, 0xE1, 0x8F, 0xC6, 0x73, 0x99, 0x86,
    0x66, 0x19, 0x98, 0x66, 0x61, 0x99, 0x86, 0x7E, 0x19, 0xF8, 0x66, 0x61, 0x99, 0x86, 0x66, 0x19,
    0x98, 0x66, 0x61, 0x99, 0xCE, 0x63, 0xF1, 0x87, 0x80, 0x00, 0x00, 0x00, 0x00, 0x00, 0x00, 0x00,
    0x00, 0x00, 0x00, 0x00, 0x00, 0x00, 0x00, 0x00, 0x00, 0x00, 0x1F, 0xF0, 0xFF, 0xC7, 0x03, 0x18,
    0x0C, 0x60, 0x31, 0x80, 0xC6, 0x03, 0x18, 0x0C, 0x70, 0x30, 0xFF, 0xC1, 0xFF, 0x00, 0x7C, 0x03,
    0xB0, 0x1C, 0xC0, 0xE3, 0x07, 0x0C, 0x38, 0x31, 0xC0, 0xC0, 0x00, 0x00, 0x00, 0x00, 0x00, 0x00,
    0x00, 0x00, 0x00, 0x00, 0x00, 0x00, 0x00, 0x00, 0x00, 0x00, 0x00, 0x00, 0x00, 0x00, 0x00, 0x00,
    0x00, 0x00, 0x00, 0x00, 0x7F, 0x01, 0xFE, 0x00, 0x1C, 0x00, 0x30, 0x7F, 0xC3, 0xFF, 0x1C, 0x0C,
    0x60, 0x31, 0x80, 0xC6, 0x03, 0x1C, 0x0C, 0x3F, 0xF0, 0x7F, 0xC0, 0x00, 0x00, 0x00, 0x00, 0x00,
    0x00, 0x00, 0x00, 0x00, 0x00, 0x00, 0x00, 0x00, 0x00, 0x00, 0x00, 0x00, 0x1F, 0xC0, 0xFF, 0x07,
    0x00, 0x18, 0x00, 0x60, 0x01, 0x80, 0x07, 0xFC, 0x1F, 0xF8, 0x60, 0x71, 0x80, 0xC6, 0x03, 0x18,
    0x0C, 0x60, 0x31, 0x80, 0xC6, 0x03, 0x18, 0x1C, 0x7F, 0xE1, 0xFF, 0x00, 0x00, 0x00, 0x00, 0x00,
    0x00, 0x00, 0x00, 0x00, 0x00, 0x00, 0x00, 0x00, 0x00, 0x00, 0x00, 0x00, 0x00, 0x3F, 0x01, 0xFE,
    0x06, 0x1C, 0x18, 0x30, 0x60, 0xC1, 0x83, 0x06, 0x18, 0x1F, 0xF0, 0x7F, 0xE1, 0x81, 0xC6, 0x03,
    0x18, 0x0C, 0x60, 0x31, 0x80, 0xC6, 0x03, 0x18, 0x1C, 0x7F, 0xE1, 0xFF, 0x00, 0x00, 0x00, 0x00,
    0x00, 0x00, 0x00, 0x00, 0x00, 0x00, 0x00, 0x00, 0x00, 0x00, 0x00, 0x00, 0x00, 0x00, 0x00, 0x00,
    0x00, 0x00, 0x00, 0x00, 0x00, 0x00, 0x01, 0xFF, 0xC7, 0xFF, 0x18, 0x00, 0x60, 0x01, 0x80, 0x06,
    0x00, 0x18, 0x00, 0x60, 0x01, 0x80, 0x06, 0x00, 0x18, 0x00, 0x60, 0x01, 0x80, 0x00, 0x00, 0x00,
    0x00, 0x00, 0x00, 0x00, 0x00, 0x00, 0x00, 0x00, 0x00, 0x00, 0x00, 0x00, 0x00, 0x00, 0x00, 0x00,
    0x00, 0x00, 0x00, 0x00, 0x00, 0x00, 0x00, 0x00, 0x7F, 0xC3, 0xFF, 0x1C, 0x0C, 0x60, 0x31, 0x80,
    0xC6, 0x03, 0x18, 0x0C, 0x60, 0x31, 0x80, 0xC6, 0x03, 0x1C, 0x0C, 0x3F, 0xF0, 0x7F, 0xC0, 0x03,
    0x00, 0x0C, 0x00, 0x70, 0xFF, 0x83, 0xFC, 0x00, 0x00, 0x00, 0x00, 0x00, 0x00, 0x00, 0x00, 0x00,
    0x00, 0x00, 0x00, 0x00, 0x00, 0x00, 0x00, 0x00, 0x00, 0x7F, 0x03, 0xFE, 0x1C, 0x1C, 0x60, 0x31,
    0x80, 0xC7, 0xFF, 0x1F, 0xFC, 0x60, 0x01, 0x80, 0x06, 0x00, 0x1C, 0x1C, 0x3F, 0xE0, 0x7F, 0x00,
    0x00, 0x00, 0x00, 0x00, 0x00, 0x00, 0x00, 0x00, 0x00, 0x00, 0x00, 0x00, 0x00, 0x00, 0x00, 0x00,
    0x00, 0x00, 0x00, 0x00, 0x00, 0x00, 0x00, 0x00, 0x00, 0x01, 0x8C, 0x66, 0x31, 0x98, 0xC6, 0x73,
    0x38, 0xED, 0xC1, 0xFE, 0x03, 0xF0, 0x1F, 0xE0, 0xED, 0xC7, 0x33, 0x98, 0xC6, 0x63, 0x19, 0x8C,
    0x60, 0x00, 0x00, 0x00, 0x00, 0x00, 0x00, 0x00, 0x00, 0x00, 0x00, 0x00, 0x00, 0x00, 0x00, 0x00,
    0x00, 0x00, 0x00, 0x00, 0x00, 0x00, 0x00, 0x00, 0x00, 0x00, 0x00, 0x7F, 0x03, 0xFE, 0x1C, 0x1C,
    0x00, 0x30, 0x01, 0xC0, 0xFE, 0x03, 0xF8, 0x00, 0x70, 0x00, 0xC0, 0x03, 0x1C, 0x1C, 0x3F, 0xE0,
    0x7F, 0x00, 0x00, 0x00, 0x00, 0x00, 0x00, 0x00, 0x00, 0x00, 0x00, 0x00, 0x00, 0x00, 0x00, 0x00,
    0x00, 0x00, 0x00, 0x00, 0x00, 0x00, 0x00, 0x00, 0x00, 0x00, 0x00, 0x01, 0x80, 0xC6, 0x03, 0x18,
    0x0C, 0x60, 0x31, 0x80, 0xC6, 0x03, 0x18, 0x0C, 0x60, 0x31, 0x80, 0xC6, 0x03, 0x1C, 0x0C, 0x3F,
    0xF0, 0x7F, 0xC0, 0x00, 0x00, 0x00, 0x00, 0x00, 0x00, 0x00, 0x00, 0x00, 0x00, 0x00, 0x00, 0x00,
    0x00, 0x00, 0x00, 0x00, 0x00, 0x00, 0x63, 0x01, 0xFC, 0x03, 0xE0, 0x00, 0x01, 0x80, 0xC6, 0x03,
    0x18, 0x0C, 0x60, 0x31, 0x80, 0xC6, 0x03, 0x18, 0x0C, 0x60, 0x31, 0x80, 0xC6, 0x03, 0x1C, 0x0C,
    0x3F, 0xF0, 0x7F, 0xC0, 0x00, 0x00, 0x00, 0x00, 0x00, 0x00, 0x00, 0x00, 0x00, 0x00, 0x00, 0x00,
    0x00, 0x00, 0x00, 0x00, 0x00, 0x00, 0x00, 0x00, 0x00, 0x00, 0x00, 0x00, 0x00, 0x00, 0xC1, 0xC3,
    0x0E, 0x0C, 0x70, 0x33, 0x80, 0xDC, 0x03, 0xE0, 0x0F, 0x00, 0x3E, 0x00, 0xDC, 0x03, 0x38, 0x0C,
    0x70, 0x30, 0xE0, 0xC1, 0xC0, 0x00, 0x00, 0x00, 0x00, 0x00, 0x00, 0x00, 0x00, 0x00, 0x00, 0x00,
    0x00, 0x00, 0x00, 0x00, 0x00, 0x00, 0x00, 0x00, 0x00, 0x00, 0x00, 0x00, 0x00, 0x00, 0x00, 0x1F,
    0xC0, 0xFF, 0x07, 0x0C, 0x18, 0x30, 0x60, 0xC1, 0x83, 0x06, 0x0C, 0x18, 0x30, 0x60, 0xC1, 0x83,
    0x06, 0x0C, 0x38, 0x31, 0xC0, 0xC0, 0x00, 0x00, 0x00, 0x00, 0x00, 0x00, 0x00, 0x00, 0x00, 0x00,
    0x00, 0x00, 0x00, 0x00, 0x00, 0x00, 0x00, 0x00, 0x00, 0x00, 0x00, 0x00, 0x00, 0x00, 0x00, 0x01,
    0x80, 0x67, 0x03, 0x9E, 0x1E, 0x7C, 0xF9, 0xBF, 0x66, 0x79, 0x98, 0xC6, 0x60, 0x19, 0x80, 0x66,
    0x01, 0x98, 0x06, 0x60, 0x19, 0x80, 0x60, 0x00, 0x00, 0x00, 0x00, 0x00, 0x00, 0x00, 0x00, 0x00,
    0x00, 0x00, 0x00, 0x00, 0x00, 0x00, 0x00, 0x00, 0x00, 0x00, 0x00, 0x00, 0x00, 0x00, 0x00, 0x00,
    0x01, 0x80, 0xC6, 0x03, 0x18, 0x0C, 0x60, 0x31, 0x80, 0xC7, 0xFF, 0x1F, 0xFC, 0x60, 0x31, 0x80,
    0xC6, 0x03, 0x18, 0x0C, 0x60, 0x31, 0x80, 0xC0, 0x00, 0x00, 0x00, 0x00, 0x00, 0x00, 0x00, 0x00,
    0x00, 0x00, 0x00, 0x00, 0x00, 0x00, 0x00, 0x00, 0x00, 0x00, 0x00, 0x00, 0x00, 0x00, 0x00, 0x00,
    0x00, 0x00, 0x7F, 0x03, 0xFE, 0x1C, 0x1C, 0x60, 0x31, 0x80, 0xC6, 0x03, 0x18, 0x0C, 0x60, 0x31,
    0x80, 0xC6, 0x03, 0x1C, 0x1C, 0x3F, 0xE0, 0x7F, 0x00, 0x00, 0x00, 0x00, 0x00, 0x00, 0x00, 0x00,
    0x00, 0x00, 0x00, 0x00, 0x00, 0x00, 0x00, 0x00, 0x00, 0x00, 0x00, 0x00, 0x00, 0x00, 0x00, 0x00,
    0x00, 0x00, 0x01, 0xFF, 0xC7, 0xFF, 0x18, 0x0C, 0x60, 0x31, 0x80, 0xC6, 0x03, 0x18, 0x0C, 0x60,
    0x31, 0x80, 0xC6, 0x03, 0x18, 0x0C, 0x60, 0x31, 0x80, 0xC0, 0x00, 0x00, 0x00, 0x00, 0x00, 0x00,
    0x00, 0x00, 0x00, 0x00, 0x00, 0x00, 0x00, 0x00, 0x00, 0x00, 0x00, 0x00, 0x00, 0x00, 0x00, 0x00,
    0x00, 0x00, 0x00, 0x01, 0xFF, 0x07, 0xFE, 0x18, 0x1C, 0x60, 0x31, 0x80, 0xC6, 0x03, 0x18, 0x0C,
    0x60, 0x31, 0x80, 0xC6, 0x03, 0x18, 0x1C, 0x7F, 0xE1, 0xFF, 0x06, 0x00, 0x18, 0x00, 0x60, 0x01,
    0x80, 0x06, 0x00, 0x00, 0x00, 0x00, 0x00, 0x00, 0x00, 0x00, 0x00, 0x00, 0x00, 0x00, 0x00, 0x00,
    0x00, 0x00, 0x00, 0x00, 0x00, 0x7F, 0x03, 0xFE, 0x1C, 0x1C, 0x60, 0x01, 0x80, 0x06, 0x00, 0x18,
    0x00, 0x60, 0x01, 0x80, 0x06, 0x00, 0x1C, 0x1C, 0x3F, 0xE0, 0x7F, 0x00, 0x00, 0x00, 0x00, 0x00,
    0x00, 0x00, 0x00, 0x00, 0x00, 0x00, 0x00, 0x00, 0x00, 0x00, 0x00, 0x00, 0x00, 0x00, 0x00, 0x00,
    0x00, 0x00, 0x00, 0x00, 0x00, 0x01, 0xFF, 0xE7, 0xFF, 0x80, 0xC0, 0x03, 0x00, 0x0C, 0x00, 0x30,
    0x00, 0xC0, 0x03, 0x00, 0x0C, 0x00, 0x30, 0x00, 0xC0, 0x03, 0x00, 0x0C, 0x00, 0x00, 0x00, 0x00,
    0x00, 0x00, 0x00, 0x00, 0x00, 0x00, 0x00, 0x00, 0x00, 0x00, 0x00, 0x00, 0x00, 0x00, 0x00, 0x00,
    0x00, 0x00, 0x00, 0x00, 0x00, 0x00, 0x01, 0x80, 0xC6, 0x03, 0x18, 0x0C, 0x60, 0x31, 0x80, 0xC6,
    0x03, 0x18, 0x0C, 0x60, 0x31, 0x80, 0xC6, 0x03, 0x1C, 0x0C, 0x3F, 0xF0, 0x7F, 0xC0, 0x03, 0x00,
    0x0C, 0x00, 0x70, 0xFF, 0x83, 0xFC, 0x00, 0x00, 0x00, 0x00, 0x00, 0x00, 0x00, 0x00, 0x00, 0x00,
    0x00, 0x00, 0x00, 0x00, 0x00, 0xC0, 0x03, 0x00, 0x7F, 0x83, 0xFF, 0x1C, 0xCE, 0x63, 0x19, 0x8C,
    0x66, 0x31, 0x98, 0xC6, 0x63, 0x19, 0x8C, 0x66, 0x31, 0x9C, 0xCE, 0x3F, 0xF0, 0x7F, 0x80, 0x30,
    0x00, 0xC0, 0x00, 0x00, 0x00, 0x00, 0x00, 0x00, 0x00, 0x00, 0x00, 0x00, 0x00, 0x00, 0x00, 0x00,
    0x00, 0x00, 0x00, 0x00, 0x00, 0x00, 0x00, 0x00, 0x01, 0x80, 0xC6, 0x03, 0x1C, 0x1C, 0x38, 0xE0,
    0x77, 0x00, 0xF8, 0x01, 0xC0, 0x0F, 0x80, 0x77, 0x03, 0x8E, 0x1C, 0x1C, 0x60, 0x31, 0x80, 0xC0,
    0x00, 0x00, 0x00, 0x00, 0x00, 0x00, 0x00, 0x00, 0x00, 0x00, 0x00, 0x00, 0x00, 0x00, 0x00, 0x00,
    0x00, 0x00, 0x00, 0x00, 0x00, 0x00, 0x00, 0x00, 0x00, 0x01, 0x80, 0xC6, 0x03, 0x18, 0x0C, 0x60,
    0x31, 0x80, 0xC6, 0x03, 0x18, 0x0C, 0x60, 0x31, 0x80, 0xC6, 0x03, 0x1C, 0x0C, 0x3F, 0xF8, 0x7F,
    0xE0, 0x01, 0x80, 0x06, 0x00, 0x18, 0x00, 0x60, 0x00, 0x00, 0x00, 0x00, 0x00, 0x00, 0x00, 0x00,
    0x00, 0x00, 0x00, 0x00, 0x00, 0x00, 0x00, 0x00, 0x00, 0x00, 0x01, 0x80, 0xC6, 0x03, 0x18, 0x0C,
    0x60, 0x31, 0xC0, 0xC3, 0xFF, 0x07, 0xFC, 0x00, 0x30, 0x00, 0xC0, 0x03, 0x00, 0x0C, 0x00, 0x30,
    0x00, 0xC0, 0x00, 0x00, 0x00, 0x00, 0x00, 0x00, 0x00, 0x00, 0x00, 0x00, 0x00, 0x00, 0x00, 0x00,
    0x00, 0x00, 0x00, 0x00, 0x00, 0x00, 0x00, 0x00, 0x00, 0x00, 0x00, 0x01, 0x8C, 0x66, 0x31, 0x98,
    0xC6, 0x63, 0x19, 0x8C, 0x66, 0x31, 0x98, 0xC6, 0x63, 0x19, 0x8C, 0x66, 0x31, 0x9C, 0xC6, 0x3F,
    0xF8, 0x7F, 0xE0, 0x00, 0x00, 0x00, 0x00, 0x00, 0x00, 0x00, 0x00, 0x00, 0x00, 0x00, 0x00, 0x00,
    0x00, 0x00, 0x00, 0x00, 0x00, 0x00, 0x00, 0x00, 0x00, 0x00, 0x00, 0x00, 0x01, 0x8C, 0x66, 0x31,
    0x98, 0xC6, 0x63, 0x19, 0x8C, 0x66, 0x31, 0x98, 0xC6, 0x63, 0x19, 0x8C, 0x66, 0x31, 0x9C, 0xC6,
    0x3F, 0xFC, 0x7F, 0xF0, 0x00, 0xC0, 0x03, 0x00, 0x0C, 0x00, 0x30, 0x00, 0x00, 0x00, 0x00, 0x00,
    0x00, 0x00, 0x00, 0x00, 0x00, 0x00, 0x00, 0x00, 0x00, 0x00, 0x00, 0x00, 0x00, 0x03, 0xC0, 0x0F,
    0x00, 0x0C, 0x00, 0x30, 0x00, 0xFF, 0x03, 0xFE, 0x0C, 0x1C, 0x30, 0x30, 0xC0, 0xC3, 0x03, 0x0C,
    0x1C, 0x3F, 0xE0, 0xFF, 0x00, 0x00, 0x00, 0x00, 0x00, 0x00, 0x00, 0x00, 0x00, 0x00, 0x00, 0x00,
    0x00, 0x00, 0x00, 0x00, 0x00, 0x00, 0x00, 0x00, 0x00, 0x00, 0x00, 0x00, 0x00, 0x00, 0x01, 0x80,
    0x66, 0x01, 0x98, 0x06, 0x60, 0x19, 0xFC, 0x67, 0xF9, 0x98, 0x76, 0x60, 0xD9, 0x83, 0x66, 0x0D,
    0x98, 0x76, 0x7F, 0x99, 0xFC, 0x60, 0x00, 0x00, 0x00, 0x00, 0x00, 0x00, 0x00, 0x00, 0x00, 0x00,
    0x00, 0x00, 0x00, 0x00, 0x00, 0x00, 0x00, 0x00, 0x00, 0x00, 0x00, 0x00, 0x00, 0x00, 0x00, 0x00,
    0xC0, 0x03, 0x00, 0x0C, 0x00, 0x30, 0x00, 0xFF, 0x03, 0xFE, 0x0C, 0x1C, 0x30, 0x30, 0xC0, 0xC3,
    0x03, 0x0C, 0x1C, 0x3F, 0xE0, 0xFF, 0x00, 0x00, 0x00, 0x00, 0x00, 0x00, 0x00, 0x00, 0x00, 0x00,
    0x00, 0x00, 0x00, 0x00, 0x00, 0x00, 0x00, 0x00, 0x00, 0x00, 0x00, 0x00, 0x00, 0x00, 0x00, 0x00,
    0x00, 0x7F, 0x03, 0xFE, 0x1C, 0x1C, 0x00, 0x30, 0x00, 0xC0, 0xFF, 0x03, 0xFC, 0x00, 0x30, 0x00,
    0xC0, 0x03, 0x1C, 0x1C, 0x3F, 0xE0, 0x7F, 0x00, 0x00, 0x00, 0x00, 0x00, 0x00, 0x00, 0x00, 0x00,
    0x00, 0x00, 0x00, 0x00, 0x00, 0x00, 0x00, 0x00, 0x00, 0x00, 0x00, 0x00, 0x00, 0x00, 0x00, 0x00,
    0x00, 0x01, 0x87, 0x86, 0x3F, 0x19, 0xCE, 0x66, 0x19, 0x98, 0x66, 0x61, 0x9F, 0x86, 0x7E, 0x19,
    0x98, 0x66, 0x61, 0x99, 0xCE, 0x63, 0xF1, 0x87, 0x80, 0x00, 0x00, 0x00, 0x00, 0x00, 0x00, 0x00,
    0x00, 0x00, 0x00, 0x00, 0x00, 0x00, 0x00, 0x00, 0x00, 0x00, 0x00, 0x00, 0x00, 0x00, 0x00, 0x00,
    0x00, 0x00, 0x00, 0x7F, 0xC3, 0xFF, 0x1C, 0x0C, 0x60, 0x31, 0x80, 0xC7, 0x03, 0x0F, 0xFC, 0x1F,
    0xF0, 0x0E, 0xC0, 0x73, 0x03, 0x8C, 0x1C, 0x30, 0xE0, 0xC0, 0x00, 0x00, 0x00, 0x00, 0x00, 0x00,
    0x00, 0x00, 0x00, 0x00, 0x00, 0x00, 0x00, 0x00, 0x00, 0x00, 0x00, 0x00, 0x00, 0x70, 0x00, 0xE0,
    0x01, 0xC0, 0x00, 0x00, 0x7F, 0x03, 0xFE, 0x1C, 0x1C, 0x60, 0x31, 0x80, 0xC7, 0xFF, 0x1F, 0xFC,
    0x60, 0x01, 0x80, 0x06, 0x00, 0x1C, 0x1C, 0x3F, 0xE0, 0x7F, 0x00, 0x00, 0x00, 0x00, 0x00, 0x00,
    0x00, 0x00, 0x00, 0x00, 0x00, 0x00, 0x00, 0x00, 0x00, 0x00, 0x00, 0x00, 0x00, 0x00, 0x63, 0x01,
    0x8C, 0x06, 0x30, 0x00, 0x00, 0x7F, 0x03, 0xFE, 0x1C, 0x1C, 0x60, 0x31, 0x80, 0xC7, 0xFF, 0x1F,
    0xFC, 0x60, 0x01, 0x80, 0x06, 0x00, 0x1C, 0x1C, 0x3F, 0xE0, 0x7F, 0x00, 0x00, 0x00, 0x00, 0x00,
    0x00, 0x00, 0x00, 0x00, 0x00, 0x00, 0x00, 0x00, 0x00, 0x00, 0x00, 0x00, 0x00, 0x60, 0x03, 0xFC,
    0x0F, 0xF0, 0x18, 0x00, 0x60, 0x01, 0xFF, 0x07, 0xFE, 0x18, 0x1C, 0x60, 0x31, 0x80, 0xC6, 0x03,
    0x18, 0x0C, 0x60, 0x31, 0x80, 0xC6, 0x03, 0x18, 0x0C, 0x60, 0x31, 0x80, 0xC0, 0x03, 0x00, 0x0C,
    0x00, 0x70, 0x0F, 0x80, 0x3C, 0x00, 0x00, 0x00, 0x00, 0x00, 0x00, 0x00, 0x00, 0x00, 0x00, 0x00,
    0x07, 0x00, 0x38, 0x01, 0xC0, 0x00, 0x01, 0xFF, 0xC7, 0xFF, 0x18, 0x00, 0x60, 0x01, 0x80, 0x06,
    0x00, 0x18, 0x00, 0x60, 0x01, 0x80, 0x06, 0x00, 0x18, 0x00, 0x60, 0x01, 0x80, 0x00, 0x00, 0x00,
    0x00, 0x00, 0x00, 0x00, 0x00, 0x00, 0x00, 0x00, 0x00, 0x00, 0x00, 0x00, 0x00, 0x00, 0x00, 0x00,
    0x00, 0x00, 0x00, 0x00, 0x00, 0x00, 0x00, 0x00, 0x7F, 0x03, 0xFE, 0x1C, 0x1C, 0x60, 0x01, 0x80,
    0x07, 0xF8, 0x1F, 0xE0, 0x60, 0x01, 0x80, 0x06, 0x00, 0x1C, 0x1C, 0x3F, 0xE0, 0x7F, 0x00, 0x00,
    0x00, 0x00, 0x00, 0x00, 0x00, 0x00, 0x00, 0x00, 0x00, 0x00, 0x00, 0x00, 0x00, 0x00, 0x00, 0x00,
    0x00, 0x00, 0x00, 0x00, 0x00, 0x00, 0x00, 0x00, 0x00, 0x7F, 0x03, 0xFE, 0x1C, 0x1C, 0x60, 0x01,
    0xC0, 0x03, 0xFC, 0x07, 0xF8, 0x00, 0x70, 0x00, 0xC0, 0x03, 0x1C, 0x1C, 0x3F, 0xE0, 0x7F, 0x00,
    0x00, 0x00, 0x00, 0x00, 0x00, 0x00, 0x00, 0x00, 0x00, 0x00, 0x00, 0x00, 0x00, 0x00, 0x00, 0x00,
    0x00, 0x03, 0x00, 0x0C, 0x00, 0x30, 0x00, 0x00, 0x00, 0x00, 0x3C, 0x00, 0xF0, 0x00, 0xC0, 0x03,
    0x00, 0x0C, 0x00, 0x30, 0x00, 0xC0, 0x03, 0x00, 0x0C, 0x00, 0x30, 0x00, 0xC0, 0x0F, 0xC0, 0x3F,
    0x00, 0x00, 0x00, 0x00, 0x00, 0x00, 0x00, 0x00, 0x00, 0x00, 0x00, 0x00, 0x00, 0x00, 0x00, 0x00,
    0x00, 0x00, 0x00, 0x00, 0x63, 0x01, 0x8C, 0x06, 0x30, 0x00, 0x00, 0x3C, 0x00, 0xF0, 0x00, 0xC0,
    0x03, 0x00, 0x0C, 0x00, 0x30, 0x00, 0xC0, 0x03, 0x00, 0x0C, 0x00, 0x30, 0x00, 0xC0, 0x0F, 0xC0,
    0x3F, 0x00, 0x00, 0x00, 0x00, 0x00, 0x00, 0x00, 0x00, 0x00, 0x00, 0x00, 0x00, 0x00, 0x00, 0x00,
    0x00, 0x00, 0x00, 0x00, 0x60, 0x01, 0x80, 0x06, 0x00, 0x00, 0x00, 0x00, 0x07, 0x80, 0x1E, 0x00,
    0x18, 0x00, 0x60, 0x01, 0x80, 0x06, 0x00, 0x18, 0x00, 0x60, 0x01, 0x80, 0x06, 0x00, 0x18, 0x00,
    0x60, 0x01, 0x83, 0x06, 0x0C, 0x18, 0x38, 0xE0, 0x7F, 0x00, 0xF8, 0x00, 0x00, 0x00, 0x00, 0x00,
    0x00, 0x00, 0x00, 0x00, 0x00, 0x00, 0x00, 0x00, 0x00, 0x00, 0x00, 0x00, 0x00, 0x7C, 0x03, 0xF0,
    0x1C, 0xC0, 0x63, 0x01, 0x8F, 0x86, 0x3F, 0x18, 0xCE, 0x63, 0x19, 0x8C, 0x66, 0x31, 0x98, 0xCE,
    0xE3, 0xF3, 0x0F, 0x80, 0x00, 0x00, 0x00, 0x00, 0x00, 0x00, 0x00, 0x00, 0x00, 0x00, 0x00, 0x00,
    0x00, 0x00, 0x00, 0x00, 0x00, 0x00, 0x00, 0x00, 0x00, 0x00, 0x00, 0x00, 0x00, 0x01, 0x8C, 0x06,
    0x30, 0x18, 0xC0, 0x63, 0x01, 0x8F, 0x87, 0xFF, 0x1F, 0xCE, 0x63, 0x19, 0x8C, 0x66, 0x31, 0x98,
    0xCE, 0x63, 0xF1, 0x8F, 0x80, 0x00, 0x00, 0x00, 0x00, 0x00, 0x00, 0x00, 0x00, 0x00, 0x00, 0x00,
    0x00, 0x00, 0x00, 0x00, 0x00, 0x00, 0x60, 0x03, 0xFC, 0x0F, 0xF0, 0x18, 0x00, 0x60, 0x01, 0xFF,
    0x07, 0xFE, 0x18, 0x1C, 0x60, 0x31, 0x80, 0xC6, 0x03, 0x18, 0x0C, 0x60, 0x31, 0x80, 0xC6, 0x03,
    0x18, 0x0C, 0x60, 0x31, 0x80, 0xC0, 0x00, 0x00, 0x00, 0x00, 0x00, 0x00, 0x00, 0x00, 0x00, 0x00,
    0x00, 0x00, 0x00, 0x00, 0x00, 0x00, 0x00, 0x00, 0x00, 0x07, 0x00, 0x38, 0x01, 0xC0, 0x00, 0x00,
    0xC1, 0xC3, 0x0E, 0x0C, 0x70, 0x33, 0x80, 0xDC, 0x03, 0xE0, 0x0F, 0x00, 0x3E, 0x00, 0xDC, 0x03,
    0x38, 0x0C, 0x70, 0x30, 0xE0, 0xC1, 0xC0, 0x00, 0x00, 0x00, 0x00, 0x00, 0x00, 0x00, 0x00, 0x00,
    0x00, 0x00, 0x00, 0x00, 0x00, 0x00, 0x00, 0x00, 0x00, 0x00, 0x70, 0x00, 0xE0, 0x01, 0xC0, 0x00,
    0x01, 0x80, 0xC6, 0x03, 0x18, 0x0C, 0x60, 0x31, 0x80, 0xC6, 0x03, 0x18, 0x0C, 0x60, 0x31, 0x80,
    0xC6, 0x03, 0x1C, 0x0C, 0x3F, 0xF0, 0x7F, 0xC0, 0x00, 0x00, 0x00, 0x00, 0x00, 0x00, 0x00, 0x00,
    0x00, 0x00, 0x00, 0x00, 0x00, 0x00, 0x00, 0x00, 0x00, 0x00, 0x00, 0x63, 0x01, 0xFC, 0x03, 0xE0,
    0x00, 0x01, 0x80, 0xC6, 0x03, 0x18, 0x0C, 0x60, 0x31, 0x80, 0xC6, 0x03, 0x18, 0x0C, 0x60, 0x31,
    0x80, 0xC6, 0x03, 0x1C, 0x0C, 0x3F, 0xF0, 0x7F, 0xC0, 0x03, 0x00, 0x0C, 0x00, 0x70, 0xFF, 0x83,
    0xFC, 0x00, 0x00, 0x00, 0x00, 0x00, 0x00, 0x00, 0x00, 0x00, 0x00, 0x00, 0x00, 0x00, 0x00, 0x00,
    0x00, 0x00, 0x01, 0x80, 0x66, 0x01, 0x98, 0x06, 0x60, 0x19, 0x80, 0x66, 0x01, 0x98, 0x06, 0x60,
    0x19, 0x80, 0x66, 0x01, 0x98, 0x06, 0x7F, 0xF9, 0xFF, 0xE0, 0x30, 0x00, 0xC0, 0x03, 0x00, 0x0C,
    0x00, 0x00, 0x00, 0x00, 0x60, 0xC1, 0xFC, 0x78, 0xFF, 0x1E, 0x3F, 0xC7, 0x8F, 0xF1, 0xE3, 0xFC,
    0x78, 0xFF, 0x1E, 0x3F, 0xC7, 0x8F, 0xF1, 0xE3, 0xFC, 0x78, 0xFF, 0x1E, 0x3F, 0xC7, 0x8F, 0xF1,
    0xE3, 0xFF, 0xFF, 0xF7, 0xFF, 0xF8, 0xFE, 0xFC, 0x04, 0x0C, 0x00, 0xE1, 0xC7, 0xF3, 0xC7, 0xF3,
    0xC7, 0xF3, 0xC7, 0xF3, 0xC7, 0xF3, 0xC7, 0xF3, 0xC7, 0xF3, 0xC7, 0xF3, 0xCF, 0xFF, 0xFF, 0x7F,
    0xFF, 0x7E, 0x7E, 0x08, 0x18, 0x00, 0x00, 0x00, 0x00, 0x00, 0x00, 0x00, 0x30, 0x00, 0xC0, 0x0F,
    0xF0, 0x3F, 0xC0, 0x30, 0x00, 0xC0, 0x03, 0xFE, 0x0F, 0xFC, 0x30, 0x38, 0xC0, 0x63, 0x01, 0x8C,
    0x06, 0x30, 0x18, 0xC0, 0x63, 0x01, 0x8C, 0x0E, 0x3F, 0xF0, 0xFF, 0x80, 0x00, 0x00, 0x00, 0x00,
    0x00, 0x00, 0x00, 0x00, 0x00, 0x00, 0x00, 0x00, 0x00, 0x00, 0x00, 0x00, 0x00, 0x30, 0x00, 0xC0,
    0x03, 0x00, 0x0C, 0x00, 0xFF, 0x03, 0xFC, 0x03, 0x00, 0x0C, 0x00, 0x30, 0x00, 0xFF, 0x03, 0xFE,
    0x0C, 0x1C, 0x30, 0x30, 0xC0, 0xC3, 0x03, 0x0C, 0x1C, 0x3F, 0xE0, 0xFF, 0x00, 0x00, 0x00, 0x00,
    0x00, 0x00, 0x00, 0x00, 0x00, 0x00, 0x00, 0x60, 0x1C, 0x1E, 0x1F, 0xF3, 0xC7, 0xFF, 0x78, 0xFF,
    0xEF, 0x3C, 0x1F, 0xE7, 0x83, 0xFD, 0xE0, 0x07, 0xFF, 0xE0, 0xFF, 0xFC, 0x1F, 0xFF, 0x83, 0xDE,
    0x00, 0x79, 0xE0, 0xFF, 0x3E, 0x3F, 0xE3, 0xFF, 0xBC, 0x7F, 0xF7, 0x83, 0xF8, 0x00, 0x1C, 0x00,
    0xE0, 0x70, 0xF1, 0xFC, 0xF3, 0xFE, 0xF7, 0xDE, 0xF7, 0x8F, 0xFF, 0xE0, 0xFF, 0xF0, 0xFF, 0xE0,
    0xF7, 0x8F, 0xF7, 0xFE, 0xF3, 0xFE, 0xF1, 0xFC, 0x00, 0x60, 0x03, 0x80, 0x0F, 0x80, 0x1F, 0x80,
    0x7F, 0x00, 0xFE, 0x01, 0xDE, 0x07, 0xBC, 0x0F, 0x78, 0x1E, 0x78, 0x7F, 0xF0, 0xFF, 0xE1, 0xFF,
    0xE7, 0xBB, 0xCF, 0x77, 0x9E, 0xE7, 0xF9, 0xCF, 0x07, 0x00, 0xF0, 0x1F, 0x81, 0xF8, 0x1F, 0x83,
    0xFC, 0x3D, 0xC3, 0xFE, 0x7F, 0xE7, 0x6E, 0xF6, 0xFF, 0x6F, 0x60, 0x3C, 0x0F, 0x07, 0xC0, 0xF0,
    0x7E, 0x0F, 0x07, 0xE0, 0xF0, 0xFF, 0x0F, 0x0F, 0xF0, 0xF1, 0xEF, 0x0F, 0x1E, 0x78, 0xF1, 0xE7,
    0x8F, 0xFF, 0xF8, 0xFF, 0xFF, 0xCF, 0xFF, 0xFC, 0xF7, 0xFF, 0xCF, 0x7B, 0xDE, 0xF7, 0xBD, 0xEF,
    0xFB, 0xDE, 0xE0, 0x70, 0xF0, 0xF0, 0xF0, 0xF8, 0xF1, 0xF8, 0xF1, 0xF8, 0xF3, 0xFC, 0xFF, 0xDC,
    0xFF, 0xFE, 0xFF, 0xFE, 0xF7, 0xFE, 0xFF, 0x6F, 0xFF, 0x6F, 0x00, 0x00, 0x00, 0x00, 0x00, 0x00,
    0x00, 0x7F, 0xF9, 0xFF, 0xE6, 0x01, 0x9C, 0x0E, 0x38, 0x70, 0x73, 0x80, 0xFC, 0x01, 0xE0, 0x0F,
    0xC0, 0x7F, 0x83, 0xB7, 0x1C, 0xCE, 0x63, 0x19, 0x8C, 0x66, 0x31, 0x98, 0xC6, 0x63, 0x19, 0x8C,
    0x60, 0x00, 0x00, 0x00, 0x00, 0x00, 0x00, 0x00, 0x00, 0x00, 0x00, 0x00, 0x00, 0x00, 0x00, 0x00,
    0x00, 0x00, 0x00, 0x00, 0x00, 0x00, 0x00, 0x00, 0x00, 0x00, 0x01, 0xFF, 0xE7, 0xFF, 0x9C, 0x0E,
    0x38, 0x70, 0x73, 0x80, 0xFC, 0x03, 0xF0, 0x1F, 0xE0, 0xED, 0xC7, 0x33, 0x98, 0xC6, 0x63, 0x19,
    0x8C, 0x60, 0x00, 0x00, 0x00, 0x00, 0x00, 0x00, 0x00, 0x00, 0x00, 0x00, 0x60, 0xFF, 0xF9, 0xE1,
    0xFF, 0xF3, 0xC3, 0xFF, 0xE7, 0x83, 0xFF, 0x8F, 0x07, 0x8E, 0x1E, 0x07, 0xBC, 0x3C, 0x07, 0x70,
    0x7F, 0xFF, 0xF0, 0xFF, 0xFF, 0xF9, 0xFF, 0xFF, 0xFB, 0xCF, 0xFD, 0xF7, 0x9E, 0x38, 0xFF, 0x3C,
    0x71, 0xFE, 0x78, 0xE3, 0xFC, 0xF1, 0xC7, 0xF9, 0xE3, 0x8F, 0xE1, 0xFF, 0xCF, 0x1F, 0xFC, 0xF1,
    0xFF, 0xCF, 0x0F, 0x78, 0xF0, 0x77, 0x0F, 0xFF, 0xF0, 0xFF, 0xFF, 0xCF, 0xFF, 0xFE, 0xF3, 0xFD,
    0xEF, 0x79, 0xCE, 0xF7, 0x9C, 0xEF, 0x79, 0xCE, 0x79, 0xCF, 0xE1, 0xF0, 0x38, 0x78, 0x1F, 0xC7,
    0xF9, 0xFF, 0x03, 0xC0, 0xF0, 0x78, 0xFE, 0x3F, 0x0F, 0xE0, 0x3C, 0x0F, 0x03, 0xCF, 0xFF, 0xFB,
    0xFC, 0xFC, 0x38, 0x0F, 0x01, 0xC0, 0x30, 0x00, 0x7B, 0xCF, 0xE1, 0xF0, 0x38, 0x7E, 0x1F, 0xE7,
    0xFC, 0xFF, 0x03, 0xCF, 0xF3, 0xF8, 0xFF, 0x03, 0xC3, 0xF3, 0xFD, 0xFE, 0xFE, 0x3E, 0x07, 0xC1,
    0xF0, 0x08, 0x00, 0x61, 0x87, 0x79, 0xE3, 0xFC, 0xF1, 0xFE, 0x78, 0xFF, 0x3C, 0x7F, 0x9E, 0x3F,
    0xCF, 0x1D, 0xE7, 0x9E, 0x7B, 0xCF, 0x3F, 0xFF, 0x8F, 0xFF, 0x83, 0xFF, 0x00, 0x3C, 0x00, 0x1E,
    0x00, 0x0F, 0x00, 0x07, 0x80, 0x03, 0x80, 0x07, 0x03, 0x8E, 0x3F, 0x9C, 0x7F, 0x38, 0xFE, 0x71,
    0xFC, 0xE3, 0xF9, 0xC7, 0xF3, 0x8F, 0xE7, 0x3F, 0xCE, 0x7F, 0xFF, 0xF7, 0xFF, 0xC7, 0xFF, 0x01,
    0xF0, 0x01, 0xC0, 0x03, 0x80, 0x07, 0x00, 0x0E, 0x00, 0x03, 0xC0, 0x0F, 0xF0, 0x1F, 0xF8, 0x3F,
    0xFC, 0x7C, 0x3E, 0x78, 0x1E, 0x78, 0x1E, 0x7F, 0xFE, 0x7F, 0xFE, 0x7F, 0xFE, 0x78, 0x1E, 0x78,
    0x1E, 0x7C, 0x3E, 0x3F, 0xFC, 0x1F, 0xF8, 0x0F, 0xF0, 0x01, 0x80, 0x0F, 0x01, 0xFC, 0x3F, 0xE7,
    0xDF, 0x78, 0xFF, 0xEF, 0xFF, 0xFF, 0x3F, 0x78, 0xF7, 0xFF, 0x3F, 0xE1, 0xFC, 0x06, 0x00, 0x70,
    0x06, 0xF0, 0x1F, 0x78, 0x1F, 0x78, 0x3E, 0x78, 0x3C, 0x3C, 0x3C, 0x3C, 0x78, 0x3C, 0x78, 0x1E,
    0x78, 0x1E, 0xF0, 0x1E, 0xF0, 0x0F, 0xF0, 0x0F, 0xE0, 0x0F, 0xE0, 0x07, 0xE0, 0x07, 0xC0, 0xE0,
    0x37, 0x87, 0xDC, 0x3E, 0xF3, 0xE7, 0x9E, 0x1C, 0xE0, 0xFF, 0x07, 0xF8, 0x1F, 0x80, 0xFC, 0x07,
    0xE0, 0x1E, 0x00, 0x3D, 0xC0, 0x1F, 0xC0, 0x0E, 0xE0, 0x06, 0xE0, 0x70, 0x06, 0xF0, 0x1F, 0x78,
    0x1F, 0x78, 0x3E, 0x78, 0x3C, 0x3C, 0x3C, 0x3C, 0x78, 0x3C, 0x78, 0x1E, 0x78, 0x1E, 0xF0, 0x1E,
    0xF0, 0x0F, 0xF0, 0x0F, 0xE0, 0x0F, 0xE0, 0x07, 0xE0, 0x07, 0xC0, 0x77, 0x03, 0xFC, 0x0E, 0xE0,
    0x37, 0x0E, 0x03, 0x78, 0x7D, 0xC3, 0xEF, 0x3E, 0x79, 0xE1, 0xCE, 0x0F, 0xF0, 0x7F, 0x81, 0xF8,
    0x0F, 0xC0, 0x7E, 0x01, 0xE0, 0x03, 0xC0, 0x00, 0x00, 0xFF, 0x00, 0x00, 0x1F, 0xF8, 0x00, 0x03,
    0xFF, 0xC0, 0x00, 0x7C, 0x3E, 0xE0, 0x77, 0x81, 0xEF, 0x0F, 0x78, 0x1E, 0xF0, 0xF7, 0x01, 0xE7,
    0x9E, 0x70, 0x0E, 0x79, 0xE7, 0x01, 0xE3, 0x9E, 0x78, 0x1E, 0x3F, 0xC7, 0x81, 0xE3, 0xFC, 0x7C,
    0x3E, 0x1F, 0x83, 0xFF, 0xC1, 0xF8, 0x1F, 0xF8, 0x1F, 0x80, 0xFF, 0x00, 0xF0, 0x01, 0x80, 0x0F,
    0x00, 0x00, 0x03, 0xF0, 0x00, 0x00, 0x7E, 0x00, 0x00, 0x07, 0xC0, 0x00, 0x00, 0x78, 0x00, 0x0F,
    0x07, 0x07, 0x0F, 0xE7, 0x87, 0x8F, 0xF9, 0xE3, 0xCF, 0xBE, 0xF1, 0xE7, 0x8F, 0x39, 0xE7, 0x87,
    0x9E, 0xF3, 0xC3, 0xCF, 0x71, 0xE1, 0xE3, 0xF8, 0x78, 0xF1, 0xFC, 0x3F, 0xF8, 0xFC, 0x0F, 0xF8,
    0x3E, 0x03, 0xF8, 0x1F, 0x00, 0x60, 0x0F, 0x00, 0x00, 0x1F, 0x80, 0x00, 0x1F, 0x80, 0x00, 0x0F,
    0xC0, 0x00, 0x03, 0x80, 0x00, 0x03, 0xC0, 0x7F, 0xC3, 0xFF, 0x8F, 0xFF, 0x7C, 0x3D, 0xE0, 0xF7,
    0x80, 0x1C, 0x00, 0x70, 0x01, 0xE0, 0x77, 0x83, 0xDF, 0xBF, 0x3F, 0xFC, 0x7F, 0xF0, 0x7B, 0xC0,
    0x0F, 0x0F, 0x01, 0xFC, 0x3F, 0xE7, 0xDE, 0x78, 0xFF, 0x00, 0xF0, 0x0F, 0x00, 0x78, 0x07, 0xF0,
    0x3F, 0x01, 0xF0, 0x07, 0x00, 0x70, 0x07, 0x00, 0x70, 0x00, 0xE0, 0x0E, 0x1D, 0xC1, 0xF8, 0x07,
    0x80, 0x3E, 0x07, 0xFE, 0xE2, 0xFC, 0x03, 0xC0, 0x1F, 0x03, 0xF8, 0x71, 0x07, 0x00, 0x03, 0xBF,
    0xDF, 0xEC, 0x00, 0x1F, 0xFF, 0xE3, 0xDB, 0xB0, 0x6F, 0xE0, 0x7C, 0x7F, 0xF1, 0xE0, 0x00, 0x70,
    0x00, 0x07, 0xC0, 0x00, 0x00, 0x00, 0x3C, 0x03, 0xC3, 0x60, 0x36, 0x00, 0x00, 0x00, 0x00, 0x00,
    0x00, 0x00, 0x00, 0x78, 0x00, 0x7E, 0xC0, 0x06, 0xC0, 0x00, 0x00, 0x00, 0x00, 0x00, 0x00, 0x00,
    0x0E, 0x00, 0xE0, 0xF8, 0x0F, 0x86, 0xC0, 0x64, 0x00, 0x70, 0x00, 0x07, 0xC0, 0x00, 0x32, 0x00,
    0x00, 0x00, 0x00, 0x02, 0x00, 0x00, 0x60, 0x01, 0x86, 0x00, 0x18, 0x61, 0xC0, 0xC0, 0x78, 0x0C,
    0x03, 0x00, 0x00, 0x00, 0x00, 0x00, 0x0C, 0x00, 0x08, 0xF0, 0x00, 0xF3, 0x00, 0x07, 0x00, 0x00,
    0x00, 0x00, 0x00, 0x00, 0x03, 0x00, 0xE0, 0x30, 0x3C, 0x63, 0x83, 0x06, 0x18, 0x00, 0x60, 0x00,
    0x04, 0x00, 0x00, 0x40, 0x00, 0x18, 0xC0, 0x3F, 0x80, 0x3F, 0x00, 0x38, 0x06, 0x03, 0x9E, 0x0F,
    0xBC, 0x1F, 0x78, 0x7E, 0xF1, 0xFD, 0xE3, 0xFB, 0xCF, 0xF7, 0xBD, 0xEF, 0x7B, 0xDF, 0xE7, 0xBF,
    0xCF, 0x7F, 0x1E, 0xFC, 0x3D, 0xF8, 0x7F, 0xE0, 0xFF, 0x81, 0xF0, 0x01, 0xC0, 0x07, 0x80, 0x0F,
    0x00, 0x1C, 0x31, 0x81, 0xFC, 0x0F, 0xC0, 0x1C, 0x0E, 0x0E, 0x78, 0xF3, 0xCF, 0x9E, 0x7C, 0xF7,
    0xE7, 0xFF, 0x3F, 0xF9, 0xFB, 0xCF, 0xDE, 0x7C, 0xFF, 0xC7, 0xFE, 0x3E, 0x00, 0xF0, 0x07, 0x80,
    0x38, 0x01, 0xC0, 0x18, 0x00, 0xF0, 0x0F, 0xF8, 0x3F, 0xE0, 0xFF, 0x80, 0xF0, 0x03, 0xFF, 0x0F,
    0xFE, 0x3F, 0xFC, 0xF0, 0xF3, 0xC3, 0xCF, 0x0F, 0x3C, 0x3C, 0xFF, 0xF3, 0xFF, 0x8F, 0xFC, 0x3C,
    0x01, 0xE0, 0x3F, 0xE1, 0xFF, 0x8F, 0xFC, 0x1E, 0x00, 0xFF, 0x07, 0xFE, 0x3F, 0xF1, 0xE3, 0xCF,
    0x1E, 0x7F, 0xF3, 0xFF, 0x1F, 0xF0, 0x7E, 0x0F, 0xFC, 0xFF, 0xEF, 0xFF, 0xF0, 0xFF, 0x0F, 0xF6,
    0xFF, 0x7F, 0xFF, 0xFF, 0xFE, 0xFF, 0xCF, 0x0E, 0xF0, 0x4F, 0x00, 0xF0, 0x0F, 0x00, 0xE7, 0x0F,
    0xFC, 0xFF, 0xEF, 0xBE, 0xF1, 0xEF, 0x0F, 0xF0, 0xFF, 0x2F, 0xF7, 0xEF, 0xFE, 0xFF, 0xEF, 0xFC,
    0xF2, 0x6F, 0x00, 0xF0, 0x0F, 0x00, 0xE0, 0x00, 0x00, 0x00, 0x00, 0xC0, 0x03, 0x00, 0x0C, 0x7F,
    0xF1, 0xFF, 0xC6, 0x00, 0x18, 0x00, 0x60, 0x01, 0x80, 0x06, 0x00, 0x18, 0x00, 0x60, 0x01, 0x80,
    0x06, 0x00, 0x18, 0x00, 0x60, 0x01, 0x80, 0x06, 0x00, 0x18, 0x00, 0x60, 0x01, 0x80, 0x00, 0x00,
    0x00, 0x00, 0x00, 0x00, 0x00, 0x00, 0x00, 0x00, 0x00, 0x00, 0x00, 0x00, 0x00, 0x00, 0x00, 0x00,
    0x00, 0x00, 0x00, 0x00, 0x03, 0x00, 0x0C, 0x00, 0x31, 0xFF, 0xC7, 0xFF, 0x18, 0x00, 0x60, 0x01,
    0x80, 0x06, 0x00, 0x18, 0x00, 0x60, 0x01, 0x80, 0x06, 0x00, 0x18, 0x00, 0x60, 0x01, 0x80, 0x00,
    0x00, 0x00, 0x00, 0x00, 0x00, 0x00, 0x00, 0x00, 0x00, 0x00, 0x00, 0x00, 0x00, 0x00, 0x00, 0x00,
    0x00, 0x7F, 0xF1, 0xFF, 0xC6, 0x00, 0x18, 0x00, 0x60, 0x01, 0x80, 0x06, 0x00, 0x18, 0x00, 0xFF,
    0x03, 0xFC, 0x06, 0x00, 0x18, 0x00, 0x60, 0x01, 0x80, 0x06, 0x00, 0x18, 0x00, 0x60, 0x01, 0x80,
    0x00, 0x00, 0x00, 0x00, 0x00, 0x00, 0x00, 0x00, 0x00, 0x00, 0x00, 0x00, 0x00, 0x00, 0x00, 0x00,
    0x00, 0x00, 0x00, 0x00, 0x00, 0x00, 0x00, 0x00, 0x00, 0x00, 0x01, 0xFF, 0xC7, 0xFF, 0x18, 0x00,
    0x60, 0x01, 0x80, 0x06, 0x00, 0x3F, 0xC0, 0xFF, 0x01, 0x80, 0x06, 0x00, 0x18, 0x00, 0x60, 0x01,
    0x80, 0x00, 0x00, 0x00, 0x00, 0x00, 0x00, 0x00, 0x00, 0x00, 0x00, 0x00, 0x00, 0x00, 0x00, 0x00,
    0x00, 0x00, 0x00, 0x7F, 0xF1, 0xFF, 0xC6, 0x00, 0x18, 0x00, 0x60, 0x01, 0x80, 0x06, 0x00, 0x18,
    0x00, 0x60, 0x01, 0xFF, 0x07, 0xFE, 0x18, 0x1C, 0x60, 0x31, 0x80, 0xC6, 0x03, 0x18, 0x0C, 0x60,
    0x31, 0x80, 0xC0, 0x03, 0x00, 0x18, 0x00, 0xC0, 0x00, 0x00, 0x00, 0x00, 0x00, 0x00, 0x00, 0x00,
    0x00, 0x00, 0x00, 0x00, 0x00, 0x00, 0x00, 0x00, 0x00, 0x00, 0x00, 0x00, 0x01, 0xFF, 0xC7, 0xFF,
    0x18, 0x00, 0x60, 0x01, 0x80, 0x06, 0x00, 0x1F, 0xE0, 0x7F, 0xC1, 0x83, 0x86, 0x06, 0x18, 0x18,
    0x60, 0x61, 0x81, 0x80, 0x06, 0x00, 0x30, 0x01, 0x80, 0x00, 0x00, 0x00, 0x00, 0x00, 0x00, 0x00,
    0x00, 0x00, 0x00, 0x00, 0x00, 0x63, 0x19, 0x8C, 0x66, 0x31, 0x98, 0xC6, 0x63, 0x19, 0xCC, 0xE3,
    0xB7, 0x07, 0xF8, 0x0F, 0xC0, 0x7F, 0x83, 0xB7, 0x1C, 0xCE, 0x63, 0x19, 0x8C, 0x66, 0x31, 0x98,
    0xC6, 0x63, 0x1D, 0x8C, 0x70, 0x00, 0xC0, 0x03, 0x00, 0x0C, 0x00, 0x30, 0x00, 0x00, 0x00, 0x00,
    0x00, 0x00, 0x00, 0x00, 0x00, 0x00, 0x00, 0x00, 0x00, 0x00, 0x00, 0x00, 0x00, 0x00, 0x01, 0x8C,
    0x66, 0x31, 0x98, 0xC6, 0x73, 0x38, 0xED, 0xC1, 0xFE, 0x03, 0xF0, 0x1F, 0xE0, 0xED, 0xC7, 0x33,
    0x98, 0xC6, 0x63, 0x1D, 0x8C, 0x70, 0x00, 0xC0, 0x03, 0x00, 0x0C, 0x00, 0x30, 0x00, 0x00, 0x00,
    0x00, 0x00, 0x00, 0x00, 0x00, 0x00, 0x00, 0x1F, 0xC0, 0xFF, 0x87, 0x07, 0x18, 0x0C, 0x00, 0x30,
    0x00, 0xC0, 0x03, 0x00, 0x1C, 0x0F, 0xE0, 0x3F, 0x80, 0x07, 0x00, 0x0C, 0x00, 0x30, 0x00, 0xC6,
    0x03, 0x1C, 0x1C, 0x3F, 0xE0, 0x7F, 0x00, 0x60, 0x01, 0x80, 0x06, 0x00, 0x18, 0x00, 0x60, 0x00,
    0x00, 0x00, 0x00, 0x00, 0x00, 0x00, 0x00, 0x00, 0x00, 0x00, 0x00, 0x00, 0x00, 0x00, 0x00, 0x00,
    0x00, 0x7F, 0x03, 0xFE, 0x1C, 0x1C, 0x00, 0x30, 0x01, 0xC0, 0xFE, 0x03, 0xF8, 0x00, 0x70, 0x00,
    0xC0, 0x03, 0x1C, 0x1C, 0x3F, 0xE0, 0x7F, 0x00, 0x60, 0x01, 0x80, 0x06, 0x00, 0x18, 0x00, 0x60,
    0x00, 0x00, 0x00, 0x00, 0x00, 0x00, 0x00, 0x00, 0x00, 0x60, 0x31, 0x81, 0xC6, 0x0E, 0x18, 0x70,
    0x63, 0x81, 0x9C, 0x06, 0xE0, 0x1F, 0x00, 0x78, 0x01, 0xE0, 0x07, 0xC0, 0x1B, 0x80, 0x67, 0x01,
    0x8E, 0x06, 0x1C, 0x18, 0x38, 0x60, 0x71, 0x80, 0xE0, 0x01, 0x80, 0x06, 0x00, 0x18, 0x00, 0x60,
    0x00, 0x00, 0x00, 0x00, 0x00, 0x00, 0x00, 0x00, 0x00, 0x00, 0x00, 0x00, 0x00, 0x00, 0x00, 0x00,
    0x00, 0x00, 0x00, 0xC1, 0xC3, 0x0E, 0x0C, 0x70, 0x33, 0x80, 0xDC, 0x03, 0xE0, 0x0F, 0x00, 0x3E,
    0x00, 0xDC, 0x03, 0x38, 0x0C, 0x70, 0x30, 0xE0, 0xC1, 0xC0, 0x03, 0x00, 0x0C, 0x00, 0x30, 0x00,
    0xC0, 0x00, 0x00, 0x00, 0x00, 0x00, 0x00, 0x00, 0x00, 0x00, 0x00, 0x60, 0x19, 0x80, 0x66, 0x03,
    0x98, 0x1C, 0x6C, 0xE1, 0xB7, 0x06, 0xF8, 0x1B, 0xC0, 0x7E, 0x01, 0xF8, 0x06, 0xF0, 0x1B, 0xE0,
    0x6D, 0xC1, 0xB3, 0x86, 0x07, 0x18, 0x0E, 0x60, 0x19, 0x80, 0x60, 0x00, 0x00, 0x00, 0x00, 0x00,
    0x00, 0x00, 0x00, 0x00, 0x00, 0x00, 0x00, 0x00, 0x00, 0x00, 0x00, 0x00, 0x00, 0x00, 0x00, 0x00,
    0x00, 0x00, 0x00, 0x00, 0x01, 0x80, 0x66, 0x03, 0x9B, 0x1C, 0x6C, 0xE1, 0xB7, 0x07, 0xF8, 0x1F,
    0xC0, 0x7F, 0x81, 0xB7, 0x06, 0xCE, 0x1B, 0x1C, 0x60, 0x39, 0x80, 0x60, 0x00, 0x00, 0x00, 0x00,
    0x00, 0x00, 0x00, 0x00, 0x00, 0x00, 0x00, 0x00, 0x00, 0x00, 0x00, 0x00, 0x00, 0xF0, 0x1B, 0xC0,
    0xE3, 0x07, 0x0C, 0x38, 0x31, 0xC0, 0xCE, 0x03, 0x70, 0x0F, 0x80, 0x3C, 0x00, 0xF0, 0x03, 0xE0,
    0x0D, 0xC0, 0x33, 0x80, 0xC7, 0x03, 0x0E, 0x0C, 0x1C, 0x30, 0x38, 0xC0, 0x60, 0x00, 0x00, 0x00,
    0x00, 0x00, 0x00, 0x00, 0x00, 0x00, 0x00, 0x00, 0x00, 0x00, 0x00, 0x00, 0x00, 0x00, 0x00, 0x00,
    0x00, 0x00, 0x00, 0x00, 0x00, 0x00, 0x03, 0xC1, 0xCF, 0x0E, 0x0C, 0x70, 0x33, 0x80, 0xDC, 0x03,
    0xE0, 0x0F, 0x00, 0x3E, 0x00, 0xDC, 0x03, 0x38, 0x0C, 0x70, 0x30, 0xE0, 0xC1, 0xC0, 0x00, 0x00,
    0x00, 0x00, 0x00, 0x00, 0x00, 0x00, 0x00, 0x00, 0x00, 0x00, 0x00, 0x00, 0x00, 0x00, 0x00, 0x60,
    0x31, 0x80, 0xC6, 0x03, 0x18, 0x0C, 0x60, 0x31, 0x80, 0xC6, 0x03, 0x18, 0x0C, 0x7F, 0xF1, 0xFF,
    0xC6, 0x03, 0x18, 0x0C, 0x60, 0x31, 0x80, 0xC6, 0x03, 0x18, 0x0C, 0x60, 0x39, 0x80, 0xE0, 0x01,
    0x80, 0x06, 0x00, 0x18, 0x00, 0x60, 0x00, 0x00, 0x00, 0x00, 0x00, 0x00, 0x00, 0x00, 0x00, 0x00,
    0x00, 0x00, 0x00, 0x00, 0x00, 0x00, 0x00, 0x00, 0x01, 0x80, 0xC6, 0x03, 0x18, 0x0C, 0x60, 0x31,
    0x80, 0xC7, 0xFF, 0x1F, 0xFC, 0x60, 0x31, 0x80, 0xC6, 0x03, 0x18, 0x0C, 0x60, 0x39, 0x80, 0xE0,
    0x01, 0x80, 0x06, 0x00, 0x18, 0x00, 0x60, 0x00, 0x00, 0x00, 0x00, 0x00, 0x00, 0x00, 0x00, 0x00,
    0x00, 0x60, 0xFD, 0x83, 0xF6, 0x0C, 0x18, 0x30, 0x60, 0xC1, 0x83, 0x06, 0x0C, 0x18, 0x30, 0x7F,
    0xC1, 0xFF, 0x06, 0x0C, 0x18, 0x30, 0x60, 0xC1, 0x83, 0x06, 0x0C, 0x18, 0x30, 0x60, 0xC1, 0x83,
    0x00, 0x00, 0x00, 0x00, 0x00, 0x00, 0x00, 0x00, 0x00, 0x00, 0x00, 0x00, 0x00, 0x00, 0x00, 0x00,
    0x00, 0x00, 0x00, 0x00, 0x00, 0x00, 0x00, 0x00, 0x00, 0x00, 0x01, 0x83, 0xF6, 0x0F, 0xD8, 0x30,
    0x60, 0xC1, 0x83, 0x07, 0xFC, 0x1F, 0xF0, 0x60, 0xC1, 0x83, 0x06, 0x0C, 0x18, 0x30, 0x60, 0xC1,
    0x83, 0x00, 0x00, 0x00, 0x00, 0x00, 0x00, 0x00, 0x00, 0x00, 0x00, 0x00, 0x7F, 0xF8, 0x03, 0xFF,
    0xE0, 0x0F, 0xFF, 0x80, 0x3F, 0xFE, 0x00, 0xF0, 0x38, 0x03, 0xC0, 0xE0, 0x0F, 0x03, 0xBC, 0x3C,
    0x0F, 0xFC, 0xF0, 0x3F, 0xFB, 0xC0, 0xFF, 0xEF, 0x03, 0xC7, 0xFC, 0x0F, 0x0F, 0xF0, 0x38, 0x3F,
    0xC0, 0xE1, 0xFF, 0x03, 0xBF, 0xBC, 0x0E, 0xFE, 0x00, 0x03, 0xE0, 0x00, 0x04, 0x00, 0xFF, 0xC0,
    0x3F, 0xF8, 0x0F, 0xFE, 0x03, 0xFF, 0x80, 0xF1, 0xE0, 0x3C, 0x7F, 0x8F, 0x1F, 0xFB, 0xC7, 0xFE,
    0xF1, 0xE3, 0xFC, 0x78, 0xFF, 0x1E, 0x3F, 0xC7, 0x8F, 0x00, 0x0F, 0x80, 0x03, 0xE0, 0x00, 0x70,
    0x00, 0x00, 0x03, 0x00, 0x00, 0x3C, 0x00, 0x01, 0xF1, 0xF8, 0x0F, 0xCF, 0xF0, 0x7C, 0x7F, 0xE1,
    0xE1, 0xE7, 0xC7, 0x8F, 0x0F, 0x1C, 0x3C, 0x3C, 0x70, 0xF0, 0xF1, 0xC3, 0xC3, 0xC7, 0x8F, 0x9F,
    0x1E, 0x1E, 0xF8, 0x7C, 0x7F, 0xC0, 0xFF, 0xFF, 0xE1, 0xFF, 0xFF, 0x83, 0xFF, 0xFE, 0x01, 0xC0,
    0xE0, 0x06, 0x00, 0x0F, 0x00, 0x0F, 0xBF, 0x0F, 0xBF, 0xC7, 0x9F, 0xE7, 0x9E, 0x7B, 0xCF, 0x3D,
    0xE7, 0x9E, 0x79, 0xFE, 0x3F, 0xFF, 0x8F, 0xFF, 0xE3, 0xFF, 0xF0, 0x38, 0x60, 0x00, 0x00, 0x00,
    0x00, 0x00, 0x00, 0x00, 0x1F, 0xC0, 0xFF, 0x87, 0x07, 0x18, 0x0C, 0x60, 0x31, 0x80, 0x06, 0x00,
    0x18, 0x00, 0x60, 0x01, 0x80, 0x06, 0x00, 0x18, 0x00, 0x60, 0x01, 0x80, 0xC6, 0x03, 0x1C, 0x1C,
    0x3F, 0xE0, 0x7F, 0x00, 0x60, 0x01, 0x80, 0x06, 0x00, 0x18, 0x00, 0x60, 0x00, 0x00, 0x00, 0x00,
    0x00, 0x00, 0x00, 0x00, 0x00, 0x00, 0x00, 0x00, 0x00, 0x00, 0x00, 0x00, 0x00, 0x00, 0x7F, 0x03,
    0xFE, 0x1C, 0x1C, 0x60, 0x01, 0x80, 0x06, 0x00, 0x18, 0x00, 0x60, 0x01, 0x80, 0x06, 0x00, 0x1C,
    0x1C, 0x3F, 0xE0, 0x7F, 0x00, 0x60, 0x01, 0x80, 0x06, 0x00, 0x18, 0x00, 0x60, 0x00, 0x00, 0x7F,
    0xFB, 0xFF, 0xEF, 0xFF, 0xBF, 0xFE, 0x07, 0x80, 0x1E, 0x00, 0x78, 0x01, 0xE0, 0x07, 0x80, 0x1E,
    0x00, 0x78, 0x01, 0xE0, 0x07, 0x80, 0x1F, 0x00, 0x7C, 0x01, 0xF0, 0x01, 0xC0, 0x07, 0x00, 0x1C,
    0x00, 0x70, 0xFF, 0xDF, 0xFF, 0xFF, 0xFF, 0xE1, 0xE0, 0x3C, 0x07, 0x80, 0xF0, 0x1E, 0x03, 0xF0,
    0x7E, 0x0F, 0xC0, 0x78, 0x0F, 0x01, 0xE0, 0x38, 0x00, 0x00, 0x00, 0x00, 0x00, 0x00, 0x00, 0x60,
    0x19, 0x80, 0x63, 0x03, 0x0C, 0x0C, 0x18, 0x60, 0x61, 0x80, 0xCC, 0x03, 0x30, 0x07, 0x80, 0x1E,
    0x00, 0x30, 0x00, 0xC0, 0x03, 0x00, 0x0C, 0x00, 0x30, 0x00, 0xC0, 0x03, 0x00, 0x0C, 0x00, 0x00,
    0x00, 0x00, 0x00, 0x00, 0x00, 0x00, 0x00, 0x00, 0x00, 0x00, 0x00, 0x00, 0x00, 0x00, 0x00, 0x00,
    0x00, 0x00, 0x00, 0x00, 0x00, 0x00, 0x00, 0x00, 0x01, 0x80, 0x66, 0x01, 0x98, 0x06, 0x30, 0x30,
    0xC0, 0xC1, 0x86, 0x06, 0x18, 0x0C, 0xC0, 0x33, 0x00, 0x78, 0x01, 0xE0, 0x03, 0x00, 0x0C, 0x00,
    0x30, 0x00, 0xC0, 0x03, 0x00, 0x0C, 0x00, 0x30, 0x00, 0x00, 0x00, 0x00, 0x00, 0x00, 0x00, 0x00,
    0x00, 0x60, 0x19, 0x80, 0x63, 0x03, 0x0C, 0x0C, 0x18, 0x60, 0x61, 0x80, 0xCC, 0x03, 0x30, 0x07,
    0x80, 0x1E, 0x00, 0x30, 0x0F, 0xFC, 0x3F, 0xF0, 0x0C, 0x00, 0x30, 0x00, 0xC0, 0x03, 0x00, 0x0C,
    0x00, 0x00, 0x00, 0x00, 0x00, 0x00, 0x00, 0x00, 0x00, 0x00, 0x00, 0x00, 0x00, 0x00, 0x00, 0x00,
    0x00, 0x00, 0x00, 0x00, 0x00, 0x00, 0x00, 0x00, 0x00, 0x00, 0x01, 0x80, 0x66, 0x01, 0x98, 0x06,
    0x30, 0x30, 0xC0, 0xC1, 0x86, 0x06, 0x18, 0x0C, 0xC0, 0x33, 0x00, 0x78, 0x01, 0xE0, 0x03, 0x00,
    0xFF, 0xC3, 0xFF, 0x00, 0xC0, 0x03, 0x00, 0x0C, 0x00, 0x30, 0x00, 0x00, 0x00, 0x00, 0x00, 0x00,
    0x00, 0x00, 0x00, 0x60, 0x31, 0x80, 0xC3, 0x06, 0x0C, 0x18, 0x18, 0xC0, 0x63, 0x00, 0xD8, 0x03,
    0x60, 0x07, 0x00, 0x1C, 0x00, 0xD8, 0x03, 0x60, 0x18, 0xC0, 0x63, 0x03, 0x06, 0x0C, 0x18, 0x60,
    0x39, 0x80, 0xE0, 0x01, 0x80, 0x06, 0x00, 0x18, 0x00, 0x60, 0x00, 0x00, 0x00, 0x00, 0x00, 0x00,
    0x00, 0x00, 0x00, 0x00, 0x00, 0x00, 0x00, 0x00, 0x00, 0x00, 0x00, 0x00, 0x01, 0x80, 0xC6, 0x03,
    0x1C, 0x1C, 0x38, 0xE0, 0x77, 0x00, 0xF8, 0x01, 0xC0, 0x0F, 0x80, 0x77, 0x03, 0x8E, 0x1C, 0x1C,
    0x60, 0x39, 0x80, 0xE0, 0x01, 0x80, 0x06, 0x00, 0x18, 0x00, 0x60, 0x00, 0x00, 0x00, 0x7F, 0xF1,
    0x8F, 0xFF, 0xBC, 0xFF, 0xFB, 0xCF, 0xFF, 0xBC, 0x07, 0x83, 0xC0, 0x78, 0x3C, 0x07, 0x83, 0xC0,
    0x78, 0x3C, 0x07, 0x83, 0xC0, 0x78, 0x3C, 0x07, 0x83, 0xC0, 0x78, 0x3C, 0x07, 0x83, 0xC0, 0x7F,
    0xFF, 0x07, 0xFF, 0xF0, 0x7F, 0xFF, 0x00, 0x00, 0xF0, 0x00, 0x0F, 0x00, 0x00, 0xF0, 0x00, 0x0E,
    0xFF, 0x39, 0xFE, 0xF3, 0xFD, 0xE7, 0xF3, 0xC3, 0xC7, 0x87, 0x8F, 0x0F, 0x1E, 0x1E, 0x3C, 0x3C,
    0x78, 0x7F, 0xF8, 0xFF, 0xF9, 0xFF, 0xF0, 0x01, 0xC0, 0x03, 0x80, 0x07, 0x00, 0x0E, 0x00, 0x00,
    0x00, 0x00, 0x00, 0x00, 0x00, 0x60, 0x31, 0x80, 0xC6, 0x03, 0x18, 0x0C, 0x60, 0x31, 0x80, 0xC6,
    0x03, 0x1C, 0x0C, 0x3F, 0xF0, 0x7F, 0xC0, 0x03, 0x00, 0x0C, 0x00, 0x30, 0x00, 0xC0, 0x03, 0x00,
    0x0C, 0x00, 0x38, 0x00, 0xE0, 0x01, 0x80, 0x06, 0x00, 0x18, 0x00, 0x60, 0x00, 0x00, 0x00, 0x00,
    0x00, 0x00, 0x00, 0x00, 0x00, 0x00, 0x00, 0x00, 0x00, 0x00, 0x00, 0x00, 0x00, 0x00, 0x01, 0x80,
    0xC6, 0x03, 0x18, 0x0C, 0x60, 0x31, 0xC0, 0xC3, 0xFF, 0x07, 0xFC, 0x00, 0x30, 0x00, 0xC0, 0x03,
    0x00, 0x0C, 0x00, 0x38, 0x00, 0xE0, 0x01, 0x80, 0x06, 0x00, 0x18, 0x00, 0x60, 0x00, 0x00, 0x00,
    0x00, 0x00, 0x00, 0x00, 0x00, 0x00, 0x00, 0x60, 0x31, 0x80, 0xC6, 0x03, 0x18, 0x0C, 0x63, 0x31,
    0x8C, 0xC6, 0x33, 0x1C, 0xCC, 0x3F, 0xF0, 0x7F, 0xC0, 0x33, 0x00, 0xCC, 0x03, 0x30, 0x0C, 0xC0,
    0x03, 0x00, 0x0C, 0x00, 0x30, 0x00, 0xC0, 0x00, 0x00, 0x00, 0x00, 0x00, 0x00, 0x00, 0x00, 0x00,
    0x00, 0x00, 0x00, 0x00, 0x00, 0x00, 0x00, 0x00, 0x00, 0x00, 0x00, 0x00, 0x00, 0x00, 0x00, 0x00,
    0x01, 0x80, 0xC6, 0x03, 0x18, 0xCC, 0x63, 0x31, 0xCC, 0xC3, 0xFF, 0x07, 0xFC, 0x03, 0x30, 0x0C,
    0xC0, 0x33, 0x00, 0x0C, 0x00, 0x30, 0x00, 0xC0, 0x00, 0x00, 0x00, 0x00, 0x00, 0x00, 0x00, 0x00,
    0x00, 0x00, 0x00, 0x00, 0x00, 0x00, 0x00, 0x00, 0x00, 0x60, 0x01, 0x80, 0x06, 0x00, 0x18, 0x00,
    0x60, 0x01, 0x80, 0x06, 0x00, 0x1F, 0xF0, 0x7F, 0xE1, 0x81, 0xC6, 0x03, 0x18, 0x0C, 0x60, 0x31,
    0x80, 0xC6, 0x03, 0x18, 0x0C, 0x60, 0x31, 0x80, 0xC0, 0x00, 0x00, 0x00, 0x00, 0x00, 0x00, 0x00,
    0x00, 0x00, 0x00, 0x00, 0x00, 0x00, 0x00, 0x00, 0x00, 0x00, 0x00, 0x00, 0x00, 0x00, 0x00, 0x00,
    0x00, 0x00, 0x01, 0x80, 0x06, 0x00, 0x18, 0x00, 0x60, 0x01, 0x80, 0x07, 0xFC, 0x1F, 0xF8, 0x60,
    0x71, 0x80, 0xC6, 0x03, 0x18, 0x0C, 0x60, 0x31, 0x80, 0xC0, 0x00, 0x00, 0x00, 0x00, 0x00, 0x00,
    0x00, 0x00, 0x00, 0x00, 0x00, 0x78, 0x00, 0x7F, 0x80, 0x3F, 0xF0, 0x1F, 0xFE, 0x0F, 0x87, 0xBB,
    0xC0, 0xFE, 0xF0, 0x3F, 0xFF, 0xFF, 0xFF, 0xFF, 0xCF, 0xFF, 0xF0, 0xF0, 0x00, 0x3C, 0x0F, 0x0F,
    0x87, 0x81, 0xFF, 0xE0, 0x3F, 0xF0, 0x07, 0xF8, 0x00, 0x30, 0x00, 0x00, 0xE0, 0x07, 0xF0, 0x1F,
    0xF7, 0x7C, 0xFE, 0xF1, 0xFF, 0xFF, 0xDF, 0xFF, 0x87, 0xFF, 0x0F, 0x0C, 0x1F, 0x7C, 0x1F, 0xF0,
    0x1F, 0xC0, 0x06, 0x00, 0x00, 0x78, 0x00, 0x7F, 0x80, 0x3F, 0xF0, 0x1F, 0xFE, 0x0F, 0x87, 0xBB,
    0xC0, 0xFE, 0xF0, 0x3F, 0xFF, 0xFF, 0xFF, 0xFF, 0xCF, 0xFF, 0xF0, 0xF0, 0x00, 0x3C, 0x0F, 0x0F,
    0x87, 0x81, 0xFF, 0xE0, 0x3F, 0xF0, 0x07, 0xF8, 0x00, 0x78, 0x00, 0x1E, 0x00, 0x07, 0x80, 0x01,
    0xC0, 0x00, 0xE0, 0x07, 0xF0, 0x1F, 0xF7, 0x7C, 0xFE, 0xF1, 0xFF, 0xFF, 0xDF, 0xFF, 0x87, 0xFF,
    0x0F, 0x0C, 0x1F, 0x7C, 0x1F, 0xF0, 0x1F, 0xC0, 0x0E, 0x00, 0x1E, 0x00, 0x0C, 0x00, 0x78, 0x00,
    0xE0, 0x00, 0x00, 0x00, 0x00, 0x00, 0x00, 0x00, 0x0F, 0xC0, 0x3F, 0x00, 0x30, 0x00, 0xC0, 0x03,
    0x00, 0x0C, 0x00, 0x30, 0x00, 0xC0, 0x03, 0x00, 0x0C, 0x00, 0x30, 0x00, 0xC0, 0x03, 0x00, 0x0C,
    0x00, 0x30, 0x00, 0xC0, 0x0F, 0xC0, 0x3F, 0x00, 0x00, 0x00, 0x00, 0x00, 0x00, 0x00, 0x00, 0x00,
    0x00, 0x00, 0x18, 0xC0, 0x7F, 0x00, 0xF8, 0x00, 0x00, 0x63, 0x19, 0x8C, 0x66, 0x31, 0x98, 0xC6,
    0x63, 0x19, 0xCC, 0xE3, 0xB7, 0x07, 0xF8, 0x0F, 0xC0, 0x7F, 0x83, 0xB7, 0x1C, 0xCE, 0x63, 0x19,
    0x8C, 0x66, 0x31, 0x98, 0xC6, 0x63, 0x19, 0x8C, 0x60, 0x00, 0x00, 0x00, 0x00, 0x00, 0x00, 0x00,
    0x00, 0x00, 0x00, 0x00, 0x00, 0x00, 0x00, 0x00, 0x00, 0x00, 0x00, 0x00, 0x63, 0x01, 0xFC, 0x03,
    0xE0, 0x00, 0x01, 0x8C, 0x66, 0x31, 0x98, 0xC6, 0x73, 0x38, 0xED, 0xC1, 0xFE, 0x03, 0xF0, 0x1F,
    0xE0, 0xED, 0xC7, 0x33, 0x98, 0xC6, 0x63, 0x19, 0x8C, 0x60, 0x00, 0x00, 0x00, 0x00, 0x00, 0x00,
    0x00, 0x00, 0x00, 0x00, 0x60, 0x77, 0x87, 0xBC, 0x7D, 0xE7, 0xCF, 0x3C, 0x7B, 0xE3, 0xFE, 0x1F,
    0xE0, 0xFF, 0xC7, 0xFF, 0xBC, 0x7D, 0xE0, 0xFF, 0x07, 0xF8, 0x3F, 0xC1, 0xFE, 0x0F, 0x00, 0xF0,
    0x1F, 0x80, 0xF8, 0x07, 0x00, 0xE1, 0xFE, 0x7F, 0xCF, 0x7B, 0xCF, 0xF9, 0xFE, 0x3F, 0xE7, 0xFE,
    0xF1, 0xFE, 0x1F, 0xC3, 0xF8, 0xF0, 0x3E, 0x07, 0x80, 0xE0, 0x00, 0x0F, 0xFC, 0x07, 0xFF, 0x07,
    0xFF, 0x83, 0xFF, 0xC1, 0xE1, 0xE0, 0xF0, 0xF0, 0x78, 0x78, 0x3C, 0x3C, 0x1E, 0x1E, 0x0F, 0x0F,
    0x07, 0x87, 0x83, 0x83, 0xC3, 0xC1, 0xE7, 0xE0, 0xFB, 0xE0, 0x7D, 0xE0, 0x3E, 0x00, 0x0F, 0x00,
    0x07, 0x00, 0x07, 0x80, 0x01, 0x80, 0x3F, 0xE0, 0xFF, 0xC3, 0xFF, 0x0F, 0xFC, 0x3C, 0xF0, 0xF3,
    0xC3, 0xCF, 0x0E, 0x3C, 0x78, 0xF3, 0xE3, 0xEF, 0x8F, 0xBC, 0x3E, 0x00, 0x78, 0x01, 0xC0, 0x0F,
    0x00, 0x18, 0x60, 0x3B, 0xC0, 0xEF, 0x03, 0xBC, 0x0E, 0xF0, 0x3B, 0xC0, 0xEF, 0x03, 0xBF, 0xFE,
    0xFF, 0xFB, 0xFF, 0xEF, 0x03, 0xBC, 0x0E, 0xF0, 0x3B, 0xC0, 0xEF, 0x03, 0xFC, 0x0F, 0x00, 0x38,
    0x01, 0xE0, 0x1F, 0x80, 0x7E, 0x00, 0xE0, 0xE0, 0xFE, 0x3F, 0xC7, 0xF8, 0xFF, 0x1F, 0xFF, 0xFF,
    0xFF, 0xFF, 0xF1, 0xFE, 0x3F, 0xC7, 0xF8, 0xF0, 0x1E, 0x03, 0xC1, 0xF8, 0x3E, 0x07, 0x80, 0x60,
    0x38, 0xF0, 0x38, 0xF0, 0x38, 0xF0, 0x38, 0xF0, 0x38, 0xF0, 0x38, 0xF0, 0x38, 0xFF, 0xF8, 0xFF,
    0xF8, 0xFF, 0xF8, 0xF0, 0x38, 0xF0, 0x38, 0xF0, 0x38, 0xF0, 0x3E, 0xF0, 0x3E, 0xF0, 0x3E, 0x00,
    0x1E, 0x00, 0x1C, 0x00, 0x3C, 0x00, 0x38, 0xE0, 0xE7, 0x8F, 0x3C, 0x79, 0xE3, 0xCF, 0x1E, 0x7F,
    0xF3, 0xFF, 0x9F, 0xFC, 0xF1, 0xE7, 0x8F, 0xFC, 0x7F, 0xE3, 0xE0, 0x0F, 0x00, 0x78, 0x03, 0x80,
    0x1C, 0x60, 0x73, 0xC1, 0xEF, 0x07, 0xBC, 0x1E, 0xF0, 0x7B, 0xC1, 0xEF, 0x07, 0xBE, 0x3E, 0x7F,
    0xF9, 0xFF, 0xE1, 0xF7, 0x80, 0x1E, 0x00, 0x78, 0x01, 0xF0, 0x07, 0xC0, 0x1F, 0x00, 0x3C, 0x00,
    0xF0, 0x03, 0xC0, 0x07, 0xE1, 0xCF, 0x1E, 0xF1, 0xEF, 0x1E, 0xF1, 0xEF, 0x1E, 0xFF, 0xE7, 0xFE,
    0x3F, 0xE0, 0x1F, 0x01, 0xF0, 0x1F, 0x00, 0xF0, 0x0F, 0x00, 0xF0, 0x07, 0x78, 0x0F, 0x9F, 0x81,
    0xF3, 0xF0, 0x7E, 0x7E, 0x0F, 0xCF, 0xE1, 0xF9, 0xFC, 0x7F, 0x3F, 0x8F, 0xE7, 0xFB, 0xFC, 0xFF,
    0x7F, 0x9E, 0xEF, 0xF3, 0xDF, 0xDE, 0x7B, 0xFB, 0xCF, 0x3F, 0x79, 0xE7, 0xCF, 0xFC, 0xF9, 0xFF,
    0x8E, 0x3F, 0x00, 0x01, 0xC0, 0x00, 0x78, 0x00, 0x0F, 0x00, 0x01, 0xC0, 0xF8, 0x3C, 0x7E, 0x3F,
    0x3F, 0x1F, 0x9F, 0x8F, 0xCF, 0xEF, 0xE7, 0xF7, 0xF3, 0xFB, 0xF9, 0xFF, 0xFC, 0xFF, 0xDE, 0x7B,
    0xEF, 0xFD, 0xF7, 0xFE, 0x73, 0xE0, 0x00, 0xF0, 0x00, 0x78, 0x00, 0x38, 0x00, 0x1C, 0x00, 0x00,
    0x00, 0x00, 0x00, 0x00, 0x00, 0x0F, 0x00, 0x3C, 0x00, 0x30, 0x00, 0xC0, 0x03, 0x00, 0x0C, 0x00,
    0x30, 0x00, 0xC0, 0x03, 0x00, 0x0C, 0x00, 0x30, 0x00, 0xC0, 0x03, 0x00, 0x0C, 0x00, 0x30, 0x00,
    0xC0, 0x0F, 0xC0, 0x3F, 0x00, 0x00, 0x00, 0x00, 0x00, 0x00, 0x00, 0x00, 0x00, 0x00, 0x00, 0x18,
    0xC0, 0x7F, 0x00, 0xF8, 0x00, 0x00, 0x1F, 0xC0, 0xFF, 0x87, 0x07, 0x18, 0x0C, 0x60, 0x31, 0x80,
    0xC6, 0x03, 0x18, 0x0C, 0x60, 0x31, 0xFF, 0xC7, 0xFF, 0x18, 0x0C, 0x60, 0x31, 0x80, 0xC6, 0x03,
    0x18, 0x0C, 0x60, 0x31, 0x80, 0xC0, 0x00, 0x00, 0x00, 0x00, 0x00, 0x00, 0x00, 0x00, 0x00, 0x00,
    0x00, 0x00, 0x00, 0x00, 0x00, 0x00, 0x00, 0x00, 0x00, 0x63, 0x01, 0xFC, 0x03, 0xE0, 0x00, 0x00,
    0x7F, 0x01, 0xFE, 0x00, 0x1C, 0x00, 0x30, 0x7F, 0xC3, 0xFF, 0x1C, 0x0C, 0x60, 0x31, 0x80, 0xC6,
    0x03, 0x1C, 0x0C, 0x3F, 0xF0, 0x7F, 0xC0, 0x00, 0x00, 0x00, 0x00, 0x00, 0x00, 0x00, 0x00, 0x00,
    0x00, 0x18, 0xC0, 0x63, 0x01, 0x8C, 0x00, 0x00, 0x1F, 0xC0, 0xFF, 0x87, 0x07, 0x18, 0x0C, 0x60,
    0x31, 0x80, 0xC6, 0x03, 0x18, 0x0C, 0x60, 0x31, 0xFF, 0xC7, 0xFF, 0x18, 0x0C, 0x60, 0x31, 0x80,
    0xC6, 0x03, 0x18, 0x0C, 0x60, 0x31, 0x80, 0xC0, 0x00, 0x00, 0x00, 0x00, 0x00, 0x00, 0x00, 0x00,
    0x00, 0x00, 0x00, 0x00, 0x00, 0x00, 0x00, 0x00, 0x00, 0x00, 0x00, 0x63, 0x01, 0x8C, 0x06, 0x30,
    0x00, 0x00, 0x7F, 0x01, 0xFE, 0x00, 0x1C, 0x00, 0x30, 0x7F, 0xC3, 0xFF, 0x1C, 0x0C, 0x60, 0x31,
    0x80, 0xC6, 0x03, 0x1C, 0x0C, 0x3F, 0xF0, 0x7F, 0xC0, 0x00, 0x00, 0x00, 0x00, 0x00, 0x00, 0x00,
    0x00, 0x00, 0x00, 0x00, 0x00, 0x00, 0x00, 0x00, 0x00, 0x00, 0x3F, 0xF9, 0xFF, 0xEE, 0x30, 0x30,
    0xC0, 0xC3, 0x03, 0x0C, 0x0C, 0x30, 0x30, 0xC0, 0xFF, 0xF3, 0xFF, 0xCC, 0x30, 0x30, 0xC0, 0xC3,
    0x03, 0x0C, 0x0C, 0x30, 0x30, 0xC0, 0xC3, 0xFB, 0x0F, 0xE0, 0x00, 0x00, 0x00, 0x00, 0x00, 0x00,
    0x00, 0x00, 0x00, 0x00, 0x00, 0x00, 0x00, 0x00, 0x00, 0x00, 0x00, 0x00, 0x00, 0x00, 0x00, 0x00,
    0x00, 0x00, 0x00, 0x01, 0xF7, 0x87, 0xFF, 0x01, 0xCE, 0x03, 0x18, 0xFC, 0x67, 0xFF, 0xB8, 0xFE,
    0xC3, 0x03, 0x0C, 0x0C, 0x30, 0x38, 0xE6, 0x7F, 0xF8, 0xFB, 0xC0, 0x00, 0x00, 0x00, 0x00, 0x00,
    0x00, 0x00, 0x00, 0x00, 0x00, 0x18, 0xC0, 0x7F, 0x00, 0xF8, 0x00, 0x00, 0x7F, 0xF1, 0xFF, 0xC6,
    0x00, 0x18, 0x00, 0x60, 0x01, 0x80, 0x06, 0x00, 0x18, 0x00, 0x7F, 0x81, 0xFE, 0x06, 0x00, 0x18,
    0x00, 0x60, 0x01, 0x80, 0x06, 0x00, 0x18, 0x00, 0x7F, 0xF1, 0xFF, 0xC0, 0x00, 0x00, 0x00, 0x00,
    0x00, 0x00, 0x00, 0x00, 0x00, 0x00, 0x00, 0x00, 0x00, 0x00, 0x00, 0x00, 0x00, 0x00, 0x00, 0x63,
    0x01, 0xFC, 0x03, 0xE0, 0x00, 0x00, 0x7F, 0x03, 0xFE, 0x1C, 0x1C, 0x60, 0x31, 0x80, 0xC7, 0xFF,
    0x1F, 0xFC, 0x60, 0x01, 0x80, 0x06, 0x00, 0x1C, 0x1C, 0x3F, 0xE0, 0x7F, 0x00, 0x00, 0x00, 0x00,
    0x00, 0x00, 0x00, 0x00, 0x00, 0x00, 0x00, 0x00, 0x00, 0x00, 0x00, 0x00, 0x00, 0x00, 0x1F, 0xC0,
    0xFF, 0x87, 0x07, 0x18, 0x0C, 0x00, 0x30, 0x00, 0xC0, 0x03, 0x00, 0x0C, 0x7F, 0xF1, 0xFF, 0xC6,
    0x03, 0x18, 0x0C, 0x60, 0x31, 0x80, 0xC6, 0x03, 0x1C, 0x1C, 0x3F, 0xE0, 0x7F, 0x00, 0x00, 0x00,
    0x00, 0x00, 0x00, 0x00, 0x00, 0x00, 0x00, 0x00, 0x00, 0x00, 0x00, 0x00, 0x00, 0x00, 0x00, 0x00,
    0x00, 0x00, 0x00, 0x00, 0x00, 0x00, 0x00, 0x00, 0x7F, 0x03, 0xFE, 0x1C, 0x1C, 0x00, 0x30, 0x00,
    0xC0, 0x03, 0x1F, 0xFC, 0x7F, 0xF1, 0x80, 0xC6, 0x03, 0x1C, 0x1C, 0x3F, 0xE0, 0x7F, 0x00, 0x00,
    0x00, 0x00, 0x00, 0x00, 0x00, 0x00, 0x00, 0x00, 0x00, 0x18, 0xC0, 0x63, 0x01, 0x8C, 0x00, 0x00,
    0x1F, 0xC0, 0xFF, 0x87, 0x07, 0x18, 0x0C, 0x00, 0x30, 0x00, 0xC0, 0x03, 0x00, 0x0C, 0x7F, 0xF1,
    0xFF, 0xC6, 0x03, 0x18, 0x0C, 0x60, 0x31, 0x80, 0xC6, 0x03, 0x1C, 0x1C, 0x3F, 0xE0, 0x7F, 0x00,
    0x00, 0x00, 0x00, 0x00, 0x00, 0x00, 0x00, 0x00, 0x00, 0x00, 0x00, 0x00, 0x00, 0x00, 0x00, 0x00,
    0x00, 0x00, 0x00, 0x63, 0x01, 0x8C, 0x06, 0x30, 0x00, 0x00, 0x7F, 0x03, 0xFE, 0x1C, 0x1C, 0x00,
    0x30, 0x00, 0xC0, 0x03, 0x1F, 0xFC, 0x7F, 0xF1, 0x80, 0xC6, 0x03, 0x1C, 0x1C, 0x3F, 0xE0, 0x7F,
    0x00, 0x00, 0x00, 0x00, 0x00, 0x00, 0x00, 0x00, 0x00, 0x00, 0x00, 0x18, 0x60, 0x61, 0x81, 0x86,
    0x00, 0x00, 0x63, 0x19, 0x8C, 0x66, 0x31, 0x98, 0xC6, 0x63, 0x19, 0xCC, 0xE3, 0xB7, 0x07, 0xF8,
    0x0F, 0xC0, 0x7F, 0x83, 0xB7, 0x1C, 0xCE, 0x63, 0x19, 0x8C, 0x66, 0x31, 0x98, 0xC6, 0x63, 0x19,
    0x8C, 0x60, 0x00, 0x00, 0x00, 0x00, 0x00, 0x00, 0x00, 0x00, 0x00, 0x00, 0x00, 0x00, 0x00, 0x00,
    0x00, 0x00, 0x00, 0x00, 0x00, 0x61, 0x81, 0x86, 0x06, 0x18, 0x00, 0x01, 0x8C, 0x66, 0x31, 0x98,
    0xC6, 0x73, 0x38, 0xED, 0xC1, 0xFE, 0x03, 0xF0, 0x1F, 0xE0, 0xED, 0xC7, 0x33, 0x98, 0xC6, 0x63,
    0x19, 0x8C, 0x60, 0x00, 0x00, 0x00, 0x00, 0x00, 0x00, 0x00, 0x00, 0x00, 0x00, 0x18, 0xC0, 0x63,
    0x01, 0x8C, 0x00, 0x00, 0x1F, 0xC0, 0xFF, 0x87, 0x07, 0x18, 0x0C, 0x00, 0x30, 0x00, 0xC0, 0x03,
    0x00, 0x1C, 0x0F, 0xE0, 0x3F, 0x80, 0x07, 0x00, 0x0C, 0x00, 0x30, 0x00, 0xC6, 0x03, 0x1C, 0x1C,
    0x3F, 0xE0, 0x7F, 0x00, 0x00, 0x00, 0x00, 0x00, 0x00, 0x00, 0x00, 0x00, 0x00, 0x00, 0x00, 0x00,
    0x00, 0x00, 0x00, 0x00, 0x00, 0x00, 0x00, 0x63, 0x01, 0x8C, 0x06, 0x30, 0x00, 0x00, 0x7F, 0x03,
    0xFE, 0x1C, 0x1C, 0x00, 0x30, 0x01, 0xC0, 0xFE, 0x03, 0xF8, 0x00, 0x70, 0x00, 0xC0, 0x03, 0x1C,
    0x1C, 0x3F, 0xE0, 0x7F, 0x00, 0x00, 0x00, 0x00, 0x00, 0x00, 0x00, 0x00, 0x00, 0x00, 0x00, 0x3F,
    0xE3, 0xFF, 0x9F, 0xFC, 0x7F, 0xE0, 0x3E, 0x03, 0xE0, 0x3E, 0x01, 0xF8, 0x0F, 0xF0, 0x07, 0x80,
    0x1E, 0xE0, 0xF7, 0x87, 0xBF, 0xF8, 0xFF, 0xC3, 0xFC, 0x07, 0x00, 0x3F, 0xE3, 0xFF, 0x9F, 0xFC,
    0x7F, 0xE0, 0x3E, 0x03, 0xE0, 0x3E, 0x01, 0xF8, 0x0F, 0xF0, 0x07, 0x80, 0x1E, 0xE0, 0xF7, 0x87,
    0xBF, 0xF8, 0xFF, 0xC3, 0xFC, 0x07, 0x00, 0x1F, 0xC0, 0x7F, 0x00, 0x00, 0x00, 0x00, 0x60, 0x31,
    0x80, 0xC6, 0x03, 0x18, 0x0C, 0x60, 0x71, 0x83, 0xC6, 0x1F, 0x18, 0xEC, 0x67, 0x31, 0xB8, 0xC7,
    0xC3, 0x1E, 0x0C, 0x70, 0x31, 0x80, 0xC6, 0x03, 0x18, 0x0C, 0x60, 0x31, 0x80, 0xC0, 0x00, 0x00,
    0x00, 0x00, 0x00, 0x00, 0x00, 0x00, 0x00, 0x00, 0x00, 0x00, 0x00, 0x00, 0x00, 0x00, 0x00, 0x00,
    0x00, 0x7F, 0x01, 0xFC, 0x00, 0x00, 0x00, 0x01, 0x80, 0xC6, 0x03, 0x18, 0x0C, 0x60, 0x31, 0x80,
    0xC6, 0x03, 0x18, 0x0C, 0x60, 0x31, 0x80, 0xC6, 0x03, 0x1C, 0x0C, 0x3F, 0xF0, 0x7F, 0xC0, 0x00,
    0x00, 0x00, 0x00, 0x00, 0x00, 0x00, 0x00, 0x00, 0x00, 0x18, 0xC0, 0x63, 0x01, 0x8C, 0x00, 0x00,
    0x60, 0x31, 0x80, 0xC6, 0x03, 0x18, 0x0C, 0x60, 0x71, 0x83, 0xC6, 0x1F, 0x18, 0xEC, 0x67, 0x31,
    0xB8, 0xC7, 0xC3, 0x1E, 0x0C, 0x70, 0x31, 0x80, 0xC6, 0x03, 0x18, 0x0C, 0x60, 0x31, 0x80, 0xC0,
    0x00, 0x00, 0x00, 0x00, 0x00, 0x00, 0x00, 0x00, 0x00, 0x00, 0x00, 0x00, 0x00, 0x00, 0x00, 0x00,
    0x00, 0x00, 0x00, 0x63, 0x01, 0x8C, 0x06, 0x30, 0x00, 0x01, 0x80, 0xC6, 0x03, 0x18, 0x0C, 0x60,
    0x31, 0x80, 0xC6, 0x03, 0x18, 0x0C, 0x60, 0x31, 0x80, 0xC6, 0x03, 0x1C, 0x0C, 0x3F, 0xF0, 0x7F,
    0xC0, 0x00, 0x00, 0x00, 0x00, 0x00, 0x00, 0x00, 0x00, 0x00, 0x00, 0x18, 0xC0, 0x63, 0x01, 0x8C,
    0x00, 0x00, 0x1F, 0xC0, 0xFF, 0x87, 0x07, 0x18, 0x0C, 0x60, 0x31, 0x80, 0xC6, 0x03, 0x18, 0x0C,
    0x60, 0x31, 0x80, 0xC6, 0x03, 0x18, 0x0C, 0x60, 0x31, 0x80, 0xC6, 0x03, 0x1C, 0x1C, 0x3F, 0xE0,
    0x7F, 0x00, 0x00, 0x00, 0x00, 0x00, 0x00, 0x00, 0x00, 0x00, 0x00, 0x00, 0x00, 0x00, 0x00, 0x00,
    0x00, 0x00, 0x00, 0x00, 0x00, 0x63, 0x01, 0x8C, 0x06, 0x30, 0x00, 0x00, 0x7F, 0x03, 0xFE, 0x1C,
    0x1C, 0x60, 0x31, 0x80, 0xC6, 0x03, 0x18, 0x0C, 0x60, 0x31, 0x80, 0xC6, 0x03, 0x1C, 0x1C, 0x3F,
    0xE0, 0x7F, 0x00, 0x00, 0x00, 0x00, 0x00, 0x00, 0x00, 0x00, 0x00, 0x00, 0x00, 0x00, 0x00, 0x00,
    0x00, 0x00, 0x00, 0x00, 0x1F, 0xC0, 0xFF, 0x87, 0x07, 0x18, 0x0C, 0x60, 0x31, 0x80, 0xC6, 0x03,
    0x18, 0x0C, 0x7F, 0xF1, 0xFF, 0xC6, 0x03, 0x18, 0x0C, 0x60, 0x31, 0x80, 0xC6, 0x03, 0x1C, 0x1C,
    0x3F, 0xE0, 0x7F, 0x00, 0x00, 0x00, 0x00, 0x00, 0x00, 0x00, 0x00, 0x00, 0x00, 0x00, 0x00, 0x00,
    0x00, 0x00, 0x00, 0x00, 0x00, 0x00, 0x00, 0x00, 0x00, 0x00, 0x00, 0x00, 0x00, 0x00, 0x7F, 0x03,
    0xFE, 0x1C, 0x1C, 0x60, 0x31, 0x80, 0xC7, 0xFF, 0x1F, 0xFC, 0x60, 0x31, 0x80, 0xC6, 0x03, 0x1C,
    0x1C, 0x3F, 0xE0, 0x7F, 0x00, 0x00, 0x00, 0x00, 0x00, 0x00, 0x00, 0x00, 0x00, 0x00, 0x00, 0x18,
    0xC0, 0x63, 0x01, 0x8C, 0x00, 0x00, 0x1F, 0xC0, 0xFF, 0x87, 0x07, 0x18, 0x0C, 0x60, 0x31, 0x80,
    0xC6, 0x03, 0x18, 0x0C, 0x7F, 0xF1, 0xFF, 0xC6, 0x03, 0x18, 0x0C, 0x60, 0x31, 0x80, 0xC6, 0x03,
    0x1C, 0x1C, 0x3F, 0xE0, 0x7F, 0x00, 0x00, 0x00, 0x00, 0x00, 0x00, 0x00, 0x00, 0x00, 0x00, 0x00,
    0x00, 0x00, 0x00, 0x00, 0x00, 0x00, 0x00, 0x00, 0x00, 0x63, 0x01, 0x8C, 0x06, 0x30, 0x00, 0x00,
    0x7F, 0x03, 0xFE, 0x1C, 0x1C, 0x60, 0x31, 0x80, 0xC7, 0xFF, 0x1F, 0xFC, 0x60, 0x31, 0x80, 0xC6,
    0x03, 0x1C, 0x1C, 0x3F, 0xE0, 0x7F, 0x00, 0x00, 0x00, 0x00, 0x00, 0x00, 0x00, 0x00, 0x00, 0x00,
    0x00, 0x18, 0xC0, 0x63, 0x01, 0x8C, 0x00, 0x00, 0x1F, 0xC0, 0xFF, 0x87, 0x07, 0x18, 0x0C, 0x00,
    0x30, 0x00, 0xC0, 0x03, 0x00, 0x0C, 0x0F, 0xF0, 0x3F, 0xC0, 0x03, 0x00, 0x0C, 0x00, 0x30, 0x00,
    0xC6, 0x03, 0x1C, 0x1C, 0x3F, 0xE0, 0x7F, 0x00, 0x00, 0x00, 0x00, 0x00, 0x00, 0x00, 0x00, 0x00,
    0x00, 0x00, 0x00, 0x00, 0x00, 0x00, 0x00, 0x00, 0x00, 0x00, 0x00, 0x63, 0x01, 0x8C, 0x06, 0x30,
    0x00, 0x00, 0x7F, 0x03, 0xFE, 0x1C, 0x1C, 0x00, 0x30, 0x00, 0xC0, 0xFF, 0x03, 0xFC, 0x00, 0x30,
    0x00, 0xC0, 0x03, 0x1C, 0x1C, 0x3F, 0xE0, 0x7F, 0x00, 0x00, 0x00, 0x00, 0x00, 0x00, 0x00, 0x00,
    0x00, 0x00, 0x00, 0x1F, 0xC0, 0x7F, 0x00, 0x00, 0x00, 0x00, 0x60, 0x31, 0x80, 0xC6, 0x03, 0x18,
    0x0C, 0x60, 0x31, 0x80, 0xC6, 0x03, 0x18, 0x0C, 0x70, 0x30, 0xFF, 0xC1, 0xFF, 0x00, 0x0C, 0x00,
    0x30, 0x00, 0xC0, 0x03, 0x00, 0x1C, 0x3F, 0xE0, 0xFF, 0x00, 0x00, 0x00, 0x00, 0x00, 0x00, 0x00,
    0x00, 0x00, 0x00, 0x00, 0x00, 0x00, 0x00, 0x00, 0x00, 0x00, 0x00, 0x00, 0x00, 0x7F, 0x01, 0xFC,
    0x00, 0x00, 0x00, 0x01, 0x80, 0xC6, 0x03, 0x18, 0x0C, 0x60, 0x31, 0x80, 0xC6, 0x03, 0x18, 0x0C,
    0x60, 0x31, 0x80, 0xC6, 0x03, 0x1C, 0x0C, 0x3F, 0xF0, 0x7F, 0xC0, 0x03, 0x00, 0x0C, 0x00, 0x70,
    0xFF, 0x83, 0xFC, 0x00, 0x00, 0x18, 0xC0, 0x63, 0x01, 0x8C, 0x00, 0x00, 0x60, 0x31, 0x80, 0xC6,
    0x03, 0x18, 0x0C, 0x60, 0x31, 0x80, 0xC6, 0x03, 0x18, 0x0C, 0x70, 0x30, 0xFF, 0xC1, 0xFF, 0x00,
    0x0C, 0x00, 0x30, 0x00, 0xC0, 0x03, 0x00, 0x1C, 0x3F, 0xE0, 0xFF, 0x00, 0x00, 0x00, 0x00, 0x00,
    0x00, 0x00, 0x00, 0x00, 0x00, 0x00, 0x00, 0x00, 0x00, 0x00, 0x00, 0x00, 0x00, 0x00, 0x00, 0x63,
    0x01, 0x8C, 0x06, 0x30, 0x00, 0x01, 0x80, 0xC6, 0x03, 0x18, 0x0C, 0x60, 0x31, 0x80, 0xC6, 0x03,
    0x18, 0x0C, 0x60, 0x31, 0x80, 0xC6, 0x03, 0x1C, 0x0C, 0x3F, 0xF0, 0x7F, 0xC0, 0x03, 0x00, 0x0C,
    0x00, 0x70, 0xFF, 0x83, 0xFC, 0x00, 0x00, 0x07, 0x38, 0x39, 0xC1, 0xCE, 0x00, 0x00, 0x60, 0x31,
    0x80, 0xC6, 0x03, 0x18, 0x0C, 0x60, 0x31, 0x80, 0xC6, 0x03, 0x18, 0x0C, 0x70, 0x30, 0xFF, 0xC1,
    0xFF, 0x00, 0x0C, 0x00, 0x30, 0x00, 0xC0, 0x03, 0x00, 0x1C, 0x3F, 0xE0, 0xFF, 0x00, 0x00, 0x00,
    0x00, 0x00, 0x00, 0x00, 0x00, 0x00, 0x00, 0x00, 0x00, 0x00, 0x00, 0x00, 0x00, 0x00, 0x00, 0x00,
    0x00, 0x1C, 0xE0, 0xE7, 0x07, 0x38, 0x00, 0x01, 0x80, 0xC6, 0x03, 0x18, 0x0C, 0x60, 0x31, 0x80,
    0xC6, 0x03, 0x18, 0x0C, 0x60, 0x31, 0x80, 0xC6, 0x03, 0x1C, 0x0C, 0x3F, 0xF0, 0x7F, 0xC0, 0x03,
    0x00, 0x0C, 0x00, 0x70, 0xFF, 0x83, 0xFC, 0x00, 0x00, 0x18, 0xC0, 0x63, 0x01, 0x8C, 0x00, 0x00,
    0x60, 0x31, 0x80, 0xC6, 0x03, 0x18, 0x0C, 0x60, 0x31, 0x80, 0xC6, 0x03, 0x1C, 0x0C, 0x3F, 0xF0,
    0x7F, 0xC0, 0x03, 0x00, 0x0C, 0x00, 0x30, 0x00, 0xC0, 0x03, 0x00, 0x0C, 0x00, 0x30, 0x00, 0xC0,
    0x00, 0x00, 0x00, 0x00, 0x00, 0x00, 0x00, 0x00, 0x00, 0x00, 0x00, 0x00, 0x00, 0x00, 0x00, 0x00,
    0x00, 0x00, 0x00, 0x63, 0x01, 0x8C, 0x06, 0x30, 0x00, 0x01, 0x80, 0xC6, 0x03, 0x18, 0x0C, 0x60,
    0x31, 0xC0, 0xC3, 0xFF, 0x07, 0xFC, 0x00, 0x30, 0x00, 0xC0, 0x03, 0x00, 0x0C, 0x00, 0x30, 0x00,
    0xC0, 0x00, 0x00, 0x00, 0x00, 0x00, 0x00, 0x00, 0x00, 0x00, 0x00, 0x7F, 0xDF, 0xFF, 0xFF, 0xFF,
    0xFF, 0x01, 0xE0, 0x3C, 0x07, 0x80, 0xF0, 0x1E, 0x03, 0xC0, 0x78, 0x0F, 0x01, 0xF0, 0x3E, 0x07,
    0xC0, 0x38, 0x07, 0x00, 0xE0, 0x1C, 0x00, 0xFF, 0xFF, 0xFF, 0xFF, 0xF0, 0xF0, 0xF0, 0xF0, 0xF0,
    0xF8, 0xF8, 0xF8, 0x78, 0x78, 0x78, 0x38, 0x18, 0xC0, 0x63, 0x01, 0x8C, 0x00, 0x00, 0x60, 0x19,
    0x80, 0x66, 0x01, 0x98, 0x06, 0x60, 0x19, 0x80, 0x67, 0xF1, 0x9F, 0xE6, 0x61, 0xD9, 0x83, 0x66,
    0x0D, 0x98, 0x36, 0x60, 0xD9, 0x83, 0x66, 0x0D, 0x98, 0x76, 0x7F, 0x99, 0xFC, 0x60, 0x00, 0x00,
    0x00, 0x00, 0x00, 0x00, 0x00, 0x00, 0x00, 0x00, 0x00, 0x00, 0x00, 0x00, 0x00, 0x00, 0x00, 0x00,
    0x00, 0x63, 0x01, 0x8C, 0x06, 0x30, 0x00, 0x01, 0x80, 0x66, 0x01, 0x98, 0x06, 0x60, 0x19, 0xFC,
    0x67, 0xF9, 0x98, 0x76, 0x60, 0xD9, 0x83, 0x66, 0x0D, 0x98, 0x76, 0x7F, 0x99, 0xFC, 0x60, 0x00,
    0x00, 0x00, 0x00, 0x00, 0x00, 0x00, 0x00, 0x00, 0x00, 0x3F, 0xF1, 0xFF, 0xCF, 0xFE, 0x7F, 0xE3,
    0xC0, 0x1E, 0x00, 0xF0, 0x1F, 0xF0, 0xFF, 0x87, 0xFC, 0x0F, 0x00, 0x78, 0x03, 0xC0, 0x1F, 0x00,
    0xF8, 0x07, 0xC0, 0x0E, 0x00, 0xF0, 0x1F, 0x80, 0xF8, 0x03, 0x80, 0x00, 0x3F, 0xCF, 0xF3, 0xFC,
    0xFF, 0x3C, 0x1F, 0xCF, 0xF9, 0xFC, 0x3C, 0x0F, 0x83, 0xE0, 0xF8, 0x0E, 0x07, 0x87, 0xE1, 0xF0,
    0x38, 0x00, 0x70, 0x1C, 0x78, 0x3C, 0x3C, 0x7C, 0x3E, 0x78, 0x1E, 0xF0, 0x0F, 0xF0, 0x0F, 0xE0,
    0x07, 0xC0, 0x07, 0xC0, 0x07, 0xE0, 0x0F, 0xE0, 0x1E, 0xF0, 0x3E, 0xF8, 0x3C, 0x7E, 0x78, 0x3F,
    0xF8, 0x3F, 0x00, 0x07, 0x00, 0x0F, 0x00, 0x3F, 0x00, 0x3E, 0x00, 0x38, 0x70, 0xFE, 0x3D, 0xEF,
    0x1F, 0xE3, 0xF8, 0x3E, 0x07, 0xC0, 0xFC, 0x3F, 0x8F, 0x79, 0xEF, 0x78, 0xF0, 0x1E, 0x03, 0xC1,
    0xF8, 0x3E, 0x07, 0x80, 0x70, 0x1C, 0xF0, 0x78, 0xF1, 0xF1, 0xF3, 0xC1, 0xEF, 0x01, 0xFE, 0x03,
    0xF8, 0x3F, 0xFE, 0x7F, 0xFC, 0x1F, 0xC0, 0x3F, 0x80, 0xF7, 0x83, 0xEF, 0x87, 0x8F, 0x1E, 0x0F,
    0x7C, 0x1F, 0x70, 0xE7, 0x9E, 0x79, 0xE3, 0xFC, 0x1F, 0x87, 0xFE, 0x7F, 0xE1, 0xF8, 0x3F, 0xC3,
    0xBC, 0x79, 0xEF, 0x0F, 0x03, 0x80, 0x0F, 0x80, 0x1F, 0x80, 0x7F, 0x00, 0xFE, 0x01, 0xDE, 0x07,
    0xBC, 0x0F, 0x78, 0x1E, 0x78, 0x78, 0xF0, 0xFF, 0xE1, 0xFF, 0xE7, 0xFF, 0xCF, 0x07, 0x9E, 0x07,
    0xF8, 0x0F, 0x00, 0x00, 0x07, 0x00, 0x0F, 0x00, 0x1E, 0x00, 0x18, 0x00, 0x0F, 0x07, 0xF9, 0xFF,
    0xBC, 0xF0, 0x1E, 0x3F, 0xDF, 0xFB, 0xEF, 0xF1, 0xFE, 0x7D, 0xFF, 0xBF, 0xF1, 0x80, 0x1C, 0x03,
    0xC0, 0x78, 0x06, 0x00, 0x07, 0x80, 0x0F, 0x80, 0x07, 0x00, 0x0C, 0x00, 0x38, 0x00, 0xF8, 0x01,
    0xF8, 0x07, 0xF0, 0x0F, 0xE0, 0x1D, 0xE0, 0x7B, 0xC0, 0xF7, 0x81, 0xE7, 0x87, 0x8F, 0x0F, 0xFE,
    0x1F, 0xFE, 0x7F, 0xFC, 0xF0, 0x79, 0xE0, 0x7F, 0x80, 0xF0, 0x0F, 0x01, 0xE0, 0x1C, 0x03, 0x00,
    0xF0, 0x7F, 0x9F, 0xFB, 0xCF, 0x01, 0xE3, 0xFD, 0xFF, 0xBE, 0xFF, 0x1F, 0xE7, 0xDF, 0xFB, 0xFF,
    0x18, 0x00, 0x00, 0x00, 0x00, 0x70, 0x01, 0xC0, 0x03, 0x80, 0x38, 0x00, 0xF8, 0x03, 0xF8, 0x07,
    0x38, 0x03, 0x80, 0x0F, 0x80, 0x1F, 0x80, 0x7F, 0x00, 0xFE, 0x01, 0xDE, 0x07, 0xBC, 0x0F, 0x78,
    0x1E, 0x78, 0x78, 0xF0, 0xFF, 0xE1, 0xFF, 0xE7, 0xFF, 0xCF, 0x07, 0x9E, 0x07, 0xF8, 0x0F, 0x00,
    0x00, 0x0E, 0x00, 0xE0, 0x1C, 0x0F, 0x01, 0xF8, 0x3F, 0xC3, 0x9C, 0x0F, 0x03, 0xFC, 0x7F, 0xE7,
    0x9E, 0x01, 0xE1, 0xFE, 0x7F, 0xE7, 0xDE, 0xF1, 0xEF, 0x3E, 0x7F, 0xE7, 0xFE, 0x18, 0x00, 0x00,
    0x00, 0x01, 0xC0, 0x01, 0xC0, 0x03, 0x80, 0x38, 0x00, 0xF8, 0x03, 0xF8, 0x07, 0x38, 0x03, 0x80,
    0x0F, 0x80, 0x1F, 0x80, 0x7F, 0x00, 0xFE, 0x01, 0xDE, 0x07, 0xBC, 0x0F, 0x78, 0x1E, 0x78, 0x78,
    0xF0, 0xFF, 0xE1, 0xFF, 0xE7, 0xFF, 0xCF, 0x07, 0x9E, 0x07, 0xF8, 0x0F, 0x00, 0x00, 0x70, 0x07,
    0x00, 0x60, 0xF0, 0x3F, 0x0F, 0xF1, 0xCE, 0x0F, 0x07, 0xF9, 0xFF, 0xBC, 0xF0, 0x1E, 0x3F, 0xDF,
    0xFB, 0xEF, 0xF1, 0xFE, 0x7D, 0xFF, 0xBF, 0xF1, 0x80, 0x00, 0x00, 0x01, 0xE0, 0x03, 0xC0, 0x03,
    0x00, 0x38, 0x00, 0xF8, 0x03, 0xF8, 0x07, 0x38, 0x03, 0x80, 0x0F, 0x80, 0x1F, 0x80, 0x7F, 0x00,
    0xFE, 0x01, 0xDE, 0x07, 0xBC, 0x0F, 0x78, 0x1E, 0x78, 0x78, 0xF0, 0xFF, 0xE1, 0xFF, 0xE7, 0xFF,
    0xCF, 0x07, 0x9E, 0x07, 0xF8, 0x0F, 0x00, 0x00, 0x78, 0x0F, 0x00, 0xE0, 0xF0, 0x3F, 0x0F, 0xF1,
    0xCE, 0x0F, 0x07, 0xF9, 0xFF, 0xBC, 0xF0, 0x1E, 0x3F, 0xDF, 0xFB, 0xEF, 0xF1, 0xFE, 0x7D, 0xFF,
    0xBF, 0xF1, 0x80, 0x07, 0x70, 0x1F, 0xC0, 0x33, 0x00, 0x1C, 0x00, 0x7C, 0x01, 0xFC, 0x03, 0x9C,
    0x01, 0xC0, 0x07, 0xC0, 0x0F, 0xC0, 0x3F, 0x80, 0x7F, 0x00, 0xEF, 0x03, 0xDE, 0x07, 0xBC, 0x0F,
    0x3C, 0x3C, 0x78, 0x7F, 0xF0, 0xFF, 0xF3, 0xFF, 0xE7, 0x83, 0xCF, 0x03, 0xFC, 0x07, 0x80, 0x1F,
    0xC7, 0xF8, 0xCE, 0x07, 0x81, 0xF8, 0x7F, 0x8E, 0x70, 0x78, 0x3F, 0xCF, 0xFD, 0xE7, 0x80, 0xF1,
    0xFE, 0xFF, 0xDF, 0x7F, 0x8F, 0xF3, 0xEF, 0xFD, 0xFF, 0x8C, 0x00, 0x03, 0xC0, 0x0F, 0xC0, 0x3B,
    0xC0, 0x63, 0x80, 0x38, 0x00, 0xF8, 0x01, 0xF8, 0x07, 0xF0, 0x0F, 0xE0, 0x1D, 0xE0, 0x7B, 0xC0,
    0xF7, 0x81, 0xE7, 0x87, 0x8F, 0x0F, 0xFE, 0x1F, 0xFE, 0x7F, 0xFC, 0xF0, 0x79, 0xE0, 0x7F, 0x80,
    0xF0, 0x00, 0x00, 0x70, 0x00, 0xF0, 0x01, 0xE0, 0x01, 0x80, 0x0F, 0x03, 0xF0, 0xFF, 0x1C, 0xE0,
    0xF0, 0x7F, 0x9F, 0xFB, 0xCF, 0x01, 0xE3, 0xFD, 0xFF, 0xBE, 0xFF, 0x1F, 0xE7, 0xDF, 0xFB, 0xFF,
    0x18, 0x01, 0xC0, 0x3C, 0x07, 0x80, 0x60, 0x00, 0x00, 0x03, 0xC0, 0x07, 0x00, 0x0C, 0x00, 0xC6,
    0x01, 0xDC, 0x01, 0xF8, 0x01, 0xE0, 0x03, 0x80, 0x0F, 0x80, 0x1F, 0x80, 0x7F, 0x00, 0xFE, 0x01,
    0xDE, 0x07, 0xBC, 0x0F, 0x78, 0x1E, 0x78, 0x78, 0xF0, 0xFF, 0xE1, 0xFF, 0xE7, 0xFF, 0xCF, 0x07,
    0x9E, 0x07, 0xF8, 0x0F, 0x00, 0x00, 0x70, 0x1C, 0x03, 0x03, 0x9C, 0x77, 0x87, 0xE0, 0x78, 0x0F,
    0x07, 0xF9, 0xFF, 0xBC, 0xF0, 0x1E, 0x3F, 0xDF, 0xFB, 0xEF, 0xF1, 0xFE, 0x7D, 0xFF, 0xBF, 0xF1,
    0x80, 0x00, 0x00, 0x0E, 0x00, 0x1C, 0x00, 0x1C, 0x00, 0xC6, 0x01, 0xDC, 0x03, 0xF8, 0x01, 0xE0,
    0x03, 0x80, 0x0F, 0x80, 0x1F, 0x80, 0x7F, 0x00, 0xFE, 0x01, 0xDE, 0x07, 0xBC, 0x0F, 0x78, 0x1E,
    0x78, 0x78, 0xF0, 0xFF, 0xE1, 0xFF, 0xE7, 0xFF, 0xCF, 0x07, 0x9E, 0x07, 0xF8, 0x0F, 0x00, 0x03,
    0x80, 0x38, 0x07, 0x03, 0x1C, 0x77, 0x87, 0xE0, 0x78, 0x0F, 0x07, 0xF9, 0xFF, 0xBC, 0xF0, 0x1E,
    0x3F, 0xDF, 0xFB, 0xEF, 0xF1, 0xFE, 0x7D, 0xFF, 0xBF, 0xF1, 0x80, 0x00, 0x00, 0x07, 0x00, 0x0F,
    0x00, 0x0C, 0x00, 0xC6, 0x01, 0xDC, 0x01, 0xF8, 0x01, 0xE0, 0x03, 0x80, 0x0F, 0x80, 0x1F, 0x80,
    0x7F, 0x00, 0xFE, 0x01, 0xDE, 0x07, 0xBC, 0x0F, 0x78, 0x1E, 0x78, 0x78, 0xF0, 0xFF, 0xE1, 0xFF,
    0xE7, 0xFF, 0xCF, 0x07, 0x9E, 0x07, 0xF8, 0x0F, 0x00, 0x01, 0xE0, 0x3C, 0x03, 0x03, 0x9C, 0x77,
    0x87, 0xE0, 0x78, 0x0F, 0x07, 0xF9, 0xFF, 0xBC, 0xF0, 0x1E, 0x3F, 0xDF, 0xFB, 0xEF, 0xF1, 0xFE,
    0x7D, 0xFF, 0xBF, 0xF1, 0x80, 0x07, 0x70, 0x1F, 0xC0, 0x33, 0x80, 0x63, 0x00, 0xEE, 0x00, 0xFC,
    0x00, 0xF0, 0x01, 0xC0, 0x07, 0xC0, 0x0F, 0xC0, 0x3F, 0x80, 0x7F, 0x00, 0xEF, 0x03, 0xDE, 0x07,
    0xBC, 0x0F, 0x3C, 0x3C, 0x78, 0x7F, 0xF0, 0xFF, 0xF3, 0xFF, 0xE7, 0x83, 0xCF, 0x03, 0xFC, 0x07,
    0x80, 0x1F, 0xC7, 0xF8, 0xCE, 0x1C, 0xE3, 0xFC, 0x3F, 0x03, 0xC0, 0x78, 0x3F, 0xCF, 0xFD, 0xE7,
    0x80, 0xF1, 0xFE, 0xFF, 0xDF, 0x7F, 0x8F, 0xF3, 0xEF, 0xFD, 0xFF, 0x8C, 0x00, 0x0C, 0x60, 0x1F,
    0xC0, 0x1F, 0x80, 0x1C, 0x00, 0x38, 0x00, 0xF8, 0x01, 0xF8, 0x07, 0xF0, 0x0F, 0xE0, 0x1D, 0xE0,
    0x7B, 0xC0, 0xF7, 0x81, 0xE7, 0x87, 0x8F, 0x0F, 0xFE, 0x1F, 0xFE, 0x7F, 0xFC, 0xF0, 0x79, 0xE0,
    0x7F, 0x80, 0xF0, 0x00, 0x00, 0x70, 0x00, 0xF0, 0x01, 0xE0, 0x01, 0x80, 0x39, 0xC7, 0xF8, 0x7E,
    0x03, 0x00, 0xF0, 0x7F, 0x9F, 0xFB, 0xCF, 0x01, 0xE3, 0xFD, 0xFF, 0xBE, 0xFF, 0x1F, 0xE7, 0xDF,
    0xFB, 0xFF, 0x18, 0x01, 0xC0, 0x3C, 0x07, 0x80, 0x60, 0x00, 0x00, 0x00, 0x00, 0x00, 0x00, 0x00,
    0x7F, 0xF1, 0xFF, 0xC6, 0x00, 0x18, 0x00, 0x60, 0x01, 0x80, 0x06, 0x00, 0x18, 0x00, 0x7F, 0x81,
    0xFE, 0x06, 0x00, 0x18, 0x00, 0x60, 0x01, 0x80, 0x06, 0x00, 0x18, 0x00, 0x7F, 0xF1, 0xFF, 0xC0,
    0x00, 0x00, 0xC0, 0x03, 0x00, 0x0C, 0x00, 0x00, 0x00, 0x00, 0x00, 0x00, 0x00, 0x00, 0x00, 0x00,
    0x00, 0x00, 0x00, 0x00, 0x00, 0x00, 0x00, 0x00, 0x00, 0x00, 0x7F, 0x03, 0xFE, 0x1C, 0x1C, 0x60,
    0x31, 0x80, 0xC7, 0xFF, 0x1F, 0xFC, 0x60, 0x01, 0x80, 0x06, 0x00, 0x1C, 0x1C, 0x3F, 0xE0, 0x7F,
    0x00, 0x00, 0x00, 0xC0, 0x03, 0x00, 0x0C, 0x00, 0x00, 0x00, 0x00, 0x1E, 0x03, 0xE0, 0x18, 0x07,
    0x07, 0xFD, 0xFF, 0xFF, 0xFF, 0xFF, 0xF0, 0x1E, 0x03, 0xC0, 0x7F, 0xEF, 0xFD, 0xFF, 0xBC, 0x07,
    0x80, 0xF0, 0x1F, 0xFF, 0xFF, 0xFF, 0xF0, 0x0F, 0x00, 0xF0, 0x07, 0x00, 0x60, 0x0F, 0x01, 0xFC,
    0x3F, 0xE7, 0x9E, 0x70, 0xFF, 0xFF, 0xFF, 0xFF, 0xFE, 0x70, 0xE7, 0xDF, 0x3F, 0xE1, 0xFC, 0x06,
    0x00, 0x1E, 0x60, 0xFF, 0x83, 0x3C, 0x00, 0x00, 0x7F, 0xF1, 0xFF, 0xC6, 0x00, 0x18, 0x00, 0x60,
    0x01, 0x80, 0x06, 0x00, 0x18, 0x00, 0x7F, 0x81, 0xFE, 0x06, 0x00, 0x18, 0x00, 0x60, 0x01, 0x80,
    0x06, 0x00, 0x18, 0x00, 0x7F, 0xF1, 0xFF, 0xC0, 0x00, 0x00, 0x00, 0x00, 0x00, 0x00, 0x00, 0x00,
    0x00, 0x00, 0x00, 0x00, 0x00, 0x00, 0x00, 0x00, 0x00, 0x00, 0x00, 0x79, 0x83, 0xFE, 0x0C, 0xF0,
    0x00, 0x00, 0x7F, 0x03, 0xFE, 0x1C, 0x1C, 0x60, 0x31, 0x80, 0xC7, 0xFF, 0x1F, 0xFC, 0x60, 0x01,
    0x80, 0x06, 0x00, 0x1C, 0x1C, 0x3F, 0xE0, 0x7F, 0x00, 0x00, 0x00, 0x00, 0x00, 0x00, 0x00, 0x00,
    0x00, 0x00, 0x00, 0x00, 0x00, 0x1C, 0x07, 0x00, 0xC0, 0xE0, 0x3E, 0x0F, 0xE3, 0xDE, 0x7F, 0xDF,
    0xFF, 0xFF, 0xFF, 0xFF, 0x01, 0xE0, 0x3C, 0x07, 0xFE, 0xFF, 0xDF, 0xFB, 0xC0, 0x78, 0x0F, 0x01,
    0xFF, 0xFF, 0xFF, 0xFF, 0x00, 0x00, 0x0F, 0x00, 0xE0, 0x0C, 0x0F, 0x00, 0xF8, 0x1F, 0xC3, 0x9C,
    0x0F, 0x01, 0xFC, 0x3F, 0xE7, 0x9E, 0x70, 0xFF, 0xFF, 0xFF, 0xFF, 0xFE, 0x70, 0xE7, 0xDF, 0x3F,
    0xE1, 0xFC, 0x06, 0x00, 0x00, 0x00, 0x70, 0x07, 0x00, 0xE0, 0xE0, 0x3E, 0x0F, 0xE3, 0xDE, 0x7F,
    0xDF, 0xFF, 0xFF, 0xFF, 0xFF, 0x01, 0xE0, 0x3C, 0x07, 0xFE, 0xFF, 0xDF, 0xFB, 0xC0, 0x78, 0x0F,
    0x01, 0xFF, 0xFF, 0xFF, 0xFF, 0x00, 0x00, 0x1C, 0x01, 0xC0, 0x0E, 0x0F, 0x00, 0xF8, 0x1F, 0xC3,
    0x9C, 0x0F, 0x01, 0xFC, 0x3F, 0xE7, 0x9E, 0x70, 0xFF, 0xFF, 0xFF, 0xFF, 0xFE, 0x70, 0xE7, 0xDF,
    0x3F, 0xE1, 0xFC, 0x06, 0x00, 0x00, 0x00, 0x78, 0x0F, 0x00, 0xC0, 0xE0, 0x3E, 0x0F, 0xE3, 0xDE,
    0x7F, 0xDF, 0xFF, 0xFF, 0xFF, 0xFF, 0x01, 0xE0, 0x3C, 0x07, 0xFE, 0xFF, 0xDF, 0xFB, 0xC0, 0x78,
    0x0F, 0x01, 0xFF, 0xFF, 0xFF, 0xFF, 0x00, 0x00, 0x3C, 0x01, 0xC0, 0x0C, 0x0F, 0x00, 0xF8, 0x1F,
    0xC3, 0x9C, 0x0F, 0x01, 0xFC, 0x3F, 0xE7, 0x9E, 0x70, 0xFF, 0xFF, 0xFF, 0xFF, 0xFE, 0x70, 0xE7,
    0xDF, 0x3F, 0xE1, 0xFC, 0x06, 0x00, 0x3D, 0x87, 0xF0, 0xDC, 0x07, 0x01, 0xF0, 0x7F, 0x1E, 0xF3,
    0xFE, 0xFF, 0xFF, 0xFF, 0xFF, 0xF8, 0x0F, 0x01, 0xE0, 0x3F, 0xF7, 0xFE, 0xFF, 0xDE, 0x03, 0xC0,
    0x78, 0x0F, 0xFF, 0xFF, 0xFF, 0xF8, 0x1E, 0xC3, 0xFC, 0x3B, 0x80, 0xF0, 0x0F, 0x81, 0xFC, 0x39,
    0xC0, 0xF0, 0x1F, 0xC3, 0xFE, 0x79, 0xE7, 0x0F, 0xFF, 0xFF, 0xFF, 0xFF, 0xE7, 0x0E, 0x7D, 0xF3,
    0xFE, 0x1F, 0xC0, 0x60, 0x0E, 0x03, 0xE0, 0xEE, 0x18, 0xC7, 0xFD, 0xFF, 0xFF, 0xFF, 0xFF, 0xF0,
    0x1E, 0x03, 0xC0, 0x7F, 0xEF, 0xFD, 0xFF, 0xBC, 0x07, 0x80, 0xF0, 0x1F, 0xFF, 0xFF, 0xFF, 0xF0,
    0x00, 0x1C, 0x07, 0x80, 0x70, 0x04, 0x00, 0x0F, 0x01, 0xF8, 0x3F, 0xC3, 0x9C, 0x0F, 0x01, 0xFC,
    0x3F, 0xE7, 0x9E, 0x70, 0xFF, 0xFF, 0xFF, 0xFF, 0xFE, 0x70, 0xE7, 0xDF, 0x3F, 0xE1, 0xFC, 0x06,
    0x00, 0x70, 0x0F, 0x00, 0xF0, 0x06, 0x00, 0x7B, 0xCE, 0x63, 0x3D, 0xEF, 0x7B, 0xDE, 0xF7, 0xBD,
    0xEF, 0x7B, 0xDE, 0xF0, 0xF7, 0xCE, 0x67, 0x3D, 0xEF, 0x7B, 0xDE, 0xF7, 0xBD, 0xEF, 0x00, 0x00,
    0x00, 0x00, 0x00, 0x00, 0x00, 0x0F, 0xC0, 0x3F, 0x00, 0x30, 0x00, 0xC0, 0x03, 0x00, 0x0C, 0x00,
    0x30, 0x00, 0xC0, 0x03, 0x00, 0x0C, 0x00, 0x30, 0x00, 0xC0, 0x03, 0x00, 0x0C, 0x00, 0x30, 0x00,
    0xC0, 0x0F, 0xC0, 0x3F, 0x00, 0x00, 0x00, 0xC0, 0x03, 0x00, 0x0C, 0x00, 0x00, 0x00, 0x00, 0x00,
    0x00, 0x00, 0x00, 0x00, 0x00, 0x00, 0x03, 0x00, 0x0C, 0x00, 0x30, 0x00, 0x00, 0x00, 0x00, 0x3C,
    0x00, 0xF0, 0x00, 0xC0, 0x03, 0x00, 0x0C, 0x00, 0x30, 0x00, 0xC0, 0x03, 0x00, 0x0C, 0x00, 0x30,
    0x00, 0xC0, 0x0F, 0xC0, 0x3F, 0x00, 0x00, 0x00, 0xC0, 0x03, 0x00, 0x0C, 0x00, 0x00, 0x00, 0x00,
    0x00, 0x00, 0x00, 0x00, 0x00, 0x00, 0x00, 0x1F, 0xC0, 0xFF, 0x87, 0x07, 0x18, 0x0C, 0x60, 0x31,
    0x80, 0xC6, 0x03, 0x18, 0x0C, 0x60, 0x31, 0x80, 0xC6, 0x03, 0x18, 0x0C, 0x60, 0x31, 0x80, 0xC6,
    0x03, 0x1C, 0x1C, 0x3F, 0xE0, 0x7F, 0x00, 0x00, 0x00, 0xC0, 0x03, 0x00, 0x0C, 0x00, 0x00, 0x00,
    0x00, 0x00, 0x00, 0x00, 0x00, 0x00, 0x00, 0x00, 0x00, 0x00, 0x00, 0x00, 0x00, 0x00, 0x00, 0x00,
    0x00, 0x7F, 0x03, 0xFE, 0x1C, 0x1C, 0x60, 0x31, 0x80, 0xC6, 0x03, 0x18, 0x0C, 0x60, 0x31, 0x80,
    0xC6, 0x03, 0x1C, 0x1C, 0x3F, 0xE0, 0x7F, 0x00, 0x00, 0x00, 0xC0, 0x03, 0x00, 0x0C, 0x00, 0x00,
    0x00, 0x00, 0x03, 0xC0, 0x03, 0xC0, 0x01, 0xC0, 0x01, 0x80, 0x03, 0xC0, 0x0F, 0xF0, 0x1F, 0xF8,
    0x3F, 0xFC, 0x7C, 0x3E, 0x78, 0x1E, 0x78, 0x1E, 0x70, 0x1E, 0x70, 0x0E, 0x70, 0x1E, 0x78, 0x1E,
    0x78, 0x1E, 0x7C, 0x3E, 0x3F, 0xFC, 0x1F, 0xF8, 0x0F, 0xF0, 0x01, 0x80, 0x0F, 0x00, 0xF0, 0x07,
    0x00, 0x60, 0x0F, 0x01, 0xFC, 0x3F, 0xE7, 0xDF, 0x78, 0xFF, 0x0F, 0xF0, 0xFF, 0x0F, 0x78, 0xF7,
    0xFF, 0x3F, 0xE1, 0xFC, 0x06, 0x00, 0x00, 0x00, 0x00, 0x38, 0x00, 0x38, 0x00, 0x70, 0x03, 0xC0,
    0x07, 0xE0, 0x0F, 0xF0, 0x0E, 0x70, 0x03, 0xC0, 0x0F, 0xF0, 0x1F, 0xF8, 0x3F, 0xFC, 0x7C, 0x3E,
    0x78, 0x1E, 0x78, 0x1E, 0x70, 0x1E, 0x70, 0x0E, 0x70, 0x1E, 0x78, 0x1E, 0x78, 0x1E, 0x7C, 0x3E,
    0x3F, 0xFC, 0x1F, 0xF8, 0x0F, 0xF0, 0x01, 0x80, 0x00, 0x00, 0x0F, 0x00, 0xE0, 0x0C, 0x07, 0x00,
    0xF8, 0x1F, 0xC3, 0x9C, 0x0F, 0x01, 0xFC, 0x3F, 0xE7, 0xDF, 0x78, 0xFF, 0x0F, 0xF0, 0xFF, 0x0F,
    0x78, 0xF7, 0xFF, 0x3F, 0xE1, 0xFC, 0x06, 0x00, 0x00, 0x00, 0x00, 0xF0, 0x00, 0x70, 0x00, 0x30,
    0x03, 0xC0, 0x07, 0xE0, 0x0F, 0xF0, 0x0E, 0x70, 0x03, 0xC0, 0x0F, 0xF0, 0x1F, 0xF8, 0x3F, 0xFC,
    0x7C, 0x3E, 0x78, 0x1E, 0x78, 0x1E, 0x70, 0x1E, 0x70, 0x0E, 0x70, 0x1E, 0x78, 0x1E, 0x78, 0x1E,
    0x7C, 0x3E, 0x3F, 0xFC, 0x1F, 0xF8, 0x0F, 0xF0, 0x01, 0x80, 0x00, 0x00, 0x1C, 0x01, 0xC0, 0x0E,
    0x07, 0x00, 0xF8, 0x1F, 0xC3, 0x9C, 0x0F, 0x01, 0xFC, 0x3F, 0xE7, 0xDF, 0x78, 0xFF, 0x0F, 0xF0,
    0xFF, 0x0F, 0x78, 0xF7, 0xFF, 0x3F, 0xE1, 0xFC, 0x06, 0x00, 0x00, 0x00, 0x00, 0xF0, 0x00, 0xF0,
    0x00, 0x70, 0x03, 0xC0, 0x07, 0xE0, 0x0F, 0xF0, 0x0E, 0x70, 0x03, 0xC0, 0x0F, 0xF0, 0x1F, 0xF8,
    0x3F, 0xFC, 0x7C, 0x3E, 0x78, 0x1E, 0x78, 0x1E, 0x70, 0x1E, 0x70, 0x0E, 0x70, 0x1E, 0x78, 0x1E,
    0x78, 0x1E, 0x7C, 0x3E, 0x3F, 0xFC, 0x1F, 0xF8, 0x0F, 0xF0, 0x01, 0x80, 0x00, 0x00, 0x1C, 0x01,
    0xE0, 0x0C, 0x07, 0x00, 0xF8, 0x1F, 0xC3, 0x9C, 0x0F, 0x01, 0xFC, 0x3F, 0xE7, 0xDF, 0x78, 0xFF,
    0x0F, 0xF0, 0xFF, 0x0F, 0x78, 0xF7, 0xFF, 0x3F, 0xE1, 0xFC, 0x06, 0x00, 0x07, 0xF0, 0x0F, 0xF0,
    0x0C, 0xE0, 0x03, 0xC0, 0x07, 0xE0, 0x0F, 0xF0, 0x0E, 0x70, 0x03, 0xC0, 0x0F, 0xF0, 0x1F, 0xF8,
    0x3F, 0xFC, 0x7C, 0x3E, 0x78, 0x1E, 0x78, 0x1E, 0x70, 0x1E, 0x70, 0x0E, 0x70, 0x1E, 0x78, 0x1E,
    0x78, 0x1E, 0x7C, 0x3E, 0x3F, 0xFC, 0x1F, 0xF8, 0x0F, 0xF0, 0x01, 0x80, 0x1E, 0xC1, 0xFC, 0x1B,
    0x80, 0x70, 0x0F, 0x81, 0xFC, 0x39, 0xC0, 0xF0, 0x1F, 0xC3, 0xFE, 0x7D, 0xF7, 0x8F, 0xF0, 0xFF,
    0x0F, 0xF0, 0xF7, 0x8F, 0x7F, 0xF3, 0xFE, 0x1F, 0xC0, 0x60, 0x03, 0xC0, 0x07, 0xE0, 0x0F, 0xF0,
    0x0E, 0x70, 0x03, 0xC0, 0x0F, 0xF0, 0x1F, 0xF8, 0x3F, 0xFC, 0x7C, 0x3E, 0x78, 0x1E, 0x78, 0x1E,
    0x70, 0x1E, 0x70, 0x0E, 0x70, 0x1E, 0x78, 0x1E, 0x78, 0x1E, 0x7C, 0x3E, 0x3F, 0xFC, 0x1F, 0xF8,
    0x0F, 0xF0, 0x01, 0x80, 0x03, 0xC0, 0x03, 0xC0, 0x03, 0xC0, 0x01, 0x80, 0x0F, 0x01, 0xF8, 0x3D,
    0xC3, 0x8C, 0x0F, 0x01, 0xFC, 0x3F, 0xE7, 0xDF, 0x78, 0xFF, 0x0F, 0xF0, 0xFF, 0x0F, 0x78, 0xF7,
    0xFF, 0x3F, 0xE1, 0xFC, 0x06, 0x00, 0x70, 0x0F, 0x00, 0xF0, 0x02, 0x00, 0x00, 0xE0, 0x01, 0xE0,
    0x01, 0xCE, 0x01, 0x8F, 0x03, 0xFE, 0x0F, 0xFE, 0x1F, 0xFE, 0x3F, 0xFC, 0x7C, 0x3E, 0x78, 0x1E,
    0x78, 0x1E, 0x70, 0x1E, 0x70, 0x0E, 0x70, 0x1E, 0x78, 0x1E, 0x78, 0x1E, 0x7C, 0x3E, 0x3F, 0xFC,
    0x1F, 0xF8, 0x0F, 0xF0, 0x01, 0x80, 0x03, 0xC0, 0x1C, 0x01, 0xCE, 0x0E, 0x70, 0xFF, 0x8F, 0xF8,
    0xFF, 0x8F, 0xBE, 0x78, 0xF7, 0x87, 0xBC, 0x3D, 0xE1, 0xE7, 0x8F, 0x3F, 0xF8, 0xFF, 0x83, 0xF8,
    0x06, 0x00, 0x07, 0x00, 0x07, 0x80, 0x03, 0x8E, 0x01, 0x8F, 0x03, 0xFE, 0x0F, 0xFE, 0x1F, 0xFE,
    0x3F, 0xFC, 0x7C, 0x3E, 0x78, 0x1E, 0x78, 0x1E, 0x70, 0x1E, 0x70, 0x0E, 0x70, 0x1E, 0x78, 0x1E,
    0x78, 0x1E, 0x7C, 0x3E, 0x3F, 0xFC, 0x1F, 0xF8, 0x0F, 0xF0, 0x01, 0x80, 0x1C, 0x00, 0x70, 0x03,
    0x8E, 0x0C, 0x70, 0xFF, 0x8F, 0xF8, 0xFF, 0x8F, 0xBE, 0x78, 0xF7, 0x87, 0xBC, 0x3D, 0xE1, 0xE7,
    0x8F, 0x3F, 0xF8, 0xFF, 0x83, 0xF8, 0x06, 0x00, 0x03, 0xC0, 0x03, 0xC0, 0x01, 0xCE, 0x01, 0x8F,
    0x03, 0xFE, 0x0F, 0xFE, 0x1F, 0xFE, 0x3F, 0xFC, 0x7C, 0x3E, 0x78, 0x1E, 0x78, 0x1E, 0x70, 0x1E,
    0x70, 0x0E, 0x70, 0x1E, 0x78, 0x1E, 0x78, 0x1E, 0x7C, 0x3E, 0x3F, 0xFC, 0x1F, 0xF8, 0x0F, 0xF0,
    0x01, 0x80, 0x0F, 0x00, 0x78, 0x01, 0xCE, 0x0C, 0x70, 0xFF, 0x8F, 0xF8, 0xFF, 0x8F, 0xBE, 0x78,
    0xF7, 0x87, 0xBC, 0x3D, 0xE1, 0xE7, 0x8F, 0x3F, 0xF8, 0xFF, 0x83, 0xF8, 0x06, 0x00, 0x07, 0x30,
    0x0F, 0xF0, 0x0F, 0xEE, 0x00, 0x0F, 0x03, 0xFE, 0x0F, 0xFE, 0x1F, 0xFE, 0x3F, 0xFC, 0x7C, 0x3E,
    0x78, 0x1E, 0x78, 0x1E, 0x70, 0x1E, 0x70, 0x0E, 0x70, 0x1E, 0x78, 0x1E, 0x78, 0x1E, 0x7C, 0x3E,
    0x3F, 0xFC, 0x1F, 0xF8, 0x0F, 0xF0, 0x01, 0x80, 0x0C, 0x80, 0xFC, 0x06, 0xEE, 0x00, 0x70, 0xFF,
    0x8F, 0xF8, 0xFF, 0x8F, 0xBE, 0x78, 0xF7, 0x87, 0xBC, 0x3D, 0xE1, 0xE7, 0x8F, 0x3F, 0xF8, 0xFF,
    0x83, 0xF8, 0x06, 0x00, 0x00, 0x0E, 0x00, 0x0F, 0x03, 0xFE, 0x0F, 0xFE, 0x1F, 0xFE, 0x3F, 0xFC,
    0x7C, 0x3E, 0x78, 0x1E, 0x78, 0x1E, 0x70, 0x1E, 0x70, 0x0E, 0x70, 0x1E, 0x78, 0x1E, 0x78, 0x1E,
    0x7C, 0x3E, 0x3F, 0xFC, 0x1F, 0xF8, 0x0F, 0xF0, 0x01, 0x80, 0x03, 0xC0, 0x03, 0xC0, 0x03, 0xC0,
    0x01, 0x80, 0x00, 0x38, 0x01, 0xC3, 0xFE, 0x3F, 0xE3, 0xFE, 0x3E, 0xF9, 0xE3, 0xDE, 0x1E, 0xF0,
    0xF7, 0x87, 0x9E, 0x3C, 0xFF, 0xE3, 0xFE, 0x0F, 0xE0, 0x18, 0x00, 0xE0, 0x0F, 0x00, 0x78, 0x00,
    0x80, 0x00, 0x00, 0x00, 0x00, 0x00, 0x00, 0x00, 0x60, 0x31, 0x80, 0xC6, 0x03, 0x18, 0x0C, 0x60,
    0x31, 0x80, 0xC6, 0x03, 0x18, 0x0C, 0x60, 0x31, 0x80, 0xC6, 0x03, 0x18, 0x0C, 0x60, 0x31, 0x80,
    0xC6, 0x03, 0x1C, 0x1C, 0x3F, 0xE0, 0x7F, 0x00, 0x00, 0x00, 0xC0, 0x03, 0x00, 0x0C, 0x00, 0x00,
    0x00, 0x00, 0x00, 0x00, 0x00, 0x00, 0x00, 0x00, 0x00, 0x00, 0x00, 0x00, 0x00, 0x00, 0x00, 0x00,
    0x00, 0x01, 0x80, 0xC6, 0x03, 0x18, 0x0C, 0x60, 0x31, 0x80, 0xC6, 0x03, 0x18, 0x0C, 0x60, 0x31,
    0x80, 0xC6, 0x03, 0x1C, 0x0C, 0x3F, 0xF0, 0x7F, 0xC0, 0x00, 0x00, 0xC0, 0x03, 0x00, 0x0C, 0x00,
    0x00, 0x00, 0x00, 0x0F, 0x00, 0x7C, 0x00, 0xC0, 0x06, 0x06, 0x03, 0xF8, 0x3F, 0xC1, 0xFE, 0x0F,
    0xF0, 0x7F, 0x83, 0xFC, 0x1F, 0xE0, 0xFF, 0x07, 0xF8, 0x3F, 0xC1, 0xFE, 0x0F, 0xF8, 0xFB, 0xFF,
    0x9F, 0xFC, 0x3F, 0xC0, 0x70, 0x00, 0x1E, 0x03, 0xE0, 0x38, 0x07, 0x0E, 0x0F, 0xE3, 0xFC, 0x7F,
    0x8F, 0xF1, 0xFE, 0x3F, 0xC7, 0xF8, 0xFF, 0x1F, 0xFF, 0xDF, 0xFB, 0xFF, 0x08, 0x00, 0x03, 0xC0,
    0x07, 0x00, 0x1E, 0x38, 0x38, 0xF6, 0x03, 0xFE, 0x0F, 0xFC, 0x1F, 0x78, 0x3C, 0xF0, 0x79, 0xE0,
    0xF3, 0xC1, 0xE7, 0x83, 0xCF, 0x07, 0x9E, 0x0F, 0x3C, 0x1E, 0x78, 0x3C, 0xF8, 0xF8, 0xFF, 0xE1,
    0xFF, 0xC0, 0xFF, 0x00, 0x70, 0x00, 0x07, 0x80, 0x38, 0x03, 0x8E, 0x1C, 0x7E, 0x0F, 0xF8, 0xFB,
    0xC7, 0xDE, 0x3C, 0xF1, 0xE7, 0x8F, 0x3C, 0x79, 0xE3, 0xCF, 0x1E, 0x7F, 0xF1, 0xFF, 0x8F, 0xFC,
    0x08, 0x00, 0x1E, 0x00, 0x1C, 0x00, 0x3C, 0x38, 0x38, 0xF6, 0x03, 0xFE, 0x0F, 0xFC, 0x1F, 0x78,
    0x3C, 0xF0, 0x79, 0xE0, 0xF3, 0xC1, 0xE7, 0x83, 0xCF, 0x07, 0x9E, 0x0F, 0x3C, 0x1E, 0x78, 0x3C,
    0xF8, 0xF8, 0xFF, 0xE1, 0xFF, 0xC0, 0xFF, 0x00, 0x70, 0x00, 0x3C, 0x00, 0xE0, 0x07, 0x8E, 0x1C,
    0x7E, 0x0F, 0xF8, 0xFB, 0xC7, 0xDE, 0x3C, 0xF1, 0xE7, 0x8F, 0x3C, 0x79, 0xE3, 0xCF, 0x1E, 0x7F,
    0xF1, 0xFF, 0x8F, 0xFC, 0x08, 0x00, 0x0F, 0x00, 0x1F, 0x00, 0x0C, 0x38, 0x18, 0xF6, 0x03, 0xFE,
    0x0F, 0xFC, 0x1F, 0x78, 0x3C, 0xF0, 0x79, 0xE0, 0xF3, 0xC1, 0xE7, 0x83, 0xCF, 0x07, 0x9E, 0x0F,
    0x3C, 0x1E, 0x78, 0x3C, 0xF8, 0xF8, 0xFF, 0xE1, 0xFF, 0xC0, 0xFF, 0x00, 0x70, 0x00, 0x1E, 0x00,
    0xF8, 0x03, 0x8E, 0x1C, 0x7E, 0x0F, 0xF8, 0xFB, 0xC7, 0xDE, 0x3C, 0xF1, 0xE7, 0x8F, 0x3C, 0x79,
    0xE3, 0xCF, 0x1E, 0x7F, 0xF1, 0xFF, 0x8F, 0xFC, 0x08, 0x00, 0x0E, 0xC0, 0x3F, 0x80, 0x7F, 0x38,
    0x00, 0xF6, 0x03, 0xFE, 0x0F, 0xFC, 0x1F, 0x78, 0x3C, 0xF0, 0x79, 0xE0, 0xF3, 0xC1, 0xE7, 0x83,
    0xCF, 0x07, 0x9E, 0x0F, 0x3C, 0x1E, 0x78, 0x3C, 0xF8, 0xF8, 0xFF, 0xE1, 0xFF, 0xC0, 0xFF, 0x00,
    0x70, 0x00, 0x1D, 0x81, 0xFC, 0x0F, 0xEE, 0x00, 0x7E, 0x0F, 0xF8, 0xFB, 0xC7, 0xDE, 0x3C, 0xF1,
    0xE7, 0x8F, 0x3C, 0x79, 0xE3, 0xCF, 0x1E, 0x7F, 0xF1, 0xFF, 0x8F, 0xFC, 0x08, 0x00, 0x00, 0x0E,
    0x00, 0x3D, 0x80, 0xFF, 0x83, 0xFF, 0x07, 0xDE, 0x0F, 0x3C, 0x1E, 0x78, 0x3C, 0xF0, 0x79, 0xE0,
    0xF3, 0xC1, 0xE7, 0x83, 0xCF, 0x07, 0x9E, 0x0F, 0x3E, 0x3E, 0x3F, 0xF8, 0x7F, 0xF0, 0x3F, 0xC0,
    0x1C, 0x00, 0x38, 0x00, 0x78, 0x00, 0xE0, 0x00, 0x80, 0x00, 0x00, 0x38, 0x01, 0xF8, 0x3F, 0xE3,
    0xEF, 0x1F, 0x78, 0xF3, 0xC7, 0x9E, 0x3C, 0xF1, 0xE7, 0x8F, 0x3C, 0x79, 0xFF, 0xC7, 0xFE, 0x3F,
    0xF0, 0x20, 0x01, 0xC0, 0x0F, 0x00, 0x70, 0x01, 0x00, 0x0F, 0x00, 0x0E, 0x00, 0x1E, 0x00, 0x1C,
    0x07, 0x01, 0xDF, 0x07, 0xDE, 0x0F, 0x1E, 0x3C, 0x3C, 0x78, 0x3D, 0xE0, 0x7F, 0xC0, 0x7F, 0x00,
    0x7E, 0x00, 0xF8, 0x00, 0xF0, 0x01, 0xC0, 0x03, 0x80, 0x07, 0x00, 0x0E, 0x00, 0x1C, 0x00, 0x1C,
    0x00, 0xF0, 0x03, 0x80, 0x0C, 0x0E, 0x07, 0x78, 0x79, 0xC3, 0xCF, 0x1C, 0x79, 0xE1, 0xCF, 0x0F,
    0x70, 0x7F, 0x81, 0xF8, 0x0F, 0xC0, 0x3E, 0x01, 0xE0, 0x0F, 0x01, 0xF8, 0x1F, 0x80, 0xF8, 0x07,
    0x80, 0x00, 0x70, 0x1D, 0xF0, 0x7D, 0xE0, 0xF1, 0xE3, 0xC3, 0xC7, 0x83, 0xDE, 0x07, 0xFC, 0x07,
    0xF0, 0x07, 0xE0, 0x0F, 0x80, 0x0F, 0x00, 0x1C, 0x00, 0x38, 0x00, 0x70, 0x00, 0xE0, 0x01, 0xC0,
    0x00, 0x00, 0x07, 0x00, 0x0F, 0x00, 0x1C, 0x00, 0x10, 0x00, 0xE0, 0x77, 0x87, 0x9C, 0x3C, 0xF1,
    0xC7, 0x9E, 0x1C, 0xF0, 0xF7, 0x07, 0xF8, 0x1F, 0x80, 0xFC, 0x03, 0xE0, 0x1E, 0x00, 0xF0, 0x1F,
    0xF1, 0xFB, 0xCF, 0x9C, 0x78, 0x40, 0x07, 0x80, 0x0F, 0x80, 0x06, 0x00, 0x1C, 0x07, 0x01, 0xDF,
    0x07, 0xDE, 0x0F, 0x1E, 0x3C, 0x3C, 0x78, 0x3D, 0xE0, 0x7F, 0xC0, 0x7F, 0x00, 0x7E, 0x00, 0xF8,
    0x00, 0xF0, 0x01, 0xC0, 0x03, 0x80, 0x07, 0x00, 0x0E, 0x00, 0x1C, 0x00, 0x0F, 0x00, 0x78, 0x01,
    0xC0, 0x0C, 0x0E, 0x07, 0x78, 0x79, 0xC3, 0xCF, 0x1C, 0x79, 0xE1, 0xCF, 0x0F, 0x70, 0x7F, 0x81,
    0xF8, 0x0F, 0xC0, 0x3E, 0x01, 0xE0, 0x0F, 0x01, 0xF8, 0x1F, 0x80, 0xF8, 0x07, 0x80, 0x00, 0x1E,
    0x60, 0xFF, 0x83, 0x3C, 0x00, 0x00, 0x60, 0x19, 0x80, 0x63, 0x03, 0x0C, 0x0C, 0x18, 0x60, 0x61,
    0x80, 0xCC, 0x03, 0x30, 0x07, 0x80, 0x1E, 0x00, 0x30, 0x00, 0xC0, 0x03, 0x00, 0x0C, 0x00, 0x30,
    0x00, 0xC0, 0x03, 0x00, 0x0C, 0x00, 0x00, 0x00, 0x00, 0x00, 0x00, 0x00, 0x00, 0x00, 0x00, 0x00,
    0x00, 0x00, 0x00, 0x00, 0x00, 0x00, 0x00, 0x00, 0x00, 0x79, 0x83, 0xFE, 0x0C, 0xF0, 0x00, 0x01,
    0x80, 0xC6, 0x03, 0x18, 0x0C, 0x60, 0x31, 0x80, 0xC6, 0x03, 0x18, 0x0C, 0x60, 0x31, 0x80, 0xC6,
    0x03, 0x1C, 0x0C, 0x3F, 0xF0, 0x7F, 0xC0, 0x03, 0x00, 0x0C, 0x00, 0x70, 0xFF, 0x83, 0xFC, 0x00,
    0x00, 0x00, 0x00, 0x00, 0x00, 0x00, 0x00, 0x00, 0x00, 0x00, 0x00, 0x00, 0x00, 0x00, 0x00, 0x00,
    0x00, 0x00, 0x00, 0x00, 0x00, 0x00, 0x00, 0x00, 0x00, 0x00, 0x00, 0x00, 0x00, 0x00, 0x00, 0x00,
    0x00, 0x00, 0x00, 0x00, 0x00, 0x00, 0x00, 0x00, 0x00, 0x00, 0x00, 0x00, 0x00, 0x00, 0x00, 0x00,
    0x00, 0x00, 0x00, 0x00, 0x00, 0x00, 0x00, 0x00, 0x00, 0x00, 0x00, 0x00, 0x00, 0x00, 0x00, 0x00,
    0x00, 0x00, 0x00, 0x00, 0x00, 0x00, 0x00, 0x00, 0x00, 0x00, 0x00, 0x00, 0x00, 0x00, 0x00, 0x00,
    0x00, 0x00, 0x00, 0x00, 0x00, 0x00, 0x00, 0x00, 0x00, 0x00, 0x00, 0x00, 0x00, 0x00, 0x00, 0x00,
    0x00, 0x00, 0x00, 0x00, 0x00, 0x00, 0x00, 0x00, 0x00, 0x00, 0x00, 0x00, 0x00, 0x00, 0x00, 0x00,
    0x00, 0x00, 0x00, 0x00, 0x00, 0x00, 0x00, 0x00, 0x00, 0x00, 0x00, 0x00, 0x00, 0x00, 0x00, 0x00,
    0x00, 0x00, 0x00, 0x00, 0x00, 0x00, 0x00, 0x00, 0x00, 0x00, 0x00, 0x00, 0x00, 0x00, 0x00, 0x00,
    0x00, 0x00, 0x00, 0x00, 0x00, 0x00, 0x00, 0x00, 0x00, 0x00, 0x00, 0x00, 0x00, 0x00, 0x00, 0x00,
    0x00, 0x00, 0x00, 0x00, 0x00, 0x00, 0x00, 0x00, 0x00, 0x00, 0x00, 0x00, 0x00, 0x00, 0x00, 0x00,
    0x00, 0x00, 0x00, 0x00, 0x00, 0x00, 0x00, 0x00, 0x00, 0x00, 0x00, 0x00, 0x00, 0x00, 0x00, 0x00,
    0x00, 0x00, 0x00, 0x00, 0x00, 0x00, 0x00, 0x00, 0x00, 0x00, 0x00, 0x00, 0x00, 0x00, 0x00, 0x00,
    0x00, 0x00, 0x00, 0x00, 0x00, 0x00, 0x00, 0x00, 0x00, 0x00, 0x00, 0x00, 0x00, 0x00, 0x00, 0x00,
    0x00, 0x00, 0x00, 0x00, 0x00, 0x00, 0x00, 0x00, 0x00, 0x00, 0x00, 0x00, 0x00, 0x00, 0x00, 0x00,
    0x00, 0x00, 0x00, 0x00, 0x00, 0x00, 0x00, 0x00, 0x00, 0x00, 0x00, 0x00, 0x00, 0x00, 0x00, 0x00,
    0x00, 0x00, 0x00, 0x00, 0x00, 0x00, 0x00, 0x00, 0x00, 0x00, 0x00, 0x00, 0x00, 0x00, 0x00, 0x00,
    0x00, 0x00, 0x00, 0x00, 0x00, 0x00, 0x00, 0x00, 0x00, 0x00, 0x00, 0x00, 0x00, 0x00, 0x00, 0x00,
    0x00, 0x00, 0x00, 0x00, 0x00, 0x00, 0x00, 0x00, 0x00, 0x00, 0x00, 0x00, 0x00, 0x00, 0x00, 0x00,
    0x00, 0x00, 0x00, 0x00, 0x00, 0x00, 0x00, 0x00, 0x00, 0x00, 0x00, 0x00, 0x00, 0x00, 0x00, 0x00,
    0x00, 0x00, 0x00, 0x00, 0x00, 0x00, 0x00, 0x00, 0x00, 0x00, 0x00, 0x00, 0x00, 0x00, 0x00, 0x00,
    0x00, 0x00, 0x00, 0x00, 0x00, 0x00, 0x00, 0x00, 0x00, 0x00, 0x00, 0x00, 0x00, 0x00, 0x00, 0x00,
    0x00, 0x00, 0x00, 0x00, 0x00, 0x00, 0x00, 0x00, 0x00, 0x00, 0x00, 0x00, 0x00, 0x00, 0x00, 0x00,
    0x00, 0x00, 0x00, 0x00, 0x00, 0x00, 0x00, 0x00, 0x00, 0x00, 0x00, 0x00, 0x00, 0x00, 0x00, 0x00,
    0x00, 0x00, 0x00, 0x00, 0x00, 0x00, 0x00, 0x00, 0x00, 0x00, 0x00, 0x00, 0x00, 0x00, 0x00, 0x00,
    0x00, 0x00, 0x00, 0x00, 0x00, 0x00, 0x00, 0x00, 0x00, 0x00, 0x00, 0x00, 0x00, 0x00, 0x00, 0x00,
    0x00, 0x00, 0x00, 0x00, 0x00, 0x00, 0x00, 0x00, 0x00, 0x00, 0x00, 0x00, 0x00, 0x00, 0x00, 0x00,
    0x00, 0x00, 0x00, 0x00, 0x00, 0x00, 0x00, 0x00, 0x00, 0x00, 0x00, 0x00, 0x00, 0x00, 0x00, 0x00,
    0x00, 0x00, 0x00, 0x00, 0x00, 0x00, 0x00, 0x00, 0x00, 0x00, 0x00, 0x00, 0x00, 0x00, 0x00, 0x00,
    0x00, 0x00, 0x00, 0x00, 0x00, 0x00, 0x00, 0x00, 0x00, 0x00, 0x00, 0x00, 0x00, 0x00, 0x00, 0x00,
    0x00, 0x00, 0x00, 0x00, 0x00, 0x00, 0x00, 0x00, 0x00, 0x00, 0x00, 0x00, 0x00, 0x00, 0x00, 0x00,
    0x00, 0x00, 0x00, 0x00, 0x00, 0x00, 0x00, 0x00, 0x00, 0x00, 0x00, 0x00, 0x00, 0x00, 0x00, 0x00,
    0x00, 0x00, 0x00, 0x00, 0x00, 0x00, 0x00, 0x00, 0x00, 0x00, 0x00, 0x00, 0x00, 0x00, 0x00, 0x00,
    0x00, 0x00, 0x00, 0x00, 0x00, 0x00, 0x00, 0x00, 0x00, 0x00, 0x00, 0x00, 0x00, 0x00, 0x00, 0x00,
    0x00, 0x00, 0x00, 0x00, 0x00, 0x00, 0x00, 0x00, 0x00, 0x00, 0x00, 0x00, 0x00, 0x00, 0x00, 0x00,
    0x00, 0x3F, 0xF0, 0xFF, 0xC0, 0x00, 0x00, 0x00, 0x00, 0x00, 0x00, 0x00, 0x00, 0x00, 0x00, 0x00,
    0x00, 0x00, 0x00, 0x00, 0x00, 0x00, 0x00, 0x00, 0x00, 0x00, 0x00, 0x00, 0x00, 0x00, 0x00, 0x00,
    0x00, 0x00, 0x00, 0x00, 0x00, 0x00, 0x00, 0x00, 0x00, 0x00, 0x00, 0x00, 0x00, 0x00, 0x00, 0x00,
    0x00, 0x00, 0x3F, 0xF0, 0xFF, 0xC0, 0x00, 0x00, 0x00, 0x00, 0x00, 0x00, 0x00, 0x00, 0x00, 0x00,
    0x00, 0x00, 0x00, 0x00, 0x00, 0x00, 0x00, 0x00, 0x00, 0x00, 0x00, 0x00, 0x00, 0x00, 0x00, 0x00,
    0x00, 0x00, 0x00, 0x00, 0x00, 0x00, 0x00, 0x00, 0x00, 0x00, 0x00, 0x00, 0x00, 0x00, 0x00, 0x00,
    0x00, 0x00, 0x00, 0x7F, 0xF1, 0xFF, 0xC0, 0x00, 0x00, 0x00, 0x00, 0x00, 0x00, 0x00, 0x00, 0x00,
    0x00, 0x00, 0x00, 0x00, 0x00, 0x00, 0x00, 0x00, 0x00, 0x00, 0x00, 0x00, 0x00, 0x00, 0x00, 0x00,
    0x00, 0x00, 0x00, 0x00, 0x00, 0x00, 0x00, 0x00, 0x00, 0x00, 0x00, 0x00, 0x00, 0x00, 0x00, 0x00,
    0x00, 0x00, 0x00, 0x00, 0x7F, 0xF1, 0xFF, 0xC0, 0x00, 0x00, 0x00, 0x00, 0x00, 0x00, 0x00, 0x00,
    0x00, 0x00, 0x00, 0x00, 0x00, 0x00, 0x00, 0x00, 0x00, 0x00, 0x00, 0x00, 0x00, 0x00, 0x00, 0x00,
    0x00, 0x00, 0x00, 0x00, 0x00, 0x00, 0x00, 0x00, 0x00, 0x00, 0x00, 0x00, 0x00, 0x00, 0x00, 0x00,
    0x00, 0x00, 0x00, 0x00, 0x00, 0x7F, 0xF9, 0xFF, 0xE0, 0x00, 0x00, 0x00, 0x00, 0x00, 0x00, 0x00,
    0x00, 0x00, 0x00, 0x00, 0x00, 0x00, 0x00, 0x00, 0x00, 0x00, 0x00, 0x00, 0x00, 0x00, 0x00, 0x00,
    0x00, 0x00, 0x00, 0x00, 0x00, 0x00, 0x00, 0x00, 0x00, 0x00, 0x00, 0x00, 0x00, 0x00, 0x00, 0x00,
    0x00, 0x00, 0x00, 0x00, 0x00, 0x00, 0x7F, 0xF9, 0xFF, 0xE0, 0x00, 0x00, 0x00, 0x00, 0x00, 0x00,
    0x00, 0x00, 0x00, 0x00, 0x00, 0x00, 0x00, 0x00, 0x00, 0x00, 0x00, 0x00, 0x00, 0x00, 0x00, 0x00,
    0x00, 0x00, 0x00, 0x00, 0x00, 0x00, 0x00, 0x00, 0x00, 0x0C, 0xC0, 0x33, 0x00, 0xCC, 0x03, 0x30,
    0x0C, 0xC0, 0x33, 0x00, 0xCC, 0x03, 0x30, 0x0C, 0xC0, 0x33, 0x00, 0xCC, 0x03, 0x30, 0x0C, 0xC0,
    0x33, 0x00, 0xCC, 0x03, 0x30, 0x0C, 0xC0, 0x33, 0x00, 0x00, 0x00, 0x00, 0x00, 0x00, 0x00, 0x00,
    0x00, 0x00, 0x00, 0x00, 0x00, 0x00, 0x00, 0x00, 0x00, 0x00, 0x00, 0x00, 0x00, 0x00, 0x00, 0x00,
    0x00, 0x00, 0x00, 0x00, 0x00, 0x00, 0x00, 0x00, 0x00, 0x00, 0x00, 0x00, 0x00, 0x00, 0x00, 0x00,
    0x00, 0x00, 0x00, 0x00, 0x00, 0x00, 0x00, 0x00, 0x00, 0x00, 0x00, 0x1F, 0xFC, 0x7F, 0xF0, 0x00,
    0x07, 0xFF, 0x1F, 0xFC, 0x00, 0x00, 0x00, 0x00, 0x30, 0x00, 0xC0, 0x06, 0x00, 0x18, 0x00, 0x60,
    0x01, 0x80, 0x00, 0x00, 0x00, 0x00, 0x00, 0x00, 0x00, 0x00, 0x00, 0x00, 0x00, 0x00, 0x00, 0x00,
    0x00, 0x00, 0x00, 0x00, 0x00, 0x00, 0x00, 0x00, 0x00, 0x00, 0x00, 0x00, 0x00, 0x00, 0x00, 0x00,
    0x00, 0x00, 0x00, 0x00, 0x00, 0x00, 0x00, 0x00, 0x00, 0x30, 0x00, 0xC0, 0x03, 0x00, 0x0C, 0x00,
    0x60, 0x01, 0x80, 0x00, 0x00, 0x00, 0x00, 0x00, 0x00, 0x00, 0x00, 0x00, 0x00, 0x00, 0x00, 0x00,
    0x00, 0x00, 0x00, 0x00, 0x00, 0x00, 0x00, 0x00, 0x00, 0x00, 0x00, 0x00, 0x00, 0x00, 0x00, 0x00,
    0x00, 0x00, 0x00, 0x00, 0x00, 0x00, 0x00, 0x00, 0x00, 0x00, 0x00, 0x00, 0x00, 0x00, 0x00, 0x00,
    0x00, 0x00, 0x00, 0x00, 0x00, 0x00, 0x00, 0x00, 0x00, 0x00, 0x00, 0x00, 0x00, 0x00, 0x00, 0x00,
    0x00, 0x00, 0x00, 0x00, 0x00, 0x00, 0x30, 0x00, 0xC0, 0x03, 0x00, 0x0C, 0x00, 0x60, 0x01, 0x80,
    0x00, 0x00, 0x00, 0x00, 0x00, 0x00, 0x00, 0x00, 0x00, 0x00, 0x00, 0x60, 0x01, 0x80, 0x06, 0x00,
    0x18, 0x00, 0x30, 0x00, 0xC0, 0x00, 0x00, 0x00, 0x00, 0x00, 0x00, 0x00, 0x00, 0x00, 0x00, 0x00,
    0x00, 0x00, 0x00, 0x00, 0x00, 0x00, 0x00, 0x00, 0x00, 0x00, 0x00, 0x00, 0x00, 0x00, 0x00, 0x00,
    0x00, 0x00, 0x00, 0x00, 0x00, 0x00, 0x00, 0x00, 0x00, 0x00, 0x00, 0x00, 0xC6, 0x03, 0x18, 0x18,
    0xC0, 0x63, 0x01, 0x8C, 0x06, 0x30, 0x00, 0x00, 0x00, 0x00, 0x00, 0x00, 0x00, 0x00, 0x00, 0x00,
    0x00, 0x00, 0x00, 0x00, 0x00, 0x00, 0x00, 0x00, 0x00, 0x00, 0x00, 0x00, 0x00, 0x00, 0x00, 0x00,
    0x00, 0x00, 0x00, 0x00, 0x00, 0x00, 0x00, 0x00, 0x00, 0x00, 0x00, 0x00, 0x00, 0xC6, 0x03, 0x18,
    0x0C, 0x60, 0x31, 0x81, 0x8C, 0x06, 0x30, 0x00, 0x00, 0x00, 0x00, 0x00, 0x00, 0x00, 0x00, 0x00,
    0x00, 0x00, 0x00, 0x00, 0x00, 0x00, 0x00, 0x00, 0x00, 0x00, 0x00, 0x00, 0x00, 0x00, 0x00, 0x00,
    0x00, 0x00, 0x00, 0x00, 0x00, 0x00, 0x00, 0x00, 0x00, 0x00, 0x00, 0x00, 0x00, 0x00, 0x00, 0x00,
    0x00, 0x00, 0x00, 0x00, 0x00, 0x00, 0x00, 0x00, 0x00, 0x00, 0x00, 0x00, 0x00, 0x00, 0x00, 0x00,
    0x00, 0x00, 0x00, 0x00, 0x00, 0x00, 0x00, 0x00, 0x00, 0x01, 0x8C, 0x06, 0x30, 0x18, 0xC0, 0x63,
    0x03, 0x18, 0x0C, 0x60, 0x00, 0x00, 0x00, 0x00, 0x00, 0x00, 0x00, 0x00, 0x00, 0x00, 0x03, 0x18,
    0x0C, 0x60, 0x31, 0x80, 0xC6, 0x01, 0x8C, 0x06, 0x30, 0x00, 0x00, 0x00, 0x00, 0x00, 0x00, 0x00,
    0x00, 0x00, 0x00, 0x00, 0x00, 0x00, 0x00, 0x00, 0x00, 0x00, 0x00, 0x00, 0x00, 0x00, 0x00, 0x00,
    0x00, 0x00, 0x00, 0x00, 0x00, 0x00, 0x00, 0x00, 0x00, 0x00, 0x00, 0x00, 0x00, 0x00, 0x00, 0x00,
    0x00, 0x00, 0x00, 0x03, 0x00, 0x0C, 0x00, 0x30, 0x00, 0xC0, 0x3F, 0xF0, 0xFF, 0xC0, 0x30, 0x00,
    0xC0, 0x03, 0x00, 0x0C, 0x00, 0x30, 0x00, 0xC0, 0x03, 0x00, 0x0C, 0x00, 0x30, 0x00, 0xC0, 0x03,
    0x00, 0x0C, 0x00, 0x00, 0x00, 0x00, 0x00, 0x00, 0x00, 0x00, 0x00, 0x00, 0x00, 0x00, 0x00, 0x00,
    0x00, 0x00, 0x00, 0x00, 0x03, 0x00, 0x0C, 0x00, 0x30, 0x00, 0xC0, 0x3F, 0xF0, 0xFF, 0xC0, 0x30,
    0x00, 0xC0, 0x03, 0x00, 0x0C, 0x00, 0x30, 0x00, 0xC0, 0x3F, 0xF0, 0xFF, 0xC0, 0x30, 0x00, 0xC0,
    0x03, 0x00, 0x0C, 0x00, 0x00, 0x00, 0x00, 0x00, 0x00, 0x00, 0x00, 0x00, 0x00, 0x00, 0x00, 0x00,
    0x00, 0x00, 0x00, 0x00, 0x00, 0x00, 0x00, 0x00, 0x00, 0x00, 0x00, 0x00, 0x00, 0x00, 0x00, 0x00,
    0x00, 0x01, 0xE0, 0x0F, 0xC0, 0x3F, 0x00, 0xFC, 0x03, 0xF0, 0x07, 0x80, 0x00, 0x00, 0x00, 0x00,
    0x00, 0x00, 0x00, 0x00, 0x00, 0x00, 0x00, 0x00, 0x00, 0x00, 0x00, 0x00, 0x00, 0x00, 0x00, 0x03,
    0x8F, 0x3F, 0xFF, 0xCC, 0x00, 0x27, 0xBD, 0xE2, 0x00, 0x20, 0xDE, 0x3F, 0xC7, 0xF8, 0xF2, 0x08,
    0x00, 0x00, 0x00, 0x00, 0x00, 0x00, 0x00, 0x00, 0x00, 0x00, 0x00, 0x00, 0x00, 0x00, 0x00, 0x00,
    0x00, 0x00, 0x00, 0x00, 0x00, 0x00, 0x00, 0x00, 0x00, 0x00, 0x00, 0x00, 0x00, 0x00, 0x00, 0x06,
    0x31, 0x98, 0xC6, 0x63, 0x19, 0x8C, 0x60, 0x00, 0x00, 0x00, 0x00, 0x00, 0x00, 0x00, 0x00, 0x00,
    0x00, 0x27, 0xBD, 0xE2, 0x00, 0x00, 0x00, 0x00, 0x00, 0x00, 0x00, 0x00, 0x38, 0xC1, 0xF3, 0x06,
    0xD8, 0x1F, 0x60, 0x3B, 0x00, 0x0C, 0x00, 0x60, 0x01, 0x80, 0x0C, 0x00, 0x30, 0x01, 0x80, 0x06,
    0x00, 0x30, 0x00, 0xDD, 0xC6, 0xFF, 0x9B, 0x76, 0xCF, 0xFB, 0x1D, 0xC0, 0x00, 0x00, 0x00, 0x00,
    0x00, 0x00, 0x00, 0x00, 0x00, 0x00, 0x1C, 0x02, 0x00, 0x00, 0x1F, 0x81, 0xC0, 0x00, 0x07, 0xF0,
    0xE0, 0x00, 0x03, 0x9C, 0x70, 0x00, 0x00, 0xE7, 0x1C, 0x00, 0x00, 0x39, 0xCE, 0x00, 0x00, 0x07,
    0xE7, 0x00, 0x00, 0x01, 0xFB, 0x80, 0x00, 0x00, 0x08, 0xE3, 0x07, 0x06, 0x00, 0x73, 0xE3, 0xE7,
    0xE0, 0x39, 0xFD, 0xFD, 0xFC, 0x0E, 0x77, 0x77, 0x67, 0x07, 0x1C, 0xDD, 0xF9, 0xC3, 0x87, 0x77,
    0x76, 0x70, 0xE1, 0xFD, 0xFD, 0xFC, 0x70, 0x3E, 0x3E, 0x7E, 0x00, 0x03, 0x06, 0x06, 0x00, 0x00,
    0x00, 0x00, 0x00, 0x38, 0x00, 0xE0, 0x03, 0x80, 0x0C, 0x00, 0x30, 0x00, 0xC0, 0x03, 0x00, 0x00,
    0x00, 0x00, 0x00, 0x00, 0x00, 0x00, 0x00, 0x00, 0x00, 0x00, 0x00, 0x00, 0x00, 0x00, 0x00, 0x00,
    0x00, 0x00, 0x00, 0x00, 0x00, 0x00, 0x00, 0x00, 0x00, 0x00, 0x00, 0x00, 0x00, 0x00, 0x00, 0x00,
    0x00, 0x00, 0x00, 0x01, 0xCE, 0x07, 0x38, 0x1C, 0xE0, 0x63, 0x01, 0x8C, 0x06, 0x30, 0x18, 0xC0,
    0x00, 0x00, 0x00, 0x00, 0x00, 0x00, 0x00, 0x00, 0x00, 0x00, 0x00, 0x00, 0x00, 0x00, 0x00, 0x00,
    0x00, 0x00, 0x00, 0x00, 0x00, 0x00, 0x00, 0x00, 0x00, 0x00, 0x00, 0x00, 0x00, 0x00, 0x00, 0x00,
    0x00, 0x61, 0x8D, 0xE7, 0x3F, 0x8E, 0x7F, 0x1C, 0xEE, 0x39, 0xDC, 0xE3, 0xB9, 0xC7, 0x00, 0xEE,
    0xEF, 0x77, 0x70, 0xE3, 0x39, 0xEE, 0x3B, 0xCE, 0x73, 0x9C, 0xE7, 0x18, 0xE3, 0x0D, 0xCF, 0x3F,
    0x8E, 0x7F, 0x9C, 0xF7, 0x38, 0xEE, 0x71, 0xDC, 0x63, 0x80, 0x1C, 0x0F, 0x87, 0x71, 0xCE, 0xE3,
    0x80, 0x00, 0x00, 0x00, 0x00, 0x00, 0x00, 0x00, 0x00, 0x00, 0x00, 0x00, 0x00, 0x00, 0x00, 0x00,
    0x00, 0x03, 0x80, 0x1C, 0x00, 0xE0, 0x07, 0x00, 0x38, 0x01, 0xC0, 0x0E, 0x00, 0x1C, 0x00, 0x38,
    0x00, 0x70, 0x00, 0xE0, 0x01, 0xC0, 0x03, 0x80, 0x00, 0x00, 0x00, 0x00, 0x00, 0x00, 0x00, 0x00,
    0x00, 0x00, 0x00, 0x00, 0x00, 0x00, 0x00, 0x00, 0x00, 0x00, 0x00, 0x00, 0x00, 0x00, 0x00, 0x00,
    0x00, 0x00, 0xE0, 0x01, 0xC0, 0x03, 0x80, 0x07, 0x00, 0x0E, 0x00, 0x1C, 0x00, 0x38, 0x01, 0xC0,
    0x0E, 0x00, 0x70, 0x03, 0x80, 0x1C, 0x00, 0xE0, 0x00, 0x00, 0x00, 0x00, 0x00, 0x00, 0x00, 0x00,
    0x00, 0x00, 0x00, 0x03, 0x00, 0x0F, 0x00, 0x7E, 0x81, 0xFF, 0x81, 0xEF, 0x0F, 0xFF, 0x3D, 0xFF,
    0x7B, 0xFE, 0x7F, 0xFC, 0x3D, 0xE0, 0xFF, 0xC0, 0xFD, 0x80, 0x78, 0x00, 0x60, 0x00, 0x00, 0x00,
    0x00, 0x00, 0x00, 0x00, 0x00, 0x18, 0xC0, 0x63, 0x01, 0x8C, 0x06, 0x30, 0x18, 0xC0, 0x63, 0x01,
    0x8C, 0x06, 0x30, 0x18, 0xC0, 0x63, 0x01, 0x8C, 0x06, 0x30, 0x00, 0x00, 0x00, 0x01, 0x8C, 0x06,
    0x30, 0x18, 0xC0, 0x63, 0x00, 0x00, 0x00, 0x00, 0x00, 0x00, 0x00, 0x00, 0x00, 0x00, 0x00, 0x0E,
    0x07, 0xF1, 0xFF, 0x3D, 0xFF, 0x1E, 0x3B, 0xC7, 0x78, 0x7E, 0x0F, 0x81, 0xE0, 0x38, 0x07, 0x00,
    0x40, 0x1C, 0x07, 0x80, 0x70, 0x04, 0x00, 0x7F, 0xF1, 0xFF, 0xC0, 0x00, 0x00, 0x00, 0x00, 0x00,
    0x00, 0x00, 0x00, 0x00, 0x00, 0x00, 0x00, 0x00, 0x00, 0x00, 0x00, 0x00, 0x00, 0x00, 0x00, 0x00,
    0x00, 0x00, 0x00, 0x00, 0x00, 0x00, 0x00, 0x00, 0x00, 0x00, 0x00, 0x00, 0x00, 0x00, 0x00, 0x00,
    0x00, 0x00, 0x00, 0x00, 0x00, 0x00, 0x00, 0x00, 0x60, 0x03, 0xBF, 0xFF, 0xE3, 0xFF, 0xF0, 0x3F,
    0xF0, 0x0F, 0xFC, 0x0F, 0xFF, 0xCF, 0xFF, 0xF9, 0xC0, 0x0E, 0x01, 0x00, 0xE0, 0x78, 0x1C, 0x0F,
    0x03, 0x81, 0xE0, 0xF8, 0x3E, 0x1F, 0xC7, 0x79, 0xCC, 0x03, 0x00, 0x3F, 0x00, 0xFC, 0x03, 0xF0,
    0x0F, 0xC0, 0x3F, 0x00, 0x30, 0x1F, 0x3E, 0x7C, 0xFB, 0xFF, 0xFF, 0xFF, 0x9F, 0x3E, 0x38, 0x60,
    0x7E, 0xFD, 0xFB, 0xF0, 0x00, 0x08, 0x00, 0xE0, 0x03, 0x80, 0x1C, 0x00, 0xE0, 0x03, 0x80, 0x1C,
    0x00, 0xE0, 0x03, 0x80, 0x1C, 0x00, 0xE0, 0x03, 0x80, 0x1C, 0x00, 0xE0, 0x07, 0x00, 0x1C, 0x00,
    0x03, 0xFF, 0xFF, 0xF3, 0xCF, 0x3C, 0xF3, 0xFF, 0xFF, 0xF3, 0xCF, 0x3C, 0xF3, 0xFF, 0xFF, 0x01,
    0xF7, 0xDF, 0x1C, 0x71, 0xC7, 0x1D, 0xF7, 0xDF, 0x1C, 0x71, 0xC7, 0x1D, 0xF7, 0xDF, 0x0F, 0x00,
    0xE0, 0x7F, 0x87, 0xF1, 0xFF, 0x1F, 0xF3, 0xFF, 0x7D, 0xFF, 0x1E, 0xF1, 0xE0, 0x3C, 0x03, 0xC0,
    0xF8, 0x0F, 0x03, 0xE0, 0x3E, 0x0F, 0x80, 0xF8, 0x1E, 0x03, 0xC0, 0x38, 0x07, 0x80, 0x70, 0x07,
    0x00, 0x40, 0x0C, 0x01, 0xC0, 0x3C, 0x07, 0xC0, 0x78, 0x07, 0x00, 0xF0, 0x04, 0x00, 0x40, 0x0F,
    0x03, 0x1F, 0xE3, 0xDF, 0xF1, 0xEF, 0xFC, 0xFF, 0x1E, 0x78, 0x0F, 0x3C, 0x0F, 0x9E, 0x0F, 0x8F,
    0x0F, 0x87, 0x87, 0x83, 0xC3, 0x81, 0xE1, 0xC0, 0x60, 0x40, 0x30, 0x70, 0x3C, 0x7C, 0x1E, 0x1C,
    0x0F, 0x04, 0x00, 0x00, 0x70, 0x38, 0x78, 0x7F, 0x3C, 0x7F, 0xDE, 0x7F, 0xFF, 0x3C, 0x7F, 0x80,
    0x3F, 0xC0, 0x3D, 0xE0, 0x3E, 0xF0, 0x3E, 0x78, 0x3C, 0x1C, 0x1E, 0x0E, 0x0F, 0x02, 0x03, 0x07,
    0x83, 0xC3, 0xC1, 0xE1, 0xE0, 0xF0, 0x20, 0x00, 0x00, 0x7F, 0xFF, 0xFF, 0xEF, 0xF0, 0x38, 0x3C,
    0x1E, 0x0F, 0x07, 0x03, 0x81, 0xC0, 0xE0, 0x70, 0x38, 0x1C, 0x1E, 0x06, 0x00, 0xFC, 0x1F, 0xF3,
    0xFF, 0x7F, 0xFE, 0xFF, 0xDF, 0xFB, 0xFF, 0x7F, 0xEF, 0xDD, 0xF3, 0xB8, 0x70, 0x0E, 0x01, 0xC0,
    0x38, 0x07, 0x00, 0x1F, 0xDF, 0xF7, 0xFF, 0xF7, 0xFD, 0xFF, 0x7F, 0xDD, 0xFF, 0x3F, 0xC7, 0xF0,
    0xFE, 0x1F, 0xF3, 0xFF, 0x73, 0xEE, 0x7D, 0xCF, 0xB9, 0xF7, 0xFE, 0xFF, 0x8F, 0xC0, 0x08, 0x0E,
    0x1B, 0x7F, 0xF7, 0xF1, 0xFB, 0xFE, 0xDF, 0x1C, 0x06, 0x00, 0x77, 0xBC, 0xE0, 0x00, 0x00, 0x73,
    0x9C, 0xF3, 0x9C, 0xE0, 0x0F, 0xFC, 0x0F, 0xFF, 0xCF, 0xFF, 0xF9, 0xC0, 0x0E, 0x00, 0x00, 0x00,
    0x00, 0x00, 0x00, 0x00, 0x00, 0x00, 0x00, 0x00, 0x00, 0x00, 0x00, 0x00, 0x00, 0x00, 0x00, 0x00,
    0x00, 0x00, 0x00, 0x00, 0x00, 0x00, 0x00, 0x00, 0x00, 0x00, 0x18, 0x00, 0xEF, 0xFF, 0xF9, 0xFF,
    0xFC, 0x1F, 0xFC, 0x00, 0x08, 0x0E, 0x1B, 0x7F, 0xF7, 0xF1, 0xFB, 0xFE, 0xDF, 0x1C, 0x06, 0x02,
    0x01, 0x86, 0xDF, 0xFD, 0xFC, 0x7E, 0xFF, 0xB7, 0xC3, 0x01, 0x80, 0x00, 0x08, 0x00, 0x39, 0x80,
    0xE7, 0x83, 0x8F, 0x8E, 0x1E, 0x1C, 0x18, 0x70, 0x01, 0xC0, 0x03, 0x80, 0x0E, 0x00, 0x38, 0x70,
    0x71, 0xF1, 0xC3, 0xE7, 0x07, 0x8E, 0x02, 0x38, 0x00, 0x18, 0x01, 0xF8, 0x0F, 0xFF, 0xBF, 0xFF,
    0x03, 0xF8, 0x01, 0x80, 0x0F, 0xFC, 0x0F, 0xFF, 0xCF, 0xFF, 0xF9, 0xC0, 0x0E, 0x07, 0x03, 0xFC,
    0x3F, 0xE3, 0xFE, 0x7F, 0xF7, 0xFF, 0x7F, 0xF3, 0xFE, 0x3F, 0xE3, 0xFE, 0x07, 0x00, 0x61, 0x8C,
    0x37, 0x9C, 0xF3, 0xB8, 0xE7, 0x9D, 0xC7, 0x38, 0xEE, 0x39, 0xC7, 0x73, 0x8E, 0x3B, 0x9C, 0x71,
    0x80, 0x00, 0x00, 0x00, 0x00, 0xF8, 0x07, 0xF0, 0x18, 0xC0, 0x63, 0x01, 0x8C, 0x06, 0x30, 0x18,
    0xC0, 0x63, 0x01, 0xFC, 0x03, 0xE0, 0x00, 0x00, 0x00, 0x00, 0x00, 0x00, 0x00, 0x00, 0x00, 0x00,
    0x00, 0x00, 0x00, 0x00, 0x00, 0x00, 0x00, 0x00, 0x00, 0x00, 0x00, 0x00, 0x00, 0x00, 0x00, 0x00,
    0x00, 0x00, 0x03, 0x00, 0x0C, 0x00, 0x00, 0x01, 0xC0, 0x07, 0x00, 0x0C, 0x00, 0x30, 0x00, 0xC0,
    0x03, 0x00, 0x0C, 0x00, 0x78, 0x01, 0xE0, 0x00, 0x00, 0x00, 0x00, 0x00, 0x00, 0x00, 0x00, 0x00,
    0x00, 0x00, 0x00, 0x00, 0x00, 0x00, 0x00, 0x00, 0x00, 0x00, 0x00, 0x00, 0x00, 0x00, 0x00, 0x00,
    0x00, 0x00, 0x00, 0x00, 0x00, 0x00, 0x00, 0x0C, 0x00, 0x70, 0x03, 0xC0, 0x1F, 0x00, 0xEC, 0x07,
    0x30, 0x1F, 0xC0, 0x7F, 0x00, 0x0C, 0x00, 0x30, 0x00, 0x00, 0x00, 0x00, 0x00, 0x00, 0x00, 0x00,
    0x00, 0x00, 0x00, 0x00, 0x00, 0x00, 0x00, 0x00, 0x00, 0x00, 0x00, 0x00, 0x00, 0x00, 0x00, 0x00,
    0x00, 0x00, 0x00, 0x00, 0x00, 0x00, 0x00, 0x01, 0xF8, 0x07, 0xE0, 0x18, 0x00, 0x60, 0x01, 0xF8,
    0x07, 0xF0, 0x00, 0xC0, 0x03, 0x01, 0xFC, 0x03, 0xE0, 0x00, 0x00, 0x00, 0x00, 0x00, 0x00, 0x00,
    0x00, 0x00, 0x00, 0x00, 0x00, 0x00, 0x00, 0x00, 0x00, 0x00, 0x00, 0x00, 0x00, 0x00, 0x00, 0x00,
    0x00, 0x00, 0x00, 0x00, 0x00, 0x00, 0x00, 0x00, 0x00, 0x78, 0x03, 0xE0, 0x18, 0x00, 0x60, 0x01,
    0xF8, 0x07, 0xF0, 0x18, 0xC0, 0x63, 0x01, 0xFC, 0x03, 0xE0, 0x00, 0x00, 0x00, 0x00, 0x00, 0x00,
    0x00, 0x00, 0x00, 0x00, 0x00, 0x00, 0x00, 0x00, 0x00, 0x00, 0x00, 0x00, 0x00, 0x00, 0x00, 0x00,
    0x00, 0x00, 0x00, 0x00, 0x00, 0x00, 0x00, 0x00, 0x00, 0x01, 0xFC, 0x07, 0xF0, 0x00, 0xC0, 0x06,
    0x00, 0x18, 0x00, 0xC0, 0x03, 0x00, 0x18, 0x00, 0x60, 0x01, 0x80, 0x00, 0x00, 0x00, 0x00, 0x00,
    0x00, 0x00, 0x00, 0x00, 0x00, 0x00, 0x00, 0x00, 0x00, 0x00, 0x00, 0x00, 0x00, 0x00, 0x00, 0x00,
    0x00, 0x00, 0x00, 0x00, 0x00, 0x00, 0x00, 0x00, 0x00, 0x00, 0x00, 0xF8, 0x07, 0xF0, 0x18, 0xC0,
    0x63, 0x00, 0xF8, 0x07, 0xF0, 0x18, 0xC0, 0x63, 0x01, 0xFC, 0x03, 0xE0, 0x00, 0x00, 0x00, 0x00,
    0x00, 0x00, 0x00, 0x00, 0x00, 0x00, 0x00, 0x00, 0x00, 0x00, 0x00, 0x00, 0x00, 0x00, 0x00, 0x00,
    0x00, 0x00, 0x00, 0x00, 0x00, 0x00, 0x00, 0x00, 0x00, 0x00, 0x00, 0x00, 0xF8, 0x07, 0xF0, 0x18,
    0xC0, 0x63, 0x01, 0xFC, 0x03, 0xF0, 0x00, 0xC0, 0x03, 0x00, 0xF8, 0x03, 0xC0, 0x00, 0x00, 0x00,
    0x00, 0x00, 0x00, 0x00, 0x00, 0x00, 0x00, 0x00, 0x00, 0x00, 0x00, 0x00, 0x00, 0x00, 0x00, 0x00,
    0x00, 0x00, 0x00, 0x00, 0x00, 0x00, 0x00, 0x00, 0x00, 0x00, 0x00, 0x00, 0x00, 0x00, 0x00, 0xC0,
    0x03, 0x00, 0x0C, 0x01, 0xFE, 0x07, 0xF8, 0x03, 0x00, 0x0C, 0x00, 0x30, 0x00, 0x00, 0x00, 0x00,
    0x00, 0x00, 0x00, 0x00, 0x00, 0x00, 0x00, 0x00, 0x00, 0x00, 0x00, 0x00, 0x00, 0x00, 0x00, 0x00,
    0x00, 0x00, 0x00, 0x00, 0x00, 0x00, 0x00, 0x00, 0x00, 0x00, 0x00, 0x00, 0x00, 0x00, 0x00, 0x00,
    0x00, 0x00, 0x00, 0x00, 0x01, 0xFE, 0x07, 0xF8, 0x00, 0x00, 0x00, 0x00, 0x00, 0x00, 0x00, 0x00,
    0x00, 0x00, 0x00, 0x00, 0x00, 0x00, 0x00, 0x00, 0x00, 0x00, 0x00, 0x00, 0x00, 0x00, 0x00, 0x00,
    0x00, 0x00, 0x00, 0x00, 0x00, 0x00, 0x00, 0x00, 0x00, 0x00, 0x00, 0x00, 0x00, 0x00, 0x00, 0x00,
    0x00, 0x00, 0x1F, 0xE0, 0x7F, 0x80, 0x00, 0x00, 0x00, 0x1F, 0xE0, 0x7F, 0x80, 0x00, 0x00, 0x00,
    0x00, 0x00, 0x00, 0x00, 0x00, 0x00, 0x00, 0x00, 0x00, 0x00, 0x00, 0x00, 0x00, 0x00, 0x00, 0x00,
    0x00, 0x00, 0x00, 0x00, 0x00, 0x00, 0x00, 0x00, 0x00, 0x00, 0x00, 0x00, 0x00, 0x00, 0x00, 0x00,
    0x18, 0x00, 0xC0, 0x06, 0x00, 0x18, 0x00, 0x60, 0x01, 0x80, 0x06, 0x00, 0x18, 0x00, 0x30, 0x00,
    0x60, 0x00, 0x00, 0x00, 0x00, 0x00, 0x00, 0x00, 0x00, 0x00, 0x00, 0x00, 0x00, 0x00, 0x00, 0x00,
    0x00, 0x00, 0x00, 0x00, 0x00, 0x00, 0x00, 0x00, 0x00, 0x00, 0x00, 0x00, 0x00, 0x00, 0x00, 0x00,
    0x00, 0x60, 0x00, 0xC0, 0x01, 0x80, 0x06, 0x00, 0x18, 0x00, 0x60, 0x01, 0x80, 0x06, 0x00, 0x30,
    0x01, 0x80, 0x00, 0x00, 0x00, 0x00, 0x00, 0x00, 0x00, 0x00, 0x00, 0x00, 0x00, 0x00, 0x00, 0x00,
    0x00, 0x00, 0x00, 0x00, 0x00, 0x00, 0x00, 0x00, 0x00, 0x00, 0x00, 0x00, 0x00, 0x00, 0x00, 0x00,
    0x00, 0x00, 0x00, 0x07, 0xF0, 0x1F, 0xE0, 0x61, 0x81, 0x86, 0x06, 0x18, 0x18, 0x60, 0x61, 0x81,
    0x86, 0x06, 0x18, 0x00, 0x00, 0x00, 0x00, 0x00, 0x00, 0x00, 0x00, 0x00, 0x00, 0x00, 0x00, 0x00,
    0x00, 0x00, 0x00, 0x00, 0x00, 0x00, 0x00, 0x00, 0x00, 0x00, 0x00, 0x00, 0x00, 0x00, 0x00, 0x00,
    0x00, 0x00, 0x00, 0x00, 0x00, 0x00, 0x00, 0x00, 0x00, 0x00, 0x00, 0x00, 0x00, 0x00, 0x00, 0x00,
    0x00, 0x00, 0x00, 0x00, 0x00, 0x00, 0x00, 0x00, 0xF8, 0x07, 0xF0, 0x18, 0xC0, 0x63, 0x01, 0x8C,
    0x06, 0x30, 0x18, 0xC0, 0x63, 0x01, 0xFC, 0x03, 0xE0, 0x00, 0x00, 0x00, 0x00, 0x00, 0x00, 0x00,
    0x00, 0x00, 0x00, 0x00, 0x00, 0x00, 0x00, 0x00, 0x00, 0x00, 0x00, 0x00, 0x00, 0x00, 0x00, 0x00,
    0x00, 0x00, 0x00, 0x00, 0x00, 0x00, 0x00, 0x00, 0x00, 0x30, 0x01, 0xC0, 0x0F, 0x00, 0x0C, 0x00,
    0x30, 0x00, 0xC0, 0x03, 0x00, 0x0C, 0x00, 0xFC, 0x03, 0xF0, 0x00, 0x00, 0x00, 0x00, 0x00, 0x00,
    0x00, 0x00, 0x00, 0x00, 0x00, 0x00, 0x00, 0x00, 0x00, 0x00, 0x00, 0x00, 0x00, 0x00, 0x00, 0x00,
    0x00, 0x00, 0x00, 0x00, 0x00, 0x00, 0x00, 0x00, 0x00, 0x00, 0xF8, 0x07, 0xF0, 0x18, 0xC0, 0x03,
    0x00, 0x1C, 0x00, 0xE0, 0x07, 0x00, 0x38, 0x01, 0xFC, 0x07, 0xF0, 0x00, 0x00, 0x00, 0x00, 0x00,
    0x00, 0x00, 0x00, 0x00, 0x00, 0x00, 0x00, 0x00, 0x00, 0x00, 0x00, 0x00, 0x00, 0x00, 0x00, 0x00,
    0x00, 0x00, 0x00, 0x00, 0x00, 0x00, 0x00, 0x00, 0x00, 0x00, 0x00, 0xF8, 0x07, 0xF0, 0x00, 0xC0,
    0x03, 0x00, 0x78, 0x01, 0xF0, 0x00, 0xC0, 0x03, 0x01, 0xFC, 0x03, 0xE0, 0x00, 0x00, 0x00, 0x00,
    0x00, 0x00, 0x00, 0x00, 0x00, 0x00, 0x00, 0x00, 0x00, 0x00, 0x00, 0x00, 0x00, 0x00, 0x00, 0x00,
    0x00, 0x00, 0x00, 0x00, 0x00, 0x00, 0x00, 0x00, 0x00, 0x00, 0x00, 0x00, 0x0C, 0x00, 0x70, 0x03,
    0xC0, 0x1F, 0x00, 0xEC, 0x07, 0x30, 0x1F, 0xC0, 0x7F, 0x00, 0x0C, 0x00, 0x30, 0x00, 0x00, 0x00,
    0x00, 0x00, 0x00, 0x00, 0x00, 0x00, 0x00, 0x00, 0x00, 0x00, 0x00, 0x00, 0x00, 0x00, 0x00, 0x00,
    0x00, 0x00, 0x00, 0x00, 0x00, 0x00, 0x00, 0x00, 0x00, 0x00, 0x00, 0x00, 0x01, 0xF8, 0x07, 0xE0,
    0x18, 0x00, 0x60, 0x01, 0xF8, 0x07, 0xF0, 0x00, 0xC0, 0x03, 0x01, 0xFC, 0x03, 0xE0, 0x00, 0x00,
    0x00, 0x00, 0x00, 0x00, 0x00, 0x00, 0x00, 0x00, 0x00, 0x00, 0x00, 0x00, 0x00, 0x00, 0x00, 0x00,
    0x00, 0x00, 0x00, 0x00, 0x00, 0x00, 0x00, 0x00, 0x00, 0x00, 0x00, 0x00, 0x00, 0x00, 0x78, 0x03,
    0xE0, 0x18, 0x00, 0x60, 0x01, 0xF8, 0x07, 0xF0, 0x18, 0xC0, 0x63, 0x01, 0xFC, 0x03, 0xE0, 0x00,
    0x00, 0x00, 0x00, 0x00, 0x00, 0x00, 0x00, 0x00, 0x00, 0x00, 0x00, 0x00, 0x00, 0x00, 0x00, 0x00,
    0x00, 0x00, 0x00, 0x00, 0x00, 0x00, 0x00, 0x00, 0x00, 0x00, 0x00, 0x00, 0x00, 0x00, 0x01, 0xFC,
    0x07, 0xF0, 0x00, 0xC0, 0x06, 0x00, 0x18, 0x00, 0xC0, 0x03, 0x00, 0x18, 0x00, 0x60, 0x01, 0x80,
    0x00, 0x00, 0x00, 0x00, 0x00, 0x00, 0x00, 0x00, 0x00, 0x00, 0x00, 0x00, 0x00, 0x00, 0x00, 0x00,
    0x00, 0x00, 0x00, 0x00, 0x00, 0x00, 0x00, 0x00, 0x00, 0x00, 0x00, 0x00, 0x00, 0x00, 0x00, 0x00,
    0xF8, 0x07, 0xF0, 0x18, 0xC0, 0x63, 0x00, 0xF8, 0x07, 0xF0, 0x18, 0xC0, 0x63, 0x01, 0xFC, 0x03,
    0xE0, 0x00, 0x00, 0x00, 0x00, 0x00, 0x00, 0x00, 0x00, 0x00, 0x00, 0x00, 0x00, 0x00, 0x00, 0x00,
    0x00, 0x00, 0x00, 0x00, 0x00, 0x00, 0x00, 0x00, 0x00, 0x00, 0x00, 0x00, 0x00, 0x00, 0x00, 0x00,
    0x00, 0xF8, 0x07, 0xF0, 0x18, 0xC0, 0x63, 0x01, 0xFC, 0x03, 0xF0, 0x00, 0xC0, 0x03, 0x00, 0xF8,
    0x03, 0xC0, 0x00, 0x00, 0x00, 0x00, 0x00, 0x00, 0x00, 0x00, 0x00, 0x00, 0x00, 0x00, 0x00, 0x00,
    0x00, 0x00, 0x00, 0x00, 0x00, 0x00, 0x00, 0x00, 0x00, 0x00, 0x00, 0x00, 0x00, 0x00, 0x00, 0x00,
    0x00, 0x00, 0x00, 0x00, 0xC0, 0x03, 0x00, 0x0C, 0x01, 0xFE, 0x07, 0xF8, 0x03, 0x00, 0x0C, 0x00,
    0x30, 0x00, 0x00, 0x00, 0x00, 0x00, 0x00, 0x00, 0x00, 0x00, 0x00, 0x00, 0x00, 0x00, 0x00, 0x00,
    0x00, 0x00, 0x00, 0x00, 0x00, 0x00, 0x00, 0x00, 0x00, 0x00, 0x00, 0x00, 0x00, 0x00, 0x00, 0x00,
    0x00, 0x00, 0x00, 0x00, 0x00, 0x00, 0x00, 0x00, 0x00, 0x01, 0xFE, 0x07, 0xF8, 0x00, 0x00, 0x00,
    0x00, 0x00, 0x00, 0x00, 0x00, 0x00, 0x00, 0x00, 0x00, 0x00, 0x00, 0x00, 0x00, 0x00, 0x00, 0x00,
    0x00, 0x00, 0x00, 0x00, 0x00, 0x00, 0x00, 0x00, 0x00, 0x00, 0x00, 0x00, 0x00, 0x00, 0x00, 0x00,
    0x00, 0x00, 0x00, 0x00, 0x00, 0x00, 0x00, 0x1F, 0xE0, 0x7F, 0x80, 0x00, 0x00, 0x00, 0x1F, 0xE0,
    0x7F, 0x80, 0x00, 0x00, 0x00, 0x00, 0x00, 0x00, 0x00, 0x00, 0x00, 0x00, 0x00, 0x00, 0x00, 0x00,
    0x00, 0x00, 0x00, 0x00, 0x00, 0x00, 0x00, 0x00, 0x00, 0x00, 0x00, 0x00, 0x00, 0x00, 0x00, 0x00,
    0x00, 0x00, 0x00, 0x00, 0x00, 0x18, 0x00, 0xC0, 0x06, 0x00, 0x18, 0x00, 0x60, 0x01, 0x80, 0x06,
    0x00, 0x18, 0x00, 0x30, 0x00, 0x60, 0x00, 0x00, 0x00, 0x00, 0x00, 0x00, 0x00, 0x00, 0x00, 0x00,
    0x00, 0x00, 0x00, 0x00, 0x00, 0x00, 0x00, 0x00, 0x00, 0x00, 0x00, 0x00, 0x00, 0x00, 0x00, 0x00,
    0x00, 0x00, 0x00, 0x00, 0x00, 0x00, 0x60, 0x00, 0xC0, 0x01, 0x80, 0x06, 0x00, 0x18, 0x00, 0x60,
    0x01, 0x80, 0x06, 0x00, 0x30, 0x01, 0x80, 0x00, 0x00, 0x00, 0x00, 0x00, 0x00, 0x00, 0x00, 0x00,
    0x00, 0x00, 0x00, 0x00, 0x00, 0x00, 0x00, 0x00, 0x00, 0x00, 0x00, 0x00, 0x00, 0x00, 0x00, 0x00,
    0x00, 0x00, 0x00, 0x00, 0x00, 0x00, 0x00, 0x00, 0x03, 0xF0, 0x0F, 0xE0, 0x01, 0x80, 0xFE, 0x07,
    0xF8, 0x18, 0x60, 0x61, 0x81, 0xFE, 0x03, 0xF8, 0x00, 0x00, 0x00, 0x00, 0x00, 0x00, 0x00, 0x00,
    0x00, 0x00, 0x00, 0x00, 0x00, 0x00, 0x00, 0x00, 0x00, 0x00, 0x00, 0x00, 0x00, 0x00, 0x00, 0x00,
    0x00, 0x00, 0x00, 0x00, 0x00, 0x00, 0x00, 0x00, 0x00, 0x03, 0xF0, 0x1F, 0xE0, 0x61, 0x81, 0xFE,
    0x07, 0xF8, 0x18, 0x00, 0x60, 0x01, 0xFE, 0x03, 0xF0, 0x00, 0x00, 0x00, 0x00, 0x00, 0x00, 0x00,
    0x00, 0x00, 0x00, 0x00, 0x00, 0x00, 0x00, 0x00, 0x00, 0x00, 0x00, 0x00, 0x00, 0x00, 0x00, 0x00,
    0x00, 0x00, 0x00, 0x00, 0x00, 0x00, 0x00, 0x00, 0x00, 0x00, 0x03, 0xF0, 0x1F, 0xE0, 0x61, 0x81,
    0x86, 0x06, 0x18, 0x18, 0x60, 0x61, 0x81, 0xFE, 0x03, 0xF0, 0x00, 0x00, 0x00, 0x00, 0x00, 0x00,
    0x00, 0x00, 0x00, 0x00, 0x00, 0x00, 0x00, 0x00, 0x00, 0x00, 0x00, 0x00, 0x00, 0x00, 0x00, 0x00,
    0x00, 0x00, 0x00, 0x00, 0x00, 0x00, 0x00, 0x00, 0x00, 0x00, 0x00, 0x06, 0x18, 0x18, 0x60, 0x73,
    0x80, 0xFC, 0x01, 0xE0, 0x0F, 0xC0, 0x73, 0x81, 0x86, 0x06, 0x18, 0x00, 0x00, 0x00, 0x00, 0x00,
    0x00, 0x00, 0x00, 0x00, 0x00, 0x00, 0x00, 0x00, 0x00, 0x00, 0x00, 0x00, 0x00, 0x00, 0x00, 0x00,
    0x00, 0x00, 0x00, 0x00, 0x00, 0x00, 0x00, 0x00, 0x00, 0x00, 0x00, 0x00, 0x03, 0xF0, 0x1F, 0xE0,
    0x01, 0x80, 0x06, 0x07, 0xF8, 0x1F, 0xE0, 0x61, 0x81, 0xFE, 0x03, 0xF0, 0x00, 0x00, 0x00, 0x00,
    0x00, 0x00, 0x00, 0x00, 0x00, 0x00, 0x00, 0x00, 0x00, 0x00, 0x00, 0x00, 0x00, 0x00, 0x00, 0x00,
    0x00, 0x00, 0x00, 0x00, 0x00, 0x00, 0x06, 0x00, 0x18, 0x00, 0x60, 0x01, 0x80, 0x07, 0xF0, 0x1F,
    0xE0, 0x61, 0x81, 0x86, 0x06, 0x18, 0x18, 0x60, 0x61, 0x81, 0x86, 0x06, 0x18, 0x00, 0x00, 0x00,
    0x00, 0x00, 0x00, 0x00, 0x00, 0x00, 0x00, 0x00, 0x00, 0x00, 0x00, 0x00, 0x00, 0x00, 0x00, 0x00,
    0x00, 0x00, 0x00, 0x00, 0x00, 0x00, 0x00, 0x06, 0x00, 0x18, 0x00, 0x60, 0x01, 0x80, 0x06, 0x38,
    0x19, 0xC0, 0x6E, 0x01, 0xF0, 0x07, 0x80, 0x1F, 0x00, 0x6E, 0x01, 0x9C, 0x06, 0x38, 0x00, 0x00,
    0x00, 0x00, 0x00, 0x00, 0x00, 0x00, 0x00, 0x00, 0x00, 0x00, 0x00, 0x00, 0x00, 0x00, 0x00, 0x00,
    0x00, 0x00, 0x00, 0x00, 0x00, 0x00, 0x00, 0x00, 0x01, 0xC0, 0x07, 0x00, 0x0C, 0x00, 0x30, 0x00,
    0xC0, 0x03, 0x00, 0x0C, 0x00, 0x30, 0x00, 0xC0, 0x03, 0x00, 0x0C, 0x00, 0x78, 0x01, 0xE0, 0x00,
    0x00, 0x00, 0x00, 0x00, 0x00, 0x00, 0x00, 0x00, 0x00, 0x00, 0x00, 0x00, 0x00, 0x00, 0x00, 0x00,
    0x00, 0x00, 0x00, 0x00, 0x00, 0x00, 0x00, 0x00, 0x00, 0x00, 0x00, 0x00, 0x00, 0x00, 0x00, 0x00,
    0x0F, 0xF8, 0x3F, 0xF0, 0xCC, 0xC3, 0x33, 0x0C, 0xCC, 0x33, 0x30, 0xCC, 0xC3, 0x33, 0x0C, 0xCC,
    0x00, 0x00, 0x00, 0x00, 0x00, 0x00, 0x00, 0xDC, 0xFE, 0xFF, 0xEF, 0xEF, 0xEF, 0xEF, 0x00, 0x00,
    0x00, 0x00, 0x00, 0x00, 0x00, 0x00, 0x00, 0x00, 0x00, 0x00, 0x00, 0x00, 0x00, 0x00, 0x00, 0x00,
    0x00, 0x00, 0x00, 0x00, 0x00, 0x00, 0x00, 0x00, 0x07, 0xF0, 0x1F, 0xE0, 0x61, 0x81, 0x86, 0x06,
    0x18, 0x18, 0x60, 0x61, 0x81, 0xFE, 0x07, 0xF0, 0x18, 0x00, 0x60, 0x01, 0x80, 0x00, 0x00, 0x3C,
    0x7E, 0x76, 0x7E, 0x3F, 0x7F, 0x7E, 0x00, 0x73, 0xEF, 0xBE, 0x71, 0xC7, 0x9E, 0x00, 0x0F, 0x80,
    0x7F, 0x81, 0xFF, 0x83, 0xCF, 0x07, 0x0E, 0x0E, 0x7F, 0xDC, 0xFF, 0xB9, 0xFF, 0x7B, 0x80, 0xFF,
    0xF8, 0xFF, 0xF0, 0xFF, 0xE0, 0x38, 0x00, 0x7F, 0xC0, 0xFF, 0x81, 0xFF, 0x00, 0x00, 0x00, 0x00,
    0x01, 0xB0, 0x0F, 0x60, 0x7F, 0x81, 0xFF, 0x87, 0xFF, 0x9F, 0x6F, 0xBC, 0xBF, 0x7B, 0x60, 0xE6,
    0x81, 0xCB, 0x03, 0xB6, 0x07, 0xE9, 0xCF, 0xF3, 0xDF, 0x6F, 0x1F, 0xFE, 0x1F, 0xF8, 0x1F, 0xE0,
    0x6E, 0x00, 0xD0, 0x00, 0x03, 0xC0, 0x1F, 0xE0, 0x7F, 0xE1, 0xFF, 0xE7, 0xC3, 0xCF, 0x03, 0x9E,
    0x00, 0x39, 0xFC, 0x73, 0xF8, 0xE7, 0xF1, 0xEF, 0x03, 0xDC, 0xE7, 0xFB, 0xC7, 0xFF, 0x87, 0xFE,
    0x07, 0xF8, 0x01, 0x80, 0x1F, 0xF9, 0xFF, 0xCF, 0xFE, 0x7F, 0xF3, 0xC0, 0x1E, 0x00, 0xF0, 0x07,
    0xFF, 0x3F, 0xF9, 0xFF, 0xCF, 0x00, 0x78, 0x07, 0xF0, 0x7F, 0x80, 0xF0, 0x07, 0x80, 0x03, 0x80,
    0x7F, 0x07, 0xFC, 0x7F, 0xE3, 0xC7, 0x9E, 0x31, 0xFF, 0x0F, 0xF8, 0x3C, 0x03, 0xFE, 0x1F, 0xF0,
    0x78, 0x03, 0xC7, 0xBF, 0xFD, 0xFF, 0xCF, 0xFE, 0x00, 0x00, 0x00, 0x38, 0x39, 0xFF, 0x1F, 0xFF,
    0xEF, 0xFF, 0xF7, 0x9F, 0x7B, 0xCF, 0x1F, 0xE7, 0x8F, 0xF3, 0xC7, 0xFB, 0xE3, 0xFD, 0xF1, 0xFE,
    0xF8, 0xFF, 0xFC, 0x7F, 0xFE, 0x3C, 0x70, 0x00, 0x38, 0x00, 0x38, 0x0C, 0x7C, 0x1E, 0x7C, 0x1E,
    0x7E, 0x1E, 0x7F, 0x1E, 0x7F, 0x1E, 0xFF, 0xFF, 0xFF, 0xFF, 0x7B, 0xDE, 0xFF, 0xFF, 0xFF, 0xFF,
    0x78, 0xFE, 0x78, 0x7E, 0x78, 0x7E, 0x78, 0x3E, 0x78, 0x3E, 0x00, 0x00, 0x00, 0x00, 0x00, 0x00,
    0x00, 0xFE, 0x03, 0xFC, 0x0C, 0x38, 0x30, 0x60, 0xC1, 0x83, 0x06, 0x0C, 0x18, 0x30, 0xE0, 0xFF,
    0x63, 0xF9, 0x8C, 0x1F, 0xB0, 0x7E, 0xC0, 0x63, 0x01, 0x8C, 0x06, 0x30, 0x18, 0xC0, 0x7B, 0x00,
    0xE0, 0x00, 0x00, 0x00, 0x00, 0x00, 0x00, 0x00, 0x00, 0x00, 0x00, 0x7E, 0x00, 0x01, 0xFF, 0x80,
    0x03, 0xFF, 0x80, 0x07, 0xFF, 0x80, 0x0F, 0x0F, 0x0F, 0x1E, 0x1E, 0x7F, 0x3C, 0x3D, 0xFF, 0x78,
    0xFB, 0x8E, 0xFF, 0xEF, 0x81, 0xFF, 0xCF, 0xF3, 0xFF, 0x1F, 0xF7, 0x9E, 0x0F, 0xFF, 0x1E, 0x71,
    0xFE, 0x3D, 0xF7, 0xFC, 0x3D, 0xFF, 0x78, 0x79, 0xFC, 0x00, 0x00, 0xE0, 0x60, 0x30, 0x3B, 0x83,
    0xC3, 0xDC, 0x1E, 0x1E, 0xF1, 0xF0, 0xE7, 0x8F, 0xC7, 0x7F, 0xFF, 0xFF, 0xFF, 0xFF, 0xE7, 0xBF,
    0x9C, 0xFF, 0xFF, 0xFF, 0xFF, 0xFF, 0xC7, 0xF3, 0xF8, 0x3F, 0x9F, 0x81, 0xF8, 0xFC, 0x07, 0xC3,
    0xE0, 0x3E, 0x1F, 0x01, 0xE0, 0xF0, 0x00, 0x00, 0x00, 0x00, 0x00, 0x00, 0x00, 0xFE, 0x1B, 0xFC,
    0x6C, 0x39, 0xB0, 0x66, 0xC1, 0x9B, 0x36, 0x6C, 0xD9, 0xB3, 0x66, 0xCD, 0x9B, 0x36, 0x6C, 0xD9,
    0xB3, 0x66, 0xCD, 0x9B, 0x30, 0x6C, 0xC1, 0xB3, 0x0E, 0xCF, 0xF3, 0x3F, 0x80, 0x00, 0x00, 0x00,
    0x00, 0x00, 0x00, 0x00, 0x00, 0x00, 0x00, 0x00, 0x60, 0x1F, 0xE0, 0x7F, 0x81, 0xFE, 0x0E, 0xF0,
    0xFF, 0xC7, 0xFF, 0x1F, 0x7C, 0x78, 0xF3, 0xC3, 0xCF, 0x0F, 0x3C, 0x3C, 0x78, 0xF1, 0xFF, 0xC3,
    0xFF, 0x0F, 0xFC, 0x04, 0x00, 0x00, 0x07, 0xFF, 0x1F, 0xFC, 0x7F, 0xF0, 0x00, 0x00, 0x00, 0x00,
    0x00, 0x00, 0x00, 0x0F, 0xC0, 0x7F, 0x83, 0x87, 0x1C, 0x00, 0x60, 0x01, 0x80, 0x0F, 0xF8, 0x3F,
    0xE0, 0x60, 0x01, 0x80, 0x0F, 0xF8, 0x3F, 0xE0, 0x60, 0x01, 0x80, 0x07, 0x00, 0x0E, 0x1C, 0x1F,
    0xE0, 0x3F, 0x00, 0x00, 0x00, 0x00, 0x00, 0x00, 0x00, 0x00, 0x00, 0x00, 0x00, 0x1C, 0x0F, 0x1E,
    0x0F, 0x8F, 0x0F, 0x87, 0x8F, 0x83, 0xCF, 0x81, 0xEF, 0x83, 0xFF, 0xF9, 0xFF, 0xFC, 0xFF, 0xFE,
    0x3F, 0xFF, 0x0F, 0xFC, 0x07, 0xDF, 0x03, 0xC7, 0xC1, 0xE1, 0xE0, 0xF0, 0x78, 0x78, 0x3E, 0x00,
    0x00, 0x00, 0x00, 0x00, 0x00, 0x00, 0x7F, 0xF9, 0xFF, 0xE0, 0x30, 0x00, 0xC0, 0x03, 0x00, 0x0C,
    0x00, 0x3F, 0x00, 0xF0, 0x0F, 0x00, 0xFF, 0xC0, 0x3C, 0x03, 0xC0, 0x3F, 0x00, 0x0C, 0x00, 0x30,
    0x00, 0xC0, 0x03, 0x00, 0x0C, 0x00, 0x00, 0x00, 0x00, 0x00, 0x00, 0x00, 0x00, 0x00, 0x00, 0x00,
    0x00, 0x00, 0x00, 0x00, 0x1E, 0x00, 0x00, 0x00, 0x7E, 0x00, 0x00, 0x0F, 0xFF, 0x00, 0x00, 0x3F,
    0xFE, 0x00, 0x00, 0xFE, 0x7C, 0x00, 0x00, 0x78, 0x78, 0x3C, 0x01, 0xE1, 0xE3, 0xFC, 0x07, 0x83,
    0x9F, 0xF8, 0x1E, 0x0F, 0x7B, 0xE0, 0x78, 0x3F, 0xC3, 0xC1, 0xE0, 0xFF, 0x0F, 0x3F, 0x83, 0xBC,
    0x3D, 0xFE, 0x1E, 0xF0, 0xFF, 0x78, 0x7B, 0xC7, 0xFD, 0xFF, 0xCF, 0xFE, 0x7F, 0xFF, 0x3F, 0xF9,
    0xFB, 0xF8, 0xFF, 0xC1, 0x83, 0x03, 0xC8, 0x00, 0x00, 0x0F, 0x00, 0x00, 0x00, 0x3C, 0x00, 0x00,
    0x00, 0xF0, 0x00, 0x00, 0x03, 0x80, 0x00, 0x3F, 0x00, 0x7F, 0xC0, 0xFF, 0xC1, 0xFF, 0xC7, 0xFF,
    0xDF, 0xFF, 0xCF, 0x1E, 0x7F, 0xFF, 0xFF, 0xFE, 0x79, 0xF0, 0xFF, 0xC1, 0xFF, 0x83, 0xFC, 0x07,
    0x80, 0x0F, 0x00, 0x1E, 0x00, 0x01, 0x80, 0x03, 0x00, 0x0F, 0x00, 0x7F, 0x81, 0xFF, 0x87, 0xFF,
    0x9F, 0x6F, 0xBC, 0xCF, 0x79, 0x80, 0xE3, 0x01, 0xC7, 0xFB, 0x8F, 0xF7, 0x9F, 0xEF, 0x33, 0xDF,
    0x6F, 0x1F, 0xFE, 0x1F, 0xF8, 0x1F, 0xE0, 0x06, 0x00, 0x0C, 0x00, 0x00, 0x00, 0x03, 0x80, 0x0F,
    0x80, 0x1F, 0x80, 0x7F, 0x00, 0xFE, 0x01, 0xDE, 0x07, 0xBC, 0x3F, 0xFF, 0xFF, 0xFE, 0xFF, 0xFC,
    0xF1, 0xF7, 0xFF, 0xFF, 0xFF, 0xEF, 0x07, 0x9E, 0x07, 0xF8, 0x0F, 0x07, 0x80, 0xFF, 0x0F, 0xFC,
    0x7F, 0xE3, 0x8F, 0x3F, 0xFF, 0xFF, 0xFF, 0xFF, 0x00, 0x07, 0xFF, 0xFF, 0xFE, 0xF0, 0x07, 0x8F,
    0x3F, 0xF8, 0xFF, 0xC3, 0xFC, 0x07, 0x00, 0x01, 0x80, 0x03, 0x00, 0x0F, 0x00, 0x7F, 0x81, 0xFF,
    0x87, 0xFF, 0x9F, 0x6F, 0xBC, 0xCF, 0x79, 0x80, 0xE3, 0x01, 0xC6, 0x03, 0x8C, 0x07, 0x99, 0xCF,
    0x33, 0xDF, 0x6F, 0x1F, 0xFE, 0x1F, 0xF8, 0x1F, 0xE0, 0x06, 0x00, 0x0C, 0x00, 0x00, 0x00, 0x7F,
    0xFB, 0xFF, 0xEF, 0xFF, 0x9F, 0xFE, 0xFF, 0xFB, 0xFF, 0xEF, 0xFF, 0x81, 0xE0, 0x07, 0x80, 0x1E,
    0x00, 0x78, 0x01, 0xE0, 0x07, 0x80, 0x1E, 0x00, 0x78, 0x01, 0xE0, 0x3F, 0xE7, 0xFE, 0x7F, 0xE7,
    0xF8, 0x7F, 0xE7, 0xFE, 0xFF, 0xE0, 0x78, 0x7F, 0x87, 0xF0, 0x7C, 0x03, 0xC0, 0x1E, 0x01, 0xF0,
    0x0F, 0x80, 0x7C, 0x38, 0x07, 0x80, 0x7F, 0x07, 0xF0, 0xFE, 0x0F, 0xA0, 0xFF, 0x0F, 0xF0, 0xF8,
    0x0F, 0x8F, 0x78, 0xF7, 0x9E, 0x79, 0xE7, 0xFC, 0x7F, 0xC7, 0xF8, 0x3C, 0x00, 0x07, 0x80, 0x1E,
    0x00, 0x78, 0x03, 0xF0, 0x3F, 0xF1, 0xFF, 0xC7, 0xFF, 0xBD, 0xEE, 0xF7, 0xBF, 0xDE, 0xFF, 0x7B,
    0xFD, 0xEF, 0x1F, 0xC0, 0x3F, 0xF0, 0x7F, 0xF0, 0xFF, 0xE1, 0xE1, 0xE3, 0xC3, 0xC7, 0x87, 0x8F,
    0x1F, 0x7F, 0xFC, 0xFF, 0xF1, 0xFF, 0x83, 0xFE, 0x07, 0xFC, 0x0F, 0xF8, 0x07, 0x80, 0x0F, 0x00,
    0x04, 0x80, 0x3F, 0x00, 0xFC, 0x0F, 0xF8, 0x7F, 0xF1, 0xFF, 0xEF, 0xFF, 0xBF, 0xFF, 0xFF, 0xFF,
    0xC0, 0x0F, 0x00, 0x3C, 0x00, 0x78, 0x03, 0xFF, 0xFF, 0xFF, 0xFF, 0xFF, 0x00, 0x01, 0xB0, 0x7F,
    0x0F, 0xFC, 0xFF, 0xEF, 0xFF, 0xF0, 0xFF, 0x0F, 0xF1, 0xEF, 0xFC, 0xFF, 0xEF, 0xFF, 0xF0, 0xFF,
    0x0F, 0xF0, 0xFF, 0xFF, 0xFF, 0xEF, 0xFC, 0x1B, 0x01, 0xB0, 0x00, 0x00, 0x00, 0x00, 0x00, 0x00,
    0x00, 0x00, 0x00, 0x00, 0x00, 0x00, 0x00, 0x00, 0x04, 0x00, 0x30, 0x01, 0xC0, 0x0E, 0x00, 0x70,
    0x03, 0xFF, 0xEF, 0xFF, 0x9C, 0x00, 0x38, 0x00, 0x70, 0x00, 0xC0, 0x01, 0x00, 0x00, 0x00, 0x00,
    0x00, 0x00, 0x00, 0x00, 0x00, 0x00, 0x00, 0x00, 0x00, 0x00, 0x00, 0x00, 0x00, 0x00, 0x00, 0x00,
    0x00, 0x00, 0x03, 0x00, 0x1E, 0x00, 0xFC, 0x07, 0xF8, 0x3B, 0x71, 0xCC, 0xE0, 0x30, 0x00, 0xC0,
    0x03, 0x00, 0x0C, 0x00, 0x30, 0x00, 0xC0, 0x03, 0x00, 0x0C, 0x00, 0x30, 0x00, 0xC0, 0x03, 0x00,
    0x0C, 0x00, 0x00, 0x00, 0x00, 0x00, 0x00, 0x00, 0x00, 0x00, 0x00, 0x00, 0x00, 0x00, 0x00, 0x00,
    0x00, 0x00, 0x00, 0x00, 0x00, 0x00, 0x00, 0x00, 0x00, 0x00, 0x01, 0x00, 0x06, 0x00, 0x1C, 0x00,
    0x38, 0x00, 0x73, 0xFF, 0xEF, 0xFF, 0x80, 0x1C, 0x00, 0xE0, 0x07, 0x00, 0x18, 0x00, 0x40, 0x00,
    0x00, 0x00, 0x00, 0x00, 0x00, 0x00, 0x00, 0x00, 0x00, 0x00, 0x00, 0x00, 0x00, 0x00, 0x00, 0x00,
    0x00, 0x00, 0x00, 0x00, 0x03, 0x00, 0x0C, 0x00, 0x30, 0x00, 0xC0, 0x03, 0x00, 0x0C, 0x00, 0x30,
    0x00, 0xC0, 0x03, 0x00, 0x0C, 0x00, 0x30, 0x00, 0xC0, 0x73, 0x38, 0xED, 0xC1, 0xFE, 0x03, 0xF0,
    0x07, 0x80, 0x0C, 0x00, 0x00, 0x00, 0x00, 0x00, 0x00, 0x00, 0x00, 0x00, 0x00, 0x00, 0x00, 0x00,
    0x00, 0x00, 0x00, 0x00, 0x00, 0x00, 0x00, 0x00, 0x00, 0x00, 0x00, 0x00, 0x04, 0x80, 0x33, 0x01,
    0xCE, 0x0E, 0x1C, 0x70, 0x3B, 0xFF, 0xFF, 0xFF, 0xDC, 0x0E, 0x38, 0x70, 0x73, 0x80, 0xCC, 0x01,
    0x20, 0x00, 0x00, 0x00, 0x00, 0x00, 0x00, 0x00, 0x00, 0x00, 0x00, 0x00, 0x00, 0x00, 0x00, 0x00,
    0x00, 0x00, 0x00, 0x00, 0x00, 0x00, 0x03, 0x00, 0x1E, 0x00, 0xFC, 0x07, 0xF8, 0x3B, 0x71, 0xCC,
    0xE0, 0x30, 0x00, 0xC0, 0x03, 0x00, 0x0C, 0x00, 0x30, 0x00, 0xC0, 0x73, 0x38, 0xED, 0xC1, 0xFE,
    0x03, 0xF0, 0x07, 0x80, 0x0C, 0x00, 0x00, 0x00, 0x00, 0x00, 0x00, 0x00, 0x00, 0x00, 0x00, 0x00,
    0xFF, 0xEF, 0xFE, 0xFF, 0xEF, 0xFE, 0xFC, 0x0F, 0xE0, 0xEF, 0x0E, 0x78, 0xE3, 0xCE, 0x1E, 0xE0,
    0xF4, 0x06, 0x00, 0x00, 0x7F, 0xF7, 0xFF, 0x7F, 0xF7, 0xFF, 0x03, 0xF0, 0x7F, 0x0F, 0x71, 0xE7,
    0x3C, 0x77, 0x87, 0xF0, 0x76, 0x02, 0x00, 0x00, 0x00, 0x06, 0x07, 0xF0, 0x77, 0x87, 0x3C, 0x71,
    0xE7, 0x0F, 0x70, 0x7F, 0x03, 0xF7, 0xFF, 0x7F, 0xF7, 0xFF, 0x00, 0x0E, 0x06, 0xE0, 0xFE, 0x1E,
    0xE3, 0xCE, 0x78, 0xEF, 0x0F, 0xE0, 0xFC, 0x0F, 0xFE, 0xFF, 0xEF, 0xFE, 0x00, 0x00, 0x00, 0x00,
    0x00, 0x00, 0x00, 0x00, 0x00, 0x00, 0x00, 0x00, 0x00, 0x00, 0x04, 0x18, 0x30, 0x61, 0xC1, 0x8E,
    0x06, 0x70, 0x1B, 0xFF, 0xEF, 0xFF, 0x9C, 0x06, 0x38, 0x18, 0x70, 0x60, 0xC1, 0x81, 0x06, 0x00,
    0x00, 0x00, 0x00, 0x00, 0x00, 0x00, 0x00, 0x00, 0x00, 0x00, 0x00, 0x00, 0x00, 0x00, 0x00, 0x00,
    0x00, 0x00, 0x00, 0x00, 0x00, 0x00, 0x00, 0x00, 0x00, 0x00, 0x00, 0xC1, 0x03, 0x06, 0x0C, 0x1C,
    0x30, 0x38, 0xC0, 0x73, 0xFF, 0xEF, 0xFF, 0xB0, 0x1C, 0xC0, 0xE3, 0x07, 0x0C, 0x18, 0x30, 0x40,
    0x00, 0x00, 0x00, 0x00, 0x00, 0x00, 0x00, 0x00, 0x00, 0x00, 0x00, 0x00, 0x00, 0x00, 0x00, 0x00,
    0x00, 0x00, 0x00, 0x00, 0x00, 0x03, 0x00, 0x1E, 0x00, 0xFC, 0x07, 0xF8, 0x3B, 0x71, 0xCC, 0xE0,
    0x30, 0x00, 0xC0, 0x03, 0x00, 0x0C, 0x00, 0x30, 0x1C, 0xCE, 0x3B, 0x70, 0x7F, 0x80, 0xFC, 0x01,
    0xE0, 0x7F, 0xF9, 0xFF, 0xE0, 0x00, 0x00, 0x00, 0x00, 0x00, 0x00, 0x00, 0x00, 0x00, 0x00, 0x00,
    0x03, 0x80, 0x00, 0x1F, 0x00, 0xC0, 0xFC, 0x0F, 0x01, 0xE0, 0xF8, 0x07, 0x0F, 0x80, 0x3C, 0xF8,
    0x01, 0xCF, 0x80, 0x1E, 0xFF, 0xFF, 0xF7, 0xFF, 0xFF, 0x1F, 0xFF, 0xE0, 0x78, 0x00, 0x01, 0xE0,
    0x00, 0x07, 0x80, 0x00, 0x1E, 0x00, 0x00, 0x70, 0x00, 0x01, 0x00, 0x00, 0x0E, 0x00, 0x00, 0xF8,
    0x00, 0x07, 0xE0, 0x60, 0x1E, 0x03, 0xC0, 0x70, 0x0F, 0x83, 0xC0, 0x1F, 0x07, 0x00, 0x3E, 0x1E,
    0x00, 0x7C, 0x7F, 0xFF, 0xF8, 0xFF, 0xFF, 0xE0, 0xFF, 0xFF, 0x00, 0x00, 0x78, 0x00, 0x03, 0xC0,
    0x00, 0x1E, 0x00, 0x00, 0xF0, 0x00, 0x03, 0x80, 0x00, 0x04, 0x00, 0x08, 0x00, 0x0C, 0x00, 0x0E,
    0x00, 0x0F, 0x00, 0x0F, 0xFF, 0xFF, 0xFF, 0xFD, 0xFF, 0xFE, 0x70, 0x07, 0x18, 0x03, 0x84, 0x01,
    0xC0, 0x00, 0xE0, 0x00, 0x70, 0x00, 0x38, 0x00, 0x1C, 0x00, 0x0E, 0x00, 0x07, 0x00, 0x08, 0x00,
    0x06, 0x00, 0x03, 0x80, 0x01, 0xEF, 0xFF, 0xFF, 0xFF, 0xFF, 0xFF, 0xFD, 0xC0, 0x1C, 0xE0, 0x0C,
    0x70, 0x04, 0x38, 0x00, 0x1C, 0x00, 0x0E, 0x00, 0x07, 0x00, 0x03, 0x80, 0x01, 0xC0, 0x00, 0x00,
    0x00, 0x00, 0x00, 0x00, 0x00, 0x00, 0x00, 0x18, 0x00, 0x60, 0x01, 0x80, 0x06, 0x00, 0x18, 0x00,
    0x60, 0x41, 0x83, 0x06, 0x1C, 0x18, 0xE0, 0x67, 0x01, 0xBF, 0xFE, 0xFF, 0xF9, 0xC0, 0x03, 0x80,
    0x07, 0x00, 0x0C, 0x00, 0x10, 0x00, 0x00, 0x00, 0x00, 0x00, 0x00, 0x00, 0x00, 0x00, 0x00, 0x00,
    0x00, 0x00, 0x00, 0x00, 0x00, 0x00, 0x00, 0xC0, 0x03, 0x00, 0x0C, 0x00, 0x30, 0x00, 0xC0, 0x03,
    0x00, 0x0C, 0x10, 0x30, 0x60, 0xC1, 0xC3, 0x03, 0x8C, 0x07, 0x3F, 0xFE, 0xFF, 0xF8, 0x01, 0xC0,
    0x0E, 0x00, 0x70, 0x01, 0x80, 0x04, 0x00, 0x00, 0x00, 0x00, 0x00, 0x00, 0x00, 0x00, 0x00, 0x00,
    0x00, 0xFF, 0xE1, 0xFF, 0xC3, 0xFF, 0x87, 0xFF, 0x00, 0x0E, 0x00, 0x1C, 0x00, 0x38, 0x00, 0x70,
    0x00, 0xE0, 0x01, 0xC0, 0x03, 0x80, 0x3F, 0xF0, 0x7F, 0xC0, 0x7F, 0x00, 0x7C, 0x00, 0x70, 0x00,
    0x00, 0x00, 0x00, 0x00, 0x00, 0x00, 0x00, 0x00, 0x00, 0x00, 0x00, 0x00, 0x00, 0x00, 0x06, 0x00,
    0x18, 0x00, 0x60, 0x41, 0x83, 0x06, 0x1C, 0x18, 0xE0, 0x67, 0x01, 0xBF, 0xFE, 0xFF, 0xF9, 0xC0,
    0x03, 0x80, 0x07, 0x00, 0x0C, 0x00, 0x10, 0x00, 0x00, 0x00, 0x00, 0x00, 0x00, 0x00, 0x00, 0x00,
    0x00, 0x00, 0x01, 0x80, 0x03, 0x80, 0x07, 0x80, 0x0F, 0x80, 0x1F, 0xF0, 0x1F, 0xF8, 0x0F, 0xFC,
    0x07, 0x9E, 0x03, 0x8E, 0x01, 0x8F, 0x00, 0x07, 0xE0, 0x07, 0xE0, 0x07, 0xF0, 0x0F, 0x70, 0x0E,
    0x78, 0x3E, 0x3F, 0xFC, 0x1F, 0xF8, 0x0F, 0xE0, 0x00, 0x00, 0x00, 0x00, 0x00, 0x00, 0x00, 0x00,
    0x00, 0x00, 0x00, 0x00, 0x1F, 0x80, 0x7E, 0x00, 0x78, 0x03, 0xE3, 0x1D, 0x8E, 0x66, 0x19, 0x80,
    0x66, 0x01, 0x98, 0x06, 0x70, 0x38, 0xE1, 0xC1, 0xFE, 0x03, 0xF0, 0x00, 0x00, 0x00, 0x00, 0x00,
    0x00, 0x00, 0x00, 0x00, 0x00, 0x00, 0x00, 0x00, 0x00, 0x00, 0x00, 0x00, 0x00, 0x00, 0x00, 0x00,
    0x00, 0x00, 0x00, 0x00, 0x00, 0x02, 0x00, 0x18, 0x00, 0xE0, 0x07, 0x00, 0x3F, 0xFE, 0xFF, 0xF8,
    0x00, 0x00, 0x00, 0x3F, 0xFE, 0xFF, 0xF8, 0x01, 0xC0, 0x0E, 0x00, 0x30, 0x00, 0x80, 0x00, 0x00,
    0x00, 0x00, 0x00, 0x00, 0x00, 0x00, 0x00, 0x00, 0x00, 0x00, 0x00, 0x00, 0x00, 0x00, 0x00, 0x00,
    0x00, 0x00, 0x00, 0x00, 0x00, 0x00, 0x00, 0x20, 0x00, 0xC0, 0x03, 0x80, 0x07, 0x3F, 0xFE, 0xFF,
    0xF8, 0x00, 0x00, 0x00, 0x3F, 0xFE, 0xFF, 0xF9, 0xC0, 0x03, 0x80, 0x06, 0x00, 0x08, 0x00, 0x00,
    0x00, 0x00, 0x00, 0x00, 0x00, 0x00, 0x00, 0x00, 0x00, 0x00, 0x00, 0x00, 0x00, 0x00, 0x00, 0x00,
    0x00, 0x00, 0x00, 0x00, 0x00, 0x00, 0x00, 0x00, 0x00, 0x04, 0x00, 0x30, 0x01, 0xC0, 0x0F, 0xFE,
    0x7F, 0xFB, 0xC0, 0x0F, 0x00, 0x1F, 0xFE, 0x3F, 0xF8, 0x70, 0x00, 0xC0, 0x01, 0x00, 0x00, 0x00,
    0x00, 0x00, 0x00, 0x00, 0x00, 0x00, 0x00, 0x00, 0x00, 0x00, 0x00, 0x00, 0x00, 0x00, 0x00, 0x00,
    0x00, 0x00, 0x00, 0x03, 0x00, 0x1E, 0x00, 0xFC, 0x07, 0xF8, 0x3C, 0xF1, 0xF3, 0xE0, 0xCC, 0x03,
    0x30, 0x0C, 0xC0, 0x33, 0x00, 0xCC, 0x03, 0x30, 0x0C, 0xC0, 0x33, 0x00, 0xCC, 0x03, 0x30, 0x0C,
    0xC0, 0x33, 0x00, 0x00, 0x00, 0x00, 0x00, 0x00, 0x00, 0x00, 0x00, 0x00, 0x00, 0x00, 0x00, 0x00,
    0x00, 0x00, 0x00, 0x00, 0x00, 0x00, 0x00, 0x00, 0x00, 0x00, 0x00, 0x01, 0x00, 0x06, 0x00, 0x1C,
    0x3F, 0xF8, 0xFF, 0xF0, 0x01, 0xE0, 0x07, 0xBF, 0xFC, 0xFF, 0xE0, 0x07, 0x00, 0x18, 0x00, 0x40,
    0x00, 0x00, 0x00, 0x00, 0x00, 0x00, 0x00, 0x00, 0x00, 0x00, 0x00, 0x00, 0x00, 0x00, 0x00, 0x00,
    0x00, 0x00, 0x00, 0x00, 0x00, 0x0C, 0xC0, 0x33, 0x00, 0xCC, 0x03, 0x30, 0x0C, 0xC0, 0x33, 0x00,
    0xCC, 0x03, 0x30, 0x0C, 0xC0, 0x33, 0x00, 0xCC, 0x03, 0x30, 0x7C, 0xF8, 0xF3, 0xC1, 0xFE, 0x03,
    0xF0, 0x07, 0x80, 0x0C, 0x00, 0x00, 0x00, 0x00, 0x00, 0x00, 0x00, 0x00, 0x00, 0x00, 0x00, 0x00,
    0x00, 0x00, 0x00, 0x00, 0x00, 0x00, 0x00, 0x00, 0x00, 0x00, 0x00, 0x00, 0x00, 0x04, 0x80, 0x33,
    0x01, 0xCE, 0x0F, 0xFC, 0x7F, 0xFB, 0xC0, 0xFF, 0x03, 0xDF, 0xFE, 0x3F, 0xF0, 0x73, 0x80, 0xCC,
    0x01, 0x20, 0x00, 0x00, 0x00, 0x00, 0x00, 0x00, 0x00, 0x00, 0x00, 0x00, 0x00, 0x00, 0x00, 0x00,
    0x00, 0x00, 0x00, 0x00, 0x00, 0x00, 0x00, 0x03, 0x00, 0x1E, 0x00, 0xFC, 0x07, 0xF8, 0x3C, 0xF1,
    0xF3, 0xE0, 0xCC, 0x03, 0x30, 0x0C, 0xC0, 0x33, 0x00, 0xCC, 0x03, 0x30, 0x7C, 0xF8, 0xF3, 0xC1,
    0xFE, 0x03, 0xF0, 0x07, 0x80, 0x0C, 0x00, 0x00, 0x00, 0x00, 0x00, 0x00, 0x00, 0x00, 0x00, 0x00,
    0x00, 0x04, 0x01, 0xC0, 0x7C, 0x1F, 0xC7, 0xFC, 0xFF, 0x83, 0x81, 0xFC, 0x3F, 0x87, 0xF0, 0xFE,
    0x1F, 0xC3, 0xF8, 0x1C, 0x03, 0x80, 0x70, 0x0E, 0x01, 0xC0, 0x38, 0x1F, 0xC3, 0xF8, 0x7F, 0x03,
    0x81, 0xFC, 0x3F, 0x87, 0xF0, 0x38, 0x3F, 0xF7, 0xFC, 0x7F, 0x07, 0xC0, 0x70, 0x04, 0x00, 0x60,
    0x40, 0x1E, 0x18, 0x03, 0xC7, 0x00, 0x79, 0xE0, 0x0F, 0x7F, 0xFF, 0xEF, 0xFF, 0xFD, 0xFF, 0xFF,
    0x9E, 0x00, 0xF1, 0xC0, 0x1E, 0x18, 0x01, 0x80, 0x00, 0x00, 0x00, 0x20, 0xE0, 0x06, 0x1C, 0x00,
    0xE3, 0x80, 0x1E, 0x77, 0xFF, 0xEF, 0xFF, 0xFD, 0xDF, 0xFF, 0x38, 0x01, 0xC7, 0x00, 0x30, 0xE0,
    0x04, 0x1C, 0x00, 0x03, 0x80, 0x00, 0x00, 0x00, 0x03, 0x80, 0x00, 0x3E, 0x00, 0x03, 0xF8, 0x00,
    0x3D, 0xE0, 0x03, 0xC7, 0x80, 0x3C, 0x1E, 0x03, 0xC0, 0x78, 0x3F, 0x07, 0xE3, 0xF8, 0x3F, 0x9F,
    0xC1, 0xFC, 0x0E, 0x0E, 0x00, 0x70, 0x70, 0x03, 0x83, 0x80, 0x1C, 0x1C, 0x00, 0xFF, 0xE0, 0x07,
    0xFF, 0x00, 0x00, 0x00, 0x00, 0x03, 0x80, 0x00, 0x3E, 0x00, 0x03, 0xF8, 0x00, 0x3D, 0xE0, 0x03,
    0xC7, 0x80, 0x3C, 0x1E, 0x03, 0xC0, 0x78, 0x3F, 0x07, 0xE3, 0xF8, 0x3F, 0x9F, 0xC1, 0xFC, 0x0E,
    0x0E, 0x00, 0x7F, 0xF0, 0x03, 0xFF, 0x80, 0x1F, 0xF8, 0x00, 0x00, 0x00, 0x07, 0xFF, 0x00, 0x3F,
    0xF8, 0x01, 0xC1, 0xC0, 0x0F, 0xFE, 0x00, 0x7F, 0xF0, 0x00, 0x00, 0x00, 0x00, 0x00, 0x00, 0x00,
    0x00, 0x60, 0x31, 0x80, 0xC6, 0x03, 0x18, 0x0C, 0x30, 0x60, 0xFF, 0x83, 0xFE, 0x0C, 0x18, 0x18,
    0xC0, 0x63, 0x01, 0x8C, 0x06, 0x30, 0x0D, 0x80, 0x36, 0x00, 0xD8, 0x01, 0xC0, 0x07, 0x00, 0x1C,
    0x00, 0x00, 0x00, 0x00, 0x00, 0x00, 0x00, 0x00, 0x00, 0x00, 0x00, 0x1E, 0x03, 0xF8, 0x3F, 0xC3,
    0x3E, 0x01, 0xE1, 0xFE, 0x3F, 0xE7, 0xFF, 0x79, 0xFF, 0x0F, 0xF0, 0xFF, 0x0E, 0xF1, 0xE7, 0xFE,
    0x7F, 0xC3, 0xF8, 0x06, 0x00, 0x00, 0x00, 0x00, 0x00, 0x00, 0x00, 0x00, 0x7F, 0xF1, 0xFF, 0xC0,
    0x03, 0x00, 0x0C, 0x00, 0x30, 0x00, 0xC0, 0x03, 0x00, 0x0C, 0x7F, 0xF1, 0xFF, 0xC0, 0x03, 0x00,
    0x0C, 0x00, 0x30, 0x00, 0xC0, 0x03, 0x00, 0x0C, 0x7F, 0xF1, 0xFF, 0xC0, 0x00, 0x00, 0x00, 0x00,
    0x00, 0x00, 0x00, 0x00, 0x00, 0x00, 0x00, 0x00, 0x00, 0x00, 0x03, 0x00, 0x0C, 0x7F, 0xF1, 0xFF,
    0xC0, 0x0F, 0x00, 0x3C, 0x01, 0xB0, 0x06, 0xC0, 0x33, 0x00, 0xCC, 0x7F, 0xF1, 0xFF, 0xC0, 0x63,
    0x03, 0x0C, 0x0C, 0x30, 0x60, 0xC1, 0x83, 0x0C, 0x0C, 0x7F, 0xF1, 0xFF, 0xC6, 0x00, 0x18, 0x00,
    0x00, 0x00, 0x00, 0x00, 0x00, 0x00, 0x00, 0x00, 0x00, 0x00, 0x00, 0x00, 0x00, 0x00, 0x00, 0x00,
    0x01, 0xC0, 0x0E, 0x07, 0xF0, 0x3F, 0xE1, 0xC7, 0xC6, 0x1B, 0x18, 0xCC, 0x63, 0x31, 0x98, 0xC6,
    0x63, 0x1B, 0x0C, 0x7C, 0x70, 0xFF, 0x81, 0xFC, 0x0E, 0x00, 0x70, 0x00, 0x00, 0x00, 0x00, 0x00,
    0x00, 0x00, 0x00, 0x00, 0x00, 0x00, 0x00, 0x00, 0x00, 0x00, 0x00, 0x00, 0x00, 0x00, 0x00, 0x03,
    0x00, 0x0C, 0x00, 0x30, 0x01, 0xE0, 0x07, 0x80, 0x1E, 0x00, 0xCC, 0x03, 0x30, 0x0C, 0xC0, 0x61,
    0x81, 0x86, 0x06, 0x18, 0x30, 0x30, 0xC0, 0xC3, 0x03, 0x18, 0x06, 0x7F, 0xF9, 0xFF, 0xE0, 0x00,
    0x00, 0x00, 0x00, 0x00, 0x00, 0x00, 0x00, 0x00, 0x00, 0x00, 0x00, 0x00, 0x00, 0x00, 0x00, 0x00,
    0x7F, 0xF9, 0xFF, 0xE6, 0x01, 0x8C, 0x0C, 0x30, 0x30, 0xC0, 0xC1, 0x86, 0x06, 0x18, 0x18, 0x60,
    0x33, 0x00, 0xCC, 0x03, 0x30, 0x07, 0x80, 0x1E, 0x00, 0x78, 0x00, 0xC0, 0x03, 0x00, 0x0C, 0x00,
    0x00, 0x00, 0x00, 0x00, 0x00, 0x00, 0x00, 0x00, 0x00, 0x00, 0x00, 0x00, 0x00, 0x00, 0x00, 0x00,
    0x00, 0x07, 0xF0, 0x7F, 0xC3, 0x80, 0x0C, 0x00, 0x60, 0x01, 0x80, 0x06, 0x00, 0x18, 0x00, 0x7F,
    0xF1, 0xFF, 0xC6, 0x00, 0x18, 0x00, 0x60, 0x01, 0x80, 0x03, 0x00, 0x0E, 0x00, 0x1F, 0xF0, 0x1F,
    0xC0, 0x00, 0x00, 0x00, 0x00, 0x00, 0x00, 0x00, 0x00, 0x00, 0x00, 0x00, 0x00, 0x00, 0x00, 0x01,
    0x80, 0x06, 0x07, 0xF0, 0x7F, 0xC3, 0x86, 0x0C, 0x18, 0x60, 0xC1, 0x83, 0x06, 0x18, 0x18, 0x60,
    0x7F, 0xF1, 0xFF, 0xC6, 0x30, 0x18, 0xC0, 0x66, 0x01, 0x98, 0x03, 0xC0, 0x0F, 0x00, 0x1F, 0xF0,
    0x7F, 0xC3, 0x00, 0x0C, 0x00, 0x00, 0x00, 0x00, 0x00, 0x00, 0x00, 0x00, 0x00, 0x00, 0x00, 0x00,
    0x00, 0x00, 0x00, 0x00, 0x00, 0x00, 0x00, 0x7F, 0x07, 0xFC, 0x38, 0x00, 0xC0, 0x06, 0x00, 0x18,
    0x00, 0x7F, 0xF1, 0xFF, 0xC6, 0x00, 0x18, 0x00, 0x30, 0x00, 0xE0, 0x01, 0xFF, 0x01, 0xFC, 0x00,
    0x00, 0x00, 0x00, 0x00, 0x00, 0x00, 0x00, 0x00, 0x00, 0x00, 0x00, 0x00, 0x00, 0x00, 0x00, 0x00,
    0x00, 0x00, 0x00, 0x00, 0x7F, 0x01, 0xFF, 0x00, 0x0E, 0x00, 0x18, 0x00, 0x30, 0x00, 0xC0, 0x03,
    0x00, 0x0C, 0x7F, 0xF1, 0xFF, 0xC0, 0x03, 0x00, 0x0C, 0x00, 0x30, 0x00, 0xC0, 0x06, 0x00, 0x38,
    0x7F, 0xC1, 0xFC, 0x00, 0x00, 0x00, 0x00, 0x00, 0x00, 0x00, 0x00, 0x00, 0x00, 0x00, 0x00, 0x00,
    0x00, 0x06, 0x00, 0x18, 0x00, 0x3F, 0x80, 0xFF, 0x81, 0x87, 0x06, 0x0C, 0x0C, 0x18, 0x30, 0x60,
    0x61, 0x81, 0x86, 0x3F, 0xF8, 0xFF, 0xE0, 0x31, 0x80, 0xC6, 0x01, 0x98, 0x06, 0x60, 0x0F, 0x00,
    0x3C, 0x3F, 0xE0, 0xFF, 0x80, 0x03, 0x00, 0x0C, 0x00, 0x00, 0x00, 0x00, 0x00, 0x00, 0x00, 0x00,
    0x00, 0x00, 0x00, 0x00, 0x00, 0x00, 0x00, 0x00, 0x00, 0x07, 0xF0, 0x1F, 0xF0, 0x00, 0xE0, 0x01,
    0x80, 0x03, 0x00, 0x0C, 0x7F, 0xF1, 0xFF, 0xC0, 0x03, 0x00, 0x0C, 0x00, 0x60, 0x03, 0x87, 0xFC,
    0x1F, 0xC0, 0x00, 0x00, 0x00, 0x00, 0x00, 0x00, 0x00, 0x00, 0x00, 0x00, 0x00, 0x00, 0x00, 0x00,
    0xFF, 0xEF, 0xFF, 0xFF, 0xFF, 0xFF, 0xF0, 0xFF, 0x0F, 0xF0, 0xFF, 0x0F, 0xF0, 0xFF, 0x0F, 0xF0,
    0xFF, 0x0F, 0xF0, 0xFF, 0x0F, 0xF0, 0xFF, 0x0F, 0xF0, 0xFF, 0x0F, 0xE0, 0xF0, 0x7F, 0xF7, 0xFF,
    0xFF, 0xFE, 0xFF, 0xF3, 0xC0, 0x0F, 0x00, 0x7C, 0x01, 0xF0, 0x07, 0x80, 0x1E, 0x00, 0xF0, 0x0F,
    0x00, 0xF0, 0x0F, 0x00, 0xF8, 0x0F, 0x80, 0x7F, 0xFF, 0xFF, 0xFF, 0xFE, 0x00, 0x00, 0x00, 0x00,
    0x00, 0x00, 0x00, 0x00, 0x00, 0x00, 0x00, 0x00, 0x00, 0x00, 0x00, 0x00, 0x00, 0x00, 0x00, 0x00,
    0x00, 0x7F, 0xF1, 0xFF, 0xC0, 0x00, 0x00, 0x00, 0x00, 0x00, 0x00, 0x00, 0x00, 0x00, 0x00, 0x00,
    0x00, 0x00, 0x00, 0x00, 0x00, 0x00, 0x00, 0x00, 0x00, 0x00, 0x00, 0x00, 0x00, 0x00, 0x00, 0x00,
    0x00, 0x00, 0x00, 0x00, 0x00, 0x00, 0x00, 0x07, 0xFF, 0x9F, 0xFE, 0x00, 0x00, 0x00, 0x00, 0x30,
    0x00, 0xC0, 0x03, 0x00, 0x0C, 0x00, 0x30, 0x1F, 0xFE, 0x7F, 0xF8, 0x0C, 0x00, 0x30, 0x00, 0xC0,
    0x03, 0x00, 0x0C, 0x00, 0x00, 0x00, 0x00, 0x00, 0x00, 0x00, 0x00, 0x00, 0x00, 0x00, 0x00, 0x00,
    0x00, 0x00, 0x00, 0x00, 0x00, 0x03, 0x00, 0x0C, 0x00, 0x30, 0x00, 0xC0, 0x00, 0x00, 0x00, 0x00,
    0x30, 0x00, 0xC0, 0x03, 0x00, 0x0C, 0x00, 0x30, 0x1F, 0xFE, 0x7F, 0xF8, 0x0C, 0x00, 0x30, 0x00,
    0xC0, 0x03, 0x00, 0x0C, 0x00, 0x00, 0x00, 0x00, 0x00, 0x00, 0x00, 0x00, 0x00, 0x00, 0x00, 0x00,
    0x00, 0x00, 0x00, 0x00, 0x00, 0x00, 0x00, 0x00, 0x00, 0x00, 0x00, 0x00, 0x06, 0x00, 0x38, 0x01,
    0xC0, 0x0E, 0x00, 0x70, 0x03, 0x80, 0x1C, 0x00, 0xE0, 0x07, 0x00, 0x38, 0x01, 0xC0, 0x06, 0x00,
    0x00, 0x00, 0x00, 0x00, 0x00, 0x00, 0x00, 0x00, 0x00, 0x00, 0x00, 0x00, 0x00, 0x00, 0x00, 0x00,
    0x00, 0x00, 0x00, 0x00, 0x00, 0x00, 0x00, 0x00, 0x00, 0x00, 0x00, 0x00, 0x18, 0x00, 0x70, 0x00,
    0xE0, 0x01, 0xC0, 0x03, 0x80, 0x07, 0x00, 0x0E, 0x00, 0x1C, 0x00, 0x38, 0x00, 0x70, 0x00, 0xE0,
    0x01, 0x80, 0x00, 0x00, 0x00, 0x00, 0x00, 0x00, 0x00, 0x00, 0x00, 0x00, 0x00, 0x00, 0x00, 0x00,
    0x00, 0x00, 0x00, 0x00, 0x00, 0x00, 0x00, 0x00, 0x00, 0x00, 0x00, 0x00, 0x00, 0x00, 0x00, 0x00,
    0x00, 0x00, 0x00, 0x00, 0x01, 0xC0, 0x0F, 0x80, 0x3E, 0x00, 0xF8, 0x01, 0xC0, 0x00, 0x00, 0x00,
    0x00, 0x00, 0x00, 0x00, 0x00, 0x00, 0x00, 0x00, 0x00, 0x00, 0x00, 0x00, 0x00, 0x00, 0x00, 0x00,
    0x00, 0x00, 0x00, 0x00, 0x00, 0x00, 0x07, 0x80, 0x1E, 0x00, 0x60, 0x01, 0x80, 0x06, 0x00, 0x18,
    0x00, 0x60, 0x01, 0x80, 0x06, 0x00, 0x18, 0x60, 0x61, 0x81, 0x86, 0x06, 0x1C, 0x18, 0x38, 0x60,
    0x71, 0x80, 0xE6, 0x01, 0xD8, 0x03, 0xE0, 0x07, 0x80, 0x00, 0x00, 0x00, 0x00, 0x00, 0x00, 0x00,
    0x00, 0x00, 0x00, 0x00, 0x00, 0x00, 0x00, 0x00, 0x00, 0x00, 0x00, 0x00, 0x00, 0x00, 0x00, 0x00,
    0x00, 0x00, 0x00, 0x73, 0x83, 0xFF, 0x1D, 0xEE, 0x63, 0x19, 0x8C, 0x66, 0x31, 0x9D, 0xEE, 0x3F,
    0xF0, 0x73, 0x80, 0x00, 0x00, 0x00, 0x00, 0x00, 0x00, 0x00, 0x00, 0x00, 0x00, 0x00, 0x00, 0x00,
    0x00, 0x00, 0x00, 0x00, 0x00, 0x00, 0x00, 0x00, 0x00, 0x00, 0x00, 0x00, 0x00, 0x00, 0x00, 0x00,
    0x00, 0x00, 0x60, 0x01, 0x80, 0x06, 0x00, 0x18, 0x00, 0x60, 0x01, 0x80, 0x06, 0x00, 0x18, 0x00,
    0x60, 0x01, 0xFF, 0xC7, 0xFF, 0x00, 0x00, 0x00, 0x00, 0x00, 0x00, 0x00, 0x00, 0x00, 0x00, 0x00,
    0x00, 0x00, 0x00, 0x00, 0x00, 0x00, 0x00, 0x00, 0x00, 0x00, 0x00, 0x00, 0x0C, 0xC0, 0x33, 0x00,
    0xCC, 0x03, 0x30, 0x0C, 0xC0, 0x33, 0x00, 0xCC, 0x03, 0x30, 0x0C, 0xC0, 0x33, 0x00, 0xCC, 0x03,
    0x30, 0x0C, 0xC0, 0x33, 0x00, 0xCC, 0x03, 0x30, 0x0C, 0xC0, 0x33, 0x00, 0x00, 0x00, 0x00, 0x00,
    0x00, 0x00, 0x00, 0x00, 0x00, 0x00, 0x00, 0x00, 0x00, 0x00, 0x00, 0x00, 0x00, 0x00, 0x00, 0x00,
    0x00, 0x00, 0x00, 0x00, 0x00, 0x00, 0x0C, 0x00, 0x30, 0x01, 0xE0, 0x07, 0x80, 0x33, 0x00, 0xCC,
    0x06, 0x18, 0x18, 0x60, 0x61, 0x83, 0x03, 0x0C, 0x0C, 0x60, 0x19, 0x80, 0x60, 0x00, 0x00, 0x00,
    0x00, 0x00, 0x00, 0x00, 0x00, 0x00, 0x00, 0x00, 0x00, 0x00, 0x00, 0x00, 0x00, 0x00, 0x00, 0x00,
    0x00, 0x00, 0x00, 0x00, 0x00, 0x00, 0x01, 0x80, 0x66, 0x01, 0x8C, 0x0C, 0x30, 0x30, 0x61, 0x81,
    0x86, 0x06, 0x18, 0x0C, 0xC0, 0x33, 0x00, 0x78, 0x01, 0xE0, 0x03, 0x00, 0x0C, 0x00, 0x00, 0x00,
    0x00, 0x00, 0x00, 0x00, 0x00, 0x00, 0x00, 0x00, 0x00, 0x00, 0x00, 0x00, 0x00, 0x00, 0x00, 0x00,
    0x00, 0x00, 0x00, 0x00, 0x00, 0x00, 0x0F, 0x80, 0x7F, 0x03, 0x8E, 0x0C, 0x18, 0x60, 0x31, 0x80,
    0xC6, 0x03, 0x18, 0x0C, 0x60, 0x31, 0x80, 0xC6, 0x03, 0x18, 0x0C, 0x60, 0x31, 0x80, 0xC0, 0x00,
    0x00, 0x00, 0x00, 0x00, 0x00, 0x00, 0x00, 0x00, 0x00, 0x00, 0x00, 0x00, 0x00, 0x00, 0x00, 0x00,
    0x00, 0x00, 0x00, 0x00, 0x00, 0x00, 0x00, 0x60, 0x31, 0x80, 0xC6, 0x03, 0x18, 0x0C, 0x60, 0x31,
    0x80, 0xC6, 0x03, 0x18, 0x0C, 0x60, 0x31, 0x80, 0xC3, 0x06, 0x0E, 0x38, 0x1F, 0xC0, 0x3E, 0x00,
    0x00, 0x00, 0x00, 0x00, 0x00, 0x00, 0x00, 0x00, 0x00, 0x00, 0x00, 0x07, 0xC7, 0xE3, 0xF1, 0xC0,
    0xE0, 0x70, 0x38, 0x1C, 0x0E, 0x07, 0x03, 0x81, 0xC0, 0xE0, 0x70, 0x38, 0x1C, 0x0E, 0x0F, 0x1F,
    0x8F, 0xC7, 0xC0, 0x27, 0xBD, 0xE2, 0x00, 0x00, 0x27, 0xBD, 0xE2, 0x00, 0x00, 0x00, 0x00, 0x00,
    0x00, 0x00, 0x00, 0x00, 0x00, 0x00, 0x00, 0x00, 0x00, 0x00, 0x00, 0x00, 0x78, 0x63, 0xF3, 0x9C,
    0xFC, 0x61, 0xE0, 0x00, 0x01, 0xE1, 0x8F, 0xCE, 0x73, 0xF1, 0x83, 0x80, 0x00, 0x00, 0x00, 0x00,
    0x00, 0x00, 0x00, 0x00, 0x00, 0x00, 0x00, 0x00, 0x00, 0x00, 0x00, 0x00, 0x00, 0x00, 0x00, 0x00,
    0x00, 0x00, 0x00, 0x00, 0x00, 0x00, 0x00, 0x00, 0x00, 0x00, 0x0E, 0x00, 0x71, 0xFF, 0xE7, 0xFF,
    0x80, 0x70, 0x03, 0x80, 0x1C, 0x00, 0xE0, 0x1F, 0xFE, 0x7F, 0xF8, 0xE0, 0x07, 0x00, 0x00, 0x00,
    0x00, 0x00, 0x00, 0x00, 0x00, 0x00, 0x00, 0x00, 0x00, 0x00, 0x00, 0x00, 0x00, 0x00, 0x00, 0x00,
    0x00, 0x00, 0x00, 0x00, 0x00, 0x00, 0x00, 0x00, 0x07, 0xFF, 0x1F, 0xFC, 0x00, 0x00, 0x00, 0x00,
    0x00, 0x00, 0x00, 0x7F, 0xF1, 0xFF, 0xC0, 0x00, 0x00, 0x00, 0x00, 0x00, 0x00, 0x07, 0xFF, 0x1F,
    0xFC, 0x00, 0x00, 0x00, 0x00, 0x00, 0x00, 0x00, 0x00, 0x00, 0x00, 0x00, 0x00, 0x00, 0x00, 0x00,
    0x00, 0x00, 0x00, 0x00, 0x00, 0x00, 0x00, 0x70, 0x03, 0x80, 0x1C, 0x00, 0xE0, 0x07, 0x00, 0x38,
    0x01, 0xC0, 0x0E, 0x00, 0x1C, 0x00, 0x38, 0x00, 0x70, 0x00, 0xE0, 0x01, 0xC0, 0x03, 0x80, 0x07,
    0x00, 0x00, 0x7F, 0xF1, 0xFF, 0xC0, 0x00, 0x00, 0x00, 0x00, 0x00, 0x00, 0x00, 0x00, 0x00, 0x00,
    0x00, 0x00, 0x00, 0x00, 0x00, 0x00, 0x00, 0x70, 0x00, 0xE0, 0x01, 0xC0, 0x03, 0x80, 0x07, 0x00,
    0x0E, 0x00, 0x1C, 0x00, 0x38, 0x01, 0xC0, 0x0E, 0x00, 0x70, 0x03, 0x80, 0x1C, 0x00, 0xE0, 0x07,
    0x00, 0x00, 0x00, 0x7F, 0xF1, 0xFF, 0xC0, 0x00, 0x00, 0x00, 0x00, 0x00, 0x00, 0x00, 0x00, 0x00,
    0x00, 0x00, 0x00, 0x00, 0x00, 0x00, 0x00, 0x00, 0x00, 0x00, 0x06, 0x30, 0x39, 0xC1, 0xCE, 0x0E,
    0x70, 0x73, 0x83, 0x9C, 0x1C, 0xE0, 0xE7, 0x03, 0x9C, 0x07, 0x38, 0x0E, 0x70, 0x1C, 0xE0, 0x39,
    0xC0, 0x73, 0x80, 0xE7, 0x01, 0x8C, 0x00, 0x00, 0x00, 0x00, 0x00, 0x00, 0x00, 0x00, 0x00, 0x00,
    0x00, 0x00, 0x00, 0x00, 0x00, 0x00, 0x00, 0x00, 0x00, 0x00, 0x03, 0x18, 0x0E, 0x70, 0x1C, 0xE0,
    0x39, 0xC0, 0x73, 0x80, 0xE7, 0x01, 0xCE, 0x03, 0x9C, 0x0E, 0x70, 0x73, 0x83, 0x9C, 0x1C, 0xE0,
    0xE7, 0x07, 0x38, 0x39, 0xC0, 0xC6, 0x00, 0x00, 0x00, 0x00, 0x00, 0x00, 0x00, 0x00, 0x00, 0x00,
    0x00, 0x00, 0x00, 0x00, 0x00, 0x00, 0x00, 0x00, 0x00, 0x00, 0x00, 0x00, 0x00, 0x00, 0x00, 0x01,
    0xFE, 0x1F, 0xF8, 0xE0, 0x07, 0x00, 0x18, 0x00, 0x60, 0x01, 0x80, 0x06, 0x00, 0x18, 0x00, 0x70,
    0x00, 0xE0, 0x01, 0xFF, 0x81, 0xFE, 0x00, 0x00, 0x00, 0x00, 0x00, 0x00, 0x00, 0x00, 0x00, 0x00,
    0x00, 0x00, 0x00, 0x00, 0x00, 0x00, 0x00, 0x00, 0x00, 0x00, 0x00, 0x00, 0x00, 0x00, 0x00, 0x00,
    0x1F, 0xE0, 0x7F, 0xE0, 0x01, 0xC0, 0x03, 0x80, 0x06, 0x00, 0x18, 0x00, 0x60, 0x01, 0x80, 0x06,
    0x00, 0x38, 0x01, 0xC7, 0xFE, 0x1F, 0xE0, 0x00, 0x00, 0x00, 0x00, 0x00, 0x00, 0x00, 0x00, 0x00,
    0x00, 0x00, 0x00, 0x00, 0x00, 0x00, 0x00, 0x00, 0x00, 0x00, 0x00, 0x00, 0x00, 0x00, 0x1F, 0xE1,
    0xFF, 0x8E, 0x00, 0x70, 0x01, 0x80, 0x06, 0x00, 0x18, 0x00, 0x60, 0x01, 0x80, 0x07, 0x00, 0x0E,
    0x00, 0x1F, 0xF8, 0x1F, 0xE0, 0x00, 0x00, 0x00, 0x7F, 0xF9, 0xFF, 0xE0, 0x00, 0x00, 0x00, 0x00,
    0x00, 0x00, 0x00, 0x00, 0x00, 0x00, 0x00, 0x00, 0x00, 0x00, 0x00, 0x00, 0x00, 0x00, 0x01, 0xFE,
    0x07, 0xFE, 0x00, 0x1C, 0x00, 0x38, 0x00, 0x60, 0x01, 0x80, 0x06, 0x00, 0x18, 0x00, 0x60, 0x03,
    0x80, 0x1C, 0x7F, 0xE1, 0xFE, 0x00, 0x00, 0x00, 0x00, 0x7F, 0xF9, 0xFF, 0xE0, 0x00, 0x00, 0x00,
    0x00, 0x00, 0x00, 0x00, 0x00, 0x00, 0x00, 0x00, 0x3F, 0xE0, 0x00, 0x07, 0xFF, 0xC0, 0x00, 0xFF,
    0xFF, 0x80, 0x0F, 0x80, 0x7E, 0x00, 0xF0, 0x00, 0x78, 0x0F, 0x00, 0x01, 0xE0, 0xF0, 0x00, 0x07,
    0x87, 0x00, 0xE0, 0x1C, 0x70, 0x07, 0x00, 0xF3, 0x80, 0x38, 0x03, 0xBC, 0x01, 0xC0, 0x1F, 0xC0,
    0x0E, 0x00, 0x7E, 0x00, 0x70, 0x03, 0xF0, 0xFF, 0xFE, 0x1F, 0x87, 0xFF, 0xF0, 0xFC, 0x3F, 0xFF,
    0x87, 0xE0, 0x07, 0x00, 0x3F, 0x00, 0x38, 0x01, 0xFC, 0x01, 0xC0, 0x1C, 0xE0, 0x0E, 0x00, 0xE7,
    0x80, 0x70, 0x0F, 0x1C, 0x03, 0x80, 0x70, 0xF0, 0x00, 0x07, 0x83, 0xC0, 0x00, 0x78, 0x0F, 0x80,
    0x0F, 0x80, 0x3F, 0x01, 0xF8, 0x00, 0xFF, 0xFF, 0x80, 0x01, 0xFF, 0xF0, 0x00, 0x01, 0xFC, 0x00,
    0x00, 0x00, 0x3F, 0xE0, 0x00, 0x07, 0xFF, 0xC0, 0x00, 0xFF, 0xFF, 0x80, 0x0F, 0x80, 0x7E, 0x00,
    0xF0, 0x00, 0x78, 0x0F, 0x00, 0x01, 0xE0, 0xF0, 0x00, 0x07, 0x87, 0x00, 0x00, 0x1C, 0x70, 0x00,
    0x00, 0xF3, 0x80, 0x00, 0x03, 0xBC, 0x00, 0x00, 0x1F, 0xC0, 0x00, 0x00, 0x7E, 0x07, 0xFF, 0x03,
    0xF0, 0x3F, 0xF8, 0x1F, 0x81, 0xFF, 0xC0, 0xFC, 0x0F, 0xFE, 0x07, 0xE0, 0x00, 0x00, 0x3F, 0x00,
    0x00, 0x01, 0xFC, 0x00, 0x00, 0x1C, 0xE0, 0x00, 0x00, 0xE7, 0x80, 0x00, 0x0F, 0x1C, 0x00, 0x00,
    0x70, 0xF0, 0x00, 0x07, 0x83, 0xC0, 0x00, 0x78, 0x0F, 0x80, 0x0F, 0x80, 0x3F, 0x01, 0xF8, 0x00,
    0xFF, 0xFF, 0x80, 0x01, 0xFF, 0xF0, 0x00, 0x01, 0xFC, 0x00, 0x00, 0x00, 0x3F, 0xE0, 0x00, 0x07,
    0xFF, 0xC0, 0x00, 0xFF, 0xFF, 0x80, 0x0F, 0x80, 0x7E, 0x00, 0xF0, 0x00, 0x78, 0x0F, 0x00, 0x01,
    0xE0, 0xF0, 0x00, 0x07, 0x87, 0x00, 0x00, 0x1C, 0x70, 0x00, 0x00, 0xF3, 0x81, 0x83, 0x03, 0xBC,
    0x1E, 0x3C, 0x1F, 0xC0, 0x7F, 0xC0, 0x7E, 0x01, 0xFC, 0x03, 0xF0, 0x07, 0xC0, 0x1F, 0x80, 0x3E,
    0x00, 0xFC, 0x03, 0xF8, 0x07, 0xE0, 0x3F, 0xE0, 0x3F, 0x03, 0xC7, 0x81, 0xFC, 0x0C, 0x18, 0x1C,
    0xE0, 0x00, 0x00, 0xE7, 0x80, 0x00, 0x0F, 0x1C, 0x00, 0x00, 0x70, 0xF0, 0x00, 0x07, 0x83, 0xC0,
    0x00, 0x78, 0x0F, 0x80, 0x0F, 0x80, 0x3F, 0x01, 0xF8, 0x00, 0xFF, 0xFF, 0x80, 0x01, 0xFF, 0xF0,
    0x00, 0x01, 0xFC, 0x00, 0x00, 0x00, 0x3F, 0xE0, 0x00, 0x07, 0xFF, 0xC0, 0x00, 0xFF, 0xFF, 0x80,
    0x0F, 0x80, 0x7E, 0x00, 0xF0, 0x00, 0x78, 0x0F, 0x00, 0x01, 0xE0, 0xF0, 0x00, 0x07, 0x87, 0x00,
    0x00, 0x1C, 0x70, 0x00, 0x60, 0xF3, 0x80, 0x07, 0x83, 0xBC, 0x00, 0x3C, 0x1F, 0xC0, 0x03, 0xC0,
    0x7E, 0x00, 0x3C, 0x03, 0xF0, 0x03, 0xC0, 0x1F, 0x80, 0x3E, 0x00, 0xFC, 0x03, 0xE0, 0x07, 0xE0,
    0x1E, 0x00, 0x3F, 0x01, 0xE0, 0x01, 0xFC, 0x1E, 0x00, 0x1C, 0xE0, 0xE0, 0x00, 0xE7, 0x83, 0x00,
    0x0F, 0x1C, 0x00, 0x00, 0x70, 0xF0, 0x00, 0x07, 0x83, 0xC0, 0x00, 0x78, 0x0F, 0x80, 0x0F, 0x80,
    0x3F, 0x01, 0xF8, 0x00, 0xFF, 0xFF, 0x80, 0x01, 0xFF, 0xF0, 0x00, 0x01, 0xFC, 0x00, 0x00, 0x00,
    0x00, 0x00, 0x00, 0x00, 0x00, 0x00, 0x00, 0x00, 0x00, 0x00, 0x00, 0x00, 0x00, 0x03, 0x00, 0x0C,
    0x00, 0x30, 0x00, 0xC0, 0x03, 0x00, 0x0C, 0x00, 0x30, 0x00, 0xC0, 0x03, 0x00, 0x0C, 0x00, 0x30,
    0x00, 0xC0, 0x7F, 0xF9, 0xFF, 0xE0, 0x00, 0x00, 0x00, 0x00, 0x00, 0x00, 0x00, 0x00, 0x00, 0x00,
    0x00, 0x00, 0x00, 0x00, 0x00, 0x00, 0x00, 0x0F, 0x80, 0x7F, 0x03, 0x8E, 0x0C, 0x18, 0x60, 0x31,
    0x80, 0xC6, 0x03, 0x18, 0x0C, 0x60, 0x31, 0x80, 0xC6, 0x03, 0x18, 0x0C, 0x60, 0x31, 0x80, 0xC6,
    0x03, 0x18, 0x0C, 0x60, 0x31, 0x80, 0xC0, 0x00, 0x00, 0x00, 0x00, 0x00, 0x00, 0x00, 0x00, 0x00,
    0x00, 0x00, 0x00, 0x00, 0x00, 0x00, 0x00, 0x00, 0x60, 0x31, 0x80, 0xC6, 0x03, 0x18, 0x0C, 0x60,
    0x31, 0x80, 0xC6, 0x03, 0x18, 0x0C, 0x60, 0x31, 0x80, 0xC6, 0x03, 0x18, 0x0C, 0x60, 0x31, 0x80,
    0xC3, 0x06, 0x0E, 0x38, 0x1F, 0xC0, 0x3E, 0x00, 0x00, 0x00, 0x00, 0x00, 0x00, 0x00, 0x00, 0x00,
    0x00, 0x00, 0x00, 0x00, 0x00, 0x00, 0x00, 0x00, 0x00, 0x7F, 0xF1, 0xFF, 0xC6, 0x03, 0x18, 0x0C,
    0x60, 0x31, 0x80, 0xC6, 0x03, 0x18, 0x0C, 0x60, 0x31, 0x80, 0xC6, 0x03, 0x18, 0x0C, 0x60, 0x31,
    0x80, 0xC6, 0x03, 0x18, 0x0C, 0x7F, 0xF1, 0xFF, 0xC0, 0x00, 0x00, 0x00, 0x00, 0x00, 0x00, 0x00,
    0x00, 0x00, 0x00,
};

static const EpdGlyph inter_10_boldGlyphs[] = {
    { 0, 0, 0, 0, 0, 0, 0 }, // U+0000
    { 0, 0, 0, 0, 0, 0, 0 }, // U+0001
    { 0, 0, 0, 0, 0, 0, 0 }, // U+0002
    { 0, 0, 0, 0, 0, 0, 0 }, // U+0003
    { 0, 0, 0, 0, 0, 0, 0 }, // U+0004
    { 0, 0, 0, 0, 0, 0, 0 }, // U+0005
    { 0, 0, 0, 0, 0, 0, 0 }, // U+0006
    { 0, 0, 0, 0, 0, 0, 0 }, // U+0007
    { 0, 0, 0, 0, 0, 0, 0 }, // U+0008
    { 0, 0, 0, 0, 0, 0, 0 }, // U+0009
    { 0, 0, 0, 0, 0, 0, 0 }, // U+000A
    { 0, 0, 0, 0, 0, 0, 0 }, // U+000B
    { 0, 0, 0, 0, 0, 0, 0 }, // U+000C
    { 0, 0, 0, 0, 0, 0, 0 }, // U+000D
    { 0, 0, 0, 0, 0, 0, 0 }, // U+000E
    { 0, 0, 0, 0, 0, 0, 0 }, // U+000F
    { 0, 0, 0, 0, 0, 0, 0 }, // U+0010
    { 0, 0, 0, 0, 0, 0, 0 }, // U+0011
    { 0, 0, 0, 0, 0, 0, 0 }, // U+0012
    { 0, 0, 0, 0, 0, 0, 0 }, // U+0013
    { 0, 0, 0, 0, 0, 0, 0 }, // U+0014
    { 0, 0, 0, 0, 0, 0, 0 }, // U+0015
    { 0, 0, 0, 0, 0, 0, 0 }, // U+0016
    { 0, 0, 0, 0, 0, 0, 0 }, // U+0017
    { 0, 0, 0, 0, 0, 0, 0 }, // U+0018
    { 0, 0, 0, 0, 0, 0, 0 }, // U+0019
    { 0, 0, 0, 0, 0, 0, 0 }, // U+001A
    { 0, 0, 0, 0, 0, 0, 0 }, // U+001B
    { 0, 0, 0, 0, 0, 0, 0 }, // U+001C
    { 0, 0, 0, 0, 0, 0, 0 }, // U+001D
    { 0, 0, 0, 0, 0, 0, 0 }, // U+001E
    { 0, 0, 0, 0, 0, 0, 0 }, // U+001F
    { 14, 28, 224, 0, 22, 49, 0 }, // U+0020
    { 14, 28, 224, 0, 22, 49, 49 }, // !
    { 14, 28, 224, 0, 22, 49, 98 }, // "
    { 14, 28, 224, 0, 22, 49, 147 }, // #
    { 14, 28, 224, 0, 22, 49, 196 }, // $
    { 14, 28, 224, 0, 22, 49, 245 }, // %
    { 14, 28, 224, 0, 22, 49, 294 }, // &
    { 14, 28, 224, 0, 22, 49, 343 }, // '
    { 14, 28, 224, 0, 22, 49, 392 }, // (
    { 14, 28, 224, 0, 22, 49, 441 }, // )
    { 14, 28, 224, 0, 22, 49, 490 }, // *
    { 14, 28, 224, 0, 22, 49, 539 }, // +
    { 14, 28, 224, 0, 22, 49, 588 }, // ,
    { 14, 28, 224, 0, 22, 49, 637 }, // -
    { 14, 28, 224, 0, 22, 49, 686 }, // .
    { 14, 28, 224, 0, 22, 49, 735 }, // /
    { 14, 28, 224, 0, 22, 49, 784 }, // 0
    { 14, 28, 224, 0, 22, 49, 833 }, // 1
    { 14, 28, 224, 0, 22, 49, 882 }, // 2
    { 14, 28, 224, 0, 22, 49, 931 }, // 3
    { 14, 28, 224, 0, 22, 49, 980 }, // 4
    { 14, 28, 224, 0, 22, 49, 1029 }, // 5
    { 14, 28, 224, 0, 22, 49, 1078 }, // 6
    { 14, 28, 224, 0, 22, 49, 1127 }, // 7
    { 14, 28, 224, 0, 22, 49, 1176 }, // 8
    { 14, 28, 224, 0, 22, 49, 1225 }, // 9
    { 14, 28, 224, 0, 22, 49, 1274 }, // :
    { 14, 28, 224, 0, 22, 49, 1323 }, // ;
    { 14, 28, 224, 0, 22, 49, 1372 }, // <
    { 14, 28, 224, 0, 22, 49, 1421 }, // =
    { 14, 28, 224, 0, 22, 49, 1470 }, // >
    { 14, 28, 224, 0, 22, 49, 1519 }, // ?
    { 14, 28, 224, 0, 22, 49, 1568 }, // @
    { 14, 28, 224, 0, 22, 49, 1617 }, // A
    { 14, 28, 224, 0, 22, 49, 1666 }, // B
    { 14, 28, 224, 0, 22, 49, 1715 }, // C
    { 14, 28, 224, 0, 22, 49, 1764 }, // D
    { 14, 28, 224, 0, 22, 49, 1813 }, // E
    { 14, 28, 224, 0, 22, 49, 1862 }, // F
    { 14, 28, 224, 0, 22, 49, 1911 }, // G
    { 14, 28, 224, 0, 22, 49, 1960 }, // H
    { 14, 28, 224, 0, 22, 49, 2009 }, // I
    { 14, 28, 224, 0, 22, 49, 2058 }, // J
    { 14, 28, 224, 0, 22, 49, 2107 }, // K
    { 14, 28, 224, 0, 22, 49, 2156 }, // L
    { 14, 28, 224, 0, 22, 49, 2205 }, // M
    { 14, 28, 224, 0, 22, 49, 2254 }, // N
    { 14, 28, 224, 0, 22, 49, 2303 }, // O
    { 14, 28, 224, 0, 22, 49, 2352 }, // P
    { 14, 28, 224, 0, 22, 49, 2401 }, // Q
    { 14, 28, 224, 0, 22, 49, 2450 }, // R
    { 14, 28, 224, 0, 22, 49, 2499 }, // S
    { 14, 28, 224, 0, 22, 49, 2548 }, // T
    { 14, 28, 224, 0, 22, 49, 2597 }, // U
    { 14, 28, 224, 0, 22, 49, 2646 }, // V
    { 14, 28, 224, 0, 22, 49, 2695 }, // W
    { 14, 28, 224, 0, 22, 49, 2744 }, // X
    { 14, 28, 224, 0, 22, 49, 2793 }, // Y
    { 14, 28, 224, 0, 22, 49, 2842 }, // Z
    { 14, 28, 224, 0, 22, 49, 2891 }, // [
    { 14, 28, 224, 0, 22, 49, 2940 }, // <backslash>
    { 14, 28, 224, 0, 22, 49, 2989 }, // ]
    { 14, 28, 224, 0, 22, 49, 3038 }, // ^
    { 14, 28, 224, 0, 22, 49, 3087 }, // _
    { 14, 28, 224, 0, 22, 49, 3136 }, // `
    { 14, 28, 224, 0, 22, 49, 3185 }, // a
    { 14, 28, 224, 0, 22, 49, 3234 }, // b
    { 14, 28, 224, 0, 22, 49, 3283 }, // c
    { 14, 28, 224, 0, 22, 49, 3332 }, // d
    { 14, 28, 224, 0, 22, 49, 3381 }, // e
    { 14, 28, 224, 0, 22, 49, 3430 }, // f
    { 14, 28, 224, 0, 22, 49, 3479 }, // g
    { 14, 28, 224, 0, 22, 49, 3528 }, // h
    { 14, 28, 224, 0, 22, 49, 3577 }, // i
    { 14, 28, 224, 0, 22, 49, 3626 }, // j
    { 14, 28, 224, 0, 22, 49, 3675 }, // k
    { 14, 28, 224, 0, 22, 49, 3724 }, // l
    { 14, 28, 224, 0, 22, 49, 3773 }, // m
    { 14, 28, 224, 0, 22, 49, 3822 }, // n
    { 14, 28, 224, 0, 22, 49, 3871 }, // o
    { 14, 28, 224, 0, 22, 49, 3920 }, // p
    { 14, 28, 224, 0, 22, 49, 3969 }, // q
    { 14, 28, 224, 0, 22, 49, 4018 }, // r
    { 14, 28, 224, 0, 22, 49, 4067 }, // s
    { 14, 28, 224, 0, 22, 49, 4116 }, // t
    { 14, 28, 224, 0, 22, 49, 4165 }, // u
    { 14, 28, 224, 0, 22, 49, 4214 }, // v
    { 14, 28, 224, 0, 22, 49, 4263 }, // w
    { 14, 28, 224, 0, 22, 49, 4312 }, // x
    { 14, 28, 224, 0, 22, 49, 4361 }, // y
    { 14, 28, 224, 0, 22, 49, 4410 }, // z
    { 14, 28, 224, 0, 22, 49, 4459 }, // {
    { 14, 28, 224, 0, 22, 49, 4508 }, // |
    { 14, 28, 224, 0, 22, 49, 4557 }, // }
    { 14, 28, 224, 0, 22, 49, 4606 }, // ~
    { 0, 0, 0, 0, 0, 0, 4655 }, // U+007F
    { 0, 0, 0, 0, 0, 0, 4655 }, // U+0080
    { 0, 0, 0, 0, 0, 0, 4655 }, // U+0081
    { 0, 0, 0, 0, 0, 0, 4655 }, // U+0082
    { 0, 0, 0, 0, 0, 0, 4655 }, // U+0083
    { 0, 0, 0, 0, 0, 0, 4655 }, // U+0084
    { 0, 0, 0, 0, 0, 0, 4655 }, // U+0085
    { 0, 0, 0, 0, 0, 0, 4655 }, // U+0086
    { 0, 0, 0, 0, 0, 0, 4655 }, // U+0087
    { 0, 0, 0, 0, 0, 0, 4655 }, // U+0088
    { 0, 0, 0, 0, 0, 0, 4655 }, // U+0089
    { 0, 0, 0, 0, 0, 0, 4655 }, // U+008A
    { 0, 0, 0, 0, 0, 0, 4655 }, // U+008B
    { 0, 0, 0, 0, 0, 0, 4655 }, // U+008C
    { 0, 0, 0, 0, 0, 0, 4655 }, // U+008D
    { 0, 0, 0, 0, 0, 0, 4655 }, // U+008E
    { 0, 0, 0, 0, 0, 0, 4655 }, // U+008F
    { 0, 0, 0, 0, 0, 0, 4655 }, // U+0090
    { 0, 0, 0, 0, 0, 0, 4655 }, // U+0091
    { 0, 0, 0, 0, 0, 0, 4655 }, // U+0092
    { 0, 0, 0, 0, 0, 0, 4655 }, // U+0093
    { 0, 0, 0, 0, 0, 0, 4655 }, // U+0094
    { 0, 0, 0, 0, 0, 0, 4655 }, // U+0095
    { 0, 0, 0, 0, 0, 0, 4655 }, // U+0096
    { 0, 0, 0, 0, 0, 0, 4655 }, // U+0097
    { 0, 0, 0, 0, 0, 0, 4655 }, // U+0098
    { 0, 0, 0, 0, 0, 0, 4655 }, // U+0099
    { 0, 0, 0, 0, 0, 0, 4655 }, // U+009A
    { 0, 0, 0, 0, 0, 0, 4655 }, // U+009B
    { 0, 0, 0, 0, 0, 0, 4655 }, // U+009C
    { 0, 0, 0, 0, 0, 0, 4655 }, // U+009D
    { 0, 0, 0, 0, 0, 0, 4655 }, // U+009E
    { 0, 0, 0, 0, 0, 0, 4655 }, // U+009F
    { 14, 28, 224, 0, 22, 49, 4655 }, // U+00A0
    { 14, 28, 224, 0, 22, 49, 4704 }, // U+00A1
    { 14, 28, 224, 0, 22, 49, 4753 }, // U+00A2
    { 14, 28, 224, 0, 22, 49, 4802 }, // U+00A3
    { 14, 28, 224, 0, 22, 49, 4851 }, // U+00A4
    { 14, 28, 224, 0, 22, 49, 4900 }, // U+00A5
    { 14, 28, 224, 0, 22, 49, 4949 }, // U+00A6
    { 14, 28, 224, 0, 22, 49, 4998 }, // U+00A7
    { 14, 28, 224, 0, 22, 49, 5047 }, // U+00A8
    { 14, 28, 224, 0, 22, 49, 5096 }, // U+00A9
    { 14, 28, 224, 0, 22, 49, 5145 }, // U+00AA
    { 14, 28, 224, 0, 22, 49, 5194 }, // U+00AB
    { 14, 28, 224, 0, 22, 49, 5243 }, // U+00AC
    { 0, 0, 0, 0, 0, 0, 5292 }, // U+00AD
    { 14, 28, 224, 0, 22, 49, 5292 }, // U+00AE
    { 14, 28, 224, 0, 22, 49, 5341 }, // U+00AF
    { 14, 28, 224, 0, 22, 49, 5390 }, // U+00B0
    { 14, 28, 224, 0, 22, 49, 5439 }, // U+00B1
    { 14, 28, 224, 0, 22, 49, 5488 }, // U+00B2
    { 14, 28, 224, 0, 22, 49, 5537 }, // U+00B3
    { 14, 28, 224, 0, 22, 49, 5586 }, // U+00B4
    { 14, 28, 224, 0, 22, 49, 5635 }, // U+00B5
    { 14, 28, 224, 0, 22, 49, 5684 }, // U+00B6
    { 14, 28, 224, 0, 22, 49, 5733 }, // U+00B7
    { 14, 28, 224, 0, 22, 49, 5782 }, // U+00B8
    { 14, 28, 224, 0, 22, 49, 5831 }, // U+00B9
    { 14, 28, 224, 0, 22, 49, 5880 }, // U+00BA
    { 14, 28, 224, 0, 22, 49, 5929 }, // U+00BB
    { 14, 28, 224, 0, 22, 49, 5978 }, // U+00BC
    { 14, 28, 224, 0, 22, 49, 6027 }, // U+00BD
    { 14, 28, 224, 0, 22, 49, 6076 }, // U+00BE
    { 14, 28, 224, 0, 22, 49, 6125 }, // U+00BF
    { 14, 28, 224, 0, 22, 49, 6174 }, // U+00C0
    { 14, 28, 224, 0, 22, 49, 6223 }, // U+00C1
    { 14, 28, 224, 0, 22, 49, 6272 }, // U+00C2
    { 14, 28, 224, 0, 22, 49, 6321 }, // U+00C3
    { 14, 28, 224, 0, 22, 49, 6370 }, // U+00C4
    { 14, 28, 224, 0, 22, 49, 6419 }, // U+00C5
    { 14, 28, 224, 0, 22, 49, 6468 }, // U+00C6
    { 14, 28, 224, 0, 22, 49, 6517 }, // U+00C7
    { 14, 28, 224, 0, 22, 49, 6566 }, // U+00C8
    { 14, 28, 224, 0, 22, 49, 6615 }, // U+00C9
    { 14, 28, 224, 0, 22, 49, 6664 }, // U+00CA
    { 14, 28, 224, 0, 22, 49, 6713 }, // U+00CB
    { 14, 28, 224, 0, 22, 49, 6762 }, // U+00CC
    { 14, 28, 224, 0, 22, 49, 6811 }, // U+00CD
    { 14, 28, 224, 0, 22, 49, 6860 }, // U+00CE
    { 14, 28, 224, 0, 22, 49, 6909 }, // U+00CF
    { 14, 28, 224, 0, 22, 49, 6958 }, // U+00D0
    { 14, 28, 224, 0, 22, 49, 7007 }, // U+00D1
    { 14, 28, 224, 0, 22, 49, 7056 }, // U+00D2
    { 14, 28, 224, 0, 22, 49, 7105 }, // U+00D3
    { 14, 28, 224, 0, 22, 49, 7154 }, // U+00D4
    { 14, 28, 224, 0, 22, 49, 7203 }, // U+00D5
    { 14, 28, 224, 0, 22, 49, 7252 }, // U+00D6
    { 14, 28, 224, 0, 22, 49, 7301 }, // U+00D7
    { 14, 28, 224, 0, 22, 49, 7350 }, // U+00D8
    { 14, 28, 224, 0, 22, 49, 7399 }, // U+00D9
    { 14, 28, 224, 0, 22, 49, 7448 }, // U+00DA
    { 14, 28, 224, 0, 22, 49, 7497 }, // U+00DB
    { 14, 28, 224, 0, 22, 49, 7546 }, // U+00DC
    { 14, 28, 224, 0, 22, 49, 7595 }, // U+00DD
    { 14, 28, 224, 0, 22, 49, 7644 }, // U+00DE
    { 14, 28, 224, 0, 22, 49, 7693 }, // U+00DF
    { 14, 28, 224, 0, 22, 49, 7742 }, // U+00E0
    { 14, 28, 224, 0, 22, 49, 7791 }, // U+00E1
    { 14, 28, 224, 0, 22, 49, 7840 }, // U+00E2
    { 14, 28, 224, 0, 22, 49, 7889 }, // U+00E3
    { 14, 28, 224, 0, 22, 49, 7938 }, // U+00E4
    { 14, 28, 224, 0, 22, 49, 7987 }, // U+00E5
    { 14, 28, 224, 0, 22, 49, 8036 }, // U+00E6
    { 14, 28, 224, 0, 22, 49, 8085 }, // U+00E7
    { 14, 28, 224, 0, 22, 49, 8134 }, // U+00E8
    { 14, 28, 224, 0, 22, 49, 8183 }, // U+00E9
    { 14, 28, 224, 0, 22, 49, 8232 }, // U+00EA
    { 14, 28, 224, 0, 22, 49, 8281 }, // U+00EB
    { 14, 28, 224, 0, 22, 49, 8330 }, // U+00EC
    { 14, 28, 224, 0, 22, 49, 8379 }, // U+00ED
    { 14, 28, 224, 0, 22, 49, 8428 }, // U+00EE
    { 14, 28, 224, 0, 22, 49, 8477 }, // U+00EF
    { 14, 28, 224, 0, 22, 49, 8526 }, // U+00F0
    { 14, 28, 224, 0, 22, 49, 8575 }, // U+00F1
    { 14, 28, 224, 0, 22, 49, 8624 }, // U+00F2
    { 14, 28, 224, 0, 22, 49, 8673 }, // U+00F3
    { 14, 28, 224, 0, 22, 49, 8722 }, // U+00F4
    { 14, 28, 224, 0, 22, 49, 8771 }, // U+00F5
    { 14, 28, 224, 0, 22, 49, 8820 }, // U+00F6
    { 14, 28, 224, 0, 22, 49, 8869 }, // U+00F7
    { 14, 28, 224, 0, 22, 49, 8918 }, // U+00F8
    { 14, 28, 224, 0, 22, 49, 8967 }, // U+00F9
    { 14, 28, 224, 0, 22, 49, 9016 }, // U+00FA
    { 14, 28, 224, 0, 22, 49, 9065 }, // U+00FB
    { 14, 28, 224, 0, 22, 49, 9114 }, // U+00FC
    { 14, 28, 224, 0, 22, 49, 9163 }, // U+00FD
    { 14, 28, 224, 0, 22, 49, 9212 }, // U+00FE
    { 14, 28, 224, 0, 22, 49, 9261 }, // U+00FF
    { 14, 28, 224, 0, 22, 49, 9310 }, // U+0100
    { 14, 28, 224, 0, 22, 49, 9359 }, // U+0101
    { 14, 28, 224, 0, 22, 49, 9408 }, // U+0102
    { 14, 28, 224, 0, 22, 49, 9457 }, // U+0103
    { 14, 28, 224, 0, 22, 49, 9506 }, // U+0104
    { 14, 28, 224, 0, 22, 49, 9555 }, // U+0105
    { 14, 28, 224, 0, 22, 49, 9604 }, // U+0106
    { 14, 28, 224, 0, 22, 49, 9653 }, // U+0107
    { 14, 28, 224, 0, 22, 49, 9702 }, // U+0108
    { 14, 28, 224, 0, 22, 49, 9751 }, // U+0109
    { 14, 28, 224, 0, 22, 49, 9800 }, // U+010A
    { 14, 28, 224, 0, 22, 49, 9849 }, // U+010B
    { 14, 28, 224, 0, 22, 49, 9898 }, // U+010C
    { 14, 28, 224, 0, 22, 49, 9947 }, // U+010D
    { 14, 28, 224, 0, 22, 49, 9996 }, // U+010E
    { 14, 28, 224, 0, 22, 49, 10045 }, // U+010F
    { 14, 28, 224, 0, 22, 49, 10094 }, // U+0110
    { 14, 28, 224, 0, 22, 49, 10143 }, // U+0111
    { 14, 28, 224, 0, 22, 49, 10192 }, // U+0112
    { 14, 28, 224, 0, 22, 49, 10241 }, // U+0113
    { 14, 28, 224, 0, 22, 49, 10290 }, // U+0114
    { 14, 28, 224, 0, 22, 49, 10339 }, // U+0115
    { 14, 28, 224, 0, 22, 49, 10388 }, // U+0116
    { 14, 28, 224, 0, 22, 49, 10437 }, // U+0117
    { 14, 28, 224, 0, 22, 49, 10486 }, // U+0118
    { 14, 28, 224, 0, 22, 49, 10535 }, // U+0119
    { 14, 28, 224, 0, 22, 49, 10584 }, // U+011A
    { 14, 28, 224, 0, 22, 49, 10633 }, // U+011B
    { 14, 28, 224, 0, 22, 49, 10682 }, // U+011C
    { 14, 28, 224, 0, 22, 49, 10731 }, // U+011D
    { 14, 28, 224, 0, 22, 49, 10780 }, // U+011E
    { 14, 28, 224, 0, 22, 49, 10829 }, // U+011F
    { 14, 28, 224, 0, 22, 49, 10878 }, // U+0120
    { 14, 28, 224, 0, 22, 49, 10927 }, // U+0121
    { 14, 28, 224, 0, 22, 49, 10976 }, // U+0122
    { 14, 28, 224, 0, 22, 49, 11025 }, // U+0123
    { 14, 28, 224, 0, 22, 49, 11074 }, // U+0124
    { 14, 28, 224, 0, 22, 49, 11123 }, // U+0125
    { 14, 28, 224, 0, 22, 49, 11172 }, // U+0126
    { 14, 28, 224, 0, 22, 49, 11221 }, // U+0127
    { 14, 28, 224, 0, 22, 49, 11270 }, // U+0128
    { 14, 28, 224, 0, 22, 49, 11319 }, // U+0129
    { 14, 28, 224, 0, 22, 49, 11368 }, // U+012A
    { 14, 28, 224, 0, 22, 49, 11417 }, // U+012B
    { 14, 28, 224, 0, 22, 49, 11466 }, // U+012C
    { 14, 28, 224, 0, 22, 49, 11515 }, // U+012D
    { 14, 28, 224, 0, 22, 49, 11564 }, // U+012E
    { 14, 28, 224, 0, 22, 49, 11613 }, // U+012F
    { 14, 28, 224, 0, 22, 49, 11662 }, // U+0130
    { 14, 28, 224, 0, 22, 49, 11711 }, // U+0131
    { 14, 28, 224, 0, 22, 49, 11760 }, // U+0132
    { 14, 28, 224, 0, 22, 49, 11809 }, // U+0133
    { 14, 28, 224, 0, 22, 49, 11858 }, // U+0134
    { 14, 28, 224, 0, 22, 49, 11907 }, // U+0135
    { 14, 28, 224, 0, 22, 49, 11956 }, // U+0136
    { 14, 28, 224, 0, 22, 49, 12005 }, // U+0137
    { 14, 28, 224, 0, 22, 49, 12054 }, // U+0138
    { 14, 28, 224, 0, 22, 49, 12103 }, // U+0139
    { 14, 28, 224, 0, 22, 49, 12152 }, // U+013A
    { 14, 28, 224, 0, 22, 49, 12201 }, // U+013B
    { 14, 28, 224, 0, 22, 49, 12250 }, // U+013C
    { 14, 28, 224, 0, 22, 49, 12299 }, // U+013D
    { 14, 28, 224, 0, 22, 49, 12348 }, // U+013E
    { 14, 28, 224, 0, 22, 49, 12397 }, // U+013F
    { 14, 28, 224, 0, 22, 49, 12446 }, // U+0140
    { 14, 28, 224, 0, 22, 49, 12495 }, // U+0141
    { 14, 28, 224, 0, 22, 49, 12544 }, // U+0142
    { 14, 28, 224, 0, 22, 49, 12593 }, // U+0143
    { 14, 28, 224, 0, 22, 49, 12642 }, // U+0144
    { 14, 28, 224, 0, 22, 49, 12691 }, // U+0145
    { 14, 28, 224, 0, 22, 49, 12740 }, // U+0146
    { 14, 28, 224, 0, 22, 49, 12789 }, // U+0147
    { 14, 28, 224, 0, 22, 49, 12838 }, // U+0148
    { 14, 28, 224, 0, 22, 49, 12887 }, // U+0149
    { 14, 28, 224, 0, 22, 49, 12936 }, // U+014A
    { 14, 28, 224, 0, 22, 49, 12985 }, // U+014B
    { 14, 28, 224, 0, 22, 49, 13034 }, // U+014C
    { 14, 28, 224, 0, 22, 49, 13083 }, // U+014D
    { 14, 28, 224, 0, 22, 49, 13132 }, // U+014E
    { 14, 28, 224, 0, 22, 49, 13181 }, // U+014F
    { 14, 28, 224, 0, 22, 49, 13230 }, // U+0150
    { 14, 28, 224, 0, 22, 49, 13279 }, // U+0151
    { 14, 28, 224, 0, 22, 49, 13328 }, // U+0152
    { 14, 28, 224, 0, 22, 49, 13377 }, // U+0153
    { 14, 28, 224, 0, 22, 49, 13426 }, // U+0154
    { 14, 28, 224, 0, 22, 49, 13475 }, // U+0155
    { 14, 28, 224, 0, 22, 49, 13524 }, // U+0156
    { 14, 28, 224, 0, 22, 49, 13573 }, // U+0157
    { 14, 28, 224, 0, 22, 49, 13622 }, // U+0158
    { 14, 28, 224, 0, 22, 49, 13671 }, // U+0159
    { 14, 28, 224, 0, 22, 49, 13720 }, // U+015A
    { 14, 28, 224, 0, 22, 49, 13769 }, // U+015B
    { 14, 28, 224, 0, 22, 49, 13818 }, // U+015C
    { 14, 28, 224, 0, 22, 49, 13867 }, // U+015D
    { 14, 28, 224, 0, 22, 49, 13916 }, // U+015E
    { 14, 28, 224, 0, 22, 49, 13965 }, // U+015F
    { 14, 28, 224, 0, 22, 49, 14014 }, // U+0160
    { 14, 28, 224, 0, 22, 49, 14063 }, // U+0161
    { 14, 28, 224, 0, 22, 49, 14112 }, // U+0162
    { 14, 28, 224, 0, 22, 49, 14161 }, // U+0163
    { 14, 28, 224, 0, 22, 49, 14210 }, // U+0164
    { 14, 28, 224, 0, 22, 49, 14259 }, // U+0165
    { 14, 28, 224, 0, 22, 49, 14308 }, // U+0166
    { 14, 28, 224, 0, 22, 49, 14357 }, // U+0167
    { 14, 28, 224, 0, 22, 49, 14406 }, // U+0168
    { 14, 28, 224, 0, 22, 49, 14455 }, // U+0169
    { 14, 28, 224, 0, 22, 49, 14504 }, // U+016A
    { 14, 28, 224, 0, 22, 49, 14553 }, // U+016B
    { 14, 28, 224, 0, 22, 49, 14602 }, // U+016C
    { 14, 28, 224, 0, 22, 49, 14651 }, // U+016D
    { 14, 28, 224, 0, 22, 49, 14700 }, // U+016E
    { 14, 28, 224, 0, 22, 49, 14749 }, // U+016F
    { 14, 28, 224, 0, 22, 49, 14798 }, // U+0170
    { 14, 28, 224, 0, 22, 49, 14847 }, // U+0171
    { 14, 28, 224, 0, 22, 49, 14896 }, // U+0172
    { 14, 28, 224, 0, 22, 49, 14945 }, // U+0173
    { 14, 28, 224, 0, 22, 49, 14994 }, // U+0174
    { 14, 28, 224, 0, 22, 49, 15043 }, // U+0175
    { 14, 28, 224, 0, 22, 49, 15092 }, // U+0176
    { 14, 28, 224, 0, 22, 49, 15141 }, // U+0177
    { 14, 28, 224, 0, 22, 49, 15190 }, // U+0178
    { 14, 28, 224, 0, 22, 49, 15239 }, // U+0179
    { 14, 28, 224, 0, 22, 49, 15288 }, // U+017A
    { 14, 28, 224, 0, 22, 49, 15337 }, // U+017B
    { 14, 28, 224, 0, 22, 49, 15386 }, // U+017C
    { 14, 28, 224, 0, 22, 49, 15435 }, // U+017D
    { 14, 28, 224, 0, 22, 49, 15484 }, // U+017E
    { 14, 28, 224, 0, 22, 49, 15533 }, // U+017F
    { 16, 19, 257, 0, 18, 38, 15582 }, // U+01A0
    { 13, 15, 202, 0, 14, 25, 15620 }, // U+01A1
    { 15, 19, 241, 1, 18, 36, 15645 }, // U+01AF
    { 13, 15, 219, 1, 14, 25, 15681 }, // U+01B0
    { 25, 16, 426, 1, 16, 50, 15706 }, // U+01C5
    { 24, 17, 395, 0, 16, 51, 15756 }, // U+01C6
    { 22, 17, 381, 1, 16, 47, 15807 }, // U+01C7
    { 16, 21, 276, 1, 16, 42, 15854 }, // U+01C8
    { 9, 21, 177, 1, 16, 24, 15896 }, // U+01C9
    { 26, 17, 444, 1, 16, 56, 15920 }, // U+01CA
    { 20, 21, 340, 1, 16, 53, 15976 }, // U+01CB
    { 17, 21, 293, 1, 16, 45, 16029 }, // U+01CC
    { 14, 28, 224, 0, 22, 49, 16074 }, // U+01CD
    { 14, 28, 224, 0, 22, 49, 16123 }, // U+01CE
    { 14, 28, 224, 0, 22, 49, 16172 }, // U+01CF
    { 14, 28, 224, 0, 22, 49, 16221 }, // U+01D0
    { 14, 28, 224, 0, 22, 49, 16270 }, // U+01D1
    { 14, 28, 224, 0, 22, 49, 16319 }, // U+01D2
    { 14, 28, 224, 0, 22, 49, 16368 }, // U+01D3
    { 14, 28, 224, 0, 22, 49, 16417 }, // U+01D4
    { 13, 24, 242, 1, 23, 39, 16466 }, // U+01D5
    { 11, 20, 205, 1, 19, 28, 16505 }, // U+01D6
    { 13, 25, 242, 1, 24, 41, 16533 }, // U+01D7
    { 11, 21, 205, 1, 20, 29, 16574 }, // U+01D8
    { 13, 25, 242, 1, 24, 41, 16603 }, // U+01D9
    { 11, 21, 205, 1, 20, 29, 16644 }, // U+01DA
    { 13, 25, 242, 1, 24, 41, 16673 }, // U+01DB
    { 11, 21, 205, 1, 20, 29, 16714 }, // U+01DC
    { 12, 13, 196, 0, 12, 20, 16743 }, // U+01DD
    { 15, 23, 246, 0, 23, 44, 16763 }, // U+01DE
    { 11, 20, 191, 0, 19, 28, 16807 }, // U+01DF
    { 15, 23, 246, 0, 23, 44, 16835 }, // U+01E0
    { 11, 20, 191, 0, 19, 28, 16879 }, // U+01E1
    { 14, 28, 224, 0, 22, 49, 16907 }, // U+01E2
    { 14, 28, 224, 0, 22, 49, 16956 }, // U+01E3
    { 14, 28, 224, 0, 22, 49, 17005 }, // U+01E4
    { 14, 28, 224, 0, 22, 49, 17054 }, // U+01E5
    { 14, 28, 224, 0, 22, 49, 17103 }, // U+01E6
    { 14, 28, 224, 0, 22, 49, 17152 }, // U+01E7
    { 14, 28, 224, 0, 22, 49, 17201 }, // U+01E8
    { 14, 28, 224, 0, 22, 49, 17250 }, // U+01E9
    { 14, 28, 224, 0, 22, 49, 17299 }, // U+01EA
    { 14, 28, 224, 0, 22, 49, 17348 }, // U+01EB
    { 14, 28, 224, 0, 22, 49, 17397 }, // U+01EC
    { 14, 28, 224, 0, 22, 49, 17446 }, // U+01ED
    { 14, 28, 224, 0, 22, 49, 17495 }, // U+01EE
    { 14, 28, 224, 0, 22, 49, 17544 }, // U+01EF
    { 14, 28, 224, 0, 22, 49, 17593 }, // U+01F0
    { 27, 16, 458, 1, 16, 54, 17642 }, // U+01F1
    { 25, 16, 426, 1, 16, 50, 17696 }, // U+01F2
    { 24, 17, 395, 0, 16, 51, 17746 }, // U+01F3
    { 14, 28, 224, 0, 22, 49, 17797 }, // U+01F4
    { 14, 28, 224, 0, 22, 49, 17846 }, // U+01F5
    { 21, 17, 370, 1, 16, 45, 17895 }, // U+01F6
    { 13, 21, 244, 1, 16, 35, 17940 }, // U+01F7
    { 14, 20, 251, 1, 20, 35, 17975 }, // U+01F8
    { 11, 16, 205, 1, 16, 22, 18010 }, // U+01F9
    { 15, 24, 246, 0, 24, 45, 18032 }, // U+01FA
    { 11, 21, 191, 0, 20, 29, 18077 }, // U+01FB
    { 14, 28, 224, 0, 22, 49, 18106 }, // U+01FC
    { 14, 28, 224, 0, 22, 49, 18155 }, // U+01FD
    { 14, 28, 224, 0, 22, 49, 18204 }, // U+01FE
    { 14, 28, 224, 0, 22, 49, 18253 }, // U+01FF
    { 15, 20, 246, 0, 20, 38, 18302 }, // U+0200
    { 11, 17, 191, 0, 16, 24, 18340 }, // U+0201
    { 15, 20, 246, 0, 20, 38, 18364 }, // U+0202
    { 11, 17, 191, 0, 16, 24, 18402 }, // U+0203
    { 11, 20, 202, 1, 20, 28, 18426 }, // U+0204
    { 12, 17, 196, 0, 16, 26, 18454 }, // U+0205
    { 11, 20, 202, 1, 20, 28, 18480 }, // U+0206
    { 12, 17, 196, 0, 16, 26, 18508 }, // U+0207
    { 9, 20, 92, -3, 20, 23, 18534 }, // U+0208
    { 9, 16, 89, -3, 16, 18, 18557 }, // U+0209
    { 8, 20, 92, -1, 20, 20, 18575 }, // U+020A
    { 8, 16, 89, -1, 16, 16, 18595 }, // U+020B
    { 16, 21, 255, 0, 20, 42, 18611 }, // U+020C
    { 12, 17, 202, 0, 16, 26, 18653 }, // U+020D
    { 16, 21, 255, 0, 20, 42, 18679 }, // U+020E
    { 12, 17, 202, 0, 16, 26, 18721 }, // U+020F
    { 13, 20, 218, 1, 20, 33, 18747 }, // U+0210
    { 9, 16, 133, -1, 16, 18, 18780 }, // U+0211
    { 13, 20, 218, 1, 20, 33, 18798 }, // U+0212
    { 8, 16, 133, 1, 16, 16, 18831 }, // U+0213
    { 13, 21, 242, 1, 20, 35, 18847 }, // U+0214
    { 11, 17, 205, 1, 16, 24, 18882 }, // U+0215
    { 13, 21, 242, 1, 20, 35, 18906 }, // U+0216
    { 11, 17, 205, 1, 16, 24, 18941 }, // U+0217
    { 14, 28, 224, 0, 22, 49, 18965 }, // U+0218
    { 14, 28, 224, 0, 22, 49, 19014 }, // U+0219
    { 14, 28, 224, 0, 22, 49, 19063 }, // U+021A
    { 14, 28, 224, 0, 22, 49, 19112 }, // U+021B
    { 12, 21, 221, 1, 16, 32, 19161 }, // U+021C
    { 10, 17, 190, 1, 12, 22, 19193 }, // U+021D
    { 14, 20, 247, 1, 20, 35, 19215 }, // U+021E
    { 14, 20, 205, -2, 20, 35, 19250 }, // U+021F
    { 14, 28, 224, 0, 22, 49, 19285 }, // U+0300
    { 14, 28, 224, 0, 22, 49, 19334 }, // U+0301
    { 14, 28, 224, 0, 22, 49, 19383 }, // U+0302
    { 14, 28, 224, 0, 22, 49, 19432 }, // U+0303
    { 14, 28, 224, 0, 22, 49, 19481 }, // U+0304
    { 14, 28, 224, 0, 22, 49, 19530 }, // U+0305
    { 14, 28, 224, 0, 22, 49, 19579 }, // U+0306
    { 14, 28, 224, 0, 22, 49, 19628 }, // U+0307
    { 14, 28, 224, 0, 22, 49, 19677 }, // U+0308
    { 4, 4, 0, 1, 16, 2, 19726 }, // U+0309
    { 14, 28, 224, 0, 22, 49, 19728 }, // U+030A
    { 14, 28, 224, 0, 22, 49, 19777 }, // U+030B
    { 14, 28, 224, 0, 22, 49, 19826 }, // U+030C
    { 9, 4, 0, 1, 16, 5, 19875 }, // U+030F
    { 5, 7, 0, 4, 10, 5, 19880 }, // U+0313
    { 5, 7, 0, 4, 10, 5, 19885 }, // U+0315
    { 4, 6, 0, -5, 16, 3, 19890 }, // U+031B
    { 4, 4, 94, 1, -1, 2, 19893 }, // U+0323
    { 4, 5, 0, -9, -1, 3, 19895 }, // U+0326
    { 5, 6, 0, 2, 1, 4, 19898 }, // U+0327
    { 6, 6, 0, 0, 1, 5, 19902 }, // U+0328
    { 14, 28, 224, 0, 22, 49, 19907 }, // U+0329
    { 9, 4, 0, 0, -1, 5, 19956 }, // U+032C
    { 9, 15, 0, -11, 13, 17, 19961 }, // U+0337
    { 13, 17, 0, -13, 16, 28, 19978 }, // U+0338
    { 8, 4, 0, -11, 16, 4, 20006 }, // U+0342
    { 5, 4, 0, 0, 13, 3, 20010 }, // U+0343
    { 9, 5, 0, -11, 17, 6, 20013 }, // U+0346
    { 8, 6, 0, -10, -2, 6, 20019 }, // U+0347
    { 6, 6, 0, -9, 0, 5, 20025 }, // U+0348
    { 5, 5, 0, -9, -1, 4, 20030 }, // U+0349
    { 9, 6, 0, -11, 17, 7, 20034 }, // U+034A
    { 9, 10, 0, -11, 21, 12, 20041 }, // U+034B
    { 9, 6, 0, -11, 18, 7, 20053 }, // U+034C
    { 11, 5, 0, -12, -1, 7, 20060 }, // U+034D
    { 5, 6, 0, -9, 0, 4, 20067 }, // U+034E
    { 0, 0, 0, 0, 0, 0, 20071 }, // U+034F
    { 9, 9, 0, -10, 21, 11, 20071 }, // U+0350
    { 3, 5, 0, -8, 16, 2, 20082 }, // U+0351
    { 8, 8, 0, -11, 19, 8, 20084 }, // U+0352
    { 6, 6, 0, -9, 0, 5, 20092 }, // U+0353
    { 6, 6, 0, -9, 0, 5, 20097 }, // U+0354
    { 7, 6, 0, -10, 0, 6, 20102 }, // U+0355
    { 12, 6, 0, -11, 0, 9, 20108 }, // U+0356
    { 4, 6, 0, 0, 18, 3, 20117 }, // U+0357
    { 4, 4, 0, 1, 16, 2, 20120 }, // U+0358
    { 5, 6, 0, -9, 0, 4, 20122 }, // U+0359
    { 9, 5, 0, -11, 0, 6, 20126 }, // U+035A
    { 5, 5, 0, -9, 17, 4, 20132 }, // U+035B
    { 16, 5, 0, -9, 0, 10, 20136 }, // U+035C
    { 17, 5, 0, -9, 16, 11, 20146 }, // U+035D
    { 13, 3, 0, -13, 16, 5, 20157 }, // U+035E
    { 13, 3, 0, -13, -1, 5, 20162 }, // U+035F
    { 22, 4, 0, -12, 16, 11, 20167 }, // U+0360
    { 17, 5, 0, -9, 16, 11, 20178 }, // U+0361
    { 19, 5, 0, -9, -1, 12, 20189 }, // U+0362
    { 7, 6, 0, -10, 18, 6, 20201 }, // U+0363
    { 7, 6, 0, -10, 18, 6, 20207 }, // U+0364
    { 3, 9, 0, -8, 21, 4, 20213 }, // U+0365
    { 7, 6, 0, -10, 18, 6, 20217 }, // U+0366
    { 7, 6, 0, -10, 18, 6, 20223 }, // U+0367
    { 6, 6, 0, -10, 18, 5, 20229 }, // U+0368
    { 7, 9, 0, -10, 21, 8, 20234 }, // U+0369
    { 7, 9, 0, -10, 21, 8, 20242 }, // U+036A
    { 9, 6, 0, -11, 18, 7, 20250 }, // U+036B
    { 4, 6, 0, -8, 18, 3, 20257 }, // U+036C
    { 4, 8, 0, 0, 20, 4, 20260 }, // U+036D
    { 7, 6, 0, -10, 18, 6, 20264 }, // U+036E
    { 7, 6, 0, -10, 18, 6, 20270 }, // U+036F
    { 14, 28, 224, 0, 22, 49, 20276 }, // U+0400
    { 14, 28, 224, 0, 22, 49, 20325 }, // U+0401
    { 14, 28, 224, 0, 22, 49, 20374 }, // U+0402
    { 14, 28, 224, 0, 22, 49, 20423 }, // U+0403
    { 14, 28, 224, 0, 22, 49, 20472 }, // U+0404
    { 14, 28, 224, 0, 22, 49, 20521 }, // U+0405
    { 14, 28, 224, 0, 22, 49, 20570 }, // U+0406
    { 14, 28, 224, 0, 22, 49, 20619 }, // U+0407
    { 14, 28, 224, 0, 22, 49, 20668 }, // U+0408
    { 14, 28, 224, 0, 22, 49, 20717 }, // U+0409
    { 14, 28, 224, 0, 22, 49, 20766 }, // U+040A
    { 14, 28, 224, 0, 22, 49, 20815 }, // U+040B
    { 14, 28, 224, 0, 22, 49, 20864 }, // U+040C
    { 14, 28, 224, 0, 22, 49, 20913 }, // U+040D
    { 14, 28, 224, 0, 22, 49, 20962 }, // U+040E
    { 14, 28, 224, 0, 22, 49, 21011 }, // U+040F
    { 14, 28, 224, 0, 22, 49, 21060 }, // U+0410
    { 14, 28, 224, 0, 22, 49, 21109 }, // U+0411
    { 14, 28, 224, 0, 22, 49, 21158 }, // U+0412
    { 14, 28, 224, 0, 22, 49, 21207 }, // U+0413
    { 14, 28, 224, 0, 22, 49, 21256 }, // U+0414
    { 14, 28, 224, 0, 22, 49, 21305 }, // U+0415
    { 14, 28, 224, 0, 22, 49, 21354 }, // U+0416
    { 14, 28, 224, 0, 22, 49, 21403 }, // U+0417
    { 14, 28, 224, 0, 22, 49, 21452 }, // U+0418
    { 14, 28, 224, 0, 22, 49, 21501 }, // U+0419
    { 14, 28, 224, 0, 22, 49, 21550 }, // U+041A
    { 14, 28, 224, 0, 22, 49, 21599 }, // U+041B
    { 14, 28, 224, 0, 22, 49, 21648 }, // U+041C
    { 14, 28, 224, 0, 22, 49, 21697 }, // U+041D
    { 14, 28, 224, 0, 22, 49, 21746 }, // U+041E
    { 14, 28, 224, 0, 22, 49, 21795 }, // U+041F
    { 14, 28, 224, 0, 22, 49, 21844 }, // U+0420
    { 14, 28, 224, 0, 22, 49, 21893 }, // U+0421
    { 14, 28, 224, 0, 22, 49, 21942 }, // U+0422
    { 14, 28, 224, 0, 22, 49, 21991 }, // U+0423
    { 14, 28, 224, 0, 22, 49, 22040 }, // U+0424
    { 14, 28, 224, 0, 22, 49, 22089 }, // U+0425
    { 14, 28, 224, 0, 22, 49, 22138 }, // U+0426
    { 14, 28, 224, 0, 22, 49, 22187 }, // U+0427
    { 14, 28, 224, 0, 22, 49, 22236 }, // U+0428
    { 14, 28, 224, 0, 22, 49, 22285 }, // U+0429
    { 14, 28, 224, 0, 22, 49, 22334 }, // U+042A
    { 14, 28, 224, 0, 22, 49, 22383 }, // U+042B
    { 14, 28, 224, 0, 22, 49, 22432 }, // U+042C
    { 14, 28, 224, 0, 22, 49, 22481 }, // U+042D
    { 14, 28, 224, 0, 22, 49, 22530 }, // U+042E
    { 14, 28, 224, 0, 22, 49, 22579 }, // U+042F
    { 14, 28, 224, 0, 22, 49, 22628 }, // U+0430
    { 14, 28, 224, 0, 22, 49, 22677 }, // U+0431
    { 14, 28, 224, 0, 22, 49, 22726 }, // U+0432
    { 14, 28, 224, 0, 22, 49, 22775 }, // U+0433
    { 14, 28, 224, 0, 22, 49, 22824 }, // U+0434
    { 14, 28, 224, 0, 22, 49, 22873 }, // U+0435
    { 14, 28, 224, 0, 22, 49, 22922 }, // U+0436
    { 14, 28, 224, 0, 22, 49, 22971 }, // U+0437
    { 14, 28, 224, 0, 22, 49, 23020 }, // U+0438
    { 14, 28, 224, 0, 22, 49, 23069 }, // U+0439
    { 14, 28, 224, 0, 22, 49, 23118 }, // U+043A
    { 14, 28, 224, 0, 22, 49, 23167 }, // U+043B
    { 14, 28, 224, 0, 22, 49, 23216 }, // U+043C
    { 14, 28, 224, 0, 22, 49, 23265 }, // U+043D
    { 14, 28, 224, 0, 22, 49, 23314 }, // U+043E
    { 14, 28, 224, 0, 22, 49, 23363 }, // U+043F
    { 14, 28, 224, 0, 22, 49, 23412 }, // U+0440
    { 14, 28, 224, 0, 22, 49, 23461 }, // U+0441
    { 14, 28, 224, 0, 22, 49, 23510 }, // U+0442
    { 14, 28, 224, 0, 22, 49, 23559 }, // U+0443
    { 14, 28, 224, 0, 22, 49, 23608 }, // U+0444
    { 14, 28, 224, 0, 22, 49, 23657 }, // U+0445
    { 14, 28, 224, 0, 22, 49, 23706 }, // U+0446
    { 14, 28, 224, 0, 22, 49, 23755 }, // U+0447
    { 14, 28, 224, 0, 22, 49, 23804 }, // U+0448
    { 14, 28, 224, 0, 22, 49, 23853 }, // U+0449
    { 14, 28, 224, 0, 22, 49, 23902 }, // U+044A
    { 14, 28, 224, 0, 22, 49, 23951 }, // U+044B
    { 14, 28, 224, 0, 22, 49, 24000 }, // U+044C
    { 14, 28, 224, 0, 22, 49, 24049 }, // U+044D
    { 14, 28, 224, 0, 22, 49, 24098 }, // U+044E
    { 14, 28, 224, 0, 22, 49, 24147 }, // U+044F
    { 14, 28, 224, 0, 22, 49, 24196 }, // U+0450
    { 14, 28, 224, 0, 22, 49, 24245 }, // U+0451
    { 14, 28, 224, 0, 22, 49, 24294 }, // U+0452
    { 14, 28, 224, 0, 22, 49, 24343 }, // U+0453
    { 14, 28, 224, 0, 22, 49, 24392 }, // U+0454
    { 14, 28, 224, 0, 22, 49, 24441 }, // U+0455
    { 14, 28, 224, 0, 22, 49, 24490 }, // U+0456
    { 14, 28, 224, 0, 22, 49, 24539 }, // U+0457
    { 14, 28, 224, 0, 22, 49, 24588 }, // U+0458
    { 14, 28, 224, 0, 22, 49, 24637 }, // U+0459
    { 14, 28, 224, 0, 22, 49, 24686 }, // U+045A
    { 14, 28, 224, 0, 22, 49, 24735 }, // U+045B
    { 14, 28, 224, 0, 22, 49, 24784 }, // U+045C
    { 14, 28, 224, 0, 22, 49, 24833 }, // U+045D
    { 14, 28, 224, 0, 22, 49, 24882 }, // U+045E
    { 14, 28, 224, 0, 22, 49, 24931 }, // U+045F
    { 18, 17, 324, 1, 16, 39, 24980 }, // U+0460
    { 16, 13, 292, 1, 12, 26, 25019 }, // U+0461
    { 14, 28, 224, 0, 22, 49, 25045 }, // U+0462
    { 14, 28, 224, 0, 22, 49, 25094 }, // U+0463
    { 19, 17, 332, 1, 16, 41, 25143 }, // U+0464
    { 16, 13, 274, 1, 12, 26, 25184 }, // U+0465
    { 15, 16, 246, 0, 16, 30, 25210 }, // U+0466
    { 12, 12, 195, 0, 12, 18, 25240 }, // U+0467
    { 20, 16, 329, 1, 16, 40, 25258 }, // U+0468
    { 16, 12, 276, 1, 12, 24, 25298 }, // U+0469
    { 14, 28, 224, 0, 22, 49, 25322 }, // U+046A
    { 14, 28, 224, 0, 22, 49, 25371 }, // U+046B
    { 23, 16, 393, 1, 16, 46, 25420 }, // U+046C
    { 20, 12, 338, 1, 12, 30, 25466 }, // U+046D
    { 10, 25, 188, 1, 20, 32, 25496 }, // U+046E
    { 10, 21, 179, 0, 16, 27, 25528 }, // U+046F
    { 17, 16, 296, 1, 16, 34, 25555 }, // U+0470
    { 15, 19, 275, 1, 14, 36, 25589 }, // U+0471
    { 16, 17, 255, 0, 16, 34, 25625 }, // U+0472
    { 12, 13, 202, 0, 12, 20, 25659 }, // U+0473
    { 16, 16, 250, 0, 16, 32, 25679 }, // U+0474
    { 13, 12, 203, 0, 12, 20, 25711 }, // U+0475
    { 16, 20, 250, 0, 20, 40, 25731 }, // U+0476
    { 13, 16, 203, 0, 16, 26, 25771 }, // U+0477
    { 28, 21, 452, 0, 16, 74, 25797 }, // U+0478
    { 25, 17, 393, 0, 12, 54, 25871 }, // U+0479
    { 14, 16, 238, 0, 16, 28, 25925 }, // U+0480
    { 12, 16, 193, 0, 12, 24, 25953 }, // U+0481
    { 12, 14, 221, 1, 14, 21, 25977 }, // U+0482
    { 9, 4, 0, -11, 16, 5, 25998 }, // U+0483
    { 8, 3, 0, -10, 16, 3, 26003 }, // U+0484
    { 3, 4, 0, -7, 17, 2, 26006 }, // U+0485
    { 3, 4, 0, -7, 17, 2, 26008 }, // U+0486
    { 9, 3, 0, -11, 16, 4, 26010 }, // U+0487
    { 21, 19, 0, -17, 15, 50, 26014 }, // U+0488
    { 20, 21, 0, -16, 16, 53, 26064 }, // U+0489
    { 15, 24, 251, 1, 20, 45, 26117 }, // U+048A
    { 13, 20, 206, 1, 16, 33, 26162 }, // U+048B
    { 14, 16, 236, 0, 16, 28, 26195 }, // U+048C
    { 13, 14, 212, 0, 14, 23, 26223 }, // U+048D
    { 12, 16, 218, 1, 16, 24, 26246 }, // U+048E
    { 12, 17, 202, 1, 12, 26, 26270 }, // U+048F
    { 14, 28, 224, 0, 22, 49, 26296 }, // U+0490
    { 14, 28, 224, 0, 22, 49, 26345 }, // U+0491
    { 14, 28, 224, 0, 22, 49, 26394 }, // U+0492
    { 14, 28, 224, 0, 22, 49, 26443 }, // U+0493
    { 14, 28, 224, 0, 22, 49, 26492 }, // U+0494
    { 14, 28, 224, 0, 22, 49, 26541 }, // U+0495
    { 14, 28, 224, 0, 22, 49, 26590 }, // U+0496
    { 14, 28, 224, 0, 22, 49, 26639 }, // U+0497
    { 14, 28, 224, 0, 22, 49, 26688 }, // U+0498
    { 14, 28, 224, 0, 22, 49, 26737 }, // U+0499
    { 14, 28, 224, 0, 22, 49, 26786 }, // U+049A
    { 14, 28, 224, 0, 22, 49, 26835 }, // U+049B
    { 14, 28, 224, 0, 22, 49, 26884 }, // U+049C
    { 14, 28, 224, 0, 22, 49, 26933 }, // U+049D
    { 14, 28, 224, 0, 22, 49, 26982 }, // U+04A0
    { 14, 28, 224, 0, 22, 49, 27031 }, // U+04A1
    { 14, 28, 224, 0, 22, 49, 27080 }, // U+04A2
    { 14, 28, 224, 0, 22, 49, 27129 }, // U+04A3
    { 14, 28, 224, 0, 22, 49, 27178 }, // U+04A4
    { 14, 28, 224, 0, 22, 49, 27227 }, // U+04A5
    { 22, 18, 373, 1, 16, 50, 27276 }, // U+04A6
    { 18, 16, 312, 1, 12, 36, 27326 }, // U+04A7
    { 22, 17, 347, 0, 16, 47, 27362 }, // U+04A8
    { 17, 13, 278, 0, 12, 28, 27409 }, // U+04A9
    { 14, 28, 224, 0, 22, 49, 27437 }, // U+04AA
    { 14, 28, 224, 0, 22, 49, 27486 }, // U+04AB
    { 14, 20, 220, 0, 16, 35, 27535 }, // U+04AC
    { 11, 16, 170, 0, 12, 22, 27570 }, // U+04AD
    { 14, 28, 224, 0, 22, 49, 27592 }, // U+04AE
    { 14, 28, 224, 0, 22, 49, 27641 }, // U+04AF
    { 14, 28, 224, 0, 22, 49, 27690 }, // U+04B0
    { 14, 28, 224, 0, 22, 49, 27739 }, // U+04B1
    { 14, 28, 224, 0, 22, 49, 27788 }, // U+04B2
    { 14, 28, 224, 0, 22, 49, 27837 }, // U+04B3
    { 20, 20, 316, 0, 16, 50, 27886 }, // U+04B4
    { 15, 16, 236, 0, 12, 30, 27936 }, // U+04B5
    { 14, 28, 224, 0, 22, 49, 27966 }, // U+04B6
    { 14, 28, 224, 0, 22, 49, 28015 }, // U+04B7
    { 14, 28, 224, 0, 22, 49, 28064 }, // U+04B8
    { 14, 28, 224, 0, 22, 49, 28113 }, // U+04B9
    { 14, 28, 224, 0, 22, 49, 28162 }, // U+04BA
    { 14, 28, 224, 0, 22, 49, 28211 }, // U+04BB
    { 18, 17, 296, 0, 16, 39, 28260 }, // U+04BC
    { 15, 13, 249, 0, 12, 25, 28299 }, // U+04BD
    { 18, 20, 296, 0, 16, 45, 28324 }, // U+04BE
    { 15, 17, 249, 0, 12, 32, 28369 }, // U+04BF
    { 14, 28, 224, 0, 22, 49, 28401 }, // U+04C0
    { 14, 28, 224, 0, 22, 49, 28450 }, // U+04C1
    { 14, 28, 224, 0, 22, 49, 28499 }, // U+04C2
    { 13, 20, 230, 1, 16, 33, 28548 }, // U+04C3
    { 11, 16, 205, 1, 12, 22, 28581 }, // U+04C4
    { 17, 20, 248, 0, 16, 43, 28603 }, // U+04C5
    { 14, 16, 200, 0, 12, 28, 28646 }, // U+04C6
    { 14, 21, 247, 1, 16, 37, 28674 }, // U+04C7
    { 11, 17, 205, 1, 12, 24, 28711 }, // U+04C8
    { 16, 20, 247, 1, 16, 40, 28735 }, // U+04C9
    { 13, 16, 205, 1, 12, 26, 28775 }, // U+04CA
    { 14, 20, 243, 1, 16, 35, 28801 }, // U+04CB
    { 12, 16, 208, 1, 12, 24, 28836 }, // U+04CC
    { 19, 20, 308, 1, 16, 48, 28860 }, // U+04CD
    { 17, 16, 268, 1, 12, 34, 28908 }, // U+04CE
    { 14, 28, 224, 0, 22, 49, 28942 }, // U+04CF
    { 14, 28, 224, 0, 22, 49, 28991 }, // U+04D0
    { 14, 28, 224, 0, 22, 49, 29040 }, // U+04D1
    { 14, 28, 224, 0, 22, 49, 29089 }, // U+04D2
    { 14, 28, 224, 0, 22, 49, 29138 }, // U+04D3
    { 14, 28, 224, 0, 22, 49, 29187 }, // U+04D4
    { 14, 28, 224, 0, 22, 49, 29236 }, // U+04D5
    { 14, 28, 224, 0, 22, 49, 29285 }, // U+04D6
    { 14, 28, 224, 0, 22, 49, 29334 }, // U+04D7
    { 14, 28, 224, 0, 22, 49, 29383 }, // U+04D8
    { 14, 28, 224, 0, 22, 49, 29432 }, // U+04D9
    { 14, 28, 224, 0, 22, 49, 29481 }, // U+04DA
    { 14, 28, 224, 0, 22, 49, 29530 }, // U+04DB
    { 14, 28, 224, 0, 22, 49, 29579 }, // U+04DC
    { 14, 28, 224, 0, 22, 49, 29628 }, // U+04DD
    { 14, 28, 224, 0, 22, 49, 29677 }, // U+04DE
    { 14, 28, 224, 0, 22, 49, 29726 }, // U+04DF
    { 13, 17, 213, 0, 16, 28, 29775 }, // U+04E0
    { 13, 17, 213, 0, 12, 28, 29803 }, // U+04E1
    { 14, 28, 224, 0, 22, 49, 29831 }, // U+04E2
    { 14, 28, 224, 0, 22, 49, 29880 }, // U+04E3
    { 14, 28, 224, 0, 22, 49, 29929 }, // U+04E4
    { 14, 28, 224, 0, 22, 49, 29978 }, // U+04E5
    { 14, 28, 224, 0, 22, 49, 30027 }, // U+04E6
    { 14, 28, 224, 0, 22, 49, 30076 }, // U+04E7
    { 14, 28, 224, 0, 22, 49, 30125 }, // U+04E8
    { 14, 28, 224, 0, 22, 49, 30174 }, // U+04E9
    { 14, 28, 224, 0, 22, 49, 30223 }, // U+04EA
    { 14, 28, 224, 0, 22, 49, 30272 }, // U+04EB
    { 14, 28, 224, 0, 22, 49, 30321 }, // U+04EC
    { 14, 28, 224, 0, 22, 49, 30370 }, // U+04ED
    { 14, 28, 224, 0, 22, 49, 30419 }, // U+04EE
    { 14, 28, 224, 0, 22, 49, 30468 }, // U+04EF
    { 14, 28, 224, 0, 22, 49, 30517 }, // U+04F0
    { 14, 28, 224, 0, 22, 49, 30566 }, // U+04F1
    { 14, 28, 224, 0, 22, 49, 30615 }, // U+04F2
    { 14, 28, 224, 0, 22, 49, 30664 }, // U+04F3
    { 14, 28, 224, 0, 22, 49, 30713 }, // U+04F4
    { 14, 28, 224, 0, 22, 49, 30762 }, // U+04F5
    { 11, 20, 192, 1, 16, 28, 30811 }, // U+04F6
    { 8, 16, 150, 1, 12, 16, 30839 }, // U+04F7
    { 14, 28, 224, 0, 22, 49, 30855 }, // U+04F8
    { 14, 28, 224, 0, 22, 49, 30904 }, // U+04F9
    { 13, 21, 205, 0, 16, 35, 30953 }, // U+04FA
    { 10, 17, 150, -1, 12, 22, 30988 }, // U+04FB
    { 16, 21, 261, 0, 16, 42, 31010 }, // U+04FC
    { 11, 17, 179, 0, 12, 24, 31052 }, // U+04FD
    { 15, 16, 243, 0, 16, 30, 31076 }, // U+04FE
    { 12, 12, 190, 0, 12, 18, 31106 }, // U+04FF
    { 15, 21, 246, 0, 16, 40, 31124 }, // U+1EA0
    { 11, 17, 191, 0, 12, 24, 31164 }, // U+1EA1
    { 15, 20, 246, 0, 20, 38, 31188 }, // U+1EA2
    { 11, 17, 191, 0, 16, 24, 31226 }, // U+1EA3
    { 15, 24, 246, 0, 24, 45, 31250 }, // U+1EA4
    { 12, 21, 191, 0, 20, 32, 31295 }, // U+1EA5
    { 15, 24, 246, 0, 24, 45, 31327 }, // U+1EA6
    { 11, 21, 191, 0, 20, 29, 31372 }, // U+1EA7
    { 15, 24, 246, 0, 24, 45, 31401 }, // U+1EA8
    { 11, 21, 191, 0, 20, 29, 31446 }, // U+1EA9
    { 15, 23, 246, 0, 23, 44, 31475 }, // U+1EAA
    { 11, 20, 191, 0, 19, 28, 31519 }, // U+1EAB
    { 15, 25, 246, 0, 20, 47, 31547 }, // U+1EAC
    { 11, 21, 191, 0, 16, 29, 31594 }, // U+1EAD
    { 15, 24, 246, 0, 24, 45, 31623 }, // U+1EAE
    { 11, 21, 191, 0, 20, 29, 31668 }, // U+1EAF
    { 15, 24, 246, 0, 24, 45, 31697 }, // U+1EB0
    { 11, 21, 191, 0, 20, 29, 31742 }, // U+1EB1
    { 15, 24, 246, 0, 24, 45, 31771 }, // U+1EB2
    { 11, 21, 191, 0, 20, 29, 31816 }, // U+1EB3
    { 15, 23, 246, 0, 23, 44, 31845 }, // U+1EB4
    { 11, 20, 191, 0, 19, 28, 31889 }, // U+1EB5
    { 15, 25, 246, 0, 20, 47, 31917 }, // U+1EB6
    { 11, 21, 191, 0, 16, 29, 31964 }, // U+1EB7
    { 14, 28, 224, 0, 22, 49, 31993 }, // U+1EB8
    { 14, 28, 224, 0, 22, 49, 32042 }, // U+1EB9
    { 11, 20, 202, 1, 20, 28, 32091 }, // U+1EBA
    { 12, 17, 196, 0, 16, 26, 32119 }, // U+1EBB
    { 14, 28, 224, 0, 22, 49, 32145 }, // U+1EBC
    { 14, 28, 224, 0, 22, 49, 32194 }, // U+1EBD
    { 11, 24, 202, 1, 24, 33, 32243 }, // U+1EBE
    { 12, 21, 196, 0, 20, 32, 32276 }, // U+1EBF
    { 11, 24, 202, 1, 24, 33, 32308 }, // U+1EC0
    { 12, 21, 196, 0, 20, 32, 32341 }, // U+1EC1
    { 11, 24, 202, 1, 24, 33, 32373 }, // U+1EC2
    { 12, 21, 196, 0, 20, 32, 32406 }, // U+1EC3
    { 11, 23, 202, 1, 23, 32, 32438 }, // U+1EC4
    { 12, 20, 196, 0, 19, 30, 32470 }, // U+1EC5
    { 11, 25, 202, 1, 20, 35, 32500 }, // U+1EC6
    { 12, 21, 196, 0, 16, 32, 32535 }, // U+1EC7
    { 5, 20, 92, 0, 20, 13, 32567 }, // U+1EC8
    { 5, 16, 89, 0, 16, 10, 32580 }, // U+1EC9
    { 14, 28, 224, 0, 22, 49, 32590 }, // U+1ECA
    { 14, 28, 224, 0, 22, 49, 32639 }, // U+1ECB
    { 14, 28, 224, 0, 22, 49, 32688 }, // U+1ECC
    { 14, 28, 224, 0, 22, 49, 32737 }, // U+1ECD
    { 16, 21, 255, 0, 20, 42, 32786 }, // U+1ECE
    { 12, 17, 202, 0, 16, 26, 32828 }, // U+1ECF
    { 16, 25, 255, 0, 24, 50, 32854 }, // U+1ED0
    { 12, 21, 202, 0, 20, 32, 32904 }, // U+1ED1
    { 16, 25, 255, 0, 24, 50, 32936 }, // U+1ED2
    { 12, 21, 202, 0, 20, 32, 32986 }, // U+1ED3
    { 16, 25, 255, 0, 24, 50, 33018 }, // U+1ED4
    { 12, 21, 202, 0, 20, 32, 33068 }, // U+1ED5
    { 16, 24, 255, 0, 23, 48, 33100 }, // U+1ED6
    { 12, 20, 202, 0, 19, 30, 33148 }, // U+1ED7
    { 16, 25, 255, 0, 20, 50, 33178 }, // U+1ED8
    { 12, 21, 202, 0, 16, 32, 33228 }, // U+1ED9
    { 16, 21, 257, 0, 20, 42, 33260 }, // U+1EDA
    { 13, 17, 202, 0, 16, 28, 33302 }, // U+1EDB
    { 16, 21, 257, 0, 20, 42, 33330 }, // U+1EDC
    { 13, 17, 202, 0, 16, 28, 33372 }, // U+1EDD
    { 16, 21, 257, 0, 20, 42, 33400 }, // U+1EDE
    { 13, 17, 202, 0, 16, 28, 33442 }, // U+1EDF
    { 16, 21, 257, 0, 20, 42, 33470 }, // U+1EE0
    { 13, 17, 202, 0, 16, 28, 33512 }, // U+1EE1
    { 16, 23, 257, 0, 18, 46, 33540 }, // U+1EE2
    { 13, 19, 202, 0, 14, 31, 33586 }, // U+1EE3
    { 14, 28, 224, 0, 22, 49, 33617 }, // U+1EE4
    { 14, 28, 224, 0, 22, 49, 33666 }, // U+1EE5
    { 13, 21, 242, 1, 20, 35, 33715 }, // U+1EE6
    { 11, 17, 205, 1, 16, 24, 33750 }, // U+1EE7
    { 15, 21, 241, 1, 20, 40, 33774 }, // U+1EE8
    { 13, 17, 219, 1, 16, 28, 33814 }, // U+1EE9
    { 15, 21, 241, 1, 20, 40, 33842 }, // U+1EEA
    { 13, 17, 219, 1, 16, 28, 33882 }, // U+1EEB
    { 15, 21, 241, 1, 20, 40, 33910 }, // U+1EEC
    { 13, 17, 219, 1, 16, 28, 33950 }, // U+1EED
    { 15, 21, 241, 1, 20, 40, 33978 }, // U+1EEE
    { 13, 17, 219, 1, 16, 28, 34018 }, // U+1EEF
    { 15, 23, 241, 1, 18, 44, 34046 }, // U+1EF0
    { 13, 19, 219, 1, 14, 31, 34090 }, // U+1EF1
    { 15, 20, 240, 0, 20, 38, 34121 }, // U+1EF2
    { 13, 21, 197, 0, 16, 35, 34159 }, // U+1EF3
    { 15, 21, 240, 0, 16, 40, 34194 }, // U+1EF4
    { 13, 17, 197, 0, 12, 28, 34234 }, // U+1EF5
    { 15, 20, 240, 0, 20, 38, 34262 }, // U+1EF6
    { 13, 21, 197, 0, 16, 35, 34300 }, // U+1EF7
    { 14, 28, 224, 0, 22, 49, 34335 }, // U+1EF8
    { 14, 28, 224, 0, 22, 49, 34384 }, // U+1EF9
    { 14, 28, 224, 0, 22, 49, 34433 }, // U+2000
    { 14, 28, 224, 0, 22, 49, 34482 }, // U+2001
    { 14, 28, 224, 0, 22, 49, 34531 }, // U+2002
    { 14, 28, 224, 0, 22, 49, 34580 }, // U+2003
    { 14, 28, 224, 0, 22, 49, 34629 }, // U+2004
    { 14, 28, 224, 0, 22, 49, 34678 }, // U+2005
    { 14, 28, 224, 0, 22, 49, 34727 }, // U+2006
    { 14, 28, 224, 0, 22, 49, 34776 }, // U+2007
    { 14, 28, 224, 0, 22, 49, 34825 }, // U+2008
    { 14, 28, 224, 0, 22, 49, 34874 }, // U+2009
    { 14, 28, 224, 0, 22, 49, 34923 }, // U+200A
    { 0, 0, 0, 0, 0, 0, 34972 }, // U+200B
    { 0, 0, 0, 0, 0, 0, 34972 }, // U+200C
    { 0, 0, 0, 0, 0, 0, 34972 }, // U+200D
    { 0, 0, 0, 0, 0, 0, 34972 }, // U+200E
    { 0, 0, 0, 0, 0, 0, 34972 }, // U+200F
    { 14, 28, 224, 0, 22, 49, 34972 }, // U+2010
    { 14, 28, 224, 0, 22, 49, 35021 }, // U+2011
    { 14, 28, 224, 0, 22, 49, 35070 }, // U+2012
    { 14, 28, 224, 0, 22, 49, 35119 }, // U+2013
    { 14, 28, 224, 0, 22, 49, 35168 }, // U+2014
    { 14, 28, 224, 0, 22, 49, 35217 }, // U+2015
    { 14, 28, 224, 0, 22, 49, 35266 }, // U+2016
    { 14, 28, 224, 0, 22, 49, 35315 }, // U+2017
    { 14, 28, 224, 0, 22, 49, 35364 }, // U+2018
    { 14, 28, 224, 0, 22, 49, 35413 }, // U+2019
    { 14, 28, 224, 0, 22, 49, 35462 }, // U+201A
    { 14, 28, 224, 0, 22, 49, 35511 }, // U+201B
    { 14, 28, 224, 0, 22, 49, 35560 }, // U+201C
    { 14, 28, 224, 0, 22, 49, 35609 }, // U+201D
    { 14, 28, 224, 0, 22, 49, 35658 }, // U+201E
    { 14, 28, 224, 0, 22, 49, 35707 }, // U+201F
    { 14, 28, 224, 0, 22, 49, 35756 }, // U+2020
    { 14, 28, 224, 0, 22, 49, 35805 }, // U+2021
    { 14, 28, 224, 0, 22, 49, 35854 }, // U+2022
    { 6, 8, 155, 2, 10, 6, 35903 }, // U+2023
    { 5, 5, 105, 1, 4, 4, 35909 }, // U+2024
    { 11, 5, 209, 1, 4, 7, 35913 }, // U+2025
    { 14, 28, 224, 0, 22, 49, 35920 }, // U+2026
    { 5, 5, 105, 1, 10, 4, 35969 }, // U+2027
    { 0, 0, 0, 0, 0, 0, 35973 }, // U+202A
    { 0, 0, 0, 0, 0, 0, 35973 }, // U+202B
    { 0, 0, 0, 0, 0, 0, 35973 }, // U+202C
    { 0, 0, 0, 0, 0, 0, 35973 }, // U+202D
    { 0, 0, 0, 0, 0, 0, 35973 }, // U+202E
    { 0, 0, 51, 0, 0, 0, 35973 }, // U+202F
    { 14, 28, 224, 0, 22, 49, 35973 }, // U+2030
    { 34, 17, 581, 1, 16, 73, 36022 }, // U+2031
    { 14, 28, 224, 0, 22, 49, 36095 }, // U+2032
    { 14, 28, 224, 0, 22, 49, 36144 }, // U+2033
    { 15, 7, 268, 1, 16, 14, 36193 }, // U+2034
    { 4, 7, 90, 1, 16, 4, 36207 }, // U+2035
    { 10, 7, 179, 1, 16, 9, 36211 }, // U+2036
    { 15, 7, 268, 1, 16, 14, 36220 }, // U+2037
    { 10, 5, 181, 1, -1, 7, 36234 }, // U+2038
    { 14, 28, 224, 0, 22, 49, 36241 }, // U+2039
    { 14, 28, 224, 0, 22, 49, 36290 }, // U+203A
    { 15, 14, 268, 1, 14, 27, 36339 }, // U+203B
    { 14, 28, 224, 0, 22, 49, 36366 }, // U+203C
    { 11, 17, 185, 0, 16, 24, 36415 }, // U+203D
    { 14, 28, 224, 0, 22, 49, 36439 }, // U+203E
    { 18, 4, 281, 0, -1, 9, 36488 }, // U+203F
    { 18, 4, 281, 0, 16, 9, 36497 }, // U+2040
    { 10, 12, 157, 0, 7, 15, 36506 }, // U+2041
    { 14, 13, 253, 1, 14, 23, 36521 }, // U+2042
    { 7, 4, 155, 1, 8, 4, 36544 }, // U+2043
    { 14, 16, 68, -5, 16, 28, 36548 }, // U+2044
    { 6, 20, 122, 1, 17, 15, 36576 }, // U+2045
    { 6, 20, 122, 0, 17, 15, 36591 }, // U+2046
    { 23, 17, 374, 0, 16, 49, 36606 }, // U+2047
    { 17, 17, 293, 0, 16, 37, 36655 }, // U+2048
    { 17, 17, 293, 1, 16, 37, 36692 }, // U+2049
    { 9, 17, 153, 0, 12, 20, 36729 }, // U+204A
    { 11, 16, 198, 1, 16, 22, 36749 }, // U+204B
    { 10, 10, 201, 1, 11, 13, 36771 }, // U+204C
    { 11, 10, 201, 1, 11, 14, 36784 }, // U+204D
    { 9, 10, 185, 1, 8, 12, 36798 }, // U+204E
    { 5, 15, 107, 1, 11, 10, 36810 }, // U+204F
    { 18, 21, 281, 0, 16, 48, 36820 }, // U+2050
    { 9, 20, 190, 2, 16, 23, 36868 }, // U+2051
    { 15, 16, 265, 1, 16, 30, 36891 }, // U+2052
    { 14, 6, 252, 1, 10, 11, 36921 }, // U+2053
    { 18, 4, 281, 0, -1, 9, 36932 }, // U+2054
    { 12, 11, 237, 1, 11, 17, 36941 }, // U+2055
    { 21, 7, 357, 1, 16, 19, 36958 }, // U+2057
    { 0, 0, 97, 0, 0, 0, 36977 }, // U+205F
    { 0, 0, 0, 0, 0, 0, 36977 }, // U+2060
    { 0, 0, 0, 0, 0, 0, 36977 }, // U+2061
    { 0, 0, 0, 0, 0, 0, 36977 }, // U+2062
    { 0, 0, 0, 0, 0, 0, 36977 }, // U+2063
    { 0, 0, 0, 0, 0, 0, 36977 }, // U+2064
    { 0, 0, 0, 0, 0, 0, 36977 }, // U+2066
    { 0, 0, 0, 0, 0, 0, 36977 }, // U+2067
    { 0, 0, 0, 0, 0, 0, 36977 }, // U+2068
    { 0, 0, 0, 0, 0, 0, 36977 }, // U+2069
    { 0, 0, 0, 0, 0, 0, 36977 }, // U+206A
    { 0, 0, 0, 0, 0, 0, 36977 }, // U+206B
    { 0, 0, 0, 0, 0, 0, 36977 }, // U+206C
    { 0, 0, 0, 0, 0, 0, 36977 }, // U+206D
    { 0, 0, 0, 0, 0, 0, 36977 }, // U+206E
    { 0, 0, 0, 0, 0, 0, 36977 }, // U+206F
    { 14, 28, 224, 0, 22, 49, 36977 }, // U+2070
    { 14, 28, 224, 0, 22, 49, 37026 }, // U+2071
    { 14, 28, 224, 0, 22, 49, 37075 }, // U+2074
    { 14, 28, 224, 0, 22, 49, 37124 }, // U+2075
    { 14, 28, 224, 0, 22, 49, 37173 }, // U+2076
    { 14, 28, 224, 0, 22, 49, 37222 }, // U+2077
    { 14, 28, 224, 0, 22, 49, 37271 }, // U+2078
    { 14, 28, 224, 0, 22, 49, 37320 }, // U+2079
    { 14, 28, 224, 0, 22, 49, 37369 }, // U+207A
    { 14, 28, 224, 0, 22, 49, 37418 }, // U+207B
    { 14, 28, 224, 0, 22, 49, 37467 }, // U+207C
    { 14, 28, 224, 0, 22, 49, 37516 }, // U+207D
    { 14, 28, 224, 0, 22, 49, 37565 }, // U+207E
    { 14, 28, 224, 0, 22, 49, 37614 }, // U+207F
    { 14, 28, 224, 0, 22, 49, 37663 }, // U+2080
    { 14, 28, 224, 0, 22, 49, 37712 }, // U+2081
    { 14, 28, 224, 0, 22, 49, 37761 }, // U+2082
    { 14, 28, 224, 0, 22, 49, 37810 }, // U+2083
    { 14, 28, 224, 0, 22, 49, 37859 }, // U+2084
    { 14, 28, 224, 0, 22, 49, 37908 }, // U+2085
    { 14, 28, 224, 0, 22, 49, 37957 }, // U+2086
    { 14, 28, 224, 0, 22, 49, 38006 }, // U+2087
    { 14, 28, 224, 0, 22, 49, 38055 }, // U+2088
    { 14, 28, 224, 0, 22, 49, 38104 }, // U+2089
    { 14, 28, 224, 0, 22, 49, 38153 }, // U+208A
    { 14, 28, 224, 0, 22, 49, 38202 }, // U+208B
    { 14, 28, 224, 0, 22, 49, 38251 }, // U+208C
    { 14, 28, 224, 0, 22, 49, 38300 }, // U+208D
    { 14, 28, 224, 0, 22, 49, 38349 }, // U+208E
    { 14, 28, 224, 0, 22, 49, 38398 }, // U+2090
    { 14, 28, 224, 0, 22, 49, 38447 }, // U+2091
    { 14, 28, 224, 0, 22, 49, 38496 }, // U+2092
    { 14, 28, 224, 0, 22, 49, 38545 }, // U+2093
    { 14, 28, 224, 0, 22, 49, 38594 }, // U+2094
    { 14, 28, 224, 0, 22, 49, 38643 }, // U+2095
    { 14, 28, 224, 0, 22, 49, 38692 }, // U+2096
    { 14, 28, 224, 0, 22, 49, 38741 }, // U+2097
    { 14, 28, 224, 0, 22, 49, 38790 }, // U+2098
    { 8, 7, 149, 1, 4, 7, 38839 }, // U+2099
    { 14, 28, 224, 0, 22, 49, 38846 }, // U+209A
    { 8, 8, 134, 0, 4, 8, 38895 }, // U+209B
    { 6, 9, 91, 0, 5, 7, 38903 }, // U+209C
    { 15, 17, 252, 0, 16, 32, 38910 }, // U+20A0
    { 15, 20, 246, 0, 18, 38, 38942 }, // U+20A1
    { 15, 17, 240, 0, 16, 32, 38980 }, // U+20A2
    { 13, 16, 204, -1, 16, 26, 39012 }, // U+20A3
    { 13, 16, 211, 0, 16, 26, 39038 }, // U+20A4
    { 17, 16, 286, 1, 14, 34, 39064 }, // U+20A5
    { 16, 16, 251, 0, 16, 32, 39098 }, // U+20A6
    { 14, 28, 224, 0, 22, 49, 39130 }, // U+20A7
    { 23, 17, 388, 1, 16, 49, 39179 }, // U+20A8
    { 21, 16, 345, 0, 16, 42, 39228 }, // U+20A9
    { 14, 28, 224, 0, 22, 49, 39270 }, // U+20AA
    { 14, 21, 208, 0, 16, 37, 39319 }, // U+20AB
    { 14, 28, 224, 0, 22, 49, 39356 }, // U+20AC
    { 17, 16, 265, 0, 16, 34, 39405 }, // U+20AD
    { 14, 28, 224, 0, 22, 49, 39439 }, // U+20AE
    { 30, 23, 483, 0, 18, 87, 39488 }, // U+20AF
    { 15, 16, 236, 0, 16, 30, 39575 }, // U+20B1
    { 15, 21, 249, 0, 18, 40, 39605 }, // U+20B2
    { 15, 16, 246, 0, 16, 30, 39645 }, // U+20B3
    { 13, 17, 244, 1, 16, 28, 39675 }, // U+20B4
    { 15, 21, 246, 0, 18, 40, 39703 }, // U+20B5
    { 14, 16, 221, 0, 16, 28, 39743 }, // U+20B8
    { 12, 16, 189, 0, 16, 24, 39771 }, // U+20B9
    { 12, 17, 213, 1, 16, 26, 39795 }, // U+20BA
    { 14, 12, 252, 1, 12, 21, 39821 }, // U+20BC
    { 15, 16, 245, 0, 16, 30, 39842 }, // U+20BD
    { 14, 16, 252, 1, 16, 28, 39872 }, // U+20BE
    { 12, 20, 219, 1, 18, 30, 39900 }, // U+20BF
    { 14, 28, 224, 0, 22, 49, 39930 }, // U+2190
    { 14, 28, 224, 0, 22, 49, 39979 }, // U+2191
    { 14, 28, 224, 0, 22, 49, 40028 }, // U+2192
    { 14, 28, 224, 0, 22, 49, 40077 }, // U+2193
    { 14, 28, 224, 0, 22, 49, 40126 }, // U+2194
    { 14, 28, 224, 0, 22, 49, 40175 }, // U+2195
    { 12, 13, 256, 2, 12, 20, 40224 }, // U+2196
    { 12, 13, 256, 2, 12, 20, 40244 }, // U+2197
    { 12, 12, 256, 2, 12, 18, 40264 }, // U+2198
    { 12, 12, 256, 2, 12, 18, 40282 }, // U+2199
    { 14, 28, 224, 0, 22, 49, 40300 }, // U+21A4
    { 14, 28, 224, 0, 22, 49, 40349 }, // U+21A6
    { 14, 28, 224, 0, 22, 49, 40398 }, // U+21A8
    { 21, 17, 384, 2, 16, 45, 40447 }, // U+21A9
    { 22, 17, 384, 1, 16, 47, 40492 }, // U+21AA
    { 17, 16, 335, 2, 16, 34, 40539 }, // U+21B0
    { 17, 16, 335, 2, 16, 34, 40573 }, // U+21B1
    { 14, 28, 224, 0, 22, 49, 40607 }, // U+21B2
    { 14, 28, 224, 0, 22, 49, 40656 }, // U+21B3
    { 15, 17, 297, 2, 16, 32, 40705 }, // U+21B4
    { 14, 28, 224, 0, 22, 49, 40737 }, // U+21B5
    { 16, 19, 316, 2, 19, 38, 40786 }, // U+21BA
    { 14, 28, 224, 0, 22, 49, 40824 }, // U+21BB
    { 14, 28, 224, 0, 22, 49, 40873 }, // U+21CB
    { 14, 28, 224, 0, 22, 49, 40922 }, // U+21CC
    { 14, 28, 224, 0, 22, 49, 40971 }, // U+21D0
    { 14, 28, 224, 0, 22, 49, 41020 }, // U+21D1
    { 14, 28, 224, 0, 22, 49, 41069 }, // U+21D2
    { 14, 28, 224, 0, 22, 49, 41118 }, // U+21D3
    { 14, 28, 224, 0, 22, 49, 41167 }, // U+21D4
    { 14, 28, 224, 0, 22, 49, 41216 }, // U+21D5
    { 11, 16, 210, 1, 16, 22, 41265 }, // U+21DE
    { 11, 17, 210, 1, 16, 24, 41287 }, // U+21DF
    { 19, 11, 348, 1, 13, 27, 41311 }, // U+21E4
    { 19, 11, 348, 1, 13, 27, 41338 }, // U+21E5
    { 21, 17, 365, 1, 17, 45, 41365 }, // U+21E7
    { 21, 21, 365, 1, 17, 56, 41410 }, // U+21EA
    { 14, 28, 224, 0, 22, 49, 41466 }, // U+2200
    { 12, 17, 221, 1, 16, 26, 41515 }, // U+2202
    { 14, 28, 224, 0, 22, 49, 41541 }, // U+2203
    { 14, 28, 224, 0, 22, 49, 41590 }, // U+2204
    { 14, 28, 224, 0, 22, 49, 41639 }, // U+2205
    { 14, 28, 224, 0, 22, 49, 41688 }, // U+2206
    { 14, 28, 224, 0, 22, 49, 41737 }, // U+2207
    { 14, 28, 224, 0, 22, 49, 41786 }, // U+2208
    { 14, 28, 224, 0, 22, 49, 41835 }, // U+2209
    { 14, 28, 224, 0, 22, 49, 41884 }, // U+220A
    { 14, 28, 224, 0, 22, 49, 41933 }, // U+220B
    { 14, 28, 224, 0, 22, 49, 41982 }, // U+220C
    { 14, 28, 224, 0, 22, 49, 42031 }, // U+220D
    { 12, 19, 254, 2, 16, 29, 42080 }, // U+220F
    { 13, 19, 245, 1, 16, 31, 42109 }, // U+2211
    { 14, 28, 224, 0, 22, 49, 42140 }, // U+2212
    { 14, 28, 224, 0, 22, 49, 42189 }, // U+2213
    { 14, 28, 224, 0, 22, 49, 42238 }, // U+2214
    { 14, 28, 224, 0, 22, 49, 42287 }, // U+2215
    { 14, 28, 224, 0, 22, 49, 42336 }, // U+2216
    { 14, 28, 224, 0, 22, 49, 42385 }, // U+2219
    { 14, 28, 224, 0, 22, 49, 42434 }, // U+221A
    { 14, 28, 224, 0, 22, 49, 42483 }, // U+221E
    { 14, 28, 224, 0, 22, 49, 42532 }, // U+221F
    { 14, 28, 224, 0, 22, 49, 42581 }, // U+2225
    { 14, 28, 224, 0, 22, 49, 42630 }, // U+2227
    { 14, 28, 224, 0, 22, 49, 42679 }, // U+2228
    { 14, 28, 224, 0, 22, 49, 42728 }, // U+2229
    { 14, 28, 224, 0, 22, 49, 42777 }, // U+222A
    { 9, 22, 127, -1, 17, 25, 42826 }, // U+222B
    { 5, 13, 105, 1, 14, 9, 42851 }, // U+2236
    { 14, 28, 224, 0, 22, 49, 42860 }, // U+2248
    { 14, 28, 224, 0, 22, 49, 42909 }, // U+2260
    { 14, 28, 224, 0, 22, 49, 42958 }, // U+2261
    { 14, 28, 224, 0, 22, 49, 43007 }, // U+2264
    { 14, 28, 224, 0, 22, 49, 43056 }, // U+2265
    { 14, 28, 224, 0, 22, 49, 43105 }, // U+226A
    { 14, 28, 224, 0, 22, 49, 43154 }, // U+226B
    { 14, 28, 224, 0, 22, 49, 43203 }, // U+2282
    { 14, 28, 224, 0, 22, 49, 43252 }, // U+2283
    { 14, 28, 224, 0, 22, 49, 43301 }, // U+2286
    { 14, 28, 224, 0, 22, 49, 43350 }, // U+2287
    { 29, 29, 463, 0, 22, 106, 43399 }, // U+2295
    { 29, 29, 463, 0, 22, 106, 43505 }, // U+2296
    { 29, 29, 463, 0, 22, 106, 43611 }, // U+2297
    { 29, 29, 463, 0, 22, 106, 43717 }, // U+2298
    { 14, 28, 224, 0, 22, 49, 43823 }, // U+22A5
    { 14, 28, 224, 0, 22, 49, 43872 }, // U+22C2
    { 14, 28, 224, 0, 22, 49, 43921 }, // U+22C3
    { 14, 28, 224, 0, 22, 49, 43970 }, // U+FFFD
};

static const EpdUnicodeInterval inter_10_boldIntervals[] = {
    { 0x0, 0x17F, 0x0 },
    { 0x1A0, 0x1A1, 0x180 },
    { 0x1AF, 0x1B0, 0x182 },
    { 0x1C5, 0x21F, 0x184 },
    { 0x300, 0x30C, 0x1DF },
    { 0x30F, 0x30F, 0x1EC },
    { 0x313, 0x313, 0x1ED },
    { 0x315, 0x315, 0x1EE },
    { 0x31B, 0x31B, 0x1EF },
    { 0x323, 0x323, 0x1F0 },
    { 0x326, 0x329, 0x1F1 },
    { 0x32C, 0x32C, 0x1F5 },
    { 0x337, 0x338, 0x1F6 },
    { 0x342, 0x343, 0x1F8 },
    { 0x346, 0x36F, 0x1FA },
    { 0x400, 0x479, 0x224 },
    { 0x480, 0x49D, 0x29E },
    { 0x4A0, 0x4FF, 0x2BC },
    { 0x1EA0, 0x1EF9, 0x31C },
    { 0x2000, 0x2027, 0x376 },
    { 0x202A, 0x2055, 0x39E },
    { 0x2057, 0x2057, 0x3CA },
    { 0x205F, 0x2064, 0x3CB },
    { 0x2066, 0x2071, 0x3D1 },
    { 0x2074, 0x208E, 0x3DD },
    { 0x2090, 0x209C, 0x3F8 },
    { 0x20A0, 0x20AF, 0x405 },
    { 0x20B1, 0x20B5, 0x415 },
    { 0x20B8, 0x20BA, 0x41A },
    { 0x20BC, 0x20BF, 0x41D },
    { 0x2190, 0x2199, 0x421 },
    { 0x21A4, 0x21A4, 0x42B },
    { 0x21A6, 0x21A6, 0x42C },
    { 0x21A8, 0x21AA, 0x42D },
    { 0x21B0, 0x21B5, 0x430 },
    { 0x21BA, 0x21BB, 0x436 },
    { 0x21CB, 0x21CC, 0x438 },
    { 0x21D0, 0x21D5, 0x43A },
    { 0x21DE, 0x21DF, 0x440 },
    { 0x21E4, 0x21E5, 0x442 },
    { 0x21E7, 0x21E7, 0x444 },
    { 0x21EA, 0x21EA, 0x445 },
    { 0x2200, 0x2200, 0x446 },
    { 0x2202, 0x220D, 0x447 },
    { 0x220F, 0x220F, 0x453 },
    { 0x2211, 0x2216, 0x454 },
    { 0x2219, 0x221A, 0x45A },
    { 0x221E, 0x221F, 0x45C },
    { 0x2225, 0x2225, 0x45E },
    { 0x2227, 0x222B, 0x45F },
    { 0x2236, 0x2236, 0x464 },
    { 0x2248, 0x2248, 0x465 },
    { 0x2260, 0x2261, 0x466 },
    { 0x2264, 0x2265, 0x468 },
    { 0x226A, 0x226B, 0x46A },
    { 0x2282, 0x2283, 0x46C },
    { 0x2286, 0x2287, 0x46E },
    { 0x2295, 0x2298, 0x470 },
    { 0x22A5, 0x22A5, 0x474 },
    { 0x22C2, 0x22C3, 0x475 },
    { 0xFFFD, 0xFFFD, 0x477 },
};

static const EpdKernClassEntry inter_10_boldKernLeftClasses[] = {
    { 0x01A0, 1 }, // U+01A0
    { 0x01AF, 2 }, // U+01AF
    { 0x01B0, 3 }, // U+01B0
    { 0x01C5, 4 }, // U+01C5
    { 0x01C6, 5 }, // U+01C6
    { 0x01C8, 6 }, // U+01C8
    { 0x01C9, 6 }, // U+01C9
    { 0x01CB, 6 }, // U+01CB
    { 0x01CC, 6 }, // U+01CC
    { 0x01D5, 7 }, // U+01D5
    { 0x01D6, 8 }, // U+01D6
    { 0x01D7, 7 }, // U+01D7
    { 0x01D8, 8 }, // U+01D8
    { 0x01D9, 7 }, // U+01D9
    { 0x01DA, 8 }, // U+01DA
    { 0x01DB, 7 }, // U+01DB
    { 0x01DC, 8 }, // U+01DC
    { 0x01DD, 9 }, // U+01DD
    { 0x01DE, 10 }, // U+01DE
    { 0x01DF, 11 }, // U+01DF
    { 0x01E0, 10 }, // U+01E0
    { 0x01E1, 11 }, // U+01E1
    { 0x01F1, 12 }, // U+01F1
    { 0x01F2, 5 }, // U+01F2
    { 0x01F3, 5 }, // U+01F3
    { 0x01F6, 13 }, // U+01F6
    { 0x01F8, 14 }, // U+01F8
    { 0x01F9, 11 }, // U+01F9
    { 0x01FA, 10 }, // U+01FA
    { 0x01FB, 11 }, // U+01FB
    { 0x0200, 10 }, // U+0200
    { 0x0201, 11 }, // U+0201
    { 0x0202, 10 }, // U+0202
    { 0x0203, 11 }, // U+0203
    { 0x0204, 15 }, // U+0204
    { 0x0205, 16 }, // U+0205
    { 0x0206, 15 }, // U+0206
    { 0x0207, 16 }, // U+0207
    { 0x0208, 17 }, // U+0208
    { 0x0209, 18 }, // U+0209
    { 0x020A, 19 }, // U+020A
    { 0x020B, 20 }, // U+020B
    { 0x020C, 21 }, // U+020C
    { 0x020D, 16 }, // U+020D
    { 0x020E, 21 }, // U+020E
    { 0x020F, 16 }, // U+020F
    { 0x0210, 22 }, // U+0210
    { 0x0211, 23 }, // U+0211
    { 0x0212, 22 }, // U+0212
    { 0x0213, 23 }, // U+0213
    { 0x0214, 7 }, // U+0214
    { 0x0215, 8 }, // U+0215
    { 0x0216, 7 }, // U+0216
    { 0x0217, 8 }, // U+0217
    { 0x021E, 14 }, // U+021E
    { 0x021F, 11 }, // U+021F
    { 0x0460, 14 }, // U+0460
    { 0x0464, 24 }, // U+0464
    { 0x0465, 16 }, // U+0465
    { 0x0466, 10 }, // U+0466
    { 0x0467, 10 }, // U+0467
    { 0x0468, 10 }, // U+0468
    { 0x046E, 25 }, // U+046E
    { 0x0472, 21 }, // U+0472
    { 0x0473, 16 }, // U+0473
    { 0x0474, 26 }, // U+0474
    { 0x0475, 27 }, // U+0475
    { 0x0476, 26 }, // U+0476
    { 0x0477, 27 }, // U+0477
    { 0x0479, 28 }, // U+0479
    { 0x0481, 16 }, // U+0481
    { 0x048A, 14 }, // U+048A
    { 0x048B, 29 }, // U+048B
    { 0x048C, 16 }, // U+048C
    { 0x048D, 16 }, // U+048D
    { 0x048E, 30 }, // U+048E
    { 0x048F, 16 }, // U+048F
    { 0x04A6, 16 }, // U+04A6
    { 0x04A7, 31 }, // U+04A7
    { 0x04A9, 32 }, // U+04A9
    { 0x04AC, 33 }, // U+04AC
    { 0x04AD, 23 }, // U+04AD
    { 0x04B5, 34 }, // U+04B5
    { 0x04BD, 16 }, // U+04BD
    { 0x04BF, 32 }, // U+04BF
    { 0x04C3, 25 }, // U+04C3
    { 0x04C4, 11 }, // U+04C4
    { 0x04C6, 29 }, // U+04C6
    { 0x04C7, 14 }, // U+04C7
    { 0x04C8, 11 }, // U+04C8
    { 0x04C9, 29 }, // U+04C9
    { 0x04CA, 29 }, // U+04CA
    { 0x04CC, 11 }, // U+04CC
    { 0x04CD, 14 }, // U+04CD
    { 0x04CE, 29 }, // U+04CE
    { 0x04E0, 35 }, // U+04E0
    { 0x04F6, 33 }, // U+04F6
    { 0x04F7, 23 }, // U+04F7
    { 0x04FA, 33 }, // U+04FA
    { 0x04FB, 23 }, // U+04FB
    { 0x04FC, 36 }, // U+04FC
    { 0x04FD, 37 }, // U+04FD
    { 0x04FE, 36 }, // U+04FE
    { 0x04FF, 37 }, // U+04FF
    { 0x1EA0, 10 }, // U+1EA0
    { 0x1EA1, 11 }, // U+1EA1
    { 0x1EA2, 10 }, // U+1EA2
    { 0x1EA3, 11 }, // U+1EA3
    { 0x1EA4, 10 }, // U+1EA4
    { 0x1EA5, 11 }, // U+1EA5
    { 0x1EA6, 10 }, // U+1EA6
    { 0x1EA7, 11 }, // U+1EA7
    { 0x1EA8, 10 }, // U+1EA8
    { 0x1EA9, 11 }, // U+1EA9
    { 0x1EAA, 10 }, // U+1EAA
    { 0x1EAB, 11 }, // U+1EAB
    { 0x1EAC, 10 }, // U+1EAC
    { 0x1EAD, 11 }, // U+1EAD
    { 0x1EAE, 10 }, // U+1EAE
    { 0x1EAF, 11 }, // U+1EAF
    { 0x1EB0, 10 }, // U+1EB0
    { 0x1EB1, 11 }, // U+1EB1
    { 0x1EB2, 10 }, // U+1EB2
    { 0x1EB3, 11 }, // U+1EB3
    { 0x1EB4, 10 }, // U+1EB4
    { 0x1EB5, 11 }, // U+1EB5
    { 0x1EB6, 10 }, // U+1EB6
    { 0x1EB7, 11 }, // U+1EB7
    { 0x1EBA, 15 }, // U+1EBA
    { 0x1EBB, 16 }, // U+1EBB
    { 0x1EBE, 15 }, // U+1EBE
    { 0x1EBF, 16 }, // U+1EBF
    { 0x1EC0, 15 }, // U+1EC0
    { 0x1EC1, 16 }, // U+1EC1
    { 0x1EC2, 15 }, // U+1EC2
    { 0x1EC3, 16 }, // U+1EC3
    { 0x1EC4, 15 }, // U+1EC4
    { 0x1EC5, 16 }, // U+1EC5
    { 0x1EC6, 15 }, // U+1EC6
    { 0x1EC7, 16 }, // U+1EC7
    { 0x1EC8, 14 }, // U+1EC8
    { 0x1EC9, 18 }, // U+1EC9
    { 0x1ECE, 21 }, // U+1ECE
    { 0x1ECF, 16 }, // U+1ECF
    { 0x1ED0, 21 }, // U+1ED0
    { 0x1ED1, 16 }, // U+1ED1
    { 0x1ED2, 21 }, // U+1ED2
    { 0x1ED3, 16 }, // U+1ED3
    { 0x1ED4, 21 }, // U+1ED4
    { 0x1ED5, 38 }, // U+1ED5
    { 0x1ED6, 21 }, // U+1ED6
    { 0x1ED7, 16 }, // U+1ED7
    { 0x1ED8, 21 }, // U+1ED8
    { 0x1ED9, 16 }, // U+1ED9
    { 0x1EDA, 21 }, // U+1EDA
    { 0x1EDB, 16 }, // U+1EDB
    { 0x1EDC, 21 }, // U+1EDC
    { 0x1EDD, 16 }, // U+1EDD
    { 0x1EDE, 21 }, // U+1EDE
    { 0x1EDF, 16 }, // U+1EDF
    { 0x1EE0, 21 }, // U+1EE0
    { 0x1EE1, 16 }, // U+1EE1
    { 0x1EE2, 21 }, // U+1EE2
    { 0x1EE3, 16 }, // U+1EE3
    { 0x1EE6, 7 }, // U+1EE6
    { 0x1EE7, 8 }, // U+1EE7
    { 0x1EE8, 39 }, // U+1EE8
    { 0x1EE9, 8 }, // U+1EE9
    { 0x1EEA, 39 }, // U+1EEA
    { 0x1EEB, 8 }, // U+1EEB
    { 0x1EEC, 39 }, // U+1EEC
    { 0x1EED, 3 }, // U+1EED
    { 0x1EEE, 39 }, // U+1EEE
    { 0x1EEF, 8 }, // U+1EEF
    { 0x1EF0, 39 }, // U+1EF0
    { 0x1EF1, 8 }, // U+1EF1
    { 0x1EF2, 40 }, // U+1EF2
    { 0x1EF3, 27 }, // U+1EF3
    { 0x1EF4, 40 }, // U+1EF4
    { 0x1EF5, 27 }, // U+1EF5
    { 0x1EF6, 40 }, // U+1EF6
    { 0x1EF7, 27 }, // U+1EF7
    { 0x2023, 41 }, // U+2023
    { 0x2034, 42 }, // U+2034
    { 0x203D, 43 }, // U+203D
    { 0x2043, 41 }, // U+2043
    { 0x204B, 30 }, // U+204B
    { 0x204C, 11 }, // U+204C
    { 0x204D, 41 }, // U+204D
    { 0x204F, 44 }, // U+204F
    { 0x2099, 45 }, // U+2099
    { 0x209B, 45 }, // U+209B
    { 0x209C, 45 }, // U+209C
    { 0x20A1, 24 }, // U+20A1
    { 0x20A8, 46 }, // U+20A8
    { 0x20A9, 39 }, // U+20A9
    { 0x20AF, 16 }, // U+20AF
    { 0x20B2, 47 }, // U+20B2
    { 0x20B5, 24 }, // U+20B5
    { 0x20BF, 25 }, // U+20BF
};

static const EpdKernClassEntry inter_10_boldKernRightClasses[] = {
    { 0x01A0, 1 }, // U+01A0
    { 0x01A1, 2 }, // U+01A1
    { 0x01AF, 3 }, // U+01AF
    { 0x01B0, 4 }, // U+01B0
    { 0x01C5, 5 }, // U+01C5
    { 0x01C6, 2 }, // U+01C6
    { 0x01C8, 6 }, // U+01C8
    { 0x01C9, 6 }, // U+01C9
    { 0x01CB, 6 }, // U+01CB
    { 0x01CC, 7 }, // U+01CC
    { 0x01D5, 3 }, // U+01D5
    { 0x01D6, 4 }, // U+01D6
    { 0x01D7, 3 }, // U+01D7
    { 0x01D8, 4 }, // U+01D8
    { 0x01D9, 3 }, // U+01D9
    { 0x01DA, 4 }, // U+01DA
    { 0x01DB, 3 }, // U+01DB
    { 0x01DC, 4 }, // U+01DC
    { 0x01DD, 8 }, // U+01DD
    { 0x01DE, 9 }, // U+01DE
    { 0x01DF, 10 }, // U+01DF
    { 0x01E0, 9 }, // U+01E0
    { 0x01E1, 10 }, // U+01E1
    { 0x01F2, 6 }, // U+01F2
    { 0x01F3, 8 }, // U+01F3
    { 0x01F6, 5 }, // U+01F6
    { 0x01F8, 6 }, // U+01F8
    { 0x01F9, 7 }, // U+01F9
    { 0x01FA, 9 }, // U+01FA
    { 0x01FB, 10 }, // U+01FB
    { 0x0200, 9 }, // U+0200
    { 0x0201, 10 }, // U+0201
    { 0x0202, 9 }, // U+0202
    { 0x0203, 10 }, // U+0203
    { 0x0204, 6 }, // U+0204
    { 0x0205, 2 }, // U+0205
    { 0x0206, 6 }, // U+0206
    { 0x0207, 2 }, // U+0207
    { 0x0208, 11 }, // U+0208
    { 0x0209, 12 }, // U+0209
    { 0x020A, 11 }, // U+020A
    { 0x020B, 13 }, // U+020B
    { 0x020C, 1 }, // U+020C
    { 0x020D, 2 }, // U+020D
    { 0x020E, 1 }, // U+020E
    { 0x020F, 2 }, // U+020F
    { 0x0210, 6 }, // U+0210
    { 0x0211, 7 }, // U+0211
    { 0x0212, 6 }, // U+0212
    { 0x0213, 7 }, // U+0213
    { 0x0214, 3 }, // U+0214
    { 0x0215, 4 }, // U+0215
    { 0x0216, 3 }, // U+0216
    { 0x0217, 4 }, // U+0217
    { 0x021E, 6 }, // U+021E
    { 0x021F, 6 }, // U+021F
    { 0x0460, 6 }, // U+0460
    { 0x0464, 6 }, // U+0464
    { 0x0465, 7 }, // U+0465
    { 0x0466, 9 }, // U+0466
    { 0x0467, 9 }, // U+0467
    { 0x0468, 6 }, // U+0468
    { 0x046C, 6 }, // U+046C
    { 0x046E, 6 }, // U+046E
    { 0x0472, 1 }, // U+0472
    { 0x0473, 2 }, // U+0473
    { 0x0474, 14 }, // U+0474
    { 0x0475, 15 }, // U+0475
    { 0x0476, 14 }, // U+0476
    { 0x0477, 15 }, // U+0477
    { 0x0478, 1 }, // U+0478
    { 0x0479, 2 }, // U+0479
    { 0x0481, 2 }, // U+0481
    { 0x048A, 5 }, // U+048A
    { 0x048B, 7 }, // U+048B
    { 0x048D, 16 }, // U+048D
    { 0x048E, 6 }, // U+048E
    { 0x048F, 7 }, // U+048F
    { 0x04A6, 6 }, // U+04A6
    { 0x04A7, 7 }, // U+04A7
    { 0x04A9, 2 }, // U+04A9
    { 0x04AC, 17 }, // U+04AC
    { 0x04AD, 16 }, // U+04AD
    { 0x04B4, 17 }, // U+04B4
    { 0x04B5, 16 }, // U+04B5
    { 0x04BD, 16 }, // U+04BD
    { 0x04C3, 6 }, // U+04C3
    { 0x04C4, 7 }, // U+04C4
    { 0x04C6, 18 }, // U+04C6
    { 0x04C7, 5 }, // U+04C7
    { 0x04C8, 7 }, // U+04C8
    { 0x04C9, 6 }, // U+04C9
    { 0x04CA, 7 }, // U+04CA
    { 0x04CD, 6 }, // U+04CD
    { 0x04CE, 7 }, // U+04CE
    { 0x04E1, 16 }, // U+04E1
    { 0x04F7, 7 }, // U+04F7
    { 0x04FB, 16 }, // U+04FB
    { 0x04FC, 19 }, // U+04FC
    { 0x04FD, 20 }, // U+04FD
    { 0x04FE, 19 }, // U+04FE
    { 0x04FF, 20 }, // U+04FF
    { 0x1EA0, 9 }, // U+1EA0
    { 0x1EA1, 10 }, // U+1EA1
    { 0x1EA2, 9 }, // U+1EA2
    { 0x1EA3, 10 }, // U+1EA3
    { 0x1EA4, 9 }, // U+1EA4
    { 0x1EA5, 10 }, // U+1EA5
    { 0x1EA6, 9 }, // U+1EA6
    { 0x1EA7, 10 }, // U+1EA7
    { 0x1EA8, 9 }, // U+1EA8
    { 0x1EA9, 10 }, // U+1EA9
    { 0x1EAA, 9 }, // U+1EAA
    { 0x1EAB, 10 }, // U+1EAB
    { 0x1EAC, 9 }, // U+1EAC
    { 0x1EAD, 10 }, // U+1EAD
    { 0x1EAE, 9 }, // U+1EAE
    { 0x1EAF, 10 }, // U+1EAF
    { 0x1EB0, 9 }, // U+1EB0
    { 0x1EB1, 10 }, // U+1EB1
    { 0x1EB2, 9 }, // U+1EB2
    { 0x1EB3, 10 }, // U+1EB3
    { 0x1EB4, 9 }, // U+1EB4
    { 0x1EB5, 10 }, // U+1EB5
    { 0x1EB6, 9 }, // U+1EB6
    { 0x1EB7, 10 }, // U+1EB7
    { 0x1EBA, 6 }, // U+1EBA
    { 0x1EBB, 2 }, // U+1EBB
    { 0x1EBE, 6 }, // U+1EBE
    { 0x1EBF, 2 }, // U+1EBF
    { 0x1EC0, 6 }, // U+1EC0
    { 0x1EC1, 2 }, // U+1EC1
    { 0x1EC2, 6 }, // U+1EC2
    { 0x1EC3, 2 }, // U+1EC3
    { 0x1EC4, 6 }, // U+1EC4
    { 0x1EC5, 2 }, // U+1EC5
    { 0x1EC6, 6 }, // U+1EC6
    { 0x1EC7, 2 }, // U+1EC7
    { 0x1EC8, 6 }, // U+1EC8
    { 0x1EC9, 21 }, // U+1EC9
    { 0x1ECE, 1 }, // U+1ECE
    { 0x1ECF, 2 }, // U+1ECF
    { 0x1ED0, 1 }, // U+1ED0
    { 0x1ED1, 2 }, // U+1ED1
    { 0x1ED2, 1 }, // U+1ED2
    { 0x1ED3, 2 }, // U+1ED3
    { 0x1ED4, 1 }, // U+1ED4
    { 0x1ED5, 2 }, // U+1ED5
    { 0x1ED6, 1 }, // U+1ED6
    { 0x1ED7, 2 }, // U+1ED7
    { 0x1ED8, 1 }, // U+1ED8
    { 0x1ED9, 2 }, // U+1ED9
    { 0x1EDA, 1 }, // U+1EDA
    { 0x1EDB, 2 }, // U+1EDB
    { 0x1EDC, 1 }, // U+1EDC
    { 0x1EDD, 2 }, // U+1EDD
    { 0x1EDE, 1 }, // U+1EDE
    { 0x1EDF, 2 }, // U+1EDF
    { 0x1EE0, 1 }, // U+1EE0
    { 0x1EE1, 2 }, // U+1EE1
    { 0x1EE2, 1 }, // U+1EE2
    { 0x1EE3, 2 }, // U+1EE3
    { 0x1EE6, 3 }, // U+1EE6
    { 0x1EE7, 4 }, // U+1EE7
    { 0x1EE8, 3 }, // U+1EE8
    { 0x1EE9, 4 }, // U+1EE9
    { 0x1EEA, 3 }, // U+1EEA
    { 0x1EEB, 4 }, // U+1EEB
    { 0x1EEC, 3 }, // U+1EEC
    { 0x1EED, 4 }, // U+1EED
    { 0x1EEE, 3 }, // U+1EEE
    { 0x1EEF, 4 }, // U+1EEF
    { 0x1EF0, 3 }, // U+1EF0
    { 0x1EF1, 4 }, // U+1EF1
    { 0x1EF2, 22 }, // U+1EF2
    { 0x1EF3, 15 }, // U+1EF3
    { 0x1EF4, 22 }, // U+1EF4
    { 0x1EF5, 15 }, // U+1EF5
    { 0x1EF6, 22 }, // U+1EF6
    { 0x1EF7, 15 }, // U+1EF7
    { 0x2023, 23 }, // U+2023
    { 0x2034, 24 }, // U+2034
    { 0x203D, 25 }, // U+203D
    { 0x2043, 23 }, // U+2043
    { 0x2044, 26 }, // U+2044
    { 0x204A, 16 }, // U+204A
    { 0x204B, 6 }, // U+204B
    { 0x204C, 23 }, // U+204C
    { 0x204D, 7 }, // U+204D
    { 0x204F, 27 }, // U+204F
    { 0x2099, 28 }, // U+2099
    { 0x209B, 28 }, // U+209B
    { 0x209C, 28 }, // U+209C
    { 0x20A1, 1 }, // U+20A1
    { 0x20A8, 6 }, // U+20A8
    { 0x20A9, 29 }, // U+20A9
    { 0x20AB, 2 }, // U+20AB
    { 0x20B2, 1 }, // U+20B2
    { 0x20B4, 30 }, // U+20B4
    { 0x20B5, 1 }, // U+20B5
    { 0x20B8, 31 }, // U+20B8
    { 0x20BF, 6 }, // U+20BF
    { 0x222B, 32 }, // U+222B
    { 0x2236, 27 }, // U+2236
};

static const int8_t inter_10_boldKernMatrix[] = {
       0,    0,    0,    0,    0,    0,    0,    0,  -12,    0,    0,    0,    0,    0,    0,    0,    0,    0,    0,    0,    0,    0,    0,    0,    0,    0,    0,    0,    0,    0,    0,    0,
       0,    0,    0,    0,    0,    0,    0,    0,    0,    0,    0,    0,    0,    0,    0,    0,   17,    0,    0,    0,    0,    0,    0,    0,    0,    0,    0,    0,    0,    0,    0,    0,
       0,  -19,    0,    0,    0,    0,    0,  -19,    0,    0,    0,    0,    0,    0,    6,   10,    0,    0,    0,    0,    0,    0,    0,    0,    0,    0,    0,    0,    0,    0,    0,    0,
       0,   -7,    0,    0,    0,    0,    0,   -7,    0,    0,    0,    0,    0,    0,    0,    0,  -24,    0,    0,    0,    0,    0,    0,    0,    0,    0,    0,    0,    0,    0,    0,    0,
       0,   -7,    0,    0,    0,    0,    0,   -7,    0,    0,    0,    0,    0,    0,    0,    0,  -11,    0,    0,    0,    0,    0,    0,    0,    0,    0,    0,    0,    0,    0,    0,    0,
       0,    0,    0,    0,    0,    0,    0,    0,    0,    0,    0,   29,   33,    0,    0,    0,    0,    0,    0,    0,    0,    0,    0,    0,    0,    0,    0,    0,    1,    0,    0,    0,
       0,    0,    0,    0,    0,    0,    0,    0,   -8,    0,    0,   13,    0,    0,    0,    0,    0,    0,    0,    0,    0,    0,    0,    0,    0,    0,    0,    0,    0,    0,    0,    0,
       0,    0,    0,    0,    0,    0,    0,    0,    0,    0,    0,    0,    0,    0,    0,    0,  -17,    0,    0,    0,    0,  -19,    0,    5,    0,    0,    0,    0,    0,    0,    0,    0,
       0,    0,    0,    0,    0,    0,    0,    0,  -11,    3,    0,   14,    0,  -22,   -6,    0,  -55,    0,   -9,   -7,    0,  -38,    0,   -7,    0,    0,    0,    0,    0,    0,    0,    0,
     -14,   -8,   -8,    0,    0,    0,    0,   -8,    5,    0,    0,    0,    0,  -28,  -23,  -10,  -30,    0,    0,    0,    1,  -28,  -11,  -34,  -21,   -5,    0,    0,    0,    0,  -17,    0,
       0,    0,    0,    0,    0,    0,    0,    0,    0,    0,    0,    2,    0,  -17,   -6,    0,  -26,    0,    0,    0,    0,  -32,    0,   -9,    0,    0,    0,    0,    0,    0,    0,    0,
       0,    0,    0,    0,    0,    0,    0,    0,    0,    0,    0,   11,    0,    0,    0,    0,    0,    0,    0,    0,    0,    0,    0,    0,    0,    0,    0,    0,    0,    0,    0,    0,
       0,    0,    0,    0,    0,    0,    0,    0,    0,    0,    0,    0,    0,    0,    0,    0,  -32,    0,    0,    0,    0,  -19,    0,    5,    0,    0,    0,    0,    0,    0,    0,    0,
       0,    0,    0,    0,    0,    0,    0,    0,    0,    0,    0,   13,   22,    0,    3,    4,    0,    0,    0,    0,    0,    0,    0,    0,    0,    0,    0,    0,    0,    0,    0,    0,
       0,    0,    0,    0,    0,    0,    0,    0,    0,    0,    0,   15,   25,    0,    0,    0,    0,    0,    0,    0,    0,    0,    0,    0,    0,    0,    0,    0,    0,    0,    0,    0,
       0,    0,    0,    0,    0,    0,    0,    0,  -11,    3,    0,   14,    0,  -22,   -6,    0,  -29,    0,   -9,   -7,    0,  -38,    0,   -7,    0,    0,    0,    0,    0,    0,    0,    0,
       0,    0,    0,    0,    0,    0,    0,    0,    0,    0,    0,   24,   13,    0,    0,    0,    0,    0,    0,    0,    0,    0,    0,    0,    0,    0,    0,    0,    0,    0,    0,    0,
       0,    0,    0,    0,    0,    0,    0,    0,    0,    0,    0,   29,   34,    0,    0,    0,    0,    0,    0,    0,    0,    0,    0,    0,    0,    0,    0,    0,    1,    0,    0,    0,
       0,    0,    0,    0,    0,    0,    0,    0,    0,    0,    0,   13,   13,    0,    0,    0,    0,    0,    0,    0,    0,    0,    0,    0,    0,    0,    0,    0,    0,    0,    0,    0,
       0,    0,    0,    0,   47,   22,    4,    0,    0,    0,   13,   32,   68,   28,    0,   17,   30,    0,    0,    0,   33,    0,    0,    0,    0,    0,    0,    0,    0,    0,    0,   36,
       0,    0,    0,    0,    0,    0,    0,    0,  -14,    0,    0,    8,    0,  -14,    0,    0,  -11,    0,  -18,    0,    0,  -15,    0,    0,    0,    0,    0,  -13,    0,    0,    0,    0,
       0,   -5,    0,    0,    0,    0,    0,   -5,    0,   -2,    0,    0,   15,   -7,    0,    0,   -2,    0,    0,    0,    0,  -10,    0,    0,    0,    0,    0,    0,    0,    0,    0,    0,
       0,   -7,    0,    0,    4,    4,    2,   -7,  -13,   -4,    0,   12,    4,    0,    5,    7,  -19,   -8,    0,    5,    2,    0,    0,    5,    0,    0,    0,    0,    0,    0,    0,    4,
       0,    0,    0,    0,    0,    0,    0,    0,   -9,    0,    0,    0,   11,    0,    2,    0,    0,    0,   -5,    0,    0,    0,    0,    0,    0,    0,    0,    0,    0,    0,    0,    0,
       0,    0,    0,    0,    0,    0,    0,    0,    0,    0,    0,    0,   11,    0,    0,    0,  -17,    0,    0,    0,    0,    0,    0,    0,    0,    0,    0,    0,    0,    0,    0,    0,
     -14,  -22,    0,    0,    0,    0,   -5,  -22,  -28,  -21,    0,   13,   28,    5,    0,    0,    0,    0,    0,    0,    0,    0,  -13,    0,    0,    0,  -21,  -47,    0,    0,    0,    0,
       0,   -6,    0,    0,    1,    1,    0,   -6,  -23,   -4,    0,    1,    6,    0,    0,    6,  -11,  -15,    0,    0,    0,  -11,    0,    2,    0,    0,    0,    0,    0,    0,    0,    0,
       0,   -6,    0,    0,    0,    0,    0,   -6,  -11,   -7,    0,   15,   45,    0,    0,  -13,    0,    0,    0,    0,    2,    1,   -6,    0,    0,    0,    0,    0,    0,    0,    0,    1,
       0,   -3,    0,    0,    1,    1,    0,   -3,    0,    2,    0,   15,    0,   -1,    7,   -6,  -11,    0,    0,    0,    0,   -2,   -2,    5,    0,    0,    0,    0,    0,    0,    0,    2,
       0,   -4,    0,    0,    0,    0,    0,   -4,  -28,   -5,    0,    0,    0,    0,    0,    0,    0,    0,    0,    0,    0,    0,    0,    0,    0,    0,    0,    0,    0,    0,    0,    0,
       0,    0,    0,    0,    0,    0,    0,    0,    0,    0,    0,    0,    0,  -36,  -12,  -11,  -36,    0,   -9,   -6,    0,  -57,    0,    0,    0,    0,    0,    0,    0,    0,    0,    0,
       0,    0,    0,    0,    0,    0,    0,    0,    0,    0,    0,    0,    0,    0,    0,    0,  -26,    0,    0,    0,    0,    0,    0,    0,    0,    0,    0,    0,    0,    0,    0,    0,
     -11,  -29,    0,  -27,    0,    0,  -20,  -29,  -30,  -27,    0,   47,   30,    0,  -22,  -31,    0,    0,    0,  -12,    0,    2,  -11,    0,    0,    0,  -11,    0,    0,    0,    0,    0,
       0,   -6,    0,    0,    0,    0,    0,   -6,    0,    0,    0,    0,    0,    0,   -9,  -10,    0,    0,    0,    0,    0,    0,    0,  -11,    0,    0,    0,    0,    0,    0,    0,    0,
       0,    0,    0,    0,    0,    0,    0,    0,    0,    0,    0,    0,    0,    0,    0,    0,    0,    0,   -7,    0,    0,    0,    0,    0,    0,    0,    0,    0,    0,    0,    0,    0,
     -18,   -9,    0,    0,    0,    0,    0,   -9,    0,  -19,    0,   28,    0,    0,    0,    0,  -10,    0,    0,    0,    0,    0,  -15,    0,    0,    0,    0,    0,    0,  -11,    0,    0,
       0,   -7,    0,    0,    0,    0,    0,   -7,    0,   -1,    0,    0,    0,    0,    0,    5,  -11,    0,    0,    0,    0,    0,    0,    0,    0,    0,    0,    0,    0,    0,    0,    0,
       0,    0,    0,    0,    0,    0,    0,    0,  -11,    3,    0,   27,    0,  -22,   -6,    0,  -29,    0,   -9,   -7,    0,  -38,    0,   -7,    0,    0,    0,    0,    0,    0,    0,    0,
       0,    0,    0,    0,    0,    0,    0,    0,    0,    0,    0,   13,    0,    0,    0,    0,    0,    0,    0,    0,    0,    0,    0,    0,    0,    0,    0,    0,    0,    0,    0,    0,
     -15,  -37,    0,  -13,    0,    0,  -16,  -56,  -28,  -35,    0,   28,    0,    0,    0,    0,    2,    0,    0,    0,   -7,    0,  -13,    0,    0,    0,  -21,  -58,    0,    0,    0,    0,
       0,    0,    0,    0,    0,    0,    0,    0,  -11,    0,    0,    0,    0,  -13,    0,    0,  -11,    0,  -15,    0,    0,  -15,    0,    0,    0,    0,    0,    0,    0,    0,  -11,    0,
     -19,  -21,    0,  -13,    0,    0,  -10,  -21,  -46,  -19,    0,    0,    0,    0,    3,    3,    0,  -21,    0,    0,    0,    0,    0,    0,    0,    0,  -19,    0,    0,    0,    0,    0,
       0,    0,    0,    0,    0,    0,    0,    0,  -21,    0,    0,    0,    0,    0,    0,    0,    0,    0,    0,    0,    0,    0,    0,    0,    0,    0,    0,    0,    0,    0,    0,    0,
       0,    0,    0,    0,    0,    0,    0,    0,    0,    0,    0,    0,    0,  -21,    0,    0,  -11,    0,    0,    0,    0,    0,    0,    0,    0,    0,    0,    0,    0,    0,    0,    0,
     -13,    0,    0,    0,    0,    0,    0,    0,    0,    0,    0,    0,    0,  -47,   -8,    0,  -19,    0,    0,    0,    0,  -58,    0,    0,    0,    0,    0,    0,    0,    0,    0,    2,
       0,    0,    0,    0,    0,    0,    0,    0,    0,    0,    0,    1,    0,  -15,   -1,    1,  -25,    0,    0,    0,    0,  -25,    0,    0,    0,    0,    0,    0,    0,    0,    0,    0,
       0,    0,    0,    0,    0,    0,    0,    0,  -10,    0,    0,   12,   11,   -7,    0,    0,  -10,    0,   -5,    0,    0,   -9,    0,    0,    0,    0,    0,    0,    0,    0,    0,    0,
};

static constexpr EpdFontData inter_10_bold = {
    inter_10_boldBitmaps,
    inter_10_boldGlyphs,
    inter_10_boldIntervals,
    61,
    28,
    22,
    -6,
    false,
    nullptr,
    0,
    nullptr,
    inter_10_boldKernLeftClasses,
    inter_10_boldKernRightClasses,
    inter_10_boldKernMatrix,
    200,
    204,
    47,
    32,
    nullptr,
    0,
};
