/**
 * generated by fontconvert.py
 * name: inter_12_bold
 * size: 12
 * mode: 1-bit
 * Command used: fontconvert.py inter_12_bold 12 downloaded_fonts/terminus-font-4.49.1/ter-u32b.bdf ../builtinFonts/source/Inter/Inter-Bold.ttf
 */
#pragma once
#include "EpdFontData.h"

static const uint8_t inter_12_boldBitmaps[58401] = {
    0x00, 0x00, 0x00, 0x00, 0x00, 0x00, 0x00, 0x00, 0x00, 0x00, 0x00, 0x00, 0x00, 0x00, 0x00, 0x00,
    0x00, 0x00, 0x00, 0x00, 0x00, 0x00, 0x00, 0x00, 0x00, 0x00, 0x00, 0x00, 0x00, 0x00, 0x00, 0x00,
    0x00, 0x00, 0x00, 0x00, 0x00, 0x00, 0x00, 0x00, 0x00, 0x00, 0x00, 0x00, 0x00, 0x00, 0x00, 0x00,
    0x00, 0x00, 0x00, 0x00, 0x00, 0x00, 0x00, 0x00, 0x00, 0x00, 0x00, 0x00, 0x00, 0x00, 0x00, 0x00,
    0x00, 0x00, 0x00, 0x00, 0x00, 0x00, 0x00, 0x00, 0x00, 0x00, 0x00, 0x00, 0x03, 0x80, 0x03, 0x80,
    0x03, 0x80, 0x03, 0x80, 0x03, 0x80, 0x03, 0x80, 0x03, 0x80, 0x03, 0x80, 0x03, 0x80, 0x03, 0x80,
    0x03, 0x80, 0x03, 0x80, 0x03, 0x80, 0x00, 0x00, 0x00, 0x00, 0x00, 0x00, 0x03, 0x80, 0x03, 0x80,
    0x03, 0x80, 0x03, 0x80, 0x00, 0x00, 0x00, 0x00, 0x00, 0x00, 0x00, 0x00, 0x00, 0x00, 0x00, 0x00,
    0x00, 0x00, 0x00, 0x00, 0x00, 0x00, 0x00, 0x00, 0x1C, 0x70, 0x1C, 0x70, 0x1C, 0x70, 0x1C, 0x70,
    0x1C, 0x70, 0x1C, 0x70, 0x00, 0x00, 0x00, 0x00, 0x00, 0x00, 0x00, 0x00, 0x00, 0x00, 0x00, 0x00,
    0x00, 0x00, 0x00, 0x00, 0x00, 0x00, 0x00, 0x00, 0x00, 0x00, 0x00, 0x00, 0x00, 0x00, 0x00, 0x00,
    0x00, 0x00, 0x00, 0x00, 0x00, 0x00, 0x00, 0x00, 0x00, 0x00, 0x00, 0x00, 0x00, 0x00, 0x00, 0x00,
    0x00, 0x00, 0x00, 0x00, 0x00, 0x00, 0x00, 0x00, 0x00, 0x00, 0x00, 0x00, 0x1C, 0x70, 0x1C, 0x70,
    0x1C, 0x70, 0x1C, 0x70, 0x1C, 0x70, 0x7F, 0xFC, 0x7F, 0xFC, 0x1C, 0x70, 0x1C, 0x70, 0x1C, 0x70,
    0x1C, 0x70, 0x1C, 0x70, 0x1C, 0x70, 0x7F, 0xFC, 0x7F, 0xFC, 0x1C, 0x70, 0x1C, 0x70, 0x1C, 0x70,
    0x1C, 0x70, 0x1C, 0x70, 0x00, 0x00, 0x00, 0x00, 0x00, 0x00, 0x00, 0x00, 0x00, 0x00, 0x00, 0x00,
    0x00, 0x00, 0x00, 0x00, 0x00, 0x00, 0x00, 0x00, 0x03, 0x80, 0x03, 0x80, 0x03, 0x80, 0x1F, 0xF0,
    0x3F, 0xF8, 0x7B, 0xBC, 0x73, 0x9C, 0x73, 0x80, 0x73, 0x80, 0x73, 0x80, 0x7B, 0x80, 0x3F, 0xF0,
    0x1F, 0xF8, 0x03, 0xBC, 0x03, 0x9C, 0x03, 0x9C, 0x03, 0x9C, 0x73, 0x9C, 0x7B, 0xBC, 0x3F, 0xF8,
    0x1F, 0xF0, 0x03, 0x80, 0x03, 0x80, 0x03, 0x80, 0x00, 0x00, 0x00, 0x00, 0x00, 0x00, 0x00, 0x00,
    0x00, 0x00, 0x00, 0x00, 0x00, 0x00, 0x00, 0x00, 0x00, 0x00, 0x00, 0x00, 0x1F, 0x1C, 0x3F, 0x9C,
    0x3B, 0xB8, 0x3B, 0xB8, 0x3F, 0xF0, 0x1F, 0x70, 0x00, 0xE0, 0x00, 0xE0, 0x01, 0xC0, 0x01, 0xC0,
    0x03, 0x80, 0x03, 0x80, 0x07, 0x00, 0x07, 0x00, 0x0E, 0xF8, 0x0F, 0xFC, 0x1D, 0xDC, 0x1D, 0xDC,
    0x39, 0xFC, 0x38, 0xF8, 0x00, 0x00, 0x00, 0x00, 0x00, 0x00, 0x00, 0x00, 0x00, 0x00, 0x00, 0x00,
    0x00, 0x00, 0x00, 0x00, 0x00, 0x00, 0x00, 0x00, 0x00, 0x00, 0x00, 0x00, 0x0F, 0xC0, 0x1F, 0xE0,
    0x38, 0x70, 0x38, 0x70, 0x38, 0x70, 0x38, 0x70, 0x38, 0x70, 0x1C, 0xE0, 0x0F, 0xC0, 0x0F, 0x80,
    0x1F, 0xCE, 0x38, 0xEE, 0x70, 0x7C, 0x70, 0x38, 0x70, 0x38, 0x70, 0x38, 0x70, 0x38, 0x78, 0x7C,
    0x3F, 0xEE, 0x1F, 0xCE, 0x00, 0x00, 0x00, 0x00, 0x00, 0x00, 0x00, 0x00, 0x00, 0x00, 0x00, 0x00,
    0x00, 0x00, 0x00, 0x00, 0x00, 0x00, 0x00, 0x00, 0x03, 0x80, 0x03, 0x80, 0x03, 0x80, 0x03, 0x80,
    0x03, 0x80, 0x03, 0x80, 0x00, 0x00, 0x00, 0x00, 0x00, 0x00, 0x00, 0x00, 0x00, 0x00, 0x00, 0x00,
    0x00, 0x00, 0x00, 0x00, 0x00, 0x00, 0x00, 0x00, 0x00, 0x00, 0x00, 0x00, 0x00, 0x00, 0x00, 0x00,
    0x00, 0x00, 0x00, 0x00, 0x00, 0x00, 0x00, 0x00, 0x00, 0x00, 0x00, 0x00, 0x00, 0x00, 0x00, 0x00,
    0x00, 0x00, 0x00, 0x00, 0x00, 0x00, 0x00, 0x00, 0x00, 0x00, 0x00, 0x00, 0x00, 0xE0, 0x01, 0xC0,
    0x03, 0x80, 0x07, 0x00, 0x07, 0x00, 0x0E, 0x00, 0x0E, 0x00, 0x0E, 0x00, 0x0E, 0x00, 0x0E, 0x00,
    0x0E, 0x00, 0x0E, 0x00, 0x0E, 0x00, 0x0E, 0x00, 0x0E, 0x00, 0x07, 0x00, 0x07, 0x00, 0x03, 0x80,
    0x01, 0xC0, 0x00, 0xE0, 0x00, 0x00, 0x00, 0x00, 0x00, 0x00, 0x00, 0x00, 0x00, 0x00, 0x00, 0x00,
    0x00, 0x00, 0x00, 0x00, 0x00, 0x00, 0x00, 0x00, 0x00, 0x00, 0x00, 0x00, 0x0E, 0x00, 0x07, 0x00,
    0x03, 0x80, 0x01, 0xC0, 0x01, 0xC0, 0x00, 0xE0, 0x00, 0xE0, 0x00, 0xE0, 0x00, 0xE0, 0x00, 0xE0,
    0x00, 0xE0, 0x00, 0xE0, 0x00, 0xE0, 0x00, 0xE0, 0x00, 0xE0, 0x01, 0xC0, 0x01, 0xC0, 0x03, 0x80,
    0x07, 0x00, 0x0E, 0x00, 0x00, 0x00, 0x00, 0x00, 0x00, 0x00, 0x00, 0x00, 0x00, 0x00, 0x00, 0x00,
    0x00, 0x00, 0x00, 0x00, 0x00, 0x00, 0x00, 0x00, 0x00, 0x00, 0x00, 0x00, 0x00, 0x00, 0x00, 0x00,
    0x00, 0x00, 0x00, 0x00, 0x38, 0x38, 0x1C, 0x70, 0x0E, 0xE0, 0x07, 0xC0, 0x03, 0x80, 0x7F, 0xFC,
    0x7F, 0xFC, 0x03, 0x80, 0x07, 0xC0, 0x0E, 0xE0, 0x1C, 0x70, 0x38, 0x38, 0x00, 0x00, 0x00, 0x00,
    0x00, 0x00, 0x00, 0x00, 0x00, 0x00, 0x00, 0x00, 0x00, 0x00, 0x00, 0x00, 0x00, 0x00, 0x00, 0x00,
    0x00, 0x00, 0x00, 0x00, 0x00, 0x00, 0x00, 0x00, 0x00, 0x00, 0x00, 0x00, 0x00, 0x00, 0x00, 0x00,
    0x00, 0x00, 0x00, 0x00, 0x03, 0x80, 0x03, 0x80, 0x03, 0x80, 0x03, 0x80, 0x03, 0x80, 0x7F, 0xFC,
    0x7F, 0xFC, 0x03, 0x80, 0x03, 0x80, 0x03, 0x80, 0x03, 0x80, 0x03, 0x80, 0x00, 0x00, 0x00, 0x00,
    0x00, 0x00, 0x00, 0x00, 0x00, 0x00, 0x00, 0x00, 0x00, 0x00, 0x00, 0x00, 0x00, 0x00, 0x00, 0x00,
    0x00, 0x00, 0x00, 0x00, 0x00, 0x00, 0x00, 0x00, 0x00, 0x00, 0x00, 0x00, 0x00, 0x00, 0x00, 0x00,
    0x00, 0x00, 0x00, 0x00, 0x00, 0x00, 0x00, 0x00, 0x00, 0x00, 0x00, 0x00, 0x00, 0x00, 0x00, 0x00,
    0x00, 0x00, 0x00, 0x00, 0x00, 0x00, 0x00, 0x00, 0x00, 0x00, 0x00, 0x00, 0x03, 0x80, 0x03, 0x80,
    0x03, 0x80, 0x03, 0x80, 0x07, 0x00, 0x0E, 0x00, 0x00, 0x00, 0x00, 0x00, 0x00, 0x00, 0x00, 0x00,
    0x00, 0x00, 0x00, 0x00, 0x00, 0x00, 0x00, 0x00, 0x00, 0x00, 0x00, 0x00, 0x00, 0x00, 0x00, 0x00,
    0x00, 0x00, 0x00, 0x00, 0x00, 0x00, 0x00, 0x00, 0x00, 0x00, 0x00, 0x00, 0x00, 0x00, 0x7F, 0xFC,
    0x7F, 0xFC, 0x00, 0x00, 0x00, 0x00, 0x00, 0x00, 0x00, 0x00, 0x00, 0x00, 0x00, 0x00, 0x00, 0x00,
    0x00, 0x00, 0x00, 0x00, 0x00, 0x00, 0x00, 0x00, 0x00, 0x00, 0x00, 0x00, 0x00, 0x00, 0x00, 0x00,
    0x00, 0x00, 0x00, 0x00, 0x00, 0x00, 0x00, 0x00, 0x00, 0x00, 0x00, 0x00, 0x00, 0x00, 0x00, 0x00,
    0x00, 0x00, 0x00, 0x00, 0x00, 0x00, 0x00, 0x00, 0x00, 0x00, 0x00, 0x00, 0x00, 0x00, 0x00, 0x00,
    0x00, 0x00, 0x00, 0x00, 0x00, 0x00, 0x00, 0x00, 0x00, 0x00, 0x00, 0x00, 0x03, 0x80, 0x03, 0x80,
    0x03, 0x80, 0x03, 0x80, 0x00, 0x00, 0x00, 0x00, 0x00, 0x00, 0x00, 0x00, 0x00, 0x00, 0x00, 0x00,
    0x00, 0x00, 0x00, 0x00, 0x00, 0x00, 0x00, 0x00, 0x00, 0x00, 0x00, 0x00, 0x00, 0x1C, 0x00, 0x1C,
    0x00, 0x38, 0x00, 0x38, 0x00, 0x70, 0x00, 0x70, 0x00, 0xE0, 0x00, 0xE0, 0x01, 0xC0, 0x01, 0xC0,
    0x03, 0x80, 0x03, 0x80, 0x07, 0x00, 0x07, 0x00, 0x0E, 0x00, 0x0E, 0x00, 0x1C, 0x00, 0x1C, 0x00,
    0x38, 0x00, 0x38, 0x00, 0x00, 0x00, 0x00, 0x00, 0x00, 0x00, 0x00, 0x00, 0x00, 0x00, 0x00, 0x00,
    0x00, 0x00, 0x00, 0x00, 0x00, 0x00, 0x00, 0x00, 0x00, 0x00, 0x00, 0x00, 0x1F, 0xF0, 0x3F, 0xF8,
    0x78, 0x3C, 0x70, 0x1C, 0x70, 0x1C, 0x70, 0x3C, 0x70, 0x7C, 0x70, 0xFC, 0x71, 0xDC, 0x73, 0x9C,
    0x77, 0x1C, 0x7E, 0x1C, 0x7C, 0x1C, 0x78, 0x1C, 0x70, 0x1C, 0x70, 0x1C, 0x70, 0x1C, 0x78, 0x3C,
    0x3F, 0xF8, 0x1F, 0xF0, 0x00, 0x00, 0x00, 0x00, 0x00, 0x00, 0x00, 0x00, 0x00, 0x00, 0x00, 0x00,
    0x00, 0x00, 0x00, 0x00, 0x00, 0x00, 0x00, 0x00, 0x00, 0x00, 0x00, 0x00, 0x03, 0x80, 0x07, 0x80,
    0x0F, 0x80, 0x1F, 0x80, 0x1F, 0x80, 0x03, 0x80, 0x03, 0x80, 0x03, 0x80, 0x03, 0x80, 0x03, 0x80,
    0x03, 0x80, 0x03, 0x80, 0x03, 0x80, 0x03, 0x80, 0x03, 0x80, 0x03, 0x80, 0x03, 0x80, 0x03, 0x80,
    0x1F, 0xF0, 0x1F, 0xF0, 0x00, 0x00, 0x00, 0x00, 0x00, 0x00, 0x00, 0x00, 0x00, 0x00, 0x00, 0x00,
    0x00, 0x00, 0x00, 0x00, 0x00, 0x00, 0x00, 0x00, 0x00, 0x00, 0x00, 0x00, 0x1F, 0xF0, 0x3F, 0xF8,
    0x78, 0x3C, 0x70, 0x1C, 0x70, 0x1C, 0x70, 0x1C, 0x70, 0x1C, 0x00, 0x1C, 0x00, 0x38, 0x00, 0x70,
    0x00, 0xE0, 0x01, 0xC0, 0x03, 0x80, 0x07, 0x00, 0x0E, 0x00, 0x1C, 0x00, 0x38, 0x00, 0x70, 0x00,
    0x7F, 0xFC, 0x7F, 0xFC, 0x00, 0x00, 0x00, 0x00, 0x00, 0x00, 0x00, 0x00, 0x00, 0x00, 0x00, 0x00,
    0x00, 0x00, 0x00, 0x00, 0x00, 0x00, 0x00, 0x00, 0x00, 0x00, 0x00, 0x00, 0x1F, 0xF0, 0x3F, 0xF8,
    0x78, 0x3C, 0x70, 0x1C, 0x70, 0x1C, 0x00, 0x1C, 0x00, 0x1C, 0x00, 0x1C, 0x00, 0x3C, 0x0F, 0xF8,
    0x0F, 0xF8, 0x00, 0x3C, 0x00, 0x1C, 0x00, 0x1C, 0x00, 0x1C, 0x70, 0x1C, 0x70, 0x1C, 0x78, 0x3C,
    0x3F, 0xF8, 0x1F, 0xF0, 0x00, 0x00, 0x00, 0x00, 0x00, 0x00, 0x00, 0x00, 0x00, 0x00, 0x00, 0x00,
    0x00, 0x00, 0x00, 0x00, 0x00, 0x00, 0x00, 0x00, 0x00, 0x00, 0x00, 0x00, 0x00, 0x1C, 0x00, 0x3C,
    0x00, 0x7C, 0x00, 0xFC, 0x01, 0xDC, 0x03, 0x9C, 0x07, 0x1C, 0x0E, 0x1C, 0x1C, 0x1C, 0x38, 0x1C,
    0x70, 0x1C, 0x70, 0x1C, 0x70, 0x1C, 0x7F, 0xFC, 0x7F, 0xFC, 0x00, 0x1C, 0x00, 0x1C, 0x00, 0x1C,
    0x00, 0x1C, 0x00, 0x1C, 0x00, 0x00, 0x00, 0x00, 0x00, 0x00, 0x00, 0x00, 0x00, 0x00, 0x00, 0x00,
    0x00, 0x00, 0x00, 0x00, 0x00, 0x00, 0x00, 0x00, 0x00, 0x00, 0x00, 0x00, 0x7F, 0xFC, 0x7F, 0xFC,
    0x70, 0x00, 0x70, 0x00, 0x70, 0x00, 0x70, 0x00, 0x70, 0x00, 0x70, 0x00, 0x7F, 0xF0, 0x7F, 0xF8,
    0x00, 0x3C, 0x00, 0x1C, 0x00, 0x1C, 0x00, 0x1C, 0x00, 0x1C, 0x00, 0x1C, 0x70, 0x1C, 0x78, 0x1C,
    0x3F, 0xF8, 0x1F, 0xF0, 0x00, 0x00, 0x00, 0x00, 0x00, 0x00, 0x00, 0x00, 0x00, 0x00, 0x00, 0x00,
    0x00, 0x00, 0x00, 0x00, 0x00, 0x00, 0x00, 0x00, 0x00, 0x00, 0x00, 0x00, 0x1F, 0xF8, 0x3F, 0xF8,
    0x78, 0x00, 0x70, 0x00, 0x70, 0x00, 0x70, 0x00, 0x70, 0x00, 0x70, 0x00, 0x7F, 0xF0, 0x7F, 0xF8,
    0x70, 0x3C, 0x70, 0x1C, 0x70, 0x1C, 0x70, 0x1C, 0x70, 0x1C, 0x70, 0x1C, 0x70, 0x1C, 0x78, 0x3C,
    0x3F, 0xF8, 0x1F, 0xF0, 0x00, 0x00, 0x00, 0x00, 0x00, 0x00, 0x00, 0x00, 0x00, 0x00, 0x00, 0x00,
    0x00, 0x00, 0x00, 0x00, 0x00, 0x00, 0x00, 0x00, 0x00, 0x00, 0x00, 0x00, 0x7F, 0xFC, 0x7F, 0xFC,
    0x70, 0x1C, 0x70, 0x1C, 0x70, 0x1C, 0x70, 0x38, 0x00, 0x38, 0x00, 0x70, 0x00, 0x70, 0x00, 0xE0,
    0x00, 0xE0, 0x01, 0xC0, 0x01, 0xC0, 0x03, 0x80, 0x03, 0x80, 0x03, 0x80, 0x03, 0x80, 0x03, 0x80,
    0x03, 0x80, 0x03, 0x80, 0x00, 0x00, 0x00, 0x00, 0x00, 0x00, 0x00, 0x00, 0x00, 0x00, 0x00, 0x00,
    0x00, 0x00, 0x00, 0x00, 0x00, 0x00, 0x00, 0x00, 0x00, 0x00, 0x00, 0x00, 0x1F, 0xF0, 0x3F, 0xF8,
    0x78, 0x3C, 0x70, 0x1C, 0x70, 0x1C, 0x70, 0x1C, 0x70, 0x1C, 0x70, 0x1C, 0x78, 0x3C, 0x3F, 0xF8,
    0x3F, 0xF8, 0x78, 0x3C, 0x70, 0x1C, 0x70, 0x1C, 0x70, 0x1C, 0x70, 0x1C, 0x70, 0x1C, 0x78, 0x3C,
    0x3F, 0xF8, 0x1F, 0xF0, 0x00, 0x00, 0x00, 0x00, 0x00, 0x00, 0x00, 0x00, 0x00, 0x00, 0x00, 0x00,
    0x00, 0x00, 0x00, 0x00, 0x00, 0x00, 0x00, 0x00, 0x00, 0x00, 0x00, 0x00, 0x1F, 0xF0, 0x3F, 0xF8,
    0x78, 0x3C, 0x70, 0x1C, 0x70, 0x1C, 0x70, 0x1C, 0x70, 0x1C, 0x70, 0x1C, 0x70, 0x1C, 0x78, 0x1C,
    0x3F, 0xFC, 0x1F, 0xFC, 0x00, 0x1C, 0x00, 0x1C, 0x00, 0x1C, 0x00, 0x1C, 0x00, 0x1C, 0x00, 0x3C,
    0x3F, 0xF8, 0x3F, 0xF0, 0x00, 0x00, 0x00, 0x00, 0x00, 0x00, 0x00, 0x00, 0x00, 0x00, 0x00, 0x00,
    0x00, 0x00, 0x00, 0x00, 0x00, 0x00, 0x00, 0x00, 0x00, 0x00, 0x00, 0x00, 0x00, 0x00, 0x00, 0x00,
    0x00, 0x00, 0x00, 0x00, 0x00, 0x00, 0x00, 0x00, 0x03, 0x80, 0x03, 0x80, 0x03, 0x80, 0x03, 0x80,
    0x00, 0x00, 0x00, 0x00, 0x00, 0x00, 0x00, 0x00, 0x00, 0x00, 0x00, 0x00, 0x03, 0x80, 0x03, 0x80,
    0x03, 0x80, 0x03, 0x80, 0x00, 0x00, 0x00, 0x00, 0x00, 0x00, 0x00, 0x00, 0x00, 0x00, 0x00, 0x00,
    0x00, 0x00, 0x00, 0x00, 0x00, 0x00, 0x00, 0x00, 0x00, 0x00, 0x00, 0x00, 0x00, 0x00, 0x00, 0x00,
    0x00, 0x00, 0x00, 0x00, 0x00, 0x00, 0x00, 0x00, 0x03, 0x80, 0x03, 0x80, 0x03, 0x80, 0x03, 0x80,
    0x00, 0x00, 0x00, 0x00, 0x00, 0x00, 0x00, 0x00, 0x00, 0x00, 0x00, 0x00, 0x03, 0x80, 0x03, 0x80,
    0x03, 0x80, 0x03, 0x80, 0x07, 0x00, 0x0E, 0x00, 0x00, 0x00, 0x00, 0x00, 0x00, 0x00, 0x00, 0x00,
    0x00, 0x00, 0x00, 0x00, 0x00, 0x00, 0x00, 0x00, 0x00, 0x00, 0x00, 0x00, 0x00, 0x1C, 0x00, 0x38,
    0x00, 0x70, 0x00, 0xE0, 0x01, 0xC0, 0x03, 0x80, 0x07, 0x00, 0x0E, 0x00, 0x1C, 0x00, 0x38, 0x00,
    0x38, 0x00, 0x1C, 0x00, 0x0E, 0x00, 0x07, 0x00, 0x03, 0x80, 0x01, 0xC0, 0x00, 0xE0, 0x00, 0x70,
    0x00, 0x38, 0x00, 0x1C, 0x00, 0x00, 0x00, 0x00, 0x00, 0x00, 0x00, 0x00, 0x00, 0x00, 0x00, 0x00,
    0x00, 0x00, 0x00, 0x00, 0x00, 0x00, 0x00, 0x00, 0x00, 0x00, 0x00, 0x00, 0x00, 0x00, 0x00, 0x00,
    0x00, 0x00, 0x00, 0x00, 0x00, 0x00, 0x00, 0x00, 0x7F, 0xFC, 0x7F, 0xFC, 0x00, 0x00, 0x00, 0x00,
    0x00, 0x00, 0x00, 0x00, 0x7F, 0xFC, 0x7F, 0xFC, 0x00, 0x00, 0x00, 0x00, 0x00, 0x00, 0x00, 0x00,
    0x00, 0x00, 0x00, 0x00, 0x00, 0x00, 0x00, 0x00, 0x00, 0x00, 0x00, 0x00, 0x00, 0x00, 0x00, 0x00,
    0x00, 0x00, 0x00, 0x00, 0x00, 0x00, 0x00, 0x00, 0x00, 0x00, 0x00, 0x00, 0x38, 0x00, 0x1C, 0x00,
    0x0E, 0x00, 0x07, 0x00, 0x03, 0x80, 0x01, 0xC0, 0x00, 0xE0, 0x00, 0x70, 0x00, 0x38, 0x00, 0x1C,
    0x00, 0x1C, 0x00, 0x38, 0x00, 0x70, 0x00, 0xE0, 0x01, 0xC0, 0x03, 0x80, 0x07, 0x00, 0x0E, 0x00,
    0x1C, 0x00, 0x38, 0x00, 0x00, 0x00, 0x00, 0x00, 0x00, 0x00, 0x00, 0x00, 0x00, 0x00, 0x00, 0x00,
    0x00, 0x00, 0x00, 0x00, 0x00, 0x00, 0x00, 0x00, 0x00, 0x00, 0x00, 0x00, 0x1F, 0xF0, 0x3F, 0xF8,
    0x78, 0x3C, 0x70, 0x1C, 0x70, 0x1C, 0x70, 0x1C, 0x70, 0x1C, 0x00, 0x38, 0x00, 0x70, 0x00, 0xE0,
    0x01, 0xC0, 0x03, 0x80, 0x03, 0x80, 0x03, 0x80, 0x00, 0x00, 0x00, 0x00, 0x03, 0x80, 0x03, 0x80,
    0x03, 0x80, 0x03, 0x80, 0x00, 0x00, 0x00, 0x00, 0x00, 0x00, 0x00, 0x00, 0x00, 0x00, 0x00, 0x00,
    0x00, 0x00, 0x00, 0x00, 0x00, 0x00, 0x00, 0x00, 0x00, 0x00, 0x00, 0x00, 0x1F, 0xF8, 0x3F, 0xFC,
    0x78, 0x0E, 0x70, 0x06, 0x71, 0xFE, 0x73, 0xFE, 0x77, 0x8E, 0x77, 0x0E, 0x77, 0x0E, 0x77, 0x0E,
    0x77, 0x0E, 0x77, 0x0E, 0x77, 0x0E, 0x77, 0x9E, 0x73, 0xFE, 0x71, 0xF6, 0x70, 0x00, 0x78, 0x00,
    0x3F, 0xFE, 0x1F, 0xFE, 0x00, 0x00, 0x00, 0x00, 0x00, 0x00, 0x00, 0x00, 0x00, 0x00, 0x00, 0x00,
    0x00, 0x00, 0x00, 0x00, 0x00, 0x00, 0x00, 0x00, 0x00, 0x00, 0x00, 0x00, 0x1F, 0xF0, 0x3F, 0xF8,
    0x78, 0x3C, 0x70, 0x1C, 0x70, 0x1C, 0x70, 0x1C, 0x70, 0x1C, 0x70, 0x1C, 0x70, 0x1C, 0x70, 0x1C,
    0x7F, 0xFC, 0x7F, 0xFC, 0x70, 0x1C, 0x70, 0x1C, 0x70, 0x1C, 0x70, 0x1C, 0x70, 0x1C, 0x70, 0x1C,
    0x70, 0x1C, 0x70, 0x1C, 0x00, 0x00, 0x00, 0x00, 0x00, 0x00, 0x00, 0x00, 0x00, 0x00, 0x00, 0x00,
    0x00, 0x00, 0x00, 0x00, 0x00, 0x00, 0x00, 0x00, 0x00, 0x00, 0x00, 0x00, 0x7F, 0xF0, 0x7F, 0xF8,
    0x70, 0x3C, 0x70, 0x1C, 0x70, 0x1C, 0x70, 0x1C, 0x70, 0x1C, 0x70, 0x38, 0x7F, 0xF0, 0x7F, 0xF0,
    0x70, 0x38, 0x70, 0x1C, 0x70, 0x1C, 0x70, 0x1C, 0x70, 0x1C, 0x70, 0x1C, 0x70, 0x1C, 0x70, 0x3C,
    0x7F, 0xF8, 0x7F, 0xF0, 0x00, 0x00, 0x00, 0x00, 0x00, 0x00, 0x00, 0x00, 0x00, 0x00, 0x00, 0x00,
    0x00, 0x00, 0x00, 0x00, 0x00, 0x00, 0x00, 0x00, 0x00, 0x00, 0x00, 0x00, 0x1F, 0xF0, 0x3F, 0xF8,
    0x78, 0x3C, 0x70, 0x1C, 0x70, 0x1C, 0x70, 0x00, 0x70, 0x00, 0x70, 0x00, 0x70, 0x00, 0x70, 0x00,
    0x70, 0x00, 0x70, 0x00, 0x70, 0x00, 0x70, 0x00, 0x70, 0x00, 0x70, 0x1C, 0x70, 0x1C, 0x78, 0x3C,
    0x3F, 0xF8, 0x1F, 0xF0, 0x00, 0x00, 0x00, 0x00, 0x00, 0x00, 0x00, 0x00, 0x00, 0x00, 0x00, 0x00,
    0x00, 0x00, 0x00, 0x00, 0x00, 0x00, 0x00, 0x00, 0x00, 0x00, 0x00, 0x00, 0x7F, 0xC0, 0x7F, 0xF0,
    0x70, 0x78, 0x70, 0x38, 0x70, 0x1C, 0x70, 0x1C, 0x70, 0x1C, 0x70, 0x1C, 0x70, 0x1C, 0x70, 0x1C,
    0x70, 0x1C, 0x70, 0x1C, 0x70, 0x1C, 0x70, 0x1C, 0x70, 0x1C, 0x70, 0x1C, 0x70, 0x38, 0x70, 0x78,
    0x7F, 0xF0, 0x7F, 0xC0, 0x00, 0x00, 0x00, 0x00, 0x00, 0x00, 0x00, 0x00, 0x00, 0x00, 0x00, 0x00,
    0x00, 0x00, 0x00, 0x00, 0x00, 0x00, 0x00, 0x00, 0x00, 0x00, 0x00, 0x00, 0x7F, 0xFC, 0x7F, 0xFC,
    0x70, 0x00, 0x70, 0x00, 0x70, 0x00, 0x70, 0x00, 0x70, 0x00, 0x70, 0x00, 0x70, 0x00, 0x7F, 0xE0,
    0x7F, 0xE0, 0x70, 0x00, 0x70, 0x00, 0x70, 0x00, 0x70, 0x00, 0x70, 0x00, 0x70, 0x00, 0x70, 0x00,
    0x7F, 0xFC, 0x7F, 0xFC, 0x00, 0x00, 0x00, 0x00, 0x00, 0x00, 0x00, 0x00, 0x00, 0x00, 0x00, 0x00,
    0x00, 0x00, 0x00, 0x00, 0x00, 0x00, 0x00, 0x00, 0x00, 0x00, 0x00, 0x00, 0x7F, 0xFC, 0x7F, 0xFC,
    0x70, 0x00, 0x70, 0x00, 0x70, 0x00, 0x70, 0x00, 0x70, 0x00, 0x70, 0x00, 0x70, 0x00, 0x7F, 0xE0,
    0x7F, 0xE0, 0x70, 0x00, 0x70, 0x00, 0x70, 0x00, 0x70, 0x00, 0x70, 0x00, 0x70, 0x00, 0x70, 0x00,
    0x70, 0x00, 0x70, 0x00, 0x00, 0x00, 0x00, 0x00, 0x00, 0x00, 0x00, 0x00, 0x00, 0x00, 0x00, 0x00,
    0x00, 0x00, 0x00, 0x00, 0x00, 0x00, 0x00, 0x00, 0x00, 0x00, 0x00, 0x00, 0x1F, 0xF0, 0x3F, 0xF8,
    0x78, 0x3C, 0x70, 0x1C, 0x70, 0x1C, 0x70, 0x00, 0x70, 0x00, 0x70, 0x00, 0x70, 0x00, 0x71, 0xFC,
    0x71, 0xFC, 0x70, 0x1C, 0x70, 0x1C, 0x70, 0x1C, 0x70, 0x1C, 0x70, 0x1C, 0x70, 0x1C, 0x78, 0x3C,
    0x3F, 0xF8, 0x1F, 0xF0, 0x00, 0x00, 0x00, 0x00, 0x00, 0x00, 0x00, 0x00, 0x00, 0x00, 0x00, 0x00,
    0x00, 0x00, 0x00, 0x00, 0x00, 0x00, 0x00, 0x00, 0x00, 0x00, 0x00, 0x00, 0x70, 0x1C, 0x70, 0x1C,
    0x70, 0x1C, 0x70, 0x1C, 0x70, 0x1C, 0x70, 0x1C, 0x70, 0x1C, 0x70, 0x1C, 0x70, 0x1C, 0x7F, 0xFC,
    0x7F, 0xFC, 0x70, 0x1C, 0x70, 0x1C, 0x70, 0x1C, 0x70, 0x1C, 0x70, 0x1C, 0x70, 0x1C, 0x70, 0x1C,
    0x70, 0x1C, 0x70, 0x1C, 0x00, 0x00, 0x00, 0x00, 0x00, 0x00, 0x00, 0x00, 0x00, 0x00, 0x00, 0x00,
    0x00, 0x00, 0x00, 0x00, 0x00, 0x00, 0x00, 0x00, 0x00, 0x00, 0x00, 0x00, 0x0F, 0xE0, 0x0F, 0xE0,
    0x03, 0x80, 0x03, 0x80, 0x03, 0x80, 0x03, 0x80, 0x03, 0x80, 0x03, 0x80, 0x03, 0x80, 0x03, 0x80,
    0x03, 0x80, 0x03, 0x80, 0x03, 0x80, 0x03, 0x80, 0x03, 0x80, 0x03, 0x80, 0x03, 0x80, 0x03, 0x80,
    0x0F, 0xE0, 0x0F, 0xE0, 0x00, 0x00, 0x00, 0x00, 0x00, 0x00, 0x00, 0x00, 0x00, 0x00, 0x00, 0x00,
    0x00, 0x00, 0x00, 0x00, 0x00, 0x00, 0x00, 0x00, 0x00, 0x00, 0x00, 0x00, 0x00, 0xFE, 0x00, 0xFE,
    0x00, 0x38, 0x00, 0x38, 0x00, 0x38, 0x00, 0x38, 0x00, 0x38, 0x00, 0x38, 0x00, 0x38, 0x00, 0x38,
    0x00, 0x38, 0x00, 0x38, 0x00, 0x38, 0x00, 0x38, 0x70, 0x38, 0x70, 0x38, 0x70, 0x38, 0x78, 0x78,
    0x3F, 0xF0, 0x1F, 0xE0, 0x00, 0x00, 0x00, 0x00, 0x00, 0x00, 0x00, 0x00, 0x00, 0x00, 0x00, 0x00,
    0x00, 0x00, 0x00, 0x00, 0x00, 0x00, 0x00, 0x00, 0x00, 0x00, 0x00, 0x00, 0x70, 0x0C, 0x70, 0x1C,
    0x70, 0x38, 0x70, 0x70, 0x70, 0xE0, 0x71, 0xC0, 0x73, 0x80, 0x77, 0x00, 0x7E, 0x00, 0x7C, 0x00,
    0x7C, 0x00, 0x7E, 0x00, 0x77, 0x00, 0x73, 0x80, 0x71, 0xC0, 0x70, 0xE0, 0x70, 0x70, 0x70, 0x38,
    0x70, 0x1C, 0x70, 0x0C, 0x00, 0x00, 0x00, 0x00, 0x00, 0x00, 0x00, 0x00, 0x00, 0x00, 0x00, 0x00,
    0x00, 0x00, 0x00, 0x00, 0x00, 0x00, 0x00, 0x00, 0x00, 0x00, 0x00, 0x00, 0x70, 0x00, 0x70, 0x00,
    0x70, 0x00, 0x70, 0x00, 0x70, 0x00, 0x70, 0x00, 0x70, 0x00, 0x70, 0x00, 0x70, 0x00, 0x70, 0x00,
    0x70, 0x00, 0x70, 0x00, 0x70, 0x00, 0x70, 0x00, 0x70, 0x00, 0x70, 0x00, 0x70, 0x00, 0x70, 0x00,
    0x7F, 0xFC, 0x7F, 0xFC, 0x00, 0x00, 0x00, 0x00, 0x00, 0x00, 0x00, 0x00, 0x00, 0x00, 0x00, 0x00,
    0x00, 0x00, 0x00, 0x00, 0x00, 0x00, 0x00, 0x00, 0x00, 0x00, 0x00, 0x00, 0x70, 0x0E, 0x70, 0x0E,
    0x78, 0x1E, 0x7C, 0x3E, 0x7E, 0x7E, 0x7E, 0x7E, 0x77, 0xEE, 0x73, 0xCE, 0x73, 0xCE, 0x71, 0x8E,
    0x70, 0x0E, 0x70, 0x0E, 0x70, 0x0E, 0x70, 0x0E, 0x70, 0x0E, 0x70, 0x0E, 0x70, 0x0E, 0x70, 0x0E,
    0x70, 0x0E, 0x70, 0x0E, 0x00, 0x00, 0x00, 0x00, 0x00, 0x00, 0x00, 0x00, 0x00, 0x00, 0x00, 0x00,
    0x00, 0x00, 0x00, 0x00, 0x00, 0x00, 0x00, 0x00, 0x00, 0x00, 0x00, 0x00, 0x70, 0x1C, 0x70, 0x1C,
    0x70, 0x1C, 0x70, 0x1C, 0x70, 0x1C, 0x78, 0x1C, 0x7C, 0x1C, 0x7E, 0x1C, 0x77, 0x1C, 0x73, 0x9C,
    0x71, 0xDC, 0x70, 0xFC, 0x70, 0x7C, 0x70, 0x3C, 0x70, 0x1C, 0x70, 0x1C, 0x70, 0x1C, 0x70, 0x1C,
    0x70, 0x1C, 0x70, 0x1C, 0x00, 0x00, 0x00, 0x00, 0x00, 0x00, 0x00, 0x00, 0x00, 0x00, 0x00, 0x00,
    0x00, 0x00, 0x00, 0x00, 0x00, 0x00, 0x00, 0x00, 0x00, 0x00, 0x00, 0x00, 0x1F, 0xF0, 0x3F, 0xF8,
    0x78, 0x3C, 0x70, 0x1C, 0x70, 0x1C, 0x70, 0x1C, 0x70, 0x1C, 0x70, 0x1C, 0x70, 0x1C, 0x70, 0x1C,
    0x70, 0x1C, 0x70, 0x1C, 0x70, 0x1C, 0x70, 0x1C, 0x70, 0x1C, 0x70, 0x1C, 0x70, 0x1C, 0x78, 0x3C,
    0x3F, 0xF8, 0x1F, 0xF0, 0x00, 0x00, 0x00, 0x00, 0x00, 0x00, 0x00, 0x00, 0x00, 0x00, 0x00, 0x00,
    0x00, 0x00, 0x00, 0x00, 0x00, 0x00, 0x00, 0x00, 0x00, 0x00, 0x00, 0x00, 0x7F, 0xF0, 0x7F, 0xF8,
    0x70, 0x3C, 0x70, 0x1C, 0x70, 0x1C, 0x70, 0x1C, 0x70, 0x1C, 0x70, 0x1C, 0x70, 0x1C, 0x70, 0x3C,
    0x7F, 0xF8, 0x7F, 0xF0, 0x70, 0x00, 0x70, 0x00, 0x70, 0x00, 0x70, 0x00, 0x70, 0x00, 0x70, 0x00,
    0x70, 0x00, 0x70, 0x00, 0x00, 0x00, 0x00, 0x00, 0x00, 0x00, 0x00, 0x00, 0x00, 0x00, 0x00, 0x00,
    0x00, 0x00, 0x00, 0x00, 0x00, 0x00, 0x00, 0x00, 0x00, 0x00, 0x00, 0x00, 0x1F, 0xF0, 0x3F, 0xF8,
    0x78, 0x3C, 0x70, 0x1C, 0x70, 0x1C, 0x70, 0x1C, 0x70, 0x1C, 0x70, 0x1C, 0x70, 0x1C, 0x70, 0x1C,
    0x70, 0x1C, 0x70, 0x1C, 0x70, 0x1C, 0x70, 0x1C, 0x70, 0x1C, 0x70, 0x1C, 0x73, 0x9C, 0x79, 0xFC,
    0x3F, 0xF8, 0x1F, 0xF0, 0x00, 0x38, 0x00, 0x1C, 0x00, 0x00, 0x00, 0x00, 0x00, 0x00, 0x00, 0x00,
    0x00, 0x00, 0x00, 0x00, 0x00, 0x00, 0x00, 0x00, 0x00, 0x00, 0x00, 0x00, 0x7F, 0xF0, 0x7F, 0xF8,
    0x70, 0x3C, 0x70, 0x1C, 0x70, 0x1C, 0x70, 0x1C, 0x70, 0x1C, 0x70, 0x1C, 0x70, 0x1C, 0x70, 0x3C,
    0x7F, 0xF8, 0x7F, 0xF0, 0x7E, 0x00, 0x77, 0x00, 0x73, 0x80, 0x71, 0xC0, 0x70, 0xE0, 0x70, 0x70,
    0x70, 0x38, 0x70, 0x1C, 0x00, 0x00, 0x00, 0x00, 0x00, 0x00, 0x00, 0x00, 0x00, 0x00, 0x00, 0x00,
    0x00, 0x00, 0x00, 0x00, 0x00, 0x00, 0x00, 0x00, 0x00, 0x00, 0x00, 0x00, 0x1F, 0xF0, 0x3F, 0xF8,
    0x78, 0x3C, 0x70, 0x1C, 0x70, 0x1C, 0x70, 0x00, 0x70, 0x00, 0x70, 0x00, 0x78, 0x00, 0x3F, 0xF0,
    0x1F, 0xF8, 0x00, 0x3C, 0x00, 0x1C, 0x00, 0x1C, 0x00, 0x1C, 0x70, 0x1C, 0x70, 0x1C, 0x78, 0x3C,
    0x3F, 0xF8, 0x1F, 0xF0, 0x00, 0x00, 0x00, 0x00, 0x00, 0x00, 0x00, 0x00, 0x00, 0x00, 0x00, 0x00,
    0x00, 0x00, 0x00, 0x00, 0x00, 0x00, 0x00, 0x00, 0x00, 0x00, 0x00, 0x00, 0x7F, 0xFC, 0x7F, 0xFC,
    0x03, 0x80, 0x03, 0x80, 0x03, 0x80, 0x03, 0x80, 0x03, 0x80, 0x03, 0x80, 0x03, 0x80, 0x03, 0x80,
    0x03, 0x80, 0x03, 0x80, 0x03, 0x80, 0x03, 0x80, 0x03, 0x80, 0x03, 0x80, 0x03, 0x80, 0x03, 0x80,
    0x03, 0x80, 0x03, 0x80, 0x00, 0x00, 0x00, 0x00, 0x00, 0x00, 0x00, 0x00, 0x00, 0x00, 0x00, 0x00,
    0x00, 0x00, 0x00, 0x00, 0x00, 0x00, 0x00, 0x00, 0x00, 0x00, 0x00, 0x00, 0x70, 0x1C, 0x70, 0x1C,
    0x70, 0x1C, 0x70, 0x1C, 0x70, 0x1C, 0x70, 0x1C, 0x70, 0x1C, 0x70, 0x1C, 0x70, 0x1C, 0x70, 0x1C,
    0x70, 0x1C, 0x70, 0x1C, 0x70, 0x1C, 0x70, 0x1C, 0x70, 0x1C, 0x70, 0x1C, 0x70, 0x1C, 0x78, 0x3C,
    0x3F, 0xF8, 0x1F, 0xF0, 0x00, 0x00, 0x00, 0x00, 0x00, 0x00, 0x00, 0x00, 0x00, 0x00, 0x00, 0x00,
    0x00, 0x00, 0x00, 0x00, 0x00, 0x00, 0x00, 0x00, 0x00, 0x00, 0x00, 0x00, 0x70, 0x1C, 0x70, 0x1C,
    0x70, 0x1C, 0x70, 0x1C, 0x70, 0x1C, 0x38, 0x38, 0x38, 0x38, 0x38, 0x38, 0x38, 0x38, 0x38, 0x38,
    0x1C, 0x70, 0x1C, 0x70, 0x1C, 0x70, 0x1C, 0x70, 0x0E, 0xE0, 0x0E, 0xE0, 0x0E, 0xE0, 0x07, 0xC0,
    0x07, 0xC0, 0x07, 0xC0, 0x00, 0x00, 0x00, 0x00, 0x00, 0x00, 0x00, 0x00, 0x00, 0x00, 0x00, 0x00,
    0x00, 0x00, 0x00, 0x00, 0x00, 0x00, 0x00, 0x00, 0x00, 0x00, 0x00, 0x00, 0x70, 0x0E, 0x70, 0x0E,
    0x70, 0x0E, 0x70, 0x0E, 0x70, 0x0E, 0x70, 0x0E, 0x70, 0x0E, 0x70, 0x0E, 0x70, 0x0E, 0x70, 0x0E,
    0x71, 0x8E, 0x73, 0xCE, 0x73, 0xCE, 0x77, 0xEE, 0x7E, 0x7E, 0x7E, 0x7E, 0x7C, 0x3E, 0x78, 0x1E,
    0x70, 0x0E, 0x70, 0x0E, 0x00, 0x00, 0x00, 0x00, 0x00, 0x00, 0x00, 0x00, 0x00, 0x00, 0x00, 0x00,
    0x00, 0x00, 0x00, 0x00, 0x00, 0x00, 0x00, 0x00, 0x00, 0x00, 0x00, 0x00, 0x70, 0x1C, 0x70, 0x1C,
    0x38, 0x38, 0x38, 0x38, 0x1C, 0x70, 0x1C, 0x70, 0x0E, 0xE0, 0x0E, 0xE0, 0x07, 0xC0, 0x07, 0xC0,
    0x07, 0xC0, 0x07, 0xC0, 0x0E, 0xE0, 0x0E, 0xE0, 0x1C, 0x70, 0x1C, 0x70, 0x38, 0x38, 0x38, 0x38,
    0x70, 0x1C, 0x70, 0x1C, 0x00, 0x00, 0x00, 0x00, 0x00, 0x00, 0x00, 0x00, 0x00, 0x00, 0x00, 0x00,
    0x00, 0x00, 0x00, 0x00, 0x00, 0x00, 0x00, 0x00, 0x00, 0x00, 0x00, 0x00, 0x70, 0x1C, 0x70, 0x1C,
    0x70, 0x1C, 0x38, 0x38, 0x38, 0x38, 0x1C, 0x70, 0x1C, 0x70, 0x0E, 0xE0, 0x0E, 0xE0, 0x07, 0xC0,
    0x07, 0xC0, 0x03, 0x80, 0x03, 0x80, 0x03, 0x80, 0x03, 0x80, 0x03, 0x80, 0x03, 0x80, 0x03, 0x80,
    0x03, 0x80, 0x03, 0x80, 0x00, 0x00, 0x00, 0x00, 0x00, 0x00, 0x00, 0x00, 0x00, 0x00, 0x00, 0x00,
    0x00, 0x00, 0x00, 0x00, 0x00, 0x00, 0x00, 0x00, 0x00, 0x00, 0x00, 0x00, 0x7F, 0xFC, 0x7F, 0xFC,
    0x00, 0x1C, 0x00, 0x1C, 0x00, 0x1C, 0x00, 0x38, 0x00, 0x70, 0x00, 0xE0, 0x01, 0xC0, 0x03, 0x80,
    0x07, 0x00, 0x0E, 0x00, 0x1C, 0x00, 0x38, 0x00, 0x70, 0x00, 0x70, 0x00, 0x70, 0x00, 0x70, 0x00,
    0x7F, 0xFC, 0x7F, 0xFC, 0x00, 0x00, 0x00, 0x00, 0x00, 0x00, 0x00, 0x00, 0x00, 0x00, 0x00, 0x00,
    0x00, 0x00, 0x00, 0x00, 0x00, 0x00, 0x00, 0x00, 0x00, 0x00, 0x00, 0x00, 0x0F, 0xF0, 0x0F, 0xF0,
    0x0E, 0x00, 0x0E, 0x00, 0x0E, 0x00, 0x0E, 0x00, 0x0E, 0x00, 0x0E, 0x00, 0x0E, 0x00, 0x0E, 0x00,
    0x0E, 0x00, 0x0E, 0x00, 0x0E, 0x00, 0x0E, 0x00, 0x0E, 0x00, 0x0E, 0x00, 0x0E, 0x00, 0x0E, 0x00,
    0x0F, 0xF0, 0x0F, 0xF0, 0x00, 0x00, 0x00, 0x00, 0x00, 0x00, 0x00, 0x00, 0x00, 0x00, 0x00, 0x00,
    0x00, 0x00, 0x00, 0x00, 0x00, 0x00, 0x00, 0x00, 0x00, 0x00, 0x00, 0x00, 0x38, 0x00, 0x38, 0x00,
    0x1C, 0x00, 0x1C, 0x00, 0x0E, 0x00, 0x0E, 0x00, 0x07, 0x00, 0x07, 0x00, 0x03, 0x80, 0x03, 0x80,
    0x01, 0xC0, 0x01, 0xC0, 0x00, 0xE0, 0x00, 0xE0, 0x00, 0x70, 0x00, 0x70, 0x00, 0x38, 0x00, 0x38,
    0x00, 0x1C, 0x00, 0x1C, 0x00, 0x00, 0x00, 0x00, 0x00, 0x00, 0x00, 0x00, 0x00, 0x00, 0x00, 0x00,
    0x00, 0x00, 0x00, 0x00, 0x00, 0x00, 0x00, 0x00, 0x00, 0x00, 0x00, 0x00, 0x0F, 0xF0, 0x0F, 0xF0,
    0x00, 0x70, 0x00, 0x70, 0x00, 0x70, 0x00, 0x70, 0x00, 0x70, 0x00, 0x70, 0x00, 0x70, 0x00, 0x70,
    0x00, 0x70, 0x00, 0x70, 0x00, 0x70, 0x00, 0x70, 0x00, 0x70, 0x00, 0x70, 0x00, 0x70, 0x00, 0x70,
    0x0F, 0xF0, 0x0F, 0xF0, 0x00, 0x00, 0x00, 0x00, 0x00, 0x00, 0x00, 0x00, 0x00, 0x00, 0x00, 0x00,
    0x00, 0x00, 0x00, 0x00, 0x00, 0x00, 0x00, 0x00, 0x03, 0x80, 0x07, 0xC0, 0x0E, 0xE0, 0x1C, 0x70,
    0x38, 0x38, 0x70, 0x1C, 0x00, 0x00, 0x00, 0x00, 0x00, 0x00, 0x00, 0x00, 0x00, 0x00, 0x00, 0x00,
    0x00, 0x00, 0x00, 0x00, 0x00, 0x00, 0x00, 0x00, 0x00, 0x00, 0x00, 0x00, 0x00, 0x00, 0x00, 0x00,
    0x00, 0x00, 0x00, 0x00, 0x00, 0x00, 0x00, 0x00, 0x00, 0x00, 0x00, 0x00, 0x00, 0x00, 0x00, 0x00,
    0x00, 0x00, 0x00, 0x00, 0x00, 0x00, 0x00, 0x00, 0x00, 0x00, 0x00, 0x00, 0x00, 0x00, 0x00, 0x00,
    0x00, 0x00, 0x00, 0x00, 0x00, 0x00, 0x00, 0x00, 0x00, 0x00, 0x00, 0x00, 0x00, 0x00, 0x00, 0x00,
    0x00, 0x00, 0x00, 0x00, 0x00, 0x00, 0x00, 0x00, 0x00, 0x00, 0x00, 0x00, 0x00, 0x00, 0x00, 0x00,
    0x00, 0x00, 0x00, 0x00, 0x00, 0x00, 0x7F, 0xFC, 0x7F, 0xFC, 0x00, 0x00, 0x00, 0x00, 0x00, 0x00,
    0x00, 0x00, 0x00, 0x00, 0x1C, 0x00, 0x0E, 0x00, 0x07, 0x00, 0x03, 0x80, 0x00, 0x00, 0x00, 0x00,
    0x00, 0x00, 0x00, 0x00, 0x00, 0x00, 0x00, 0x00, 0x00, 0x00, 0x00, 0x00, 0x00, 0x00, 0x00, 0x00,
    0x00, 0x00, 0x00, 0x00, 0x00, 0x00, 0x00, 0x00, 0x00, 0x00, 0x00, 0x00, 0x00, 0x00, 0x00, 0x00,
    0x00, 0x00, 0x00, 0x00, 0x00, 0x00, 0x00, 0x00, 0x00, 0x00, 0x00, 0x00, 0x00, 0x00, 0x00, 0x00,
    0x00, 0x00, 0x00, 0x00, 0x00, 0x00, 0x00, 0x00, 0x00, 0x00, 0x00, 0x00, 0x00, 0x00, 0x00, 0x00,
    0x00, 0x00, 0x00, 0x00, 0x00, 0x00, 0x00, 0x00, 0x3F, 0xF0, 0x3F, 0xF8, 0x00, 0x3C, 0x00, 0x1C,
    0x00, 0x1C, 0x1F, 0xFC, 0x3F, 0xFC, 0x78, 0x1C, 0x70, 0x1C, 0x70, 0x1C, 0x70, 0x1C, 0x78, 0x1C,
    0x3F, 0xFC, 0x1F, 0xFC, 0x00, 0x00, 0x00, 0x00, 0x00, 0x00, 0x00, 0x00, 0x00, 0x00, 0x00, 0x00,
    0x00, 0x00, 0x00, 0x00, 0x00, 0x00, 0x00, 0x00, 0x00, 0x00, 0x00, 0x00, 0x70, 0x00, 0x70, 0x00,
    0x70, 0x00, 0x70, 0x00, 0x70, 0x00, 0x70, 0x00, 0x7F, 0xF0, 0x7F, 0xF8, 0x70, 0x3C, 0x70, 0x1C,
    0x70, 0x1C, 0x70, 0x1C, 0x70, 0x1C, 0x70, 0x1C, 0x70, 0x1C, 0x70, 0x1C, 0x70, 0x1C, 0x70, 0x3C,
    0x7F, 0xF8, 0x7F, 0xF0, 0x00, 0x00, 0x00, 0x00, 0x00, 0x00, 0x00, 0x00, 0x00, 0x00, 0x00, 0x00,
    0x00, 0x00, 0x00, 0x00, 0x00, 0x00, 0x00, 0x00, 0x00, 0x00, 0x00, 0x00, 0x00, 0x00, 0x00, 0x00,
    0x00, 0x00, 0x00, 0x00, 0x00, 0x00, 0x00, 0x00, 0x1F, 0xF0, 0x3F, 0xF8, 0x78, 0x3C, 0x70, 0x1C,
    0x70, 0x00, 0x70, 0x00, 0x70, 0x00, 0x70, 0x00, 0x70, 0x00, 0x70, 0x00, 0x70, 0x1C, 0x78, 0x3C,
    0x3F, 0xF8, 0x1F, 0xF0, 0x00, 0x00, 0x00, 0x00, 0x00, 0x00, 0x00, 0x00, 0x00, 0x00, 0x00, 0x00,
    0x00, 0x00, 0x00, 0x00, 0x00, 0x00, 0x00, 0x00, 0x00, 0x00, 0x00, 0x00, 0x00, 0x1C, 0x00, 0x1C,
    0x00, 0x1C, 0x00, 0x1C, 0x00, 0x1C, 0x00, 0x1C, 0x1F, 0xFC, 0x3F, 0xFC, 0x78, 0x1C, 0x70, 0x1C,
    0x70, 0x1C, 0x70, 0x1C, 0x70, 0x1C, 0x70, 0x1C, 0x70, 0x1C, 0x70, 0x1C, 0x70, 0x1C, 0x78, 0x1C,
    0x3F, 0xFC, 0x1F, 0xFC, 0x00, 0x00, 0x00, 0x00, 0x00, 0x00, 0x00, 0x00, 0x00, 0x00, 0x00, 0x00,
    0x00, 0x00, 0x00, 0x00, 0x00, 0x00, 0x00, 0x00, 0x00, 0x00, 0x00, 0x00, 0x00, 0x00, 0x00, 0x00,
    0x00, 0x00, 0x00, 0x00, 0x00, 0x00, 0x00, 0x00, 0x1F, 0xF0, 0x3F, 0xF8, 0x78, 0x3C, 0x70, 0x1C,
    0x70, 0x1C, 0x70, 0x1C, 0x7F, 0xFC, 0x7F, 0xFC, 0x70, 0x00, 0x70, 0x00, 0x70, 0x00, 0x78, 0x1C,
    0x3F, 0xFC, 0x1F, 0xF8, 0x00, 0x00, 0x00, 0x00, 0x00, 0x00, 0x00, 0x00, 0x00, 0x00, 0x00, 0x00,
    0x00, 0x00, 0x00, 0x00, 0x00, 0x00, 0x00, 0x00, 0x00, 0x00, 0x00, 0x00, 0x00, 0xFE, 0x01, 0xFE,
    0x03, 0xC0, 0x03, 0x80, 0x03, 0x80, 0x03, 0x80, 0x3F, 0xF8, 0x3F, 0xF8, 0x03, 0x80, 0x03, 0x80,
    0x03, 0x80, 0x03, 0x80, 0x03, 0x80, 0x03, 0x80, 0x03, 0x80, 0x03, 0x80, 0x03, 0x80, 0x03, 0x80,
    0x03, 0x80, 0x03, 0x80, 0x00, 0x00, 0x00, 0x00, 0x00, 0x00, 0x00, 0x00, 0x00, 0x00, 0x00, 0x00,
    0x00, 0x00, 0x00, 0x00, 0x00, 0x00, 0x00, 0x00, 0x00, 0x00, 0x00, 0x00, 0x00, 0x00, 0x00, 0x00,
    0x00, 0x00, 0x00, 0x00, 0x00, 0x00, 0x00, 0x00, 0x1F, 0xFC, 0x3F, 0xFC, 0x78, 0x1C, 0x70, 0x1C,
    0x70, 0x1C, 0x70, 0x1C, 0x70, 0x1C, 0x70, 0x1C, 0x70, 0x1C, 0x70, 0x1C, 0x70, 0x1C, 0x78, 0x1C,
    0x3F, 0xFC, 0x1F, 0xFC, 0x00, 0x1C, 0x00, 0x1C, 0x00, 0x3C, 0x3F, 0xF8, 0x3F, 0xF0, 0x00, 0x00,
    0x00, 0x00, 0x00, 0x00, 0x00, 0x00, 0x00, 0x00, 0x00, 0x00, 0x00, 0x00, 0x70, 0x00, 0x70, 0x00,
    0x70, 0x00, 0x70, 0x00, 0x70, 0x00, 0x70, 0x00, 0x7F, 0xF0, 0x7F, 0xF8, 0x70, 0x3C, 0x70, 0x1C,
    0x70, 0x1C, 0x70, 0x1C, 0x70, 0x1C, 0x70, 0x1C, 0x70, 0x1C, 0x70, 0x1C, 0x70, 0x1C, 0x70, 0x1C,
    0x70, 0x1C, 0x70, 0x1C, 0x00, 0x00, 0x00, 0x00, 0x00, 0x00, 0x00, 0x00, 0x00, 0x00, 0x00, 0x00,
    0x00, 0x00, 0x00, 0x00, 0x00, 0x00, 0x00, 0x00, 0x00, 0x00, 0x00, 0x00, 0x03, 0x80, 0x03, 0x80,
    0x03, 0x80, 0x03, 0x80, 0x00, 0x00, 0x00, 0x00, 0x0F, 0x80, 0x0F, 0x80, 0x03, 0x80, 0x03, 0x80,
    0x03, 0x80, 0x03, 0x80, 0x03, 0x80, 0x03, 0x80, 0x03, 0x80, 0x03, 0x80, 0x03, 0x80, 0x03, 0x80,
    0x0F, 0xE0, 0x0F, 0xE0, 0x00, 0x00, 0x00, 0x00, 0x00, 0x00, 0x00, 0x00, 0x00, 0x00, 0x00, 0x00,
    0x00, 0x00, 0x00, 0x00, 0x00, 0x00, 0x00, 0x00, 0x00, 0x00, 0x00, 0x00, 0x00, 0x38, 0x00, 0x38,
    0x00, 0x38, 0x00, 0x38, 0x00, 0x00, 0x00, 0x00, 0x00, 0xF8, 0x00, 0xF8, 0x00, 0x38, 0x00, 0x38,
    0x00, 0x38, 0x00, 0x38, 0x00, 0x38, 0x00, 0x38, 0x00, 0x38, 0x00, 0x38, 0x00, 0x38, 0x00, 0x38,
    0x00, 0x38, 0x00, 0x38, 0x38, 0x38, 0x38, 0x38, 0x3C, 0x78, 0x1F, 0xF0, 0x0F, 0xE0, 0x00, 0x00,
    0x00, 0x00, 0x00, 0x00, 0x00, 0x00, 0x00, 0x00, 0x00, 0x00, 0x00, 0x00, 0x38, 0x00, 0x38, 0x00,
    0x38, 0x00, 0x38, 0x00, 0x38, 0x00, 0x38, 0x00, 0x38, 0x1C, 0x38, 0x38, 0x38, 0x70, 0x38, 0xE0,
    0x39, 0xC0, 0x3B, 0x80, 0x3F, 0x00, 0x3F, 0x00, 0x3B, 0x80, 0x39, 0xC0, 0x38, 0xE0, 0x38, 0x70,
    0x38, 0x38, 0x38, 0x1C, 0x00, 0x00, 0x00, 0x00, 0x00, 0x00, 0x00, 0x00, 0x00, 0x00, 0x00, 0x00,
    0x00, 0x00, 0x00, 0x00, 0x00, 0x00, 0x00, 0x00, 0x00, 0x00, 0x00, 0x00, 0x0F, 0x80, 0x0F, 0x80,
    0x03, 0x80, 0x03, 0x80, 0x03, 0x80, 0x03, 0x80, 0x03, 0x80, 0x03, 0x80, 0x03, 0x80, 0x03, 0x80,
    0x03, 0x80, 0x03, 0x80, 0x03, 0x80, 0x03, 0x80, 0x03, 0x80, 0x03, 0x80, 0x03, 0x80, 0x03, 0x80,
    0x0F, 0xE0, 0x0F, 0xE0, 0x00, 0x00, 0x00, 0x00, 0x00, 0x00, 0x00, 0x00, 0x00, 0x00, 0x00, 0x00,
    0x00, 0x00, 0x00, 0x00, 0x00, 0x00, 0x00, 0x00, 0x00, 0x00, 0x00, 0x00, 0x00, 0x00, 0x00, 0x00,
    0x00, 0x00, 0x00, 0x00, 0x00, 0x00, 0x00, 0x00, 0x7F, 0xF0, 0x7F, 0xF8, 0x73, 0xBC, 0x73, 0x9C,
    0x73, 0x9C, 0x73, 0x9C, 0x73, 0x9C, 0x73, 0x9C, 0x73, 0x9C, 0x73, 0x9C, 0x73, 0x9C, 0x73, 0x9C,
    0x73, 0x9C, 0x73, 0x9C, 0x00, 0x00, 0x00, 0x00, 0x00, 0x00, 0x00, 0x00, 0x00, 0x00, 0x00, 0x00,
    0x00, 0x00, 0x00, 0x00, 0x00, 0x00, 0x00, 0x00, 0x00, 0x00, 0x00, 0x00, 0x00, 0x00, 0x00, 0x00,
    0x00, 0x00, 0x00, 0x00, 0x00, 0x00, 0x00, 0x00, 0x7F, 0xF0, 0x7F, 0xF8, 0x70, 0x3C, 0x70, 0x1C,
    0x70, 0x1C, 0x70, 0x1C, 0x70, 0x1C, 0x70, 0x1C, 0x70, 0x1C, 0x70, 0x1C, 0x70, 0x1C, 0x70, 0x1C,
    0x70, 0x1C, 0x70, 0x1C, 0x00, 0x00, 0x00, 0x00, 0x00, 0x00, 0x00, 0x00, 0x00, 0x00, 0x00, 0x00,
    0x00, 0x00, 0x00, 0x00, 0x00, 0x00, 0x00, 0x00, 0x00, 0x00, 0x00, 0x00, 0x00, 0x00, 0x00, 0x00,
    0x00, 0x00, 0x00, 0x00, 0x00, 0x00, 0x00, 0x00, 0x1F, 0xF0, 0x3F, 0xF8, 0x78, 0x3C, 0x70, 0x1C,
    0x70, 0x1C, 0x70, 0x1C, 0x70, 0x1C, 0x70, 0x1C, 0x70, 0x1C, 0x70, 0x1C, 0x70, 0x1C, 0x78, 0x3C,
    0x3F, 0xF8, 0x1F, 0xF0, 0x00, 0x00, 0x00, 0x00, 0x00, 0x00, 0x00, 0x00, 0x00, 0x00, 0x00, 0x00,
    0x00, 0x00, 0x00, 0x00, 0x00, 0x00, 0x00, 0x00, 0x00, 0x00, 0x00, 0x00, 0x00, 0x00, 0x00, 0x00,
    0x00, 0x00, 0x00, 0x00, 0x00, 0x00, 0x00, 0x00, 0x7F, 0xF0, 0x7F, 0xF8, 0x70, 0x3C, 0x70, 0x1C,
    0x70, 0x1C, 0x70, 0x1C, 0x70, 0x1C, 0x70, 0x1C, 0x70, 0x1C, 0x70, 0x1C, 0x70, 0x1C, 0x70, 0x3C,
    0x7F, 0xF8, 0x7F, 0xF0, 0x70, 0x00, 0x70, 0x00, 0x70, 0x00, 0x70, 0x00, 0x70, 0x00, 0x00, 0x00,
    0x00, 0x00, 0x00, 0x00, 0x00, 0x00, 0x00, 0x00, 0x00, 0x00, 0x00, 0x00, 0x00, 0x00, 0x00, 0x00,
    0x00, 0x00, 0x00, 0x00, 0x00, 0x00, 0x00, 0x00, 0x1F, 0xFC, 0x3F, 0xFC, 0x78, 0x1C, 0x70, 0x1C,
    0x70, 0x1C, 0x70, 0x1C, 0x70, 0x1C, 0x70, 0x1C, 0x70, 0x1C, 0x70, 0x1C, 0x70, 0x1C, 0x78, 0x1C,
    0x3F, 0xFC, 0x1F, 0xFC, 0x00, 0x1C, 0x00, 0x1C, 0x00, 0x1C, 0x00, 0x1C, 0x00, 0x1C, 0x00, 0x00,
    0x00, 0x00, 0x00, 0x00, 0x00, 0x00, 0x00, 0x00, 0x00, 0x00, 0x00, 0x00, 0x00, 0x00, 0x00, 0x00,
    0x00, 0x00, 0x00, 0x00, 0x00, 0x00, 0x00, 0x00, 0x73, 0xFC, 0x77, 0xFC, 0x7E, 0x00, 0x7C, 0x00,
    0x78, 0x00, 0x70, 0x00, 0x70, 0x00, 0x70, 0x00, 0x70, 0x00, 0x70, 0x00, 0x70, 0x00, 0x70, 0x00,
    0x70, 0x00, 0x70, 0x00, 0x00, 0x00, 0x00, 0x00, 0x00, 0x00, 0x00, 0x00, 0x00, 0x00, 0x00, 0x00,
    0x00, 0x00, 0x00, 0x00, 0x00, 0x00, 0x00, 0x00, 0x00, 0x00, 0x00, 0x00, 0x00, 0x00, 0x00, 0x00,
    0x00, 0x00, 0x00, 0x00, 0x00, 0x00, 0x00, 0x00, 0x1F, 0xF0, 0x3F, 0xF8, 0x78, 0x3C, 0x70, 0x00,
    0x70, 0x00, 0x78, 0x00, 0x3F, 0xF0, 0x1F, 0xF8, 0x00, 0x3C, 0x00, 0x1C, 0x00, 0x1C, 0x78, 0x3C,
    0x3F, 0xF8, 0x1F, 0xF0, 0x00, 0x00, 0x00, 0x00, 0x00, 0x00, 0x00, 0x00, 0x00, 0x00, 0x00, 0x00,
    0x00, 0x00, 0x00, 0x00, 0x00, 0x00, 0x00, 0x00, 0x00, 0x00, 0x00, 0x00, 0x07, 0x00, 0x07, 0x00,
    0x07, 0x00, 0x07, 0x00, 0x07, 0x00, 0x07, 0x00, 0x7F, 0xF0, 0x7F, 0xF0, 0x07, 0x00, 0x07, 0x00,
    0x07, 0x00, 0x07, 0x00, 0x07, 0x00, 0x07, 0x00, 0x07, 0x00, 0x07, 0x00, 0x07, 0x00, 0x07, 0x80,
    0x03, 0xFC, 0x01, 0xFC, 0x00, 0x00, 0x00, 0x00, 0x00, 0x00, 0x00, 0x00, 0x00, 0x00, 0x00, 0x00,
    0x00, 0x00, 0x00, 0x00, 0x00, 0x00, 0x00, 0x00, 0x00, 0x00, 0x00, 0x00, 0x00, 0x00, 0x00, 0x00,
    0x00, 0x00, 0x00, 0x00, 0x00, 0x00, 0x00, 0x00, 0x70, 0x1C, 0x70, 0x1C, 0x70, 0x1C, 0x70, 0x1C,
    0x70, 0x1C, 0x70, 0x1C, 0x70, 0x1C, 0x70, 0x1C, 0x70, 0x1C, 0x70, 0x1C, 0x70, 0x1C, 0x78, 0x1C,
    0x3F, 0xFC, 0x1F, 0xFC, 0x00, 0x00, 0x00, 0x00, 0x00, 0x00, 0x00, 0x00, 0x00, 0x00, 0x00, 0x00,
    0x00, 0x00, 0x00, 0x00, 0x00, 0x00, 0x00, 0x00, 0x00, 0x00, 0x00, 0x00, 0x00, 0x00, 0x00, 0x00,
    0x00, 0x00, 0x00, 0x00, 0x00, 0x00, 0x00, 0x00, 0x70, 0x1C, 0x70, 0x1C, 0x70, 0x1C, 0x38, 0x38,
    0x38, 0x38, 0x38, 0x38, 0x1C, 0x70, 0x1C, 0x70, 0x1C, 0x70, 0x0E, 0xE0, 0x0E, 0xE0, 0x07, 0xC0,
    0x07, 0xC0, 0x07, 0xC0, 0x00, 0x00, 0x00, 0x00, 0x00, 0x00, 0x00, 0x00, 0x00, 0x00, 0x00, 0x00,
    0x00, 0x00, 0x00, 0x00, 0x00, 0x00, 0x00, 0x00, 0x00, 0x00, 0x00, 0x00, 0x00, 0x00, 0x00, 0x00,
    0x00, 0x00, 0x00, 0x00, 0x00, 0x00, 0x00, 0x00, 0x70, 0x1C, 0x70, 0x1C, 0x70, 0x1C, 0x70, 0x1C,
    0x73, 0x9C, 0x73, 0x9C, 0x73, 0x9C, 0x73, 0x9C, 0x73, 0x9C, 0x73, 0x9C, 0x73, 0x9C, 0x7B, 0xBC,
    0x3F, 0xF8, 0x1F, 0xF0, 0x00, 0x00, 0x00, 0x00, 0x00, 0x00, 0x00, 0x00, 0x00, 0x00, 0x00, 0x00,
    0x00, 0x00, 0x00, 0x00, 0x00, 0x00, 0x00, 0x00, 0x00, 0x00, 0x00, 0x00, 0x00, 0x00, 0x00, 0x00,
    0x00, 0x00, 0x00, 0x00, 0x00, 0x00, 0x00, 0x00, 0x70, 0x1C, 0x70, 0x1C, 0x70, 0x1C, 0x38, 0x38,
    0x1C, 0x70, 0x0E, 0xE0, 0x07, 0xC0, 0x07, 0xC0, 0x0E, 0xE0, 0x1C, 0x70, 0x38, 0x38, 0x70, 0x1C,
    0x70, 0x1C, 0x70, 0x1C, 0x00, 0x00, 0x00, 0x00, 0x00, 0x00, 0x00, 0x00, 0x00, 0x00, 0x00, 0x00,
    0x00, 0x00, 0x00, 0x00, 0x00, 0x00, 0x00, 0x00, 0x00, 0x00, 0x00, 0x00, 0x00, 0x00, 0x00, 0x00,
    0x00, 0x00, 0x00, 0x00, 0x00, 0x00, 0x00, 0x00, 0x70, 0x1C, 0x70, 0x1C, 0x70, 0x1C, 0x70, 0x1C,
    0x70, 0x1C, 0x70, 0x1C, 0x70, 0x1C, 0x70, 0x1C, 0x70, 0x1C, 0x70, 0x1C, 0x70, 0x1C, 0x78, 0x1C,
    0x3F, 0xFC, 0x1F, 0xFC, 0x00, 0x1C, 0x00, 0x1C, 0x00, 0x3C, 0x3F, 0xF8, 0x3F, 0xF0, 0x00, 0x00,
    0x00, 0x00, 0x00, 0x00, 0x00, 0x00, 0x00, 0x00, 0x00, 0x00, 0x00, 0x00, 0x00, 0x00, 0x00, 0x00,
    0x00, 0x00, 0x00, 0x00, 0x00, 0x00, 0x00, 0x00, 0x7F, 0xFC, 0x7F, 0xFC, 0x00, 0x38, 0x00, 0x70,
    0x00, 0xE0, 0x01, 0xC0, 0x03, 0x80, 0x07, 0x00, 0x0E, 0x00, 0x1C, 0x00, 0x38, 0x00, 0x70, 0x00,
    0x7F, 0xFC, 0x7F, 0xFC, 0x00, 0x00, 0x00, 0x00, 0x00, 0x00, 0x00, 0x00, 0x00, 0x00, 0x00, 0x00,
    0x00, 0x00, 0x00, 0x00, 0x00, 0x00, 0x00, 0x00, 0x00, 0x00, 0x00, 0x00, 0x01, 0xF0, 0x03, 0xF0,
    0x07, 0x80, 0x07, 0x00, 0x07, 0x00, 0x07, 0x00, 0x07, 0x00, 0x07, 0x00, 0x07, 0x00, 0x3E, 0x00,
    0x3E, 0x00, 0x07, 0x00, 0x07, 0x00, 0x07, 0x00, 0x07, 0x00, 0x07, 0x00, 0x07, 0x00, 0x07, 0x80,
    0x03, 0xF0, 0x01, 0xF0, 0x00, 0x00, 0x00, 0x00, 0x00, 0x00, 0x00, 0x00, 0x00, 0x00, 0x00, 0x00,
    0x00, 0x00, 0x00, 0x00, 0x00, 0x00, 0x00, 0x00, 0x00, 0x00, 0x00, 0x00, 0x03, 0x80, 0x03, 0x80,
    0x03, 0x80, 0x03, 0x80, 0x03, 0x80, 0x03, 0x80, 0x03, 0x80, 0x03, 0x80, 0x03, 0x80, 0x03, 0x80,
    0x03, 0x80, 0x03, 0x80, 0x03, 0x80, 0x03, 0x80, 0x03, 0x80, 0x03, 0x80, 0x03, 0x80, 0x03, 0x80,
    0x03, 0x80, 0x03, 0x80, 0x00, 0x00, 0x00, 0x00, 0x00, 0x00, 0x00, 0x00, 0x00, 0x00, 0x00, 0x00,
    0x00, 0x00, 0x00, 0x00, 0x00, 0x00, 0x00, 0x00, 0x00, 0x00, 0x00, 0x00, 0x3E, 0x00, 0x3F, 0x00,
    0x07, 0x80, 0x03, 0x80, 0x03, 0x80, 0x03, 0x80, 0x03, 0x80, 0x03, 0x80, 0x03, 0x80, 0x01, 0xF0,
    0x01, 0xF0, 0x03, 0x80, 0x03, 0x80, 0x03, 0x80, 0x03, 0x80, 0x03, 0x80, 0x03, 0x80, 0x07, 0x80,
    0x3F, 0x00, 0x3E, 0x00, 0x00, 0x00, 0x00, 0x00, 0x00, 0x00, 0x00, 0x00, 0x00, 0x00, 0x00, 0x00,
    0x00, 0x00, 0x00, 0x00, 0x00, 0x00, 0x00, 0x00, 0x1E, 0x1C, 0x3F, 0x1C, 0x77, 0x9C, 0x73, 0xDC,
    0x71, 0xF8, 0x70, 0xF0, 0x00, 0x00, 0x00, 0x00, 0x00, 0x00, 0x00, 0x00, 0x00, 0x00, 0x00, 0x00,
    0x00, 0x00, 0x00, 0x00, 0x00, 0x00, 0x00, 0x00, 0x00, 0x00, 0x00, 0x00, 0x00, 0x00, 0x00, 0x00,
    0x00, 0x00, 0x00, 0x00, 0x00, 0x00, 0x00, 0x00, 0x00, 0x00, 0x00, 0x00, 0x00, 0x00, 0x00, 0x00,
    0x00, 0x00, 0x00, 0x00, 0x00, 0x00, 0x00, 0x00, 0x00, 0x00, 0x00, 0x00, 0x00, 0x00, 0x00, 0x00,
    0x00, 0x00, 0x00, 0x00, 0x00, 0x00, 0x00, 0x00, 0x00, 0x00, 0x00, 0x00, 0x00, 0x00, 0x00, 0x00,
    0x00, 0x00, 0x00, 0x00, 0x00, 0x00, 0x00, 0x00, 0x00, 0x00, 0x00, 0x00, 0x00, 0x00, 0x00, 0x00,
    0x00, 0x00, 0x00, 0x00, 0x00, 0x00, 0x00, 0x00, 0x00, 0x00, 0x00, 0x00, 0x00, 0x00, 0x00, 0x00,
    0x00, 0x00, 0x00, 0x00, 0x00, 0x00, 0x00, 0x00, 0x00, 0x00, 0x00, 0x00, 0x03, 0x80, 0x03, 0x80,
    0x03, 0x80, 0x03, 0x80, 0x00, 0x00, 0x00, 0x00, 0x03, 0x80, 0x03, 0x80, 0x03, 0x80, 0x03, 0x80,
    0x03, 0x80, 0x03, 0x80, 0x03, 0x80, 0x03, 0x80, 0x03, 0x80, 0x03, 0x80, 0x03, 0x80, 0x03, 0x80,
    0x03, 0x80, 0x03, 0x80, 0x00, 0x00, 0x00, 0x00, 0x00, 0x00, 0x00, 0x00, 0x00, 0x00, 0x00, 0x00,
    0x00, 0x00, 0x00, 0x00, 0x00, 0x00, 0x00, 0x00, 0x00, 0x00, 0x00, 0x00, 0x00, 0x00, 0x00, 0x00,
    0x00, 0x00, 0x03, 0x80, 0x03, 0x80, 0x03, 0x80, 0x1F, 0xF0, 0x3F, 0xF8, 0x7B, 0xBC, 0x73, 0x9C,
    0x73, 0x80, 0x73, 0x80, 0x73, 0x80, 0x73, 0x80, 0x73, 0x80, 0x73, 0x80, 0x73, 0x9C, 0x7B, 0xBC,
    0x3F, 0xF8, 0x1F, 0xF0, 0x03, 0x80, 0x03, 0x80, 0x03, 0x80, 0x00, 0x00, 0x00, 0x00, 0x00, 0x00,
    0x00, 0x00, 0x00, 0x00, 0x00, 0x00, 0x00, 0x00, 0x00, 0x00, 0x00, 0x00, 0x07, 0xE0, 0x0F, 0xF0,
    0x1E, 0x78, 0x1C, 0x38, 0x1C, 0x00, 0x1C, 0x00, 0x1C, 0x00, 0x1C, 0x00, 0x1C, 0x00, 0x7F, 0xE0,
    0x7F, 0xE0, 0x1C, 0x00, 0x1C, 0x00, 0x1C, 0x00, 0x1C, 0x00, 0x1C, 0x00, 0x1C, 0x1C, 0x1C, 0x1C,
    0x7F, 0xFC, 0x7F, 0xFC, 0x00, 0x00, 0x00, 0x00, 0x00, 0x00, 0x00, 0x00, 0x00, 0x00, 0x00, 0x00,
    0x00, 0x00, 0x00, 0x00, 0x00, 0x00, 0x00, 0x00, 0x00, 0x00, 0x00, 0x00, 0x00, 0x00, 0x00, 0x00,
    0x00, 0x00, 0x70, 0x1C, 0x38, 0x38, 0x1F, 0xF0, 0x1F, 0xF0, 0x38, 0x38, 0x38, 0x38, 0x38, 0x38,
    0x38, 0x38, 0x38, 0x38, 0x38, 0x38, 0x1F, 0xF0, 0x1F, 0xF0, 0x38, 0x38, 0x70, 0x1C, 0x00, 0x00,
    0x00, 0x00, 0x00, 0x00, 0x00, 0x00, 0x00, 0x00, 0x00, 0x00, 0x00, 0x00, 0x00, 0x00, 0x00, 0x00,
    0x00, 0x00, 0x00, 0x00, 0x00, 0x00, 0x00, 0x00, 0x00, 0x00, 0x00, 0x00, 0x70, 0x1C, 0x70, 0x1C,
    0x38, 0x38, 0x38, 0x38, 0x1C, 0x70, 0x1C, 0x70, 0x0E, 0xE0, 0x0E, 0xE0, 0x07, 0xC0, 0x07, 0xC0,
    0x03, 0x80, 0x03, 0x80, 0x3F, 0xF8, 0x3F, 0xF8, 0x03, 0x80, 0x03, 0x80, 0x3F, 0xF8, 0x3F, 0xF8,
    0x03, 0x80, 0x03, 0x80, 0x00, 0x00, 0x00, 0x00, 0x00, 0x00, 0x00, 0x00, 0x00, 0x00, 0x00, 0x00,
    0x00, 0x00, 0x00, 0x00, 0x00, 0x00, 0x00, 0x00, 0x00, 0x00, 0x00, 0x00, 0x03, 0x80, 0x03, 0x80,
    0x03, 0x80, 0x03, 0x80, 0x03, 0x80, 0x03, 0x80, 0x03, 0x80, 0x03, 0x80, 0x00, 0x00, 0x00, 0x00,
    0x00, 0x00, 0x00, 0x00, 0x03, 0x80, 0x03, 0x80, 0x03, 0x80, 0x03, 0x80, 0x03, 0x80, 0x03, 0x80,
    0x03, 0x80, 0x03, 0x80, 0x00, 0x00, 0x00, 0x00, 0x00, 0x00, 0x00, 0x00, 0x00, 0x00, 0x00, 0x00,
    0x00, 0x00, 0x00, 0x00, 0x00, 0x00, 0x00, 0x00, 0x07, 0xE0, 0x0F, 0xF0, 0x1E, 0x78, 0x1C, 0x38,
    0x1C, 0x00, 0x1E, 0x00, 0x0F, 0xC0, 0x0F, 0xE0, 0x1C, 0xF0, 0x1C, 0x78, 0x1C, 0x38, 0x1C, 0x38,
    0x1C, 0x38, 0x1E, 0x38, 0x0F, 0x38, 0x07, 0xF0, 0x03, 0xF0, 0x00, 0x78, 0x00, 0x38, 0x1C, 0x38,
    0x1E, 0x78, 0x0F, 0xF0, 0x07, 0xE0, 0x00, 0x00, 0x00, 0x00, 0x00, 0x00, 0x00, 0x00, 0x00, 0x00,
    0x00, 0x00, 0x1C, 0x70, 0x1C, 0x70, 0x1C, 0x70, 0x1C, 0x70, 0x00, 0x00, 0x00, 0x00, 0x00, 0x00,
    0x00, 0x00, 0x00, 0x00, 0x00, 0x00, 0x00, 0x00, 0x00, 0x00, 0x00, 0x00, 0x00, 0x00, 0x00, 0x00,
    0x00, 0x00, 0x00, 0x00, 0x00, 0x00, 0x00, 0x00, 0x00, 0x00, 0x00, 0x00, 0x00, 0x00, 0x00, 0x00,
    0x00, 0x00, 0x00, 0x00, 0x00, 0x00, 0x00, 0x00, 0x00, 0x00, 0x00, 0x00, 0x00, 0x00, 0x00, 0x00,
    0x00, 0x00, 0x00, 0x00, 0x00, 0x00, 0x00, 0x00, 0x00, 0x00, 0x00, 0x00, 0x00, 0x00, 0x00, 0x00,
    0x1F, 0xF8, 0x3F, 0xFC, 0x70, 0x0E, 0x67, 0xE6, 0x6F, 0xF6, 0x6E, 0x76, 0x6E, 0x06, 0x6E, 0x06,
    0x6E, 0x06, 0x6E, 0x06, 0x6E, 0x76, 0x6F, 0xF6, 0x67, 0xE6, 0x70, 0x0E, 0x3F, 0xFC, 0x1F, 0xF8,
    0x00, 0x00, 0x00, 0x00, 0x00, 0x00, 0x00, 0x00, 0x00, 0x00, 0x00, 0x00, 0x00, 0x00, 0x00, 0x00,
    0x00, 0x00, 0x00, 0x00, 0x1F, 0xE0, 0x1F, 0xF0, 0x00, 0x38, 0x00, 0x38, 0x0F, 0xF8, 0x1F, 0xF8,
    0x38, 0x38, 0x38, 0x38, 0x38, 0x38, 0x1F, 0xF8, 0x0F, 0xF8, 0x00, 0x00, 0x00, 0x00, 0x3F, 0xF8,
    0x3F, 0xF8, 0x00, 0x00, 0x00, 0x00, 0x00, 0x00, 0x00, 0x00, 0x00, 0x00, 0x00, 0x00, 0x00, 0x00,
    0x00, 0x00, 0x00, 0x00, 0x00, 0x00, 0x00, 0x00, 0x00, 0x00, 0x00, 0x00, 0x00, 0x00, 0x00, 0x00,
    0x00, 0x00, 0x00, 0x00, 0x00, 0x00, 0x00, 0x00, 0x00, 0x00, 0x00, 0x00, 0x00, 0x00, 0x00, 0x00,
    0x00, 0x00, 0x00, 0x00, 0x00, 0x00, 0x00, 0x00, 0x01, 0xCE, 0x03, 0x9C, 0x07, 0x38, 0x0E, 0x70,
    0x1C, 0xE0, 0x39, 0xC0, 0x73, 0x80, 0x73, 0x80, 0x39, 0xC0, 0x1C, 0xE0, 0x0E, 0x70, 0x07, 0x38,
    0x03, 0x9C, 0x01, 0xCE, 0x00, 0x00, 0x00, 0x00, 0x00, 0x00, 0x00, 0x00, 0x00, 0x00, 0x00, 0x00,
    0x00, 0x00, 0x00, 0x00, 0x00, 0x00, 0x00, 0x00, 0x00, 0x00, 0x00, 0x00, 0x00, 0x00, 0x00, 0x00,
    0x00, 0x00, 0x00, 0x00, 0x00, 0x00, 0x00, 0x00, 0x7F, 0xFC, 0x7F, 0xFC, 0x00, 0x1C, 0x00, 0x1C,
    0x00, 0x1C, 0x00, 0x1C, 0x00, 0x1C, 0x00, 0x1C, 0x00, 0x00, 0x00, 0x00, 0x00, 0x00, 0x00, 0x00,
    0x00, 0x00, 0x00, 0x00, 0x00, 0x00, 0x00, 0x00, 0x00, 0x00, 0x00, 0x00, 0x00, 0x00, 0x00, 0x00,
    0x00, 0x00, 0x00, 0x00, 0x00, 0x00, 0x00, 0x00, 0x00, 0x00, 0x00, 0x00, 0x00, 0x00, 0x00, 0x00,
    0x1F, 0xF8, 0x3F, 0xFC, 0x70, 0x0E, 0x6F, 0xE6, 0x6F, 0xF6, 0x6E, 0x76, 0x6E, 0x76, 0x6E, 0x76,
    0x6F, 0xE6, 0x6F, 0xC6, 0x6F, 0xC6, 0x6E, 0xE6, 0x6E, 0x76, 0x70, 0x0E, 0x3F, 0xFC, 0x1F, 0xF8,
    0x00, 0x00, 0x00, 0x00, 0x00, 0x00, 0x00, 0x00, 0x00, 0x00, 0x00, 0x00, 0x00, 0x00, 0x00, 0x00,
    0x00, 0x00, 0x00, 0x00, 0x1F, 0xF0, 0x1F, 0xF0, 0x00, 0x00, 0x00, 0x00, 0x00, 0x00, 0x00, 0x00,
    0x00, 0x00, 0x00, 0x00, 0x00, 0x00, 0x00, 0x00, 0x00, 0x00, 0x00, 0x00, 0x00, 0x00, 0x00, 0x00,
    0x00, 0x00, 0x00, 0x00, 0x00, 0x00, 0x00, 0x00, 0x00, 0x00, 0x00, 0x00, 0x00, 0x00, 0x00, 0x00,
    0x00, 0x00, 0x00, 0x00, 0x00, 0x00, 0x00, 0x00, 0x00, 0x00, 0x00, 0x00, 0x00, 0x00, 0x00, 0x00,
    0x00, 0x00, 0x00, 0x00, 0x00, 0x00, 0x00, 0x00, 0x0F, 0xE0, 0x1F, 0xF0, 0x1C, 0x70, 0x1C, 0x70,
    0x1C, 0x70, 0x1C, 0x70, 0x1F, 0xF0, 0x0F, 0xE0, 0x00, 0x00, 0x00, 0x00, 0x00, 0x00, 0x00, 0x00,
    0x00, 0x00, 0x00, 0x00, 0x00, 0x00, 0x00, 0x00, 0x00, 0x00, 0x00, 0x00, 0x00, 0x00, 0x00, 0x00,
    0x00, 0x00, 0x00, 0x00, 0x00, 0x00, 0x00, 0x00, 0x00, 0x00, 0x00, 0x00, 0x00, 0x00, 0x00, 0x00,
    0x00, 0x00, 0x00, 0x00, 0x00, 0x00, 0x00, 0x00, 0x00, 0x00, 0x00, 0x00, 0x00, 0x00, 0x00, 0x00,
    0x00, 0x00, 0x00, 0x00, 0x03, 0x80, 0x03, 0x80, 0x03, 0x80, 0x03, 0x80, 0x03, 0x80, 0x7F, 0xFC,
    0x7F, 0xFC, 0x03, 0x80, 0x03, 0x80, 0x03, 0x80, 0x03, 0x80, 0x03, 0x80, 0x00, 0x00, 0x00, 0x00,
    0x7F, 0xFC, 0x7F, 0xFC, 0x00, 0x00, 0x00, 0x00, 0x00, 0x00, 0x00, 0x00, 0x00, 0x00, 0x00, 0x00,
    0x00, 0x00, 0x00, 0x00, 0x00, 0x00, 0x0F, 0xE0, 0x1F, 0xF0, 0x1C, 0x70, 0x1C, 0x70, 0x00, 0xE0,
    0x01, 0xC0, 0x03, 0x80, 0x07, 0x00, 0x0E, 0x00, 0x1F, 0xF0, 0x1F, 0xF0, 0x00, 0x00, 0x00, 0x00,
    0x00, 0x00, 0x00, 0x00, 0x00, 0x00, 0x00, 0x00, 0x00, 0x00, 0x00, 0x00, 0x00, 0x00, 0x00, 0x00,
    0x00, 0x00, 0x00, 0x00, 0x00, 0x00, 0x00, 0x00, 0x00, 0x00, 0x00, 0x00, 0x00, 0x00, 0x00, 0x00,
    0x00, 0x00, 0x00, 0x00, 0x00, 0x00, 0x0F, 0xE0, 0x1F, 0xF0, 0x1C, 0x70, 0x00, 0x70, 0x03, 0xE0,
    0x03, 0xE0, 0x00, 0x70, 0x00, 0x70, 0x1C, 0x70, 0x1F, 0xF0, 0x0F, 0xE0, 0x00, 0x00, 0x00, 0x00,
    0x00, 0x00, 0x00, 0x00, 0x00, 0x00, 0x00, 0x00, 0x00, 0x00, 0x00, 0x00, 0x00, 0x00, 0x00, 0x00,
    0x00, 0x00, 0x00, 0x00, 0x00, 0x00, 0x00, 0x00, 0x00, 0x00, 0x00, 0x00, 0x00, 0x00, 0x00, 0x00,
    0x00, 0x00, 0x00, 0x70, 0x00, 0xE0, 0x01, 0xC0, 0x03, 0x80, 0x00, 0x00, 0x00, 0x00, 0x00, 0x00,
    0x00, 0x00, 0x00, 0x00, 0x00, 0x00, 0x00, 0x00, 0x00, 0x00, 0x00, 0x00, 0x00, 0x00, 0x00, 0x00,
    0x00, 0x00, 0x00, 0x00, 0x00, 0x00, 0x00, 0x00, 0x00, 0x00, 0x00, 0x00, 0x00, 0x00, 0x00, 0x00,
    0x00, 0x00, 0x00, 0x00, 0x00, 0x00, 0x00, 0x00, 0x00, 0x00, 0x00, 0x00, 0x00, 0x00, 0x00, 0x00,
    0x00, 0x00, 0x00, 0x00, 0x00, 0x00, 0x00, 0x00, 0x00, 0x00, 0x00, 0x00, 0x00, 0x00, 0x00, 0x00,
    0x00, 0x00, 0x00, 0x00, 0x00, 0x00, 0x00, 0x00, 0x70, 0x1C, 0x70, 0x1C, 0x70, 0x1C, 0x70, 0x1C,
    0x70, 0x1C, 0x70, 0x1C, 0x70, 0x1C, 0x70, 0x1C, 0x70, 0x1C, 0x70, 0x3C, 0x70, 0x7C, 0x70, 0xFC,
    0x7F, 0xDC, 0x7F, 0x9C, 0x70, 0x00, 0x70, 0x00, 0x70, 0x00, 0x70, 0x00, 0x70, 0x00, 0x00, 0x00,
    0x00, 0x00, 0x00, 0x00, 0x00, 0x00, 0x00, 0x00, 0x00, 0x00, 0x00, 0x00, 0x1F, 0xFE, 0x3F, 0xFE,
    0x79, 0xCE, 0x71, 0xCE, 0x71, 0xCE, 0x71, 0xCE, 0x71, 0xCE, 0x71, 0xCE, 0x79, 0xCE, 0x3F, 0xCE,
    0x1F, 0xCE, 0x01, 0xCE, 0x01, 0xCE, 0x01, 0xCE, 0x01, 0xCE, 0x01, 0xCE, 0x01, 0xCE, 0x01, 0xCE,
    0x01, 0xCE, 0x01, 0xCE, 0x00, 0x00, 0x00, 0x00, 0x00, 0x00, 0x00, 0x00, 0x00, 0x00, 0x00, 0x00,
    0x00, 0x00, 0x00, 0x00, 0x00, 0x00, 0x00, 0x00, 0x00, 0x00, 0x00, 0x00, 0x00, 0x00, 0x00, 0x00,
    0x00, 0x00, 0x00, 0x00, 0x00, 0x00, 0x00, 0x00, 0x00, 0x00, 0x00, 0x00, 0x03, 0x80, 0x03, 0x80,
    0x03, 0x80, 0x03, 0x80, 0x00, 0x00, 0x00, 0x00, 0x00, 0x00, 0x00, 0x00, 0x00, 0x00, 0x00, 0x00,
    0x00, 0x00, 0x00, 0x00, 0x00, 0x00, 0x00, 0x00, 0x00, 0x00, 0x00, 0x00, 0x00, 0x00, 0x00, 0x00,
    0x00, 0x00, 0x00, 0x00, 0x00, 0x00, 0x00, 0x00, 0x00, 0x00, 0x00, 0x00, 0x00, 0x00, 0x00, 0x00,
    0x00, 0x00, 0x00, 0x00, 0x00, 0x00, 0x00, 0x00, 0x00, 0x00, 0x00, 0x00, 0x00, 0x00, 0x00, 0x00,
    0x00, 0x00, 0x00, 0x00, 0x00, 0x00, 0x00, 0x00, 0x00, 0x00, 0x00, 0x00, 0x00, 0x00, 0x00, 0x00,
    0x00, 0x00, 0x00, 0x00, 0x03, 0x80, 0x03, 0x80, 0x03, 0x80, 0x07, 0x00, 0x0E, 0x00, 0x00, 0x00,
    0x00, 0x00, 0x00, 0x00, 0x00, 0x00, 0x03, 0x80, 0x07, 0x80, 0x0F, 0x80, 0x0F, 0x80, 0x03, 0x80,
    0x03, 0x80, 0x03, 0x80, 0x03, 0x80, 0x03, 0x80, 0x0F, 0xE0, 0x0F, 0xE0, 0x00, 0x00, 0x00, 0x00,
    0x00, 0x00, 0x00, 0x00, 0x00, 0x00, 0x00, 0x00, 0x00, 0x00, 0x00, 0x00, 0x00, 0x00, 0x00, 0x00,
    0x00, 0x00, 0x00, 0x00, 0x00, 0x00, 0x00, 0x00, 0x00, 0x00, 0x00, 0x00, 0x00, 0x00, 0x00, 0x00,
    0x00, 0x00, 0x00, 0x00, 0x0F, 0xE0, 0x1F, 0xF0, 0x38, 0x38, 0x38, 0x38, 0x38, 0x38, 0x38, 0x38,
    0x38, 0x38, 0x38, 0x38, 0x38, 0x38, 0x1F, 0xF0, 0x0F, 0xE0, 0x00, 0x00, 0x00, 0x00, 0x3F, 0xF8,
    0x3F, 0xF8, 0x00, 0x00, 0x00, 0x00, 0x00, 0x00, 0x00, 0x00, 0x00, 0x00, 0x00, 0x00, 0x00, 0x00,
    0x00, 0x00, 0x00, 0x00, 0x00, 0x00, 0x00, 0x00, 0x00, 0x00, 0x00, 0x00, 0x00, 0x00, 0x00, 0x00,
    0x00, 0x00, 0x00, 0x00, 0x00, 0x00, 0x00, 0x00, 0x00, 0x00, 0x00, 0x00, 0x00, 0x00, 0x00, 0x00,
    0x00, 0x00, 0x00, 0x00, 0x00, 0x00, 0x00, 0x00, 0x73, 0x80, 0x39, 0xC0, 0x1C, 0xE0, 0x0E, 0x70,
    0x07, 0x38, 0x03, 0x9C, 0x01, 0xCE, 0x01, 0xCE, 0x03, 0x9C, 0x07, 0x38, 0x0E, 0x70, 0x1C, 0xE0,
    0x39, 0xC0, 0x73, 0x80, 0x00, 0x00, 0x00, 0x00, 0x00, 0x00, 0x00, 0x00, 0x00, 0x00, 0x00, 0x00,
    0x00, 0x00, 0x00, 0x00, 0x00, 0x00, 0x00, 0x00, 0x00, 0x00, 0x00, 0x00, 0x0E, 0x00, 0x1E, 0x00,
    0x3E, 0x00, 0x0E, 0x00, 0x0E, 0x06, 0x0E, 0x0E, 0x0E, 0x1C, 0x0E, 0x38, 0x0E, 0x70, 0x00, 0xE0,
    0x01, 0xCE, 0x03, 0x9E, 0x07, 0x3E, 0x0E, 0x7E, 0x1C, 0xEE, 0x39, 0xCE, 0x73, 0xFE, 0x63, 0xFE,
    0x00, 0x0E, 0x00, 0x0E, 0x00, 0x00, 0x00, 0x00, 0x00, 0x00, 0x00, 0x00, 0x00, 0x00, 0x00, 0x00,
    0x00, 0x00, 0x00, 0x00, 0x00, 0x00, 0x00, 0x00, 0x00, 0x00, 0x00, 0x00, 0x1C, 0x00, 0x3C, 0x00,
    0x7C, 0x06, 0x1C, 0x0E, 0x1C, 0x1C, 0x1C, 0x38, 0x1C, 0x70, 0x1C, 0xE0, 0x1D, 0xC0, 0x03, 0x80,
    0x07, 0x00, 0x0E, 0xFC, 0x1D, 0xFE, 0x39, 0xCE, 0x71, 0xCE, 0x60, 0x1C, 0x00, 0x38, 0x00, 0x70,
    0x00, 0xFE, 0x01, 0xFE, 0x00, 0x00, 0x00, 0x00, 0x00, 0x00, 0x00, 0x00, 0x00, 0x00, 0x00, 0x00,
    0x00, 0x00, 0x00, 0x00, 0x00, 0x00, 0x00, 0x00, 0x00, 0x00, 0x00, 0x00, 0x3F, 0x80, 0x7F, 0xC0,
    0x71, 0xC0, 0x0F, 0x80, 0x0F, 0x80, 0x01, 0xC6, 0x71, 0xCE, 0x7F, 0xDC, 0x3F, 0xB8, 0x00, 0x70,
    0x00, 0xEE, 0x01, 0xDE, 0x03, 0xBE, 0x07, 0x7E, 0x0E, 0xEE, 0x1D, 0xCE, 0x3B, 0xFE, 0x73, 0xFE,
    0x60, 0x0E, 0x00, 0x0E, 0x00, 0x00, 0x00, 0x00, 0x00, 0x00, 0x00, 0x00, 0x00, 0x00, 0x00, 0x00,
    0x00, 0x00, 0x00, 0x00, 0x00, 0x00, 0x00, 0x00, 0x00, 0x00, 0x00, 0x00, 0x03, 0x80, 0x03, 0x80,
    0x03, 0x80, 0x03, 0x80, 0x00, 0x00, 0x00, 0x00, 0x03, 0x80, 0x03, 0x80, 0x03, 0x80, 0x07, 0x00,
    0x0E, 0x00, 0x1C, 0x00, 0x38, 0x00, 0x70, 0x1C, 0x70, 0x1C, 0x70, 0x1C, 0x70, 0x1C, 0x78, 0x3C,
    0x3F, 0xF8, 0x1F, 0xF0, 0x00, 0x00, 0x00, 0x00, 0x00, 0x00, 0x00, 0x00, 0x00, 0x00, 0x00, 0x00,
    0x00, 0x00, 0x1C, 0x00, 0x0E, 0x00, 0x07, 0x00, 0x03, 0x80, 0x00, 0x00, 0x1F, 0xF0, 0x3F, 0xF8,
    0x78, 0x3C, 0x70, 0x1C, 0x70, 0x1C, 0x70, 0x1C, 0x70, 0x1C, 0x70, 0x1C, 0x70, 0x1C, 0x70, 0x1C,
    0x7F, 0xFC, 0x7F, 0xFC, 0x70, 0x1C, 0x70, 0x1C, 0x70, 0x1C, 0x70, 0x1C, 0x70, 0x1C, 0x70, 0x1C,
    0x70, 0x1C, 0x70, 0x1C, 0x00, 0x00, 0x00, 0x00, 0x00, 0x00, 0x00, 0x00, 0x00, 0x00, 0x00, 0x00,
    0x00, 0x00, 0x00, 0x70, 0x00, 0xE0, 0x01, 0xC0, 0x03, 0x80, 0x00, 0x00, 0x1F, 0xF0, 0x3F, 0xF8,
    0x78, 0x3C, 0x70, 0x1C, 0x70, 0x1C, 0x70, 0x1C, 0x70, 0x1C, 0x70, 0x1C, 0x70, 0x1C, 0x70, 0x1C,
    0x7F, 0xFC, 0x7F, 0xFC, 0x70, 0x1C, 0x70, 0x1C, 0x70, 0x1C, 0x70, 0x1C, 0x70, 0x1C, 0x70, 0x1C,
    0x70, 0x1C, 0x70, 0x1C, 0x00, 0x00, 0x00, 0x00, 0x00, 0x00, 0x00, 0x00, 0x00, 0x00, 0x00, 0x00,
    0x00, 0x00, 0x03, 0x80, 0x07, 0xC0, 0x0E, 0xE0, 0x1C, 0x70, 0x00, 0x00, 0x1F, 0xF0, 0x3F, 0xF8,
    0x78, 0x3C, 0x70, 0x1C, 0x70, 0x1C, 0x70, 0x1C, 0x70, 0x1C, 0x70, 0x1C, 0x70, 0x1C, 0x70, 0x1C,
    0x7F, 0xFC, 0x7F, 0xFC, 0x70, 0x1C, 0x70, 0x1C, 0x70, 0x1C, 0x70, 0x1C, 0x70, 0x1C, 0x70, 0x1C,
    0x70, 0x1C, 0x70, 0x1C, 0x00, 0x00, 0x00, 0x00, 0x00, 0x00, 0x00, 0x00, 0x00, 0x00, 0x00, 0x00,
    0x00, 0x00, 0x1F, 0x38, 0x3B, 0xB8, 0x3B, 0xB8, 0x39, 0xF0, 0x00, 0x00, 0x1F, 0xF0, 0x3F, 0xF8,
    0x78, 0x3C, 0x70, 0x1C, 0x70, 0x1C, 0x70, 0x1C, 0x70, 0x1C, 0x70, 0x1C, 0x70, 0x1C, 0x70, 0x1C,
    0x7F, 0xFC, 0x7F, 0xFC, 0x70, 0x1C, 0x70, 0x1C, 0x70, 0x1C, 0x70, 0x1C, 0x70, 0x1C, 0x70, 0x1C,
    0x70, 0x1C, 0x70, 0x1C, 0x00, 0x00, 0x00, 0x00, 0x00, 0x00, 0x00, 0x00, 0x00, 0x00, 0x00, 0x00,
    0x00, 0x00, 0x1C, 0x70, 0x1C, 0x70, 0x1C, 0x70, 0x1C, 0x70, 0x00, 0x00, 0x1F, 0xF0, 0x3F, 0xF8,
    0x78, 0x3C, 0x70, 0x1C, 0x70, 0x1C, 0x70, 0x1C, 0x70, 0x1C, 0x70, 0x1C, 0x70, 0x1C, 0x70, 0x1C,
    0x7F, 0xFC, 0x7F, 0xFC, 0x70, 0x1C, 0x70, 0x1C, 0x70, 0x1C, 0x70, 0x1C, 0x70, 0x1C, 0x70, 0x1C,
    0x70, 0x1C, 0x70, 0x1C, 0x00, 0x00, 0x00, 0x00, 0x00, 0x00, 0x00, 0x00, 0x00, 0x00, 0x00, 0x00,
    0x00, 0x00, 0x07, 0xC0, 0x0E, 0xE0, 0x0E, 0xE0, 0x0E, 0xE0, 0x07, 0xC0, 0x1F, 0xF0, 0x3F, 0xF8,
    0x78, 0x3C, 0x70, 0x1C, 0x70, 0x1C, 0x70, 0x1C, 0x70, 0x1C, 0x70, 0x1C, 0x70, 0x1C, 0x70, 0x1C,
    0x7F, 0xFC, 0x7F, 0xFC, 0x70, 0x1C, 0x70, 0x1C, 0x70, 0x1C, 0x70, 0x1C, 0x70, 0x1C, 0x70, 0x1C,
    0x70, 0x1C, 0x70, 0x1C, 0x00, 0x00, 0x00, 0x00, 0x00, 0x00, 0x00, 0x00, 0x00, 0x00, 0x00, 0x00,
    0x00, 0x00, 0x00, 0x00, 0x00, 0x00, 0x00, 0x00, 0x00, 0x00, 0x00, 0x00, 0x3F, 0xFE, 0x7F, 0xFE,
    0xF1, 0xC0, 0xE1, 0xC0, 0xE1, 0xC0, 0xE1, 0xC0, 0xE1, 0xC0, 0xE1, 0xC0, 0xE1, 0xC0, 0xFF, 0xFE,
    0xFF, 0xFE, 0xE1, 0xC0, 0xE1, 0xC0, 0xE1, 0xC0, 0xE1, 0xC0, 0xE1, 0xC0, 0xE1, 0xC0, 0xE1, 0xC0,
    0xE1, 0xFE, 0xE1, 0xFE, 0x00, 0x00, 0x00, 0x00, 0x00, 0x00, 0x00, 0x00, 0x00, 0x00, 0x00, 0x00,
    0x00, 0x00, 0x00, 0x00, 0x00, 0x00, 0x00, 0x00, 0x00, 0x00, 0x00, 0x00, 0x1F, 0xF0, 0x3F, 0xF8,
    0x78, 0x3C, 0x70, 0x1C, 0x70, 0x1C, 0x70, 0x00, 0x70, 0x00, 0x70, 0x00, 0x70, 0x00, 0x70, 0x00,
    0x70, 0x00, 0x70, 0x00, 0x70, 0x00, 0x70, 0x00, 0x70, 0x00, 0x70, 0x1C, 0x70, 0x1C, 0x78, 0x3C,
    0x3F, 0xF8, 0x1F, 0xF0, 0x03, 0x80, 0x03, 0x80, 0x03, 0x80, 0x07, 0x00, 0x0E, 0x00, 0x00, 0x00,
    0x00, 0x00, 0x1C, 0x00, 0x0E, 0x00, 0x07, 0x00, 0x03, 0x80, 0x00, 0x00, 0x7F, 0xFC, 0x7F, 0xFC,
    0x70, 0x00, 0x70, 0x00, 0x70, 0x00, 0x70, 0x00, 0x70, 0x00, 0x70, 0x00, 0x70, 0x00, 0x7F, 0xE0,
    0x7F, 0xE0, 0x70, 0x00, 0x70, 0x00, 0x70, 0x00, 0x70, 0x00, 0x70, 0x00, 0x70, 0x00, 0x70, 0x00,
    0x7F, 0xFC, 0x7F, 0xFC, 0x00, 0x00, 0x00, 0x00, 0x00, 0x00, 0x00, 0x00, 0x00, 0x00, 0x00, 0x00,
    0x00, 0x00, 0x00, 0x70, 0x00, 0xE0, 0x01, 0xC0, 0x03, 0x80, 0x00, 0x00, 0x7F, 0xFC, 0x7F, 0xFC,
    0x70, 0x00, 0x70, 0x00, 0x70, 0x00, 0x70, 0x00, 0x70, 0x00, 0x70, 0x00, 0x70, 0x00, 0x7F, 0xE0,
    0x7F, 0xE0, 0x70, 0x00, 0x70, 0x00, 0x70, 0x00, 0x70, 0x00, 0x70, 0x00, 0x70, 0x00, 0x70, 0x00,
    0x7F, 0xFC, 0x7F, 0xFC, 0x00, 0x00, 0x00, 0x00, 0x00, 0x00, 0x00, 0x00, 0x00, 0x00, 0x00, 0x00,
    0x00, 0x00, 0x03, 0x80, 0x07, 0xC0, 0x0E, 0xE0, 0x1C, 0x70, 0x00, 0x00, 0x7F, 0xFC, 0x7F, 0xFC,
    0x70, 0x00, 0x70, 0x00, 0x70, 0x00, 0x70, 0x00, 0x70, 0x00, 0x70, 0x00, 0x70, 0x00, 0x7F, 0xE0,
    0x7F, 0xE0, 0x70, 0x00, 0x70, 0x00, 0x70, 0x00, 0x70, 0x00, 0x70, 0x00, 0x70, 0x00, 0x70, 0x00,
    0x7F, 0xFC, 0x7F, 0xFC, 0x00, 0x00, 0x00, 0x00, 0x00, 0x00, 0x00, 0x00, 0x00, 0x00, 0x00, 0x00,
    0x00, 0x00, 0x1C, 0x70, 0x1C, 0x70, 0x1C, 0x70, 0x1C, 0x70, 0x00, 0x00, 0x7F, 0xFC, 0x7F, 0xFC,
    0x70, 0x00, 0x70, 0x00, 0x70, 0x00, 0x70, 0x00, 0x70, 0x00, 0x70, 0x00, 0x70, 0x00, 0x7F, 0xE0,
    0x7F, 0xE0, 0x70, 0x00, 0x70, 0x00, 0x70, 0x00, 0x70, 0x00, 0x70, 0x00, 0x70, 0x00, 0x70, 0x00,
    0x7F, 0xFC, 0x7F, 0xFC, 0x00, 0x00, 0x00, 0x00, 0x00, 0x00, 0x00, 0x00, 0x00, 0x00, 0x00, 0x00,
    0x00, 0x00, 0x1C, 0x00, 0x0E, 0x00, 0x07, 0x00, 0x03, 0x80, 0x00, 0x00, 0x0F, 0xE0, 0x0F, 0xE0,
    0x03, 0x80, 0x03, 0x80, 0x03, 0x80, 0x03, 0x80, 0x03, 0x80, 0x03, 0x80, 0x03, 0x80, 0x03, 0x80,
    0x03, 0x80, 0x03, 0x80, 0x03, 0x80, 0x03, 0x80, 0x03, 0x80, 0x03, 0x80, 0x03, 0x80, 0x03, 0x80,
    0x0F, 0xE0, 0x0F, 0xE0, 0x00, 0x00, 0x00, 0x00, 0x00, 0x00, 0x00, 0x00, 0x00, 0x00, 0x00, 0x00,
    0x00, 0x00, 0x00, 0x70, 0x00, 0xE0, 0x01, 0xC0, 0x03, 0x80, 0x00, 0x00, 0x0F, 0xE0, 0x0F, 0xE0,
    0x03, 0x80, 0x03, 0x80, 0x03, 0x80, 0x03, 0x80, 0x03, 0x80, 0x03, 0x80, 0x03, 0x80, 0x03, 0x80,
    0x03, 0x80, 0x03, 0x80, 0x03, 0x80, 0x03, 0x80, 0x03, 0x80, 0x03, 0x80, 0x03, 0x80, 0x03, 0x80,
    0x0F, 0xE0, 0x0F, 0xE0, 0x00, 0x00, 0x00, 0x00, 0x00, 0x00, 0x00, 0x00, 0x00, 0x00, 0x00, 0x00,
    0x00, 0x00, 0x03, 0x80, 0x07, 0xC0, 0x0E, 0xE0, 0x1C, 0x70, 0x00, 0x00, 0x0F, 0xE0, 0x0F, 0xE0,
    0x03, 0x80, 0x03, 0x80, 0x03, 0x80, 0x03, 0x80, 0x03, 0x80, 0x03, 0x80, 0x03, 0x80, 0x03, 0x80,
    0x03, 0x80, 0x03, 0x80, 0x03, 0x80, 0x03, 0x80, 0x03, 0x80, 0x03, 0x80, 0x03, 0x80, 0x03, 0x80,
    0x0F, 0xE0, 0x0F, 0xE0, 0x00, 0x00, 0x00, 0x00, 0x00, 0x00, 0x00, 0x00, 0x00, 0x00, 0x00, 0x00,
    0x00, 0x00, 0x1C, 0x70, 0x1C, 0x70, 0x1C, 0x70, 0x1C, 0x70, 0x00, 0x00, 0x0F, 0xE0, 0x0F, 0xE0,
    0x03, 0x80, 0x03, 0x80, 0x03, 0x80, 0x03, 0x80, 0x03, 0x80, 0x03, 0x80, 0x03, 0x80, 0x03, 0x80,
    0x03, 0x80, 0x03, 0x80, 0x03, 0x80, 0x03, 0x80, 0x03, 0x80, 0x03, 0x80, 0x03, 0x80, 0x03, 0x80,
    0x0F, 0xE0, 0x0F, 0xE0, 0x00, 0x00, 0x00, 0x00, 0x00, 0x00, 0x00, 0x00, 0x00, 0x00, 0x00, 0x00,
    0x00, 0x00, 0x00, 0x00, 0x00, 0x00, 0x00, 0x00, 0x00, 0x00, 0x00, 0x00, 0x7F, 0xC0, 0x7F, 0xF0,
    0x70, 0x78, 0x70, 0x38, 0x70, 0x1C, 0x70, 0x1C, 0x70, 0x1C, 0x70, 0x1C, 0x70, 0x1C, 0xFF, 0x9C,
    0xFF, 0x9C, 0x70, 0x1C, 0x70, 0x1C, 0x70, 0x1C, 0x70, 0x1C, 0x70, 0x1C, 0x70, 0x38, 0x70, 0x78,
    0x7F, 0xF0, 0x7F, 0xC0, 0x00, 0x00, 0x00, 0x00, 0x00, 0x00, 0x00, 0x00, 0x00, 0x00, 0x00, 0x00,
    0x00, 0x00, 0x1F, 0x38, 0x3B, 0xB8, 0x3B, 0xB8, 0x39, 0xF0, 0x00, 0x00, 0x70, 0x1C, 0x70, 0x1C,
    0x70, 0x1C, 0x70, 0x1C, 0x70, 0x1C, 0x78, 0x1C, 0x7C, 0x1C, 0x7E, 0x1C, 0x77, 0x1C, 0x73, 0x9C,
    0x71, 0xDC, 0x70, 0xFC, 0x70, 0x7C, 0x70, 0x3C, 0x70, 0x1C, 0x70, 0x1C, 0x70, 0x1C, 0x70, 0x1C,
    0x70, 0x1C, 0x70, 0x1C, 0x00, 0x00, 0x00, 0x00, 0x00, 0x00, 0x00, 0x00, 0x00, 0x00, 0x00, 0x00,
    0x00, 0x00, 0x1C, 0x00, 0x0E, 0x00, 0x07, 0x00, 0x03, 0x80, 0x00, 0x00, 0x1F, 0xF0, 0x3F, 0xF8,
    0x78, 0x3C, 0x70, 0x1C, 0x70, 0x1C, 0x70, 0x1C, 0x70, 0x1C, 0x70, 0x1C, 0x70, 0x1C, 0x70, 0x1C,
    0x70, 0x1C, 0x70, 0x1C, 0x70, 0x1C, 0x70, 0x1C, 0x70, 0x1C, 0x70, 0x1C, 0x70, 0x1C, 0x78, 0x3C,
    0x3F, 0xF8, 0x1F, 0xF0, 0x00, 0x00, 0x00, 0x00, 0x00, 0x00, 0x00, 0x00, 0x00, 0x00, 0x00, 0x00,
    0x00, 0x00, 0x00, 0x70, 0x00, 0xE0, 0x01, 0xC0, 0x03, 0x80, 0x00, 0x00, 0x1F, 0xF0, 0x3F, 0xF8,
    0x78, 0x3C, 0x70, 0x1C, 0x70, 0x1C, 0x70, 0x1C, 0x70, 0x1C, 0x70, 0x1C, 0x70, 0x1C, 0x70, 0x1C,
    0x70, 0x1C, 0x70, 0x1C, 0x70, 0x1C, 0x70, 0x1C, 0x70, 0x1C, 0x70, 0x1C, 0x70, 0x1C, 0x78, 0x3C,
    0x3F, 0xF8, 0x1F, 0xF0, 0x00, 0x00, 0x00, 0x00, 0x00, 0x00, 0x00, 0x00, 0x00, 0x00, 0x00, 0x00,
    0x00, 0x00, 0x03, 0x80, 0x07, 0xC0, 0x0E, 0xE0, 0x1C, 0x70, 0x00, 0x00, 0x1F, 0xF0, 0x3F, 0xF8,
    0x78, 0x3C, 0x70, 0x1C, 0x70, 0x1C, 0x70, 0x1C, 0x70, 0x1C, 0x70, 0x1C, 0x70, 0x1C, 0x70, 0x1C,
    0x70, 0x1C, 0x70, 0x1C, 0x70, 0x1C, 0x70, 0x1C, 0x70, 0x1C, 0x70, 0x1C, 0x70, 0x1C, 0x78, 0x3C,
    0x3F, 0xF8, 0x1F, 0xF0, 0x00, 0x00, 0x00, 0x00, 0x00, 0x00, 0x00, 0x00, 0x00, 0x00, 0x00, 0x00,
    0x00, 0x00, 0x1F, 0x38, 0x3B, 0xB8, 0x3B, 0xB8, 0x39, 0xF0, 0x00, 0x00, 0x1F, 0xF0, 0x3F, 0xF8,
    0x78, 0x3C, 0x70, 0x1C, 0x70, 0x1C, 0x70, 0x1C, 0x70, 0x1C, 0x70, 0x1C, 0x70, 0x1C, 0x70, 0x1C,
    0x70, 0x1C, 0x70, 0x1C, 0x70, 0x1C, 0x70, 0x1C, 0x70, 0x1C, 0x70, 0x1C, 0x70, 0x1C, 0x78, 0x3C,
    0x3F, 0xF8, 0x1F, 0xF0, 0x00, 0x00, 0x00, 0x00, 0x00, 0x00, 0x00, 0x00, 0x00, 0x00, 0x00, 0x00,
    0x00, 0x00, 0x1C, 0x70, 0x1C, 0x70, 0x1C, 0x70, 0x1C, 0x70, 0x00, 0x00, 0x1F, 0xF0, 0x3F, 0xF8,
    0x78, 0x3C, 0x70, 0x1C, 0x70, 0x1C, 0x70, 0x1C, 0x70, 0x1C, 0x70, 0x1C, 0x70, 0x1C, 0x70, 0x1C,
    0x70, 0x1C, 0x70, 0x1C, 0x70, 0x1C, 0x70, 0x1C, 0x70, 0x1C, 0x70, 0x1C, 0x70, 0x1C, 0x78, 0x3C,
    0x3F, 0xF8, 0x1F, 0xF0, 0x00, 0x00, 0x00, 0x00, 0x00, 0x00, 0x00, 0x00, 0x00, 0x00, 0x00, 0x00,
    0x00, 0x00, 0x00, 0x00, 0x00, 0x00, 0x00, 0x00, 0x00, 0x00, 0x00, 0x00, 0x00, 0x00, 0x00, 0x00,
    0x00, 0x00, 0x00, 0x00, 0x70, 0x0E, 0x38, 0x1C, 0x1C, 0x38, 0x0E, 0x70, 0x07, 0xE0, 0x03, 0xC0,
    0x03, 0xC0, 0x07, 0xE0, 0x0E, 0x70, 0x1C, 0x38, 0x38, 0x1C, 0x70, 0x0E, 0x00, 0x00, 0x00, 0x00,
    0x00, 0x00, 0x00, 0x00, 0x00, 0x00, 0x00, 0x00, 0x00, 0x00, 0x00, 0x00, 0x00, 0x00, 0x00, 0x00,
    0x00, 0x00, 0x00, 0x00, 0x00, 0x00, 0x00, 0x00, 0x00, 0x00, 0x00, 0x00, 0x1F, 0xF0, 0x3F, 0xF8,
    0x78, 0x3E, 0x70, 0x1E, 0x70, 0x1C, 0x70, 0x3C, 0x70, 0x7C, 0x70, 0xFC, 0x71, 0xDC, 0x73, 0x9C,
    0x77, 0x1C, 0x7E, 0x1C, 0x7C, 0x1C, 0x78, 0x1C, 0x70, 0x1C, 0xF0, 0x1C, 0xF0, 0x1C, 0x78, 0x3C,
    0x3F, 0xF8, 0x1F, 0xF0, 0x00, 0x00, 0x00, 0x00, 0x00, 0x00, 0x00, 0x00, 0x00, 0x00, 0x00, 0x00,
    0x00, 0x00, 0x1C, 0x00, 0x0E, 0x00, 0x07, 0x00, 0x03, 0x80, 0x00, 0x00, 0x70, 0x1C, 0x70, 0x1C,
    0x70, 0x1C, 0x70, 0x1C, 0x70, 0x1C, 0x70, 0x1C, 0x70, 0x1C, 0x70, 0x1C, 0x70, 0x1C, 0x70, 0x1C,
    0x70, 0x1C, 0x70, 0x1C, 0x70, 0x1C, 0x70, 0x1C, 0x70, 0x1C, 0x70, 0x1C, 0x70, 0x1C, 0x78, 0x3C,
    0x3F, 0xF8, 0x1F, 0xF0, 0x00, 0x00, 0x00, 0x00, 0x00, 0x00, 0x00, 0x00, 0x00, 0x00, 0x00, 0x00,
    0x00, 0x00, 0x00, 0x70, 0x00, 0xE0, 0x01, 0xC0, 0x03, 0x80, 0x00, 0x00, 0x70, 0x1C, 0x70, 0x1C,
    0x70, 0x1C, 0x70, 0x1C, 0x70, 0x1C, 0x70, 0x1C, 0x70, 0x1C, 0x70, 0x1C, 0x70, 0x1C, 0x70, 0x1C,
    0x70, 0x1C, 0x70, 0x1C, 0x70, 0x1C, 0x70, 0x1C, 0x70, 0x1C, 0x70, 0x1C, 0x70, 0x1C, 0x78, 0x3C,
    0x3F, 0xF8, 0x1F, 0xF0, 0x00, 0x00, 0x00, 0x00, 0x00, 0x00, 0x00, 0x00, 0x00, 0x00, 0x00, 0x00,
    0x00, 0x00, 0x03, 0x80, 0x07, 0xC0, 0x0E, 0xE0, 0x1C, 0x70, 0x00, 0x00, 0x70, 0x1C, 0x70, 0x1C,
    0x70, 0x1C, 0x70, 0x1C, 0x70, 0x1C, 0x70, 0x1C, 0x70, 0x1C, 0x70, 0x1C, 0x70, 0x1C, 0x70, 0x1C,
    0x70, 0x1C, 0x70, 0x1C, 0x70, 0x1C, 0x70, 0x1C, 0x70, 0x1C, 0x70, 0x1C, 0x70, 0x1C, 0x78, 0x3C,
    0x3F, 0xF8, 0x1F, 0xF0, 0x00, 0x00, 0x00, 0x00, 0x00, 0x00, 0x00, 0x00, 0x00, 0x00, 0x00, 0x00,
    0x00, 0x00, 0x1C, 0x70, 0x1C, 0x70, 0x1C, 0x70, 0x1C, 0x70, 0x00, 0x00, 0x70, 0x1C, 0x70, 0x1C,
    0x70, 0x1C, 0x70, 0x1C, 0x70, 0x1C, 0x70, 0x1C, 0x70, 0x1C, 0x70, 0x1C, 0x70, 0x1C, 0x70, 0x1C,
    0x70, 0x1C, 0x70, 0x1C, 0x70, 0x1C, 0x70, 0x1C, 0x70, 0x1C, 0x70, 0x1C, 0x70, 0x1C, 0x78, 0x3C,
    0x3F, 0xF8, 0x1F, 0xF0, 0x00, 0x00, 0x00, 0x00, 0x00, 0x00, 0x00, 0x00, 0x00, 0x00, 0x00, 0x00,
    0x00, 0x00, 0x00, 0x70, 0x00, 0xE0, 0x01, 0xC0, 0x03, 0x80, 0x00, 0x00, 0x70, 0x1C, 0x70, 0x1C,
    0x70, 0x1C, 0x38, 0x38, 0x38, 0x38, 0x1C, 0x70, 0x1C, 0x70, 0x0E, 0xE0, 0x0E, 0xE0, 0x07, 0xC0,
    0x07, 0xC0, 0x03, 0x80, 0x03, 0x80, 0x03, 0x80, 0x03, 0x80, 0x03, 0x80, 0x03, 0x80, 0x03, 0x80,
    0x03, 0x80, 0x03, 0x80, 0x00, 0x00, 0x00, 0x00, 0x00, 0x00, 0x00, 0x00, 0x00, 0x00, 0x00, 0x00,
    0x00, 0x00, 0x00, 0x00, 0x00, 0x00, 0x00, 0x00, 0x00, 0x00, 0x00, 0x00, 0x70, 0x00, 0x70, 0x00,
    0x70, 0x00, 0x70, 0x00, 0x7F, 0xF0, 0x7F, 0xF8, 0x70, 0x3C, 0x70, 0x1C, 0x70, 0x1C, 0x70, 0x1C,
    0x70, 0x1C, 0x70, 0x1C, 0x70, 0x1C, 0x70, 0x3C, 0x7F, 0xF8, 0x7F, 0xF0, 0x70, 0x00, 0x70, 0x00,
    0x70, 0x00, 0x70, 0x00, 0x00, 0x00, 0x00, 0x00, 0x00, 0x00, 0x00, 0x00, 0x00, 0x00, 0x00, 0x00,
    0x00, 0x00, 0x00, 0x00, 0x00, 0x00, 0x00, 0x00, 0x00, 0x00, 0x00, 0x00, 0x3F, 0xE0, 0x7F, 0xF0,
    0x70, 0x78, 0x70, 0x38, 0x70, 0x38, 0x70, 0x38, 0x70, 0x38, 0x70, 0x70, 0x7F, 0xF0, 0x7F, 0xF0,
    0x70, 0x38, 0x70, 0x1C, 0x70, 0x1C, 0x70, 0x1C, 0x70, 0x1C, 0x70, 0x1C, 0x78, 0x1C, 0x7C, 0x3C,
    0x77, 0xF8, 0x73, 0xF0, 0x00, 0x00, 0x00, 0x00, 0x00, 0x00, 0x00, 0x00, 0x00, 0x00, 0x00, 0x00,
    0x00, 0x00, 0x00, 0x00, 0x00, 0x00, 0x00, 0x00, 0x00, 0x00, 0x00, 0x00, 0x1C, 0x00, 0x0E, 0x00,
    0x07, 0x00, 0x03, 0x80, 0x00, 0x00, 0x00, 0x00, 0x3F, 0xF0, 0x3F, 0xF8, 0x00, 0x3C, 0x00, 0x1C,
    0x00, 0x1C, 0x1F, 0xFC, 0x3F, 0xFC, 0x78, 0x1C, 0x70, 0x1C, 0x70, 0x1C, 0x70, 0x1C, 0x78, 0x1C,
    0x3F, 0xFC, 0x1F, 0xFC, 0x00, 0x00, 0x00, 0x00, 0x00, 0x00, 0x00, 0x00, 0x00, 0x00, 0x00, 0x00,
    0x00, 0x00, 0x00, 0x00, 0x00, 0x00, 0x00, 0x00, 0x00, 0x00, 0x00, 0x00, 0x00, 0x70, 0x00, 0xE0,
    0x01, 0xC0, 0x03, 0x80, 0x00, 0x00, 0x00, 0x00, 0x3F, 0xF0, 0x3F, 0xF8, 0x00, 0x3C, 0x00, 0x1C,
    0x00, 0x1C, 0x1F, 0xFC, 0x3F, 0xFC, 0x78, 0x1C, 0x70, 0x1C, 0x70, 0x1C, 0x70, 0x1C, 0x78, 0x1C,
    0x3F, 0xFC, 0x1F, 0xFC, 0x00, 0x00, 0x00, 0x00, 0x00, 0x00, 0x00, 0x00, 0x00, 0x00, 0x00, 0x00,
    0x00, 0x00, 0x00, 0x00, 0x00, 0x00, 0x00, 0x00, 0x00, 0x00, 0x00, 0x00, 0x03, 0x80, 0x07, 0xC0,
    0x0E, 0xE0, 0x1C, 0x70, 0x00, 0x00, 0x00, 0x00, 0x3F, 0xF0, 0x3F, 0xF8, 0x00, 0x3C, 0x00, 0x1C,
    0x00, 0x1C, 0x1F, 0xFC, 0x3F, 0xFC, 0x78, 0x1C, 0x70, 0x1C, 0x70, 0x1C, 0x70, 0x1C, 0x78, 0x1C,
    0x3F, 0xFC, 0x1F, 0xFC, 0x00, 0x00, 0x00, 0x00, 0x00, 0x00, 0x00, 0x00, 0x00, 0x00, 0x00, 0x00,
    0x00, 0x00, 0x00, 0x00, 0x00, 0x00, 0x00, 0x00, 0x00, 0x00, 0x00, 0x00, 0x1F, 0x38, 0x3B, 0xB8,
    0x3B, 0xB8, 0x39, 0xF0, 0x00, 0x00, 0x00, 0x00, 0x3F, 0xF0, 0x3F, 0xF8, 0x00, 0x3C, 0x00, 0x1C,
    0x00, 0x1C, 0x1F, 0xFC, 0x3F, 0xFC, 0x78, 0x1C, 0x70, 0x1C, 0x70, 0x1C, 0x70, 0x1C, 0x78, 0x1C,
    0x3F, 0xFC, 0x1F, 0xFC, 0x00, 0x00, 0x00, 0x00, 0x00, 0x00, 0x00, 0x00, 0x00, 0x00, 0x00, 0x00,
    0x00, 0x00, 0x00, 0x00, 0x00, 0x00, 0x00, 0x00, 0x00, 0x00, 0x00, 0x00, 0x1C, 0x70, 0x1C, 0x70,
    0x1C, 0x70, 0x1C, 0x70, 0x00, 0x00, 0x00, 0x00, 0x3F, 0xF0, 0x3F, 0xF8, 0x00, 0x3C, 0x00, 0x1C,
    0x00, 0x1C, 0x1F, 0xFC, 0x3F, 0xFC, 0x78, 0x1C, 0x70, 0x1C, 0x70, 0x1C, 0x70, 0x1C, 0x78, 0x1C,
    0x3F, 0xFC, 0x1F, 0xFC, 0x00, 0x00, 0x00, 0x00, 0x00, 0x00, 0x00, 0x00, 0x00, 0x00, 0x00, 0x00,
    0x00, 0x00, 0x00, 0x00, 0x00, 0x00, 0x00, 0x00, 0x00, 0x00, 0x00, 0x00, 0x07, 0xC0, 0x0E, 0xE0,
    0x0E, 0xE0, 0x0E, 0xE0, 0x07, 0xC0, 0x00, 0x00, 0x3F, 0xF0, 0x3F, 0xF8, 0x00, 0x3C, 0x00, 0x1C,
    0x00, 0x1C, 0x1F, 0xFC, 0x3F, 0xFC, 0x78, 0x1C, 0x70, 0x1C, 0x70, 0x1C, 0x70, 0x1C, 0x78, 0x1C,
    0x3F, 0xFC, 0x1F, 0xFC, 0x00, 0x00, 0x00, 0x00, 0x00, 0x00, 0x00, 0x00, 0x00, 0x00, 0x00, 0x00,
    0x00, 0x00, 0x00, 0x00, 0x00, 0x00, 0x00, 0x00, 0x00, 0x00, 0x00, 0x00, 0x00, 0x00, 0x00, 0x00,
    0x00, 0x00, 0x00, 0x00, 0x00, 0x00, 0x00, 0x00, 0x7E, 0xF8, 0x7F, 0xFC, 0x03, 0x9E, 0x03, 0x8E,
    0x03, 0x8E, 0x3F, 0x8E, 0x7F, 0xFE, 0xF3, 0xFE, 0xE3, 0x80, 0xE3, 0x80, 0xE3, 0x80, 0xF3, 0xCE,
    0x7F, 0xFE, 0x3E, 0xFC, 0x00, 0x00, 0x00, 0x00, 0x00, 0x00, 0x00, 0x00, 0x00, 0x00, 0x00, 0x00,
    0x00, 0x00, 0x00, 0x00, 0x00, 0x00, 0x00, 0x00, 0x00, 0x00, 0x00, 0x00, 0x00, 0x00, 0x00, 0x00,
    0x00, 0x00, 0x00, 0x00, 0x00, 0x00, 0x00, 0x00, 0x1F, 0xF0, 0x3F, 0xF8, 0x78, 0x3C, 0x70, 0x1C,
    0x70, 0x00, 0x70, 0x00, 0x70, 0x00, 0x70, 0x00, 0x70, 0x00, 0x70, 0x00, 0x70, 0x1C, 0x78, 0x3C,
    0x3F, 0xF8, 0x1F, 0xF0, 0x03, 0x80, 0x03, 0x80, 0x03, 0x80, 0x07, 0x00, 0x0E, 0x00, 0x00, 0x00,
    0x00, 0x00, 0x00, 0x00, 0x00, 0x00, 0x00, 0x00, 0x00, 0x00, 0x00, 0x00, 0x1C, 0x00, 0x0E, 0x00,
    0x07, 0x00, 0x03, 0x80, 0x00, 0x00, 0x00, 0x00, 0x1F, 0xF0, 0x3F, 0xF8, 0x78, 0x3C, 0x70, 0x1C,
    0x70, 0x1C, 0x70, 0x1C, 0x7F, 0xFC, 0x7F, 0xFC, 0x70, 0x00, 0x70, 0x00, 0x70, 0x00, 0x78, 0x1C,
    0x3F, 0xFC, 0x1F, 0xF8, 0x00, 0x00, 0x00, 0x00, 0x00, 0x00, 0x00, 0x00, 0x00, 0x00, 0x00, 0x00,
    0x00, 0x00, 0x00, 0x00, 0x00, 0x00, 0x00, 0x00, 0x00, 0x00, 0x00, 0x00, 0x00, 0x70, 0x00, 0xE0,
    0x01, 0xC0, 0x03, 0x80, 0x00, 0x00, 0x00, 0x00, 0x1F, 0xF0, 0x3F, 0xF8, 0x78, 0x3C, 0x70, 0x1C,
    0x70, 0x1C, 0x70, 0x1C, 0x7F, 0xFC, 0x7F, 0xFC, 0x70, 0x00, 0x70, 0x00, 0x70, 0x00, 0x78, 0x1C,
    0x3F, 0xFC, 0x1F, 0xF8, 0x00, 0x00, 0x00, 0x00, 0x00, 0x00, 0x00, 0x00, 0x00, 0x00, 0x00, 0x00,
    0x00, 0x00, 0x00, 0x00, 0x00, 0x00, 0x00, 0x00, 0x00, 0x00, 0x00, 0x00, 0x03, 0x80, 0x07, 0xC0,
    0x0E, 0xE0, 0x1C, 0x70, 0x00, 0x00, 0x00, 0x00, 0x1F, 0xF0, 0x3F, 0xF8, 0x78, 0x3C, 0x70, 0x1C,
    0x70, 0x1C, 0x70, 0x1C, 0x7F, 0xFC, 0x7F, 0xFC, 0x70, 0x00, 0x70, 0x00, 0x70, 0x00, 0x78, 0x1C,
    0x3F, 0xFC, 0x1F, 0xF8, 0x00, 0x00, 0x00, 0x00, 0x00, 0x00, 0x00, 0x00, 0x00, 0x00, 0x00, 0x00,
    0x00, 0x00, 0x00, 0x00, 0x00, 0x00, 0x00, 0x00, 0x00, 0x00, 0x00, 0x00, 0x1C, 0x70, 0x1C, 0x70,
    0x1C, 0x70, 0x1C, 0x70, 0x00, 0x00, 0x00, 0x00, 0x1F, 0xF0, 0x3F, 0xF8, 0x78, 0x3C, 0x70, 0x1C,
    0x70, 0x1C, 0x70, 0x1C, 0x7F, 0xFC, 0x7F, 0xFC, 0x70, 0x00, 0x70, 0x00, 0x70, 0x00, 0x78, 0x1C,
    0x3F, 0xFC, 0x1F, 0xF8, 0x00, 0x00, 0x00, 0x00, 0x00, 0x00, 0x00, 0x00, 0x00, 0x00, 0x00, 0x00,
    0x00, 0x00, 0x00, 0x00, 0x00, 0x00, 0x00, 0x00, 0x00, 0x00, 0x00, 0x00, 0x1C, 0x00, 0x0E, 0x00,
    0x07, 0x00, 0x03, 0x80, 0x00, 0x00, 0x00, 0x00, 0x0F, 0x80, 0x0F, 0x80, 0x03, 0x80, 0x03, 0x80,
    0x03, 0x80, 0x03, 0x80, 0x03, 0x80, 0x03, 0x80, 0x03, 0x80, 0x03, 0x80, 0x03, 0x80, 0x03, 0x80,
    0x0F, 0xE0, 0x0F, 0xE0, 0x00, 0x00, 0x00, 0x00, 0x00, 0x00, 0x00, 0x00, 0x00, 0x00, 0x00, 0x00,
    0x00, 0x00, 0x00, 0x00, 0x00, 0x00, 0x00, 0x00, 0x00, 0x00, 0x00, 0x00, 0x00, 0x70, 0x00, 0xE0,
    0x01, 0xC0, 0x03, 0x80, 0x00, 0x00, 0x00, 0x00, 0x0F, 0x80, 0x0F, 0x80, 0x03, 0x80, 0x03, 0x80,
    0x03, 0x80, 0x03, 0x80, 0x03, 0x80, 0x03, 0x80, 0x03, 0x80, 0x03, 0x80, 0x03, 0x80, 0x03, 0x80,
    0x0F, 0xE0, 0x0F, 0xE0, 0x00, 0x00, 0x00, 0x00, 0x00, 0x00, 0x00, 0x00, 0x00, 0x00, 0x00, 0x00,
    0x00, 0x00, 0x00, 0x00, 0x00, 0x00, 0x00, 0x00, 0x00, 0x00, 0x00, 0x00, 0x03, 0x80, 0x07, 0xC0,
    0x0E, 0xE0, 0x1C, 0x70, 0x00, 0x00, 0x00, 0x00, 0x0F, 0x80, 0x0F, 0x80, 0x03, 0x80, 0x03, 0x80,
    0x03, 0x80, 0x03, 0x80, 0x03, 0x80, 0x03, 0x80, 0x03, 0x80, 0x03, 0x80, 0x03, 0x80, 0x03, 0x80,
    0x0F, 0xE0, 0x0F, 0xE0, 0x00, 0x00, 0x00, 0x00, 0x00, 0x00, 0x00, 0x00, 0x00, 0x00, 0x00, 0x00,
    0x00, 0x00, 0x00, 0x00, 0x00, 0x00, 0x00, 0x00, 0x00, 0x00, 0x00, 0x00, 0x1C, 0x70, 0x1C, 0x70,
    0x1C, 0x70, 0x1C, 0x70, 0x00, 0x00, 0x00, 0x00, 0x0F, 0x80, 0x0F, 0x80, 0x03, 0x80, 0x03, 0x80,
    0x03, 0x80, 0x03, 0x80, 0x03, 0x80, 0x03, 0x80, 0x03, 0x80, 0x03, 0x80, 0x03, 0x80, 0x03, 0x80,
    0x0F, 0xE0, 0x0F, 0xE0, 0x00, 0x00, 0x00, 0x00, 0x00, 0x00, 0x00, 0x00, 0x00, 0x00, 0x00, 0x00,
    0x00, 0x00, 0x00, 0x00, 0x00, 0x00, 0x00, 0x00, 0x00, 0x00, 0x00, 0x00, 0x1D, 0xC0, 0x0F, 0x80,
    0x1F, 0x00, 0x3B, 0x80, 0x01, 0xC0, 0x00, 0xE0, 0x1F, 0xF0, 0x3F, 0xF8, 0x78, 0x3C, 0x70, 0x1C,
    0x70, 0x1C, 0x70, 0x1C, 0x70, 0x1C, 0x70, 0x1C, 0x70, 0x1C, 0x70, 0x1C, 0x70, 0x1C, 0x78, 0x3C,
    0x3F, 0xF8, 0x1F, 0xF0, 0x00, 0x00, 0x00, 0x00, 0x00, 0x00, 0x00, 0x00, 0x00, 0x00, 0x00, 0x00,
    0x00, 0x00, 0x00, 0x00, 0x00, 0x00, 0x00, 0x00, 0x00, 0x00, 0x00, 0x00, 0x1F, 0x38, 0x3B, 0xB8,
    0x3B, 0xB8, 0x39, 0xF0, 0x00, 0x00, 0x00, 0x00, 0x7F, 0xF0, 0x7F, 0xF8, 0x70, 0x3C, 0x70, 0x1C,
    0x70, 0x1C, 0x70, 0x1C, 0x70, 0x1C, 0x70, 0x1C, 0x70, 0x1C, 0x70, 0x1C, 0x70, 0x1C, 0x70, 0x1C,
    0x70, 0x1C, 0x70, 0x1C, 0x00, 0x00, 0x00, 0x00, 0x00, 0x00, 0x00, 0x00, 0x00, 0x00, 0x00, 0x00,
    0x00, 0x00, 0x00, 0x00, 0x00, 0x00, 0x00, 0x00, 0x00, 0x00, 0x00, 0x00, 0x1C, 0x00, 0x0E, 0x00,
    0x07, 0x00, 0x03, 0x80, 0x00, 0x00, 0x00, 0x00, 0x1F, 0xF0, 0x3F, 0xF8, 0x78, 0x3C, 0x70, 0x1C,
    0x70, 0x1C, 0x70, 0x1C, 0x70, 0x1C, 0x70, 0x1C, 0x70, 0x1C, 0x70, 0x1C, 0x70, 0x1C, 0x78, 0x3C,
    0x3F, 0xF8, 0x1F, 0xF0, 0x00, 0x00, 0x00, 0x00, 0x00, 0x00, 0x00, 0x00, 0x00, 0x00, 0x00, 0x00,
    0x00, 0x00, 0x00, 0x00, 0x00, 0x00, 0x00, 0x00, 0x00, 0x00, 0x00, 0x00, 0x00, 0x70, 0x00, 0xE0,
    0x01, 0xC0, 0x03, 0x80, 0x00, 0x00, 0x00, 0x00, 0x1F, 0xF0, 0x3F, 0xF8, 0x78, 0x3C, 0x70, 0x1C,
    0x70, 0x1C, 0x70, 0x1C, 0x70, 0x1C, 0x70, 0x1C, 0x70, 0x1C, 0x70, 0x1C, 0x70, 0x1C, 0x78, 0x3C,
    0x3F, 0xF8, 0x1F, 0xF0, 0x00, 0x00, 0x00, 0x00, 0x00, 0x00, 0x00, 0x00, 0x00, 0x00, 0x00, 0x00,
    0x00, 0x00, 0x00, 0x00, 0x00, 0x00, 0x00, 0x00, 0x00, 0x00, 0x00, 0x00, 0x03, 0x80, 0x07, 0xC0,
    0x0E, 0xE0, 0x1C, 0x70, 0x00, 0x00, 0x00, 0x00, 0x1F, 0xF0, 0x3F, 0xF8, 0x78, 0x3C, 0x70, 0x1C,
    0x70, 0x1C, 0x70, 0x1C, 0x70, 0x1C, 0x70, 0x1C, 0x70, 0x1C, 0x70, 0x1C, 0x70, 0x1C, 0x78, 0x3C,
    0x3F, 0xF8, 0x1F, 0xF0, 0x00, 0x00, 0x00, 0x00, 0x00, 0x00, 0x00, 0x00, 0x00, 0x00, 0x00, 0x00,
    0x00, 0x00, 0x00, 0x00, 0x00, 0x00, 0x00, 0x00, 0x00, 0x00, 0x00, 0x00, 0x1F, 0x38, 0x3B, 0xB8,
    0x3B, 0xB8, 0x39, 0xF0, 0x00, 0x00, 0x00, 0x00, 0x1F, 0xF0, 0x3F, 0xF8, 0x78, 0x3C, 0x70, 0x1C,
    0x70, 0x1C, 0x70, 0x1C, 0x70, 0x1C, 0x70, 0x1C, 0x70, 0x1C, 0x70, 0x1C, 0x70, 0x1C, 0x78, 0x3C,
    0x3F, 0xF8, 0x1F, 0xF0, 0x00, 0x00, 0x00, 0x00, 0x00, 0x00, 0x00, 0x00, 0x00, 0x00, 0x00, 0x00,
    0x00, 0x00, 0x00, 0x00, 0x00, 0x00, 0x00, 0x00, 0x00, 0x00, 0x00, 0x00, 0x1C, 0x70, 0x1C, 0x70,
    0x1C, 0x70, 0x1C, 0x70, 0x00, 0x00, 0x00, 0x00, 0x1F, 0xF0, 0x3F, 0xF8, 0x78, 0x3C, 0x70, 0x1C,
    0x70, 0x1C, 0x70, 0x1C, 0x70, 0x1C, 0x70, 0x1C, 0x70, 0x1C, 0x70, 0x1C, 0x70, 0x1C, 0x78, 0x3C,
    0x3F, 0xF8, 0x1F, 0xF0, 0x00, 0x00, 0x00, 0x00, 0x00, 0x00, 0x00, 0x00, 0x00, 0x00, 0x00, 0x00,
    0x00, 0x00, 0x00, 0x00, 0x00, 0x00, 0x00, 0x00, 0x00, 0x00, 0x00, 0x00, 0x00, 0x00, 0x00, 0x00,
    0x00, 0x00, 0x03, 0x80, 0x03, 0x80, 0x03, 0x80, 0x03, 0x80, 0x00, 0x00, 0x00, 0x00, 0x7F, 0xFC,
    0x7F, 0xFC, 0x00, 0x00, 0x00, 0x00, 0x03, 0x80, 0x03, 0x80, 0x03, 0x80, 0x03, 0x80, 0x00, 0x00,
    0x00, 0x00, 0x00, 0x00, 0x00, 0x00, 0x00, 0x00, 0x00, 0x00, 0x00, 0x00, 0x00, 0x00, 0x00, 0x00,
    0x00, 0x00, 0x00, 0x00, 0x00, 0x00, 0x00, 0x00, 0x00, 0x00, 0x00, 0x00, 0x00, 0x00, 0x00, 0x00,
    0x00, 0x00, 0x00, 0x00, 0x00, 0x00, 0x00, 0x00, 0x1F, 0xF6, 0x3F, 0xFE, 0x78, 0x3C, 0x70, 0x7C,
    0x70, 0xFC, 0x71, 0xDC, 0x73, 0x9C, 0x77, 0x1C, 0x7E, 0x1C, 0x7C, 0x1C, 0x78, 0x1C, 0x78, 0x3C,
    0xFF, 0xF8, 0xDF, 0xF0, 0x00, 0x00, 0x00, 0x00, 0x00, 0x00, 0x00, 0x00, 0x00, 0x00, 0x00, 0x00,
    0x00, 0x00, 0x00, 0x00, 0x00, 0x00, 0x00, 0x00, 0x00, 0x00, 0x00, 0x00, 0x1C, 0x00, 0x0E, 0x00,
    0x07, 0x00, 0x03, 0x80, 0x00, 0x00, 0x00, 0x00, 0x70, 0x1C, 0x70, 0x1C, 0x70, 0x1C, 0x70, 0x1C,
    0x70, 0x1C, 0x70, 0x1C, 0x70, 0x1C, 0x70, 0x1C, 0x70, 0x1C, 0x70, 0x1C, 0x70, 0x1C, 0x78, 0x1C,
    0x3F, 0xFC, 0x1F, 0xFC, 0x00, 0x00, 0x00, 0x00, 0x00, 0x00, 0x00, 0x00, 0x00, 0x00, 0x00, 0x00,
    0x00, 0x00, 0x00, 0x00, 0x00, 0x00, 0x00, 0x00, 0x00, 0x00, 0x00, 0x00, 0x00, 0x70, 0x00, 0xE0,
    0x01, 0xC0, 0x03, 0x80, 0x00, 0x00, 0x00, 0x00, 0x70, 0x1C, 0x70, 0x1C, 0x70, 0x1C, 0x70, 0x1C,
    0x70, 0x1C, 0x70, 0x1C, 0x70, 0x1C, 0x70, 0x1C, 0x70, 0x1C, 0x70, 0x1C, 0x70, 0x1C, 0x78, 0x1C,
    0x3F, 0xFC, 0x1F, 0xFC, 0x00, 0x00, 0x00, 0x00, 0x00, 0x00, 0x00, 0x00, 0x00, 0x00, 0x00, 0x00,
    0x00, 0x00, 0x00, 0x00, 0x00, 0x00, 0x00, 0x00, 0x00, 0x00, 0x00, 0x00, 0x03, 0x80, 0x07, 0xC0,
    0x0E, 0xE0, 0x1C, 0x70, 0x00, 0x00, 0x00, 0x00, 0x70, 0x1C, 0x70, 0x1C, 0x70, 0x1C, 0x70, 0x1C,
    0x70, 0x1C, 0x70, 0x1C, 0x70, 0x1C, 0x70, 0x1C, 0x70, 0x1C, 0x70, 0x1C, 0x70, 0x1C, 0x78, 0x1C,
    0x3F, 0xFC, 0x1F, 0xFC, 0x00, 0x00, 0x00, 0x00, 0x00, 0x00, 0x00, 0x00, 0x00, 0x00, 0x00, 0x00,
    0x00, 0x00, 0x00, 0x00, 0x00, 0x00, 0x00, 0x00, 0x00, 0x00, 0x00, 0x00, 0x1C, 0x70, 0x1C, 0x70,
    0x1C, 0x70, 0x1C, 0x70, 0x00, 0x00, 0x00, 0x00, 0x70, 0x1C, 0x70, 0x1C, 0x70, 0x1C, 0x70, 0x1C,
    0x70, 0x1C, 0x70, 0x1C, 0x70, 0x1C, 0x70, 0x1C, 0x70, 0x1C, 0x70, 0x1C, 0x70, 0x1C, 0x78, 0x1C,
    0x3F, 0xFC, 0x1F, 0xFC, 0x00, 0x00, 0x00, 0x00, 0x00, 0x00, 0x00, 0x00, 0x00, 0x00, 0x00, 0x00,
    0x00, 0x00, 0x00, 0x00, 0x00, 0x00, 0x00, 0x00, 0x00, 0x00, 0x00, 0x00, 0x00, 0x70, 0x00, 0xE0,
    0x01, 0xC0, 0x03, 0x80, 0x00, 0x00, 0x00, 0x00, 0x70, 0x1C, 0x70, 0x1C, 0x70, 0x1C, 0x70, 0x1C,
    0x70, 0x1C, 0x70, 0x1C, 0x70, 0x1C, 0x70, 0x1C, 0x70, 0x1C, 0x70, 0x1C, 0x70, 0x1C, 0x78, 0x1C,
    0x3F, 0xFC, 0x1F, 0xFC, 0x00, 0x1C, 0x00, 0x1C, 0x00, 0x3C, 0x3F, 0xF8, 0x3F, 0xF0, 0x00, 0x00,
    0x00, 0x00, 0x00, 0x00, 0x00, 0x00, 0x00, 0x00, 0x00, 0x00, 0x00, 0x00, 0x70, 0x00, 0x70, 0x00,
    0x70, 0x00, 0x70, 0x00, 0x70, 0x00, 0x70, 0x00, 0x7F, 0xF0, 0x7F, 0xF8, 0x70, 0x3C, 0x70, 0x1C,
    0x70, 0x1C, 0x70, 0x1C, 0x70, 0x1C, 0x70, 0x1C, 0x70, 0x1C, 0x70, 0x1C, 0x70, 0x1C, 0x70, 0x3C,
    0x7F, 0xF8, 0x7F, 0xF0, 0x70, 0x00, 0x70, 0x00, 0x70, 0x00, 0x70, 0x00, 0x70, 0x00, 0x00, 0x00,
    0x00, 0x00, 0x00, 0x00, 0x00, 0x00, 0x00, 0x00, 0x00, 0x00, 0x00, 0x00, 0x1C, 0x70, 0x1C, 0x70,
    0x1C, 0x70, 0x1C, 0x70, 0x00, 0x00, 0x00, 0x00, 0x70, 0x1C, 0x70, 0x1C, 0x70, 0x1C, 0x70, 0x1C,
    0x70, 0x1C, 0x70, 0x1C, 0x70, 0x1C, 0x70, 0x1C, 0x70, 0x1C, 0x70, 0x1C, 0x70, 0x1C, 0x78, 0x1C,
    0x3F, 0xFC, 0x1F, 0xFC, 0x00, 0x1C, 0x00, 0x1C, 0x00, 0x3C, 0x3F, 0xF8, 0x3F, 0xF0, 0x00, 0x00,
    0x00, 0x00, 0x00, 0x00, 0x1F, 0xF0, 0x1F, 0xF0, 0x00, 0x00, 0x00, 0x00, 0x1F, 0xF0, 0x3F, 0xF8,
    0x78, 0x3C, 0x70, 0x1C, 0x70, 0x1C, 0x70, 0x1C, 0x70, 0x1C, 0x70, 0x1C, 0x70, 0x1C, 0x70, 0x1C,
    0x7F, 0xFC, 0x7F, 0xFC, 0x70, 0x1C, 0x70, 0x1C, 0x70, 0x1C, 0x70, 0x1C, 0x70, 0x1C, 0x70, 0x1C,
    0x70, 0x1C, 0x70, 0x1C, 0x00, 0x00, 0x00, 0x00, 0x00, 0x00, 0x00, 0x00, 0x00, 0x00, 0x00, 0x00,
    0x00, 0x00, 0x00, 0x00, 0x00, 0x00, 0x00, 0x00, 0x00, 0x00, 0x00, 0x00, 0x00, 0x00, 0x00, 0x00,
    0x1F, 0xF0, 0x1F, 0xF0, 0x00, 0x00, 0x00, 0x00, 0x3F, 0xF0, 0x3F, 0xF8, 0x00, 0x3C, 0x00, 0x1C,
    0x00, 0x1C, 0x1F, 0xFC, 0x3F, 0xFC, 0x78, 0x1C, 0x70, 0x1C, 0x70, 0x1C, 0x70, 0x1C, 0x78, 0x1C,
    0x3F, 0xFC, 0x1F, 0xFC, 0x00, 0x00, 0x00, 0x00, 0x00, 0x00, 0x00, 0x00, 0x00, 0x00, 0x00, 0x00,
    0x00, 0x00, 0x1C, 0x70, 0x1C, 0x70, 0x0F, 0xE0, 0x07, 0xC0, 0x00, 0x00, 0x1F, 0xF0, 0x3F, 0xF8,
    0x78, 0x3C, 0x70, 0x1C, 0x70, 0x1C, 0x70, 0x1C, 0x70, 0x1C, 0x70, 0x1C, 0x70, 0x1C, 0x70, 0x1C,
    0x7F, 0xFC, 0x7F, 0xFC, 0x70, 0x1C, 0x70, 0x1C, 0x70, 0x1C, 0x70, 0x1C, 0x70, 0x1C, 0x70, 0x1C,
    0x70, 0x1C, 0x70, 0x1C, 0x00, 0x00, 0x00, 0x00, 0x00, 0x00, 0x00, 0x00, 0x00, 0x00, 0x00, 0x00,
    0x00, 0x00, 0x00, 0x00, 0x00, 0x00, 0x00, 0x00, 0x00, 0x00, 0x00, 0x00, 0x1C, 0x70, 0x1C, 0x70,
    0x0F, 0xE0, 0x07, 0xC0, 0x00, 0x00, 0x00, 0x00, 0x3F, 0xF0, 0x3F, 0xF8, 0x00, 0x3C, 0x00, 0x1C,
    0x00, 0x1C, 0x1F, 0xFC, 0x3F, 0xFC, 0x78, 0x1C, 0x70, 0x1C, 0x70, 0x1C, 0x70, 0x1C, 0x78, 0x1C,
    0x3F, 0xFC, 0x1F, 0xFC, 0x00, 0x00, 0x00, 0x00, 0x00, 0x00, 0x00, 0x00, 0x00, 0x00, 0x00, 0x00,
    0x00, 0x00, 0x00, 0x00, 0x00, 0x00, 0x00, 0x00, 0x00, 0x00, 0x00, 0x00, 0x1F, 0xF0, 0x3F, 0xF8,
    0x78, 0x3C, 0x70, 0x1C, 0x70, 0x1C, 0x70, 0x1C, 0x70, 0x1C, 0x70, 0x1C, 0x70, 0x1C, 0x70, 0x1C,
    0x7F, 0xFC, 0x7F, 0xFC, 0x70, 0x1C, 0x70, 0x1C, 0x70, 0x1C, 0x70, 0x1C, 0x70, 0x1C, 0x70, 0x1C,
    0x70, 0x1C, 0x70, 0x1C, 0x00, 0x7C, 0x00, 0xF0, 0x00, 0xE0, 0x00, 0xFC, 0x00, 0x7C, 0x00, 0x00,
    0x00, 0x00, 0x00, 0x00, 0x00, 0x00, 0x00, 0x00, 0x00, 0x00, 0x00, 0x00, 0x00, 0x00, 0x00, 0x00,
    0x00, 0x00, 0x00, 0x00, 0x00, 0x00, 0x00, 0x00, 0x3F, 0xF0, 0x3F, 0xF8, 0x00, 0x3C, 0x00, 0x1C,
    0x00, 0x1C, 0x1F, 0xFC, 0x3F, 0xFC, 0x78, 0x1C, 0x70, 0x1C, 0x70, 0x1C, 0x70, 0x1C, 0x78, 0x1C,
    0x3F, 0xFC, 0x1F, 0xFC, 0x00, 0x7C, 0x00, 0xF0, 0x00, 0xE0, 0x00, 0xFC, 0x00, 0x7C, 0x00, 0x00,
    0x00, 0x00, 0x00, 0x70, 0x00, 0xE0, 0x01, 0xC0, 0x03, 0x80, 0x00, 0x00, 0x1F, 0xF0, 0x3F, 0xF8,
    0x78, 0x3C, 0x70, 0x1C, 0x70, 0x1C, 0x70, 0x00, 0x70, 0x00, 0x70, 0x00, 0x70, 0x00, 0x70, 0x00,
    0x70, 0x00, 0x70, 0x00, 0x70, 0x00, 0x70, 0x00, 0x70, 0x00, 0x70, 0x1C, 0x70, 0x1C, 0x78, 0x3C,
    0x3F, 0xF8, 0x1F, 0xF0, 0x00, 0x00, 0x00, 0x00, 0x00, 0x00, 0x00, 0x00, 0x00, 0x00, 0x00, 0x00,
    0x00, 0x00, 0x00, 0x00, 0x00, 0x00, 0x00, 0x00, 0x00, 0x00, 0x00, 0x00, 0x00, 0x70, 0x00, 0xE0,
    0x01, 0xC0, 0x03, 0x80, 0x00, 0x00, 0x00, 0x00, 0x1F, 0xF0, 0x3F, 0xF8, 0x78, 0x3C, 0x70, 0x1C,
    0x70, 0x00, 0x70, 0x00, 0x70, 0x00, 0x70, 0x00, 0x70, 0x00, 0x70, 0x00, 0x70, 0x1C, 0x78, 0x3C,
    0x3F, 0xF8, 0x1F, 0xF0, 0x00, 0x00, 0x00, 0x00, 0x00, 0x00, 0x00, 0x00, 0x00, 0x00, 0x00, 0x00,
    0x00, 0x00, 0x03, 0x80, 0x07, 0xC0, 0x0E, 0xE0, 0x1C, 0x70, 0x00, 0x00, 0x1F, 0xF0, 0x3F, 0xF8,
    0x78, 0x3C, 0x70, 0x1C, 0x70, 0x1C, 0x70, 0x00, 0x70, 0x00, 0x70, 0x00, 0x70, 0x00, 0x70, 0x00,
    0x70, 0x00, 0x70, 0x00, 0x70, 0x00, 0x70, 0x00, 0x70, 0x00, 0x70, 0x1C, 0x70, 0x1C, 0x78, 0x3C,
    0x3F, 0xF8, 0x1F, 0xF0, 0x00, 0x00, 0x00, 0x00, 0x00, 0x00, 0x00, 0x00, 0x00, 0x00, 0x00, 0x00,
    0x00, 0x00, 0x00, 0x00, 0x00, 0x00, 0x00, 0x00, 0x00, 0x00, 0x00, 0x00, 0x03, 0x80, 0x07, 0xC0,
    0x0E, 0xE0, 0x1C, 0x70, 0x00, 0x00, 0x00, 0x00, 0x1F, 0xF0, 0x3F, 0xF8, 0x78, 0x3C, 0x70, 0x1C,
    0x70, 0x00, 0x70, 0x00, 0x70, 0x00, 0x70, 0x00, 0x70, 0x00, 0x70, 0x00, 0x70, 0x1C, 0x78, 0x3C,
    0x3F, 0xF8, 0x1F, 0xF0, 0x00, 0x00, 0x00, 0x00, 0x00, 0x00, 0x00, 0x00, 0x00, 0x00, 0x00, 0x00,
    0x00, 0x00, 0x03, 0x80, 0x03, 0x80, 0x03, 0x80, 0x03, 0x80, 0x00, 0x00, 0x1F, 0xF0, 0x3F, 0xF8,
    0x78, 0x3C, 0x70, 0x1C, 0x70, 0x1C, 0x70, 0x00, 0x70, 0x00, 0x70, 0x00, 0x70, 0x00, 0x70, 0x00,
    0x70, 0x00, 0x70, 0x00, 0x70, 0x00, 0x70, 0x00, 0x70, 0x00, 0x70, 0x1C, 0x70, 0x1C, 0x78, 0x3C,
    0x3F, 0xF8, 0x1F, 0xF0, 0x00, 0x00, 0x00, 0x00, 0x00, 0x00, 0x00, 0x00, 0x00, 0x00, 0x00, 0x00,
    0x00, 0x00, 0x00, 0x00, 0x00, 0x00, 0x00, 0x00, 0x00, 0x00, 0x00, 0x00, 0x03, 0x80, 0x03, 0x80,
    0x03, 0x80, 0x03, 0x80, 0x00, 0x00, 0x00, 0x00, 0x1F, 0xF0, 0x3F, 0xF8, 0x78, 0x3C, 0x70, 0x1C,
    0x70, 0x00, 0x70, 0x00, 0x70, 0x00, 0x70, 0x00, 0x70, 0x00, 0x70, 0x00, 0x70, 0x1C, 0x78, 0x3C,
    0x3F, 0xF8, 0x1F, 0xF0, 0x00, 0x00, 0x00, 0x00, 0x00, 0x00, 0x00, 0x00, 0x00, 0x00, 0x00, 0x00,
    0x00, 0x00, 0x1C, 0x70, 0x0E, 0xE0, 0x07, 0xC0, 0x03, 0x80, 0x00, 0x00, 0x1F, 0xF0, 0x3F, 0xF8,
    0x78, 0x3C, 0x70, 0x1C, 0x70, 0x1C, 0x70, 0x00, 0x70, 0x00, 0x70, 0x00, 0x70, 0x00, 0x70, 0x00,
    0x70, 0x00, 0x70, 0x00, 0x70, 0x00, 0x70, 0x00, 0x70, 0x00, 0x70, 0x1C, 0x70, 0x1C, 0x78, 0x3C,
    0x3F, 0xF8, 0x1F, 0xF0, 0x00, 0x00, 0x00, 0x00, 0x00, 0x00, 0x00, 0x00, 0x00, 0x00, 0x00, 0x00,
    0x00, 0x00, 0x00, 0x00, 0x00, 0x00, 0x00, 0x00, 0x00, 0x00, 0x00, 0x00, 0x1C, 0x70, 0x0E, 0xE0,
    0x07, 0xC0, 0x03, 0x80, 0x00, 0x00, 0x00, 0x00, 0x1F, 0xF0, 0x3F, 0xF8, 0x78, 0x3C, 0x70, 0x1C,
    0x70, 0x00, 0x70, 0x00, 0x70, 0x00, 0x70, 0x00, 0x70, 0x00, 0x70, 0x00, 0x70, 0x1C, 0x78, 0x3C,
    0x3F, 0xF8, 0x1F, 0xF0, 0x00, 0x00, 0x00, 0x00, 0x00, 0x00, 0x00, 0x00, 0x00, 0x00, 0x00, 0x00,
    0x00, 0x00, 0x1C, 0x70, 0x0E, 0xE0, 0x07, 0xC0, 0x03, 0x80, 0x00, 0x00, 0x7F, 0xC0, 0x7F, 0xF0,
    0x70, 0x78, 0x70, 0x38, 0x70, 0x1C, 0x70, 0x1C, 0x70, 0x1C, 0x70, 0x1C, 0x70, 0x1C, 0x70, 0x1C,
    0x70, 0x1C, 0x70, 0x1C, 0x70, 0x1C, 0x70, 0x1C, 0x70, 0x1C, 0x70, 0x1C, 0x70, 0x38, 0x70, 0x78,
    0x7F, 0xF0, 0x7F, 0xC0, 0x00, 0x00, 0x00, 0x00, 0x00, 0x00, 0x00, 0x00, 0x00, 0x00, 0x00, 0x00,
    0x00, 0x00, 0x1C, 0x70, 0x0E, 0xE0, 0x07, 0xC0, 0x03, 0x80, 0x00, 0x00, 0x00, 0x1C, 0x00, 0x1C,
    0x00, 0x1C, 0x00, 0x1C, 0x00, 0x1C, 0x00, 0x1C, 0x1F, 0xFC, 0x3F, 0xFC, 0x78, 0x1C, 0x70, 0x1C,
    0x70, 0x1C, 0x70, 0x1C, 0x70, 0x1C, 0x70, 0x1C, 0x70, 0x1C, 0x70, 0x1C, 0x70, 0x1C, 0x78, 0x1C,
    0x3F, 0xFC, 0x1F, 0xFC, 0x00, 0x00, 0x00, 0x00, 0x00, 0x00, 0x00, 0x00, 0x00, 0x00, 0x00, 0x00,
    0x00, 0x00, 0x00, 0x00, 0x00, 0x00, 0x00, 0x00, 0x00, 0x00, 0x00, 0x00, 0x7F, 0xC0, 0x7F, 0xF0,
    0x70, 0x78, 0x70, 0x38, 0x70, 0x1C, 0x70, 0x1C, 0x70, 0x1C, 0x70, 0x1C, 0x70, 0x1C, 0xFF, 0x9C,
    0xFF, 0x9C, 0x70, 0x1C, 0x70, 0x1C, 0x70, 0x1C, 0x70, 0x1C, 0x70, 0x1C, 0x70, 0x38, 0x70, 0x78,
    0x7F, 0xF0, 0x7F, 0xC0, 0x00, 0x00, 0x00, 0x00, 0x00, 0x00, 0x00, 0x00, 0x00, 0x00, 0x00, 0x00,
    0x00, 0x00, 0x00, 0x00, 0x00, 0x00, 0x00, 0x00, 0x00, 0x00, 0x00, 0x00, 0x00, 0x1C, 0x00, 0x1C,
    0x03, 0xFF, 0x03, 0xFF, 0x00, 0x1C, 0x00, 0x1C, 0x1F, 0xFC, 0x3F, 0xFC, 0x78, 0x1C, 0x70, 0x1C,
    0x70, 0x1C, 0x70, 0x1C, 0x70, 0x1C, 0x70, 0x1C, 0x70, 0x1C, 0x70, 0x1C, 0x70, 0x1C, 0x78, 0x1C,
    0x3F, 0xFC, 0x1F, 0xFC, 0x00, 0x00, 0x00, 0x00, 0x00, 0x00, 0x00, 0x00, 0x00, 0x00, 0x00, 0x00,
    0x00, 0x00, 0x00, 0x00, 0x1F, 0xF0, 0x1F, 0xF0, 0x00, 0x00, 0x00, 0x00, 0x7F, 0xFC, 0x7F, 0xFC,
    0x70, 0x00, 0x70, 0x00, 0x70, 0x00, 0x70, 0x00, 0x70, 0x00, 0x70, 0x00, 0x70, 0x00, 0x7F, 0xE0,
    0x7F, 0xE0, 0x70, 0x00, 0x70, 0x00, 0x70, 0x00, 0x70, 0x00, 0x70, 0x00, 0x70, 0x00, 0x70, 0x00,
    0x7F, 0xFC, 0x7F, 0xFC, 0x00, 0x00, 0x00, 0x00, 0x00, 0x00, 0x00, 0x00, 0x00, 0x00, 0x00, 0x00,
    0x00, 0x00, 0x00, 0x00, 0x00, 0x00, 0x00, 0x00, 0x00, 0x00, 0x00, 0x00, 0x00, 0x00, 0x00, 0x00,
    0x1F, 0xF0, 0x1F, 0xF0, 0x00, 0x00, 0x00, 0x00, 0x1F, 0xF0, 0x3F, 0xF8, 0x78, 0x3C, 0x70, 0x1C,
    0x70, 0x1C, 0x70, 0x1C, 0x7F, 0xFC, 0x7F, 0xFC, 0x70, 0x00, 0x70, 0x00, 0x70, 0x00, 0x78, 0x1C,
    0x3F, 0xFC, 0x1F, 0xF8, 0x00, 0x00, 0x00, 0x00, 0x00, 0x00, 0x00, 0x00, 0x00, 0x00, 0x00, 0x00,
    0x00, 0x00, 0x1C, 0x70, 0x1C, 0x70, 0x0F, 0xE0, 0x07, 0xC0, 0x00, 0x00, 0x7F, 0xFC, 0x7F, 0xFC,
    0x70, 0x00, 0x70, 0x00, 0x70, 0x00, 0x70, 0x00, 0x70, 0x00, 0x70, 0x00, 0x70, 0x00, 0x7F, 0xE0,
    0x7F, 0xE0, 0x70, 0x00, 0x70, 0x00, 0x70, 0x00, 0x70, 0x00, 0x70, 0x00, 0x70, 0x00, 0x70, 0x00,
    0x7F, 0xFC, 0x7F, 0xFC, 0x00, 0x00, 0x00, 0x00, 0x00, 0x00, 0x00, 0x00, 0x00, 0x00, 0x00, 0x00,
    0x00, 0x00, 0x00, 0x00, 0x00, 0x00, 0x00, 0x00, 0x00, 0x00, 0x00, 0x00, 0x1C, 0x70, 0x1C, 0x70,
    0x0F, 0xE0, 0x07, 0xC0, 0x00, 0x00, 0x00, 0x00, 0x1F, 0xF0, 0x3F, 0xF8, 0x78, 0x3C, 0x70, 0x1C,
    0x70, 0x1C, 0x70, 0x1C, 0x7F, 0xFC, 0x7F, 0xFC, 0x70, 0x00, 0x70, 0x00, 0x70, 0x00, 0x78, 0x1C,
    0x3F, 0xFC, 0x1F, 0xF8, 0x00, 0x00, 0x00, 0x00, 0x00, 0x00, 0x00, 0x00, 0x00, 0x00, 0x00, 0x00,
    0x00, 0x00, 0x03, 0x80, 0x03, 0x80, 0x03, 0x80, 0x03, 0x80, 0x00, 0x00, 0x7F, 0xFC, 0x7F, 0xFC,
    0x70, 0x00, 0x70, 0x00, 0x70, 0x00, 0x70, 0x00, 0x70, 0x00, 0x70, 0x00, 0x70, 0x00, 0x7F, 0xE0,
    0x7F, 0xE0, 0x70, 0x00, 0x70, 0x00, 0x70, 0x00, 0x70, 0x00, 0x70, 0x00, 0x70, 0x00, 0x70, 0x00,
    0x7F, 0xFC, 0x7F, 0xFC, 0x00, 0x00, 0x00, 0x00, 0x00, 0x00, 0x00, 0x00, 0x00, 0x00, 0x00, 0x00,
    0x00, 0x00, 0x00, 0x00, 0x00, 0x00, 0x00, 0x00, 0x00, 0x00, 0x00, 0x00, 0x03, 0x80, 0x03, 0x80,
    0x03, 0x80, 0x03, 0x80, 0x00, 0x00, 0x00, 0x00, 0x1F, 0xF0, 0x3F, 0xF8, 0x78, 0x3C, 0x70, 0x1C,
    0x70, 0x1C, 0x70, 0x1C, 0x7F, 0xFC, 0x7F, 0xFC, 0x70, 0x00, 0x70, 0x00, 0x70, 0x00, 0x78, 0x1C,
    0x3F, 0xFC, 0x1F, 0xF8, 0x00, 0x00, 0x00, 0x00, 0x00, 0x00, 0x00, 0x00, 0x00, 0x00, 0x00, 0x00,
    0x00, 0x00, 0x00, 0x00, 0x00, 0x00, 0x00, 0x00, 0x00, 0x00, 0x00, 0x00, 0x7F, 0xFC, 0x7F, 0xFC,
    0x70, 0x00, 0x70, 0x00, 0x70, 0x00, 0x70, 0x00, 0x70, 0x00, 0x70, 0x00, 0x70, 0x00, 0x7F, 0xE0,
    0x7F, 0xE0, 0x70, 0x00, 0x70, 0x00, 0x70, 0x00, 0x70, 0x00, 0x70, 0x00, 0x70, 0x00, 0x70, 0x00,
    0x7F, 0xFC, 0x7F, 0xFC, 0x00, 0x7C, 0x00, 0xF0, 0x00, 0xE0, 0x00, 0xFC, 0x00, 0x7C, 0x00, 0x00,
    0x00, 0x00, 0x00, 0x00, 0x00, 0x00, 0x00, 0x00, 0x00, 0x00, 0x00, 0x00, 0x00, 0x00, 0x00, 0x00,
    0x00, 0x00, 0x00, 0x00, 0x00, 0x00, 0x00, 0x00, 0x1F, 0xF0, 0x3F, 0xF8, 0x78, 0x3C, 0x70, 0x1C,
    0x70, 0x1C, 0x70, 0x1C, 0x7F, 0xFC, 0x7F, 0xFC, 0x70, 0x00, 0x70, 0x00, 0x70, 0x00, 0x78, 0x1C,
    0x3F, 0xFC, 0x1F, 0xF8, 0x03, 0xC0, 0x07, 0x80, 0x07, 0x00, 0x07, 0xE0, 0x03, 0xE0, 0x00, 0x00,
    0x00, 0x00, 0x1C, 0x70, 0x0E, 0xE0, 0x07, 0xC0, 0x03, 0x80, 0x00, 0x00, 0x7F, 0xFC, 0x7F, 0xFC,
    0x70, 0x00, 0x70, 0x00, 0x70, 0x00, 0x70, 0x00, 0x70, 0x00, 0x70, 0x00, 0x70, 0x00, 0x7F, 0xE0,
    0x7F, 0xE0, 0x70, 0x00, 0x70, 0x00, 0x70, 0x00, 0x70, 0x00, 0x70, 0x00, 0x70, 0x00, 0x70, 0x00,
    0x7F, 0xFC, 0x7F, 0xFC, 0x00, 0x00, 0x00, 0x00, 0x00, 0x00, 0x00, 0x00, 0x00, 0x00, 0x00, 0x00,
    0x00, 0x00, 0x00, 0x00, 0x00, 0x00, 0x00, 0x00, 0x00, 0x00, 0x00, 0x00, 0x1C, 0x70, 0x0E, 0xE0,
    0x07, 0xC0, 0x03, 0x80, 0x00, 0x00, 0x00, 0x00, 0x1F, 0xF0, 0x3F, 0xF8, 0x78, 0x3C, 0x70, 0x1C,
    0x70, 0x1C, 0x70, 0x1C, 0x7F, 0xFC, 0x7F, 0xFC, 0x70, 0x00, 0x70, 0x00, 0x70, 0x00, 0x78, 0x1C,
    0x3F, 0xFC, 0x1F, 0xF8, 0x00, 0x00, 0x00, 0x00, 0x00, 0x00, 0x00, 0x00, 0x00, 0x00, 0x00, 0x00,
    0x00, 0x00, 0x03, 0x80, 0x07, 0xC0, 0x0E, 0xE0, 0x1C, 0x70, 0x00, 0x00, 0x1F, 0xF0, 0x3F, 0xF8,
    0x78, 0x3C, 0x70, 0x1C, 0x70, 0x1C, 0x70, 0x00, 0x70, 0x00, 0x70, 0x00, 0x70, 0x00, 0x71, 0xFC,
    0x71, 0xFC, 0x70, 0x1C, 0x70, 0x1C, 0x70, 0x1C, 0x70, 0x1C, 0x70, 0x1C, 0x70, 0x1C, 0x78, 0x3C,
    0x3F, 0xF8, 0x1F, 0xF0, 0x00, 0x00, 0x00, 0x00, 0x00, 0x00, 0x00, 0x00, 0x00, 0x00, 0x00, 0x00,
    0x00, 0x00, 0x00, 0x00, 0x00, 0x00, 0x00, 0x00, 0x00, 0x00, 0x00, 0x00, 0x03, 0x80, 0x07, 0xC0,
    0x0E, 0xE0, 0x1C, 0x70, 0x00, 0x00, 0x00, 0x00, 0x1F, 0xFC, 0x3F, 0xFC, 0x78, 0x1C, 0x70, 0x1C,
    0x70, 0x1C, 0x70, 0x1C, 0x70, 0x1C, 0x70, 0x1C, 0x70, 0x1C, 0x70, 0x1C, 0x70, 0x1C, 0x78, 0x1C,
    0x3F, 0xFC, 0x1F, 0xFC, 0x00, 0x1C, 0x00, 0x1C, 0x00, 0x3C, 0x3F, 0xF8, 0x3F, 0xF0, 0x00, 0x00,
    0x00, 0x00, 0x1C, 0x70, 0x1C, 0x70, 0x0F, 0xE0, 0x07, 0xC0, 0x00, 0x00, 0x1F, 0xF0, 0x3F, 0xF8,
    0x78, 0x3C, 0x70, 0x1C, 0x70, 0x1C, 0x70, 0x00, 0x70, 0x00, 0x70, 0x00, 0x70, 0x00, 0x71, 0xFC,
    0x71, 0xFC, 0x70, 0x1C, 0x70, 0x1C, 0x70, 0x1C, 0x70, 0x1C, 0x70, 0x1C, 0x70, 0x1C, 0x78, 0x3C,
    0x3F, 0xF8, 0x1F, 0xF0, 0x00, 0x00, 0x00, 0x00, 0x00, 0x00, 0x00, 0x00, 0x00, 0x00, 0x00, 0x00,
    0x00, 0x00, 0x00, 0x00, 0x00, 0x00, 0x00, 0x00, 0x00, 0x00, 0x00, 0x00, 0x1C, 0x70, 0x1C, 0x70,
    0x0F, 0xE0, 0x07, 0xC0, 0x00, 0x00, 0x00, 0x00, 0x1F, 0xFC, 0x3F, 0xFC, 0x78, 0x1C, 0x70, 0x1C,
    0x70, 0x1C, 0x70, 0x1C, 0x70, 0x1C, 0x70, 0x1C, 0x70, 0x1C, 0x70, 0x1C, 0x70, 0x1C, 0x78, 0x1C,
    0x3F, 0xFC, 0x1F, 0xFC, 0x00, 0x1C, 0x00, 0x1C, 0x00, 0x3C, 0x3F, 0xF8, 0x3F, 0xF0, 0x00, 0x00,
    0x00, 0x00, 0x03, 0x80, 0x03, 0x80, 0x03, 0x80, 0x03, 0x80, 0x00, 0x00, 0x1F, 0xF0, 0x3F, 0xF8,
    0x78, 0x3C, 0x70, 0x1C, 0x70, 0x1C, 0x70, 0x00, 0x70, 0x00, 0x70, 0x00, 0x70, 0x00, 0x71, 0xFC,
    0x71, 0xFC, 0x70, 0x1C, 0x70, 0x1C, 0x70, 0x1C, 0x70, 0x1C, 0x70, 0x1C, 0x70, 0x1C, 0x78, 0x3C,
    0x3F, 0xF8, 0x1F, 0xF0, 0x00, 0x00, 0x00, 0x00, 0x00, 0x00, 0x00, 0x00, 0x00, 0x00, 0x00, 0x00,
    0x00, 0x00, 0x00, 0x00, 0x00, 0x00, 0x00, 0x00, 0x00, 0x00, 0x00, 0x00, 0x01, 0xC0, 0x01, 0xC0,
    0x01, 0xC0, 0x01, 0xC0, 0x00, 0x00, 0x00, 0x00, 0x1F, 0xFC, 0x3F, 0xFC, 0x78, 0x1C, 0x70, 0x1C,
    0x70, 0x1C, 0x70, 0x1C, 0x70, 0x1C, 0x70, 0x1C, 0x70, 0x1C, 0x70, 0x1C, 0x70, 0x1C, 0x78, 0x1C,
    0x3F, 0xFC, 0x1F, 0xFC, 0x00, 0x1C, 0x00, 0x1C, 0x00, 0x3C, 0x3F, 0xF8, 0x3F, 0xF0, 0x00, 0x00,
    0x00, 0x00, 0x00, 0x00, 0x00, 0x00, 0x00, 0x00, 0x00, 0x00, 0x00, 0x00, 0x1F, 0xF0, 0x3F, 0xF8,
    0x78, 0x3C, 0x70, 0x1C, 0x70, 0x1C, 0x70, 0x00, 0x70, 0x00, 0x70, 0x00, 0x70, 0x00, 0x71, 0xFC,
    0x71, 0xFC, 0x70, 0x1C, 0x70, 0x1C, 0x70, 0x1C, 0x70, 0x1C, 0x70, 0x1C, 0x70, 0x1C, 0x78, 0x3C,
    0x3F, 0xF8, 0x1F, 0xF0, 0x00, 0x00, 0x03, 0x80, 0x03, 0x80, 0x03, 0x80, 0x07, 0x00, 0x0E, 0x00,
    0x00, 0x00, 0x00, 0x00, 0x00, 0x00, 0x00, 0x00, 0x00, 0x00, 0x00, 0x00, 0x00, 0x70, 0x00, 0xE0,
    0x01, 0xC0, 0x01, 0xC0, 0x01, 0xC0, 0x00, 0x00, 0x1F, 0xFC, 0x3F, 0xFC, 0x78, 0x1C, 0x70, 0x1C,
    0x70, 0x1C, 0x70, 0x1C, 0x70, 0x1C, 0x70, 0x1C, 0x70, 0x1C, 0x70, 0x1C, 0x70, 0x1C, 0x78, 0x1C,
    0x3F, 0xFC, 0x1F, 0xFC, 0x00, 0x1C, 0x00, 0x1C, 0x00, 0x3C, 0x3F, 0xF8, 0x3F, 0xF0, 0x00, 0x00,
    0x00, 0x00, 0x03, 0x80, 0x07, 0xC0, 0x0E, 0xE0, 0x1C, 0x70, 0x00, 0x00, 0x70, 0x1C, 0x70, 0x1C,
    0x70, 0x1C, 0x70, 0x1C, 0x70, 0x1C, 0x70, 0x1C, 0x70, 0x1C, 0x70, 0x1C, 0x70, 0x1C, 0x7F, 0xFC,
    0x7F, 0xFC, 0x70, 0x1C, 0x70, 0x1C, 0x70, 0x1C, 0x70, 0x1C, 0x70, 0x1C, 0x70, 0x1C, 0x70, 0x1C,
    0x70, 0x1C, 0x70, 0x1C, 0x00, 0x00, 0x00, 0x00, 0x00, 0x00, 0x00, 0x00, 0x00, 0x00, 0x00, 0x00,
    0x00, 0x00, 0x03, 0x80, 0x07, 0xC0, 0x0E, 0xE0, 0x1C, 0x70, 0x00, 0x00, 0x70, 0x00, 0x70, 0x00,
    0x70, 0x00, 0x70, 0x00, 0x70, 0x00, 0x70, 0x00, 0x7F, 0xF0, 0x7F, 0xF8, 0x70, 0x3C, 0x70, 0x1C,
    0x70, 0x1C, 0x70, 0x1C, 0x70, 0x1C, 0x70, 0x1C, 0x70, 0x1C, 0x70, 0x1C, 0x70, 0x1C, 0x70, 0x1C,
    0x70, 0x1C, 0x70, 0x1C, 0x00, 0x00, 0x00, 0x00, 0x00, 0x00, 0x00, 0x00, 0x00, 0x00, 0x00, 0x00,
    0x00, 0x00, 0x00, 0x00, 0x00, 0x00, 0x00, 0x00, 0x00, 0x00, 0x00, 0x00, 0x70, 0x1C, 0x70, 0x1C,
    0x70, 0x1C, 0xFF, 0xFE, 0xFF, 0xFE, 0x70, 0x1C, 0x70, 0x1C, 0x70, 0x1C, 0x70, 0x1C, 0x7F, 0xFC,
    0x7F, 0xFC, 0x70, 0x1C, 0x70, 0x1C, 0x70, 0x1C, 0x70, 0x1C, 0x70, 0x1C, 0x70, 0x1C, 0x70, 0x1C,
    0x70, 0x1C, 0x70, 0x1C, 0x00, 0x00, 0x00, 0x00, 0x00, 0x00, 0x00, 0x00, 0x00, 0x00, 0x00, 0x00,
    0x00, 0x00, 0x00, 0x00, 0x00, 0x00, 0x00, 0x00, 0x00, 0x00, 0x00, 0x00, 0x38, 0x00, 0x38, 0x00,
    0xFF, 0xC0, 0xFF, 0xC0, 0x38, 0x00, 0x38, 0x00, 0x3F, 0xF8, 0x3F, 0xFC, 0x38, 0x1E, 0x38, 0x0E,
    0x38, 0x0E, 0x38, 0x0E, 0x38, 0x0E, 0x38, 0x0E, 0x38, 0x0E, 0x38, 0x0E, 0x38, 0x0E, 0x38, 0x0E,
    0x38, 0x0E, 0x38, 0x0E, 0x00, 0x00, 0x00, 0x00, 0x00, 0x00, 0x00, 0x00, 0x00, 0x00, 0x00, 0x00,
    0x00, 0x00, 0x1F, 0x38, 0x3B, 0xB8, 0x3B, 0xB8, 0x39, 0xF0, 0x00, 0x00, 0x0F, 0xE0, 0x0F, 0xE0,
    0x03, 0x80, 0x03, 0x80, 0x03, 0x80, 0x03, 0x80, 0x03, 0x80, 0x03, 0x80, 0x03, 0x80, 0x03, 0x80,
    0x03, 0x80, 0x03, 0x80, 0x03, 0x80, 0x03, 0x80, 0x03, 0x80, 0x03, 0x80, 0x03, 0x80, 0x03, 0x80,
    0x0F, 0xE0, 0x0F, 0xE0, 0x00, 0x00, 0x00, 0x00, 0x00, 0x00, 0x00, 0x00, 0x00, 0x00, 0x00, 0x00,
    0x00, 0x00, 0x00, 0x00, 0x00, 0x00, 0x00, 0x00, 0x00, 0x00, 0x00, 0x00, 0x1F, 0x38, 0x3B, 0xB8,
    0x3B, 0xB8, 0x39, 0xF0, 0x00, 0x00, 0x00, 0x00, 0x0F, 0x80, 0x0F, 0x80, 0x03, 0x80, 0x03, 0x80,
    0x03, 0x80, 0x03, 0x80, 0x03, 0x80, 0x03, 0x80, 0x03, 0x80, 0x03, 0x80, 0x03, 0x80, 0x03, 0x80,
    0x0F, 0xE0, 0x0F, 0xE0, 0x00, 0x00, 0x00, 0x00, 0x00, 0x00, 0x00, 0x00, 0x00, 0x00, 0x00, 0x00,
    0x00, 0x00, 0x00, 0x00, 0x1F, 0xF0, 0x1F, 0xF0, 0x00, 0x00, 0x00, 0x00, 0x0F, 0xE0, 0x0F, 0xE0,
    0x03, 0x80, 0x03, 0x80, 0x03, 0x80, 0x03, 0x80, 0x03, 0x80, 0x03, 0x80, 0x03, 0x80, 0x03, 0x80,
    0x03, 0x80, 0x03, 0x80, 0x03, 0x80, 0x03, 0x80, 0x03, 0x80, 0x03, 0x80, 0x03, 0x80, 0x03, 0x80,
    0x0F, 0xE0, 0x0F, 0xE0, 0x00, 0x00, 0x00, 0x00, 0x00, 0x00, 0x00, 0x00, 0x00, 0x00, 0x00, 0x00,
    0x00, 0x00, 0x00, 0x00, 0x00, 0x00, 0x00, 0x00, 0x00, 0x00, 0x00, 0x00, 0x00, 0x00, 0x00, 0x00,
    0x1F, 0xF0, 0x1F, 0xF0, 0x00, 0x00, 0x00, 0x00, 0x0F, 0x80, 0x0F, 0x80, 0x03, 0x80, 0x03, 0x80,
    0x03, 0x80, 0x03, 0x80, 0x03, 0x80, 0x03, 0x80, 0x03, 0x80, 0x03, 0x80, 0x03, 0x80, 0x03, 0x80,
    0x0F, 0xE0, 0x0F, 0xE0, 0x00, 0x00, 0x00, 0x00, 0x00, 0x00, 0x00, 0x00, 0x00, 0x00, 0x00, 0x00,
    0x00, 0x00, 0x1C, 0x70, 0x1C, 0x70, 0x0F, 0xE0, 0x07, 0xC0, 0x00, 0x00, 0x0F, 0xE0, 0x0F, 0xE0,
    0x03, 0x80, 0x03, 0x80, 0x03, 0x80, 0x03, 0x80, 0x03, 0x80, 0x03, 0x80, 0x03, 0x80, 0x03, 0x80,
    0x03, 0x80, 0x03, 0x80, 0x03, 0x80, 0x03, 0x80, 0x03, 0x80, 0x03, 0x80, 0x03, 0x80, 0x03, 0x80,
    0x0F, 0xE0, 0x0F, 0xE0, 0x00, 0x00, 0x00, 0x00, 0x00, 0x00, 0x00, 0x00, 0x00, 0x00, 0x00, 0x00,
    0x00, 0x00, 0x00, 0x00, 0x00, 0x00, 0x00, 0x00, 0x00, 0x00, 0x00, 0x00, 0x1C, 0x70, 0x1C, 0x70,
    0x0F, 0xE0, 0x07, 0xC0, 0x00, 0x00, 0x00, 0x00, 0x0F, 0x80, 0x0F, 0x80, 0x03, 0x80, 0x03, 0x80,
    0x03, 0x80, 0x03, 0x80, 0x03, 0x80, 0x03, 0x80, 0x03, 0x80, 0x03, 0x80, 0x03, 0x80, 0x03, 0x80,
    0x0F, 0xE0, 0x0F, 0xE0, 0x00, 0x00, 0x00, 0x00, 0x00, 0x00, 0x00, 0x00, 0x00, 0x00, 0x00, 0x00,
    0x00, 0x00, 0x00, 0x00, 0x00, 0x00, 0x00, 0x00, 0x00, 0x00, 0x00, 0x00, 0x0F, 0xE0, 0x0F, 0xE0,
    0x03, 0x80, 0x03, 0x80, 0x03, 0x80, 0x03, 0x80, 0x03, 0x80, 0x03, 0x80, 0x03, 0x80, 0x03, 0x80,
    0x03, 0x80, 0x03, 0x80, 0x03, 0x80, 0x03, 0x80, 0x03, 0x80, 0x03, 0x80, 0x03, 0x80, 0x03, 0x80,
    0x0F, 0xE0, 0x0F, 0xE0, 0x03, 0x80, 0x07, 0x80, 0x07, 0x00, 0x07, 0xE0, 0x03, 0xE0, 0x00, 0x00,
    0x00, 0x00, 0x00, 0x00, 0x00, 0x00, 0x00, 0x00, 0x00, 0x00, 0x00, 0x00, 0x03, 0x80, 0x03, 0x80,
    0x03, 0x80, 0x03, 0x80, 0x00, 0x00, 0x00, 0x00, 0x0F, 0x80, 0x0F, 0x80, 0x03, 0x80, 0x03, 0x80,
    0x03, 0x80, 0x03, 0x80, 0x03, 0x80, 0x03, 0x80, 0x03, 0x80, 0x03, 0x80, 0x03, 0x80, 0x03, 0x80,
    0x0F, 0xE0, 0x0F, 0xE0, 0x03, 0x80, 0x07, 0x80, 0x07, 0x00, 0x07, 0xE0, 0x03, 0xE0, 0x00, 0x00,
    0x00, 0x00, 0x03, 0x80, 0x03, 0x80, 0x03, 0x80, 0x03, 0x80, 0x00, 0x00, 0x0F, 0xE0, 0x0F, 0xE0,
    0x03, 0x80, 0x03, 0x80, 0x03, 0x80, 0x03, 0x80, 0x03, 0x80, 0x03, 0x80, 0x03, 0x80, 0x03, 0x80,
    0x03, 0x80, 0x03, 0x80, 0x03, 0x80, 0x03, 0x80, 0x03, 0x80, 0x03, 0x80, 0x03, 0x80, 0x03, 0x80,
    0x0F, 0xE0, 0x0F, 0xE0, 0x00, 0x00, 0x00, 0x00, 0x00, 0x00, 0x00, 0x00, 0x00, 0x00, 0x00, 0x00,
    0x00, 0x00, 0x00, 0x00, 0x00, 0x00, 0x00, 0x00, 0x00, 0x00, 0x00, 0x00, 0x00, 0x00, 0x00, 0x00,
    0x00, 0x00, 0x00, 0x00, 0x00, 0x00, 0x00, 0x00, 0x0F, 0x80, 0x0F, 0x80, 0x03, 0x80, 0x03, 0x80,
    0x03, 0x80, 0x03, 0x80, 0x03, 0x80, 0x03, 0x80, 0x03, 0x80, 0x03, 0x80, 0x03, 0x80, 0x03, 0x80,
    0x0F, 0xE0, 0x0F, 0xE0, 0x00, 0x00, 0x00, 0x00, 0x00, 0x00, 0x00, 0x00, 0x00, 0x00, 0x00, 0x00,
    0x00, 0x00, 0x00, 0x00, 0x00, 0x00, 0x00, 0x00, 0x00, 0x00, 0x00, 0x00, 0xF8, 0x1F, 0xF8, 0x1F,
    0x70, 0x0E, 0x70, 0x0E, 0x70, 0x0E, 0x70, 0x0E, 0x70, 0x0E, 0x70, 0x0E, 0x70, 0x0E, 0x70, 0x0E,
    0x70, 0x0E, 0x70, 0x0E, 0x70, 0x0E, 0x70, 0x0E, 0x73, 0x8E, 0x73, 0x8E, 0x73, 0x8E, 0x73, 0xDE,
    0xF9, 0xFC, 0xF8, 0xF8, 0x00, 0x00, 0x00, 0x00, 0x00, 0x00, 0x00, 0x00, 0x00, 0x00, 0x00, 0x00,
    0x00, 0x00, 0x00, 0x00, 0x00, 0x00, 0x00, 0x00, 0x00, 0x00, 0x00, 0x00, 0x70, 0x0E, 0x70, 0x0E,
    0x70, 0x0E, 0x70, 0x0E, 0x00, 0x00, 0x00, 0x00, 0xF0, 0x3E, 0xF0, 0x3E, 0x70, 0x0E, 0x70, 0x0E,
    0x70, 0x0E, 0x70, 0x0E, 0x70, 0x0E, 0x70, 0x0E, 0x70, 0x0E, 0x70, 0x0E, 0x70, 0x0E, 0x70, 0x0E,
    0xF8, 0x0E, 0xF8, 0x0E, 0x03, 0x8E, 0x03, 0x8E, 0x03, 0xDE, 0x01, 0xFC, 0x00, 0xF8, 0x00, 0x00,
    0x00, 0x00, 0x00, 0x38, 0x00, 0x7C, 0x00, 0xEE, 0x01, 0xC7, 0x00, 0x00, 0x00, 0xFE, 0x00, 0xFE,
    0x00, 0x38, 0x00, 0x38, 0x00, 0x38, 0x00, 0x38, 0x00, 0x38, 0x00, 0x38, 0x00, 0x38, 0x00, 0x38,
    0x00, 0x38, 0x00, 0x38, 0x00, 0x38, 0x00, 0x38, 0x70, 0x38, 0x70, 0x38, 0x70, 0x38, 0x78, 0x78,
    0x3F, 0xF0, 0x1F, 0xE0, 0x00, 0x00, 0x00, 0x00, 0x00, 0x00, 0x00, 0x00, 0x00, 0x00, 0x00, 0x00,
    0x00, 0x00, 0x00, 0x00, 0x00, 0x00, 0x00, 0x00, 0x00, 0x00, 0x00, 0x00, 0x00, 0x38, 0x00, 0x7C,
    0x00, 0xEE, 0x01, 0xC7, 0x00, 0x00, 0x00, 0x00, 0x00, 0xF8, 0x00, 0xF8, 0x00, 0x38, 0x00, 0x38,
    0x00, 0x38, 0x00, 0x38, 0x00, 0x38, 0x00, 0x38, 0x00, 0x38, 0x00, 0x38, 0x00, 0x38, 0x00, 0x38,
    0x00, 0x38, 0x00, 0x38, 0x38, 0x38, 0x38, 0x38, 0x3C, 0x78, 0x1F, 0xF0, 0x0F, 0xE0, 0x00, 0x00,
    0x00, 0x00, 0x00, 0x00, 0x00, 0x00, 0x00, 0x00, 0x00, 0x00, 0x00, 0x00, 0x70, 0x0C, 0x70, 0x1C,
    0x70, 0x38, 0x70, 0x70, 0x70, 0xE0, 0x71, 0xC0, 0x73, 0x80, 0x77, 0x00, 0x7E, 0x00, 0x7C, 0x00,
    0x7C, 0x00, 0x7E, 0x00, 0x77, 0x00, 0x73, 0x80, 0x71, 0xC0, 0x70, 0xE0, 0x70, 0x70, 0x70, 0x38,
    0x70, 0x1C, 0x70, 0x0C, 0x00, 0x00, 0x03, 0x80, 0x03, 0x80, 0x03, 0x80, 0x07, 0x00, 0x0E, 0x00,
    0x00, 0x00, 0x00, 0x00, 0x00, 0x00, 0x00, 0x00, 0x00, 0x00, 0x00, 0x00, 0x38, 0x00, 0x38, 0x00,
    0x38, 0x00, 0x38, 0x00, 0x38, 0x00, 0x38, 0x00, 0x38, 0x1C, 0x38, 0x38, 0x38, 0x70, 0x38, 0xE0,
    0x39, 0xC0, 0x3B, 0x80, 0x3F, 0x00, 0x3F, 0x00, 0x3B, 0x80, 0x39, 0xC0, 0x38, 0xE0, 0x38, 0x70,
    0x38, 0x38, 0x38, 0x1C, 0x00, 0x00, 0x03, 0x80, 0x03, 0x80, 0x03, 0x80, 0x07, 0x00, 0x0E, 0x00,
    0x00, 0x00, 0x00, 0x00, 0x00, 0x00, 0x00, 0x00, 0x00, 0x00, 0x00, 0x00, 0x00, 0x00, 0x00, 0x00,
    0x00, 0x00, 0x00, 0x00, 0x00, 0x00, 0x00, 0x00, 0x38, 0x1C, 0x38, 0x38, 0x38, 0x70, 0x38, 0xE0,
    0x39, 0xC0, 0x3B, 0x80, 0x3F, 0x00, 0x3F, 0x00, 0x3B, 0x80, 0x39, 0xC0, 0x38, 0xE0, 0x38, 0x70,
    0x38, 0x38, 0x38, 0x1C, 0x00, 0x00, 0x00, 0x00, 0x00, 0x00, 0x00, 0x00, 0x00, 0x00, 0x00, 0x00,
    0x00, 0x00, 0x0E, 0x00, 0x1C, 0x00, 0x38, 0x00, 0x70, 0x00, 0x00, 0x00, 0x70, 0x00, 0x70, 0x00,
    0x70, 0x00, 0x70, 0x00, 0x70, 0x00, 0x70, 0x00, 0x70, 0x00, 0x70, 0x00, 0x70, 0x00, 0x70, 0x00,
    0x70, 0x00, 0x70, 0x00, 0x70, 0x00, 0x70, 0x00, 0x70, 0x00, 0x70, 0x00, 0x70, 0x00, 0x70, 0x00,
    0x7F, 0xFC, 0x7F, 0xFC, 0x00, 0x00, 0x00, 0x00, 0x00, 0x00, 0x00, 0x00, 0x00, 0x00, 0x00, 0x00,
    0x00, 0x00, 0x00, 0x70, 0x00, 0xE0, 0x01, 0xC0, 0x03, 0x80, 0x00, 0x00, 0x0F, 0x80, 0x0F, 0x80,
    0x03, 0x80, 0x03, 0x80, 0x03, 0x80, 0x03, 0x80, 0x03, 0x80, 0x03, 0x80, 0x03, 0x80, 0x03, 0x80,
    0x03, 0x80, 0x03, 0x80, 0x03, 0x80, 0x03, 0x80, 0x03, 0x80, 0x03, 0x80, 0x03, 0x80, 0x03, 0x80,
    0x0F, 0xE0, 0x0F, 0xE0, 0x00, 0x00, 0x00, 0x00, 0x00, 0x00, 0x00, 0x00, 0x00, 0x00, 0x00, 0x00,
    0x00, 0x00, 0x00, 0x00, 0x00, 0x00, 0x00, 0x00, 0x00, 0x00, 0x00, 0x00, 0x70, 0x00, 0x70, 0x00,
    0x70, 0x00, 0x70, 0x00, 0x70, 0x00, 0x70, 0x00, 0x70, 0x00, 0x70, 0x00, 0x70, 0x00, 0x70, 0x00,
    0x70, 0x00, 0x70, 0x00, 0x70, 0x00, 0x70, 0x00, 0x70, 0x00, 0x70, 0x00, 0x70, 0x00, 0x70, 0x00,
    0x7F, 0xFC, 0x7F, 0xFC, 0x00, 0x00, 0x03, 0x80, 0x03, 0x80, 0x03, 0x80, 0x07, 0x00, 0x0E, 0x00,
    0x00, 0x00, 0x00, 0x00, 0x00, 0x00, 0x00, 0x00, 0x00, 0x00, 0x00, 0x00, 0x0F, 0x80, 0x0F, 0x80,
    0x03, 0x80, 0x03, 0x80, 0x03, 0x80, 0x03, 0x80, 0x03, 0x80, 0x03, 0x80, 0x03, 0x80, 0x03, 0x80,
    0x03, 0x80, 0x03, 0x80, 0x03, 0x80, 0x03, 0x80, 0x03, 0x80, 0x03, 0x80, 0x03, 0x80, 0x03, 0x80,
    0x0F, 0xE0, 0x0F, 0xE0, 0x00, 0x00, 0x03, 0x80, 0x03, 0x80, 0x03, 0x80, 0x07, 0x00, 0x0E, 0x00,
    0x00, 0x00, 0x1C, 0x70, 0x0E, 0xE0, 0x07, 0xC0, 0x03, 0x80, 0x00, 0x00, 0x70, 0x00, 0x70, 0x00,
    0x70, 0x00, 0x70, 0x00, 0x70, 0x00, 0x70, 0x00, 0x70, 0x00, 0x70, 0x00, 0x70, 0x00, 0x70, 0x00,
    0x70, 0x00, 0x70, 0x00, 0x70, 0x00, 0x70, 0x00, 0x70, 0x00, 0x70, 0x00, 0x70, 0x00, 0x70, 0x00,
    0x7F, 0xFC, 0x7F, 0xFC, 0x00, 0x00, 0x00, 0x00, 0x00, 0x00, 0x00, 0x00, 0x00, 0x00, 0x00, 0x00,
    0x00, 0x00, 0x1C, 0x70, 0x0E, 0xE0, 0x07, 0xC0, 0x03, 0x80, 0x00, 0x00, 0x0F, 0x80, 0x0F, 0x80,
    0x03, 0x80, 0x03, 0x80, 0x03, 0x80, 0x03, 0x80, 0x03, 0x80, 0x03, 0x80, 0x03, 0x80, 0x03, 0x80,
    0x03, 0x80, 0x03, 0x80, 0x03, 0x80, 0x03, 0x80, 0x03, 0x80, 0x03, 0x80, 0x03, 0x80, 0x03, 0x80,
    0x0F, 0xE0, 0x0F, 0xE0, 0x00, 0x00, 0x00, 0x00, 0x00, 0x00, 0x00, 0x00, 0x00, 0x00, 0x00, 0x00,
    0x00, 0x00, 0x00, 0x00, 0x00, 0x00, 0x00, 0x00, 0x00, 0x00, 0x00, 0x00, 0x70, 0x00, 0x70, 0x00,
    0x70, 0x00, 0x70, 0x00, 0x70, 0x00, 0x70, 0x00, 0x70, 0x00, 0x70, 0x00, 0x70, 0x70, 0x70, 0x70,
    0x70, 0x70, 0x70, 0x70, 0x70, 0x00, 0x70, 0x00, 0x70, 0x00, 0x70, 0x00, 0x70, 0x00, 0x70, 0x00,
    0x7F, 0xFC, 0x7F, 0xFC, 0x00, 0x00, 0x00, 0x00, 0x00, 0x00, 0x00, 0x00, 0x00, 0x00, 0x00, 0x00,
    0x00, 0x00, 0x00, 0x00, 0x00, 0x00, 0x00, 0x00, 0x00, 0x00, 0x00, 0x00, 0x0F, 0x80, 0x0F, 0x80,
    0x03, 0x80, 0x03, 0x80, 0x03, 0x80, 0x03, 0x80, 0x03, 0x80, 0x03, 0x80, 0x03, 0x87, 0x03, 0x87,
    0x03, 0x87, 0x03, 0x87, 0x03, 0x80, 0x03, 0x80, 0x03, 0x80, 0x03, 0x80, 0x03, 0x80, 0x03, 0x80,
    0x0F, 0xE0, 0x0F, 0xE0, 0x00, 0x00, 0x00, 0x00, 0x00, 0x00, 0x00, 0x00, 0x00, 0x00, 0x00, 0x00,
    0x00, 0x00, 0x00, 0x00, 0x00, 0x00, 0x00, 0x00, 0x00, 0x00, 0x00, 0x00, 0x38, 0x00, 0x38, 0x00,
    0x38, 0x00, 0x38, 0x00, 0x38, 0x00, 0x38, 0x00, 0x38, 0x00, 0x3B, 0x80, 0x3F, 0x00, 0x3E, 0x00,
    0x3C, 0x00, 0x78, 0x00, 0xF8, 0x00, 0x38, 0x00, 0x38, 0x00, 0x38, 0x00, 0x38, 0x00, 0x38, 0x00,
    0x3F, 0xFE, 0x3F, 0xFE, 0x00, 0x00, 0x00, 0x00, 0x00, 0x00, 0x00, 0x00, 0x00, 0x00, 0x00, 0x00,
    0x00, 0x00, 0x00, 0x00, 0x00, 0x00, 0x00, 0x00, 0x00, 0x00, 0x00, 0x00, 0x0F, 0x80, 0x0F, 0x80,
    0x03, 0x80, 0x03, 0x80, 0x03, 0x80, 0x03, 0x80, 0x03, 0x80, 0x03, 0xF0, 0x03, 0xE0, 0x03, 0xC0,
    0x07, 0x80, 0x0F, 0x80, 0x1F, 0x80, 0x03, 0x80, 0x03, 0x80, 0x03, 0x80, 0x03, 0x80, 0x03, 0x80,
    0x0F, 0xE0, 0x0F, 0xE0, 0x00, 0x00, 0x00, 0x00, 0x00, 0x00, 0x00, 0x00, 0x00, 0x00, 0x00, 0x00,
    0x00, 0x00, 0x00, 0x70, 0x00, 0xE0, 0x01, 0xC0, 0x03, 0x80, 0x00, 0x00, 0x70, 0x1C, 0x70, 0x1C,
    0x70, 0x1C, 0x70, 0x1C, 0x70, 0x1C, 0x78, 0x1C, 0x7C, 0x1C, 0x7E, 0x1C, 0x77, 0x1C, 0x73, 0x9C,
    0x71, 0xDC, 0x70, 0xFC, 0x70, 0x7C, 0x70, 0x3C, 0x70, 0x1C, 0x70, 0x1C, 0x70, 0x1C, 0x70, 0x1C,
    0x70, 0x1C, 0x70, 0x1C, 0x00, 0x00, 0x00, 0x00, 0x00, 0x00, 0x00, 0x00, 0x00, 0x00, 0x00, 0x00,
    0x00, 0x00, 0x00, 0x00, 0x00, 0x00, 0x00, 0x00, 0x00, 0x00, 0x00, 0x00, 0x00, 0x70, 0x00, 0xE0,
    0x01, 0xC0, 0x03, 0x80, 0x00, 0x00, 0x00, 0x00, 0x7F, 0xF0, 0x7F, 0xF8, 0x70, 0x3C, 0x70, 0x1C,
    0x70, 0x1C, 0x70, 0x1C, 0x70, 0x1C, 0x70, 0x1C, 0x70, 0x1C, 0x70, 0x1C, 0x70, 0x1C, 0x70, 0x1C,
    0x70, 0x1C, 0x70, 0x1C, 0x00, 0x00, 0x00, 0x00, 0x00, 0x00, 0x00, 0x00, 0x00, 0x00, 0x00, 0x00,
    0x00, 0x00, 0x00, 0x00, 0x00, 0x00, 0x00, 0x00, 0x00, 0x00, 0x00, 0x00, 0x70, 0x1C, 0x70, 0x1C,
    0x70, 0x1C, 0x70, 0x1C, 0x70, 0x1C, 0x78, 0x1C, 0x7C, 0x1C, 0x7E, 0x1C, 0x77, 0x1C, 0x73, 0x9C,
    0x71, 0xDC, 0x70, 0xFC, 0x70, 0x7C, 0x70, 0x3C, 0x70, 0x1C, 0x70, 0x1C, 0x70, 0x1C, 0x70, 0x1C,
    0x70, 0x1C, 0x70, 0x1C, 0x00, 0x00, 0x03, 0x80, 0x03, 0x80, 0x03, 0x80, 0x07, 0x00, 0x0E, 0x00,
    0x00, 0x00, 0x00, 0x00, 0x00, 0x00, 0x00, 0x00, 0x00, 0x00, 0x00, 0x00, 0x00, 0x00, 0x00, 0x00,
    0x00, 0x00, 0x00, 0x00, 0x00, 0x00, 0x00, 0x00, 0x7F, 0xF0, 0x7F, 0xF8, 0x70, 0x3C, 0x70, 0x1C,
    0x70, 0x1C, 0x70, 0x1C, 0x70, 0x1C, 0x70, 0x1C, 0x70, 0x1C, 0x70, 0x1C, 0x70, 0x1C, 0x70, 0x1C,
    0x70, 0x1C, 0x70, 0x1C, 0x00, 0x00, 0x03, 0x80, 0x03, 0x80, 0x03, 0x80, 0x07, 0x00, 0x0E, 0x00,
    0x00, 0x00, 0x1C, 0x70, 0x0E, 0xE0, 0x07, 0xC0, 0x03, 0x80, 0x00, 0x00, 0x70, 0x1C, 0x70, 0x1C,
    0x70, 0x1C, 0x70, 0x1C, 0x70, 0x1C, 0x78, 0x1C, 0x7C, 0x1C, 0x7E, 0x1C, 0x77, 0x1C, 0x73, 0x9C,
    0x71, 0xDC, 0x70, 0xFC, 0x70, 0x7C, 0x70, 0x3C, 0x70, 0x1C, 0x70, 0x1C, 0x70, 0x1C, 0x70, 0x1C,
    0x70, 0x1C, 0x70, 0x1C, 0x00, 0x00, 0x00, 0x00, 0x00, 0x00, 0x00, 0x00, 0x00, 0x00, 0x00, 0x00,
    0x00, 0x00, 0x00, 0x00, 0x00, 0x00, 0x00, 0x00, 0x00, 0x00, 0x00, 0x00, 0x1C, 0x70, 0x0E, 0xE0,
    0x07, 0xC0, 0x03, 0x80, 0x00, 0x00, 0x00, 0x00, 0x7F, 0xF0, 0x7F, 0xF8, 0x70, 0x3C, 0x70, 0x1C,
    0x70, 0x1C, 0x70, 0x1C, 0x70, 0x1C, 0x70, 0x1C, 0x70, 0x1C, 0x70, 0x1C, 0x70, 0x1C, 0x70, 0x1C,
    0x70, 0x1C, 0x70, 0x1C, 0x00, 0x00, 0x00, 0x00, 0x00, 0x00, 0x00, 0x00, 0x00, 0x00, 0x00, 0x00,
    0x00, 0x00, 0x00, 0x00, 0x00, 0x00, 0x00, 0x00, 0x70, 0x00, 0x70, 0x00, 0x70, 0x00, 0x70, 0x00,
    0xE0, 0x00, 0xE0, 0x00, 0x00, 0x00, 0x00, 0x00, 0x7F, 0xF0, 0x7F, 0xF8, 0x70, 0x3C, 0x70, 0x1C,
    0x70, 0x1C, 0x70, 0x1C, 0x70, 0x1C, 0x70, 0x1C, 0x70, 0x1C, 0x70, 0x1C, 0x70, 0x1C, 0x70, 0x1C,
    0x70, 0x1C, 0x70, 0x1C, 0x00, 0x00, 0x00, 0x00, 0x00, 0x00, 0x00, 0x00, 0x00, 0x00, 0x00, 0x00,
    0x00, 0x00, 0x00, 0x00, 0x00, 0x00, 0x00, 0x00, 0x00, 0x00, 0x00, 0x00, 0x70, 0x1C, 0x70, 0x1C,
    0x70, 0x1C, 0x70, 0x1C, 0x70, 0x1C, 0x78, 0x1C, 0x7C, 0x1C, 0x7E, 0x1C, 0x77, 0x1C, 0x73, 0x9C,
    0x71, 0xDC, 0x70, 0xFC, 0x70, 0x7C, 0x70, 0x3C, 0x70, 0x1C, 0x70, 0x1C, 0x70, 0x1C, 0x70, 0x1C,
    0x70, 0x1C, 0x70, 0x1C, 0x00, 0x1C, 0x00, 0x1C, 0x00, 0x3C, 0x01, 0xF8, 0x01, 0xF0, 0x00, 0x00,
    0x00, 0x00, 0x00, 0x00, 0x00, 0x00, 0x00, 0x00, 0x00, 0x00, 0x00, 0x00, 0x00, 0x00, 0x00, 0x00,
    0x00, 0x00, 0x00, 0x00, 0x00, 0x00, 0x00, 0x00, 0x7F, 0xF0, 0x7F, 0xF8, 0x70, 0x3C, 0x70, 0x1C,
    0x70, 0x1C, 0x70, 0x1C, 0x70, 0x1C, 0x70, 0x1C, 0x70, 0x1C, 0x70, 0x1C, 0x70, 0x1C, 0x70, 0x1C,
    0x70, 0x1C, 0x70, 0x1C, 0x00, 0x1C, 0x00, 0x1C, 0x00, 0x3C, 0x01, 0xF8, 0x01, 0xF0, 0x00, 0x00,
    0x00, 0x00, 0x00, 0x00, 0x1F, 0xF0, 0x1F, 0xF0, 0x00, 0x00, 0x00, 0x00, 0x1F, 0xF0, 0x3F, 0xF8,
    0x78, 0x3C, 0x70, 0x1C, 0x70, 0x1C, 0x70, 0x1C, 0x70, 0x1C, 0x70, 0x1C, 0x70, 0x1C, 0x70, 0x1C,
    0x70, 0x1C, 0x70, 0x1C, 0x70, 0x1C, 0x70, 0x1C, 0x70, 0x1C, 0x70, 0x1C, 0x70, 0x1C, 0x78, 0x3C,
    0x3F, 0xF8, 0x1F, 0xF0, 0x00, 0x00, 0x00, 0x00, 0x00, 0x00, 0x00, 0x00, 0x00, 0x00, 0x00, 0x00,
    0x00, 0x00, 0x00, 0x00, 0x00, 0x00, 0x00, 0x00, 0x00, 0x00, 0x00, 0x00, 0x00, 0x00, 0x00, 0x00,
    0x1F, 0xF0, 0x1F, 0xF0, 0x00, 0x00, 0x00, 0x00, 0x1F, 0xF0, 0x3F, 0xF8, 0x78, 0x3C, 0x70, 0x1C,
    0x70, 0x1C, 0x70, 0x1C, 0x70, 0x1C, 0x70, 0x1C, 0x70, 0x1C, 0x70, 0x1C, 0x70, 0x1C, 0x78, 0x3C,
    0x3F, 0xF8, 0x1F, 0xF0, 0x00, 0x00, 0x00, 0x00, 0x00, 0x00, 0x00, 0x00, 0x00, 0x00, 0x00, 0x00,
    0x00, 0x00, 0x1C, 0x70, 0x1C, 0x70, 0x0F, 0xE0, 0x07, 0xC0, 0x00, 0x00, 0x1F, 0xF0, 0x3F, 0xF8,
    0x78, 0x3C, 0x70, 0x1C, 0x70, 0x1C, 0x70, 0x1C, 0x70, 0x1C, 0x70, 0x1C, 0x70, 0x1C, 0x70, 0x1C,
    0x70, 0x1C, 0x70, 0x1C, 0x70, 0x1C, 0x70, 0x1C, 0x70, 0x1C, 0x70, 0x1C, 0x70, 0x1C, 0x78, 0x3C,
    0x3F, 0xF8, 0x1F, 0xF0, 0x00, 0x00, 0x00, 0x00, 0x00, 0x00, 0x00, 0x00, 0x00, 0x00, 0x00, 0x00,
    0x00, 0x00, 0x00, 0x00, 0x00, 0x00, 0x00, 0x00, 0x00, 0x00, 0x00, 0x00, 0x1C, 0x70, 0x1C, 0x70,
    0x0F, 0xE0, 0x07, 0xC0, 0x00, 0x00, 0x00, 0x00, 0x1F, 0xF0, 0x3F, 0xF8, 0x78, 0x3C, 0x70, 0x1C,
    0x70, 0x1C, 0x70, 0x1C, 0x70, 0x1C, 0x70, 0x1C, 0x70, 0x1C, 0x70, 0x1C, 0x70, 0x1C, 0x78, 0x3C,
    0x3F, 0xF8, 0x1F, 0xF0, 0x00, 0x00, 0x00, 0x00, 0x00, 0x00, 0x00, 0x00, 0x00, 0x00, 0x00, 0x00,
    0x00, 0x00, 0x03, 0x8E, 0x07, 0x1C, 0x0E, 0x38, 0x1C, 0x70, 0x00, 0x00, 0x1F, 0xF0, 0x3F, 0xF8,
    0x78, 0x3C, 0x70, 0x1C, 0x70, 0x1C, 0x70, 0x1C, 0x70, 0x1C, 0x70, 0x1C, 0x70, 0x1C, 0x70, 0x1C,
    0x70, 0x1C, 0x70, 0x1C, 0x70, 0x1C, 0x70, 0x1C, 0x70, 0x1C, 0x70, 0x1C, 0x70, 0x1C, 0x78, 0x3C,
    0x3F, 0xF8, 0x1F, 0xF0, 0x00, 0x00, 0x00, 0x00, 0x00, 0x00, 0x00, 0x00, 0x00, 0x00, 0x00, 0x00,
    0x00, 0x00, 0x00, 0x00, 0x00, 0x00, 0x00, 0x00, 0x00, 0x00, 0x00, 0x00, 0x03, 0x8E, 0x07, 0x1C,
    0x0E, 0x38, 0x1C, 0x70, 0x00, 0x00, 0x00, 0x00, 0x1F, 0xF0, 0x3F, 0xF8, 0x78, 0x3C, 0x70, 0x1C,
    0x70, 0x1C, 0x70, 0x1C, 0x70, 0x1C, 0x70, 0x1C, 0x70, 0x1C, 0x70, 0x1C, 0x70, 0x1C, 0x78, 0x3C,
    0x3F, 0xF8, 0x1F, 0xF0, 0x00, 0x00, 0x00, 0x00, 0x00, 0x00, 0x00, 0x00, 0x00, 0x00, 0x00, 0x00,
    0x00, 0x00, 0x00, 0x00, 0x00, 0x00, 0x00, 0x00, 0x00, 0x00, 0x00, 0x00, 0x3F, 0xFE, 0x7F, 0xFE,
    0xF1, 0xC0, 0xE1, 0xC0, 0xE1, 0xC0, 0xE1, 0xC0, 0xE1, 0xC0, 0xE1, 0xC0, 0xE1, 0xC0, 0xE1, 0xFE,
    0xE1, 0xFE, 0xE1, 0xC0, 0xE1, 0xC0, 0xE1, 0xC0, 0xE1, 0xC0, 0xE1, 0xC0, 0xE1, 0xC0, 0xF1, 0xC0,
    0x7F, 0xFE, 0x3F, 0xFE, 0x00, 0x00, 0x00, 0x00, 0x00, 0x00, 0x00, 0x00, 0x00, 0x00, 0x00, 0x00,
    0x00, 0x00, 0x00, 0x00, 0x00, 0x00, 0x00, 0x00, 0x00, 0x00, 0x00, 0x00, 0x00, 0x00, 0x00, 0x00,
    0x00, 0x00, 0x00, 0x00, 0x00, 0x00, 0x00, 0x00, 0x3F, 0xF8, 0x7F, 0xFC, 0xF3, 0x9E, 0xE3, 0x8E,
    0xE3, 0x8E, 0xE3, 0x8E, 0xE3, 0xFE, 0xE3, 0xFE, 0xE3, 0x80, 0xE3, 0x80, 0xE3, 0x80, 0xF3, 0x8E,
    0x7F, 0xFE, 0x3F, 0xFC, 0x00, 0x00, 0x00, 0x00, 0x00, 0x00, 0x00, 0x00, 0x00, 0x00, 0x00, 0x00,
    0x00, 0x00, 0x00, 0x70, 0x00, 0xE0, 0x01, 0xC0, 0x03, 0x80, 0x00, 0x00, 0x7F, 0xF0, 0x7F, 0xF8,
    0x70, 0x3C, 0x70, 0x1C, 0x70, 0x1C, 0x70, 0x1C, 0x70, 0x1C, 0x70, 0x1C, 0x70, 0x1C, 0x70, 0x3C,
    0x7F, 0xF8, 0x7F, 0xF0, 0x7E, 0x00, 0x77, 0x00, 0x73, 0x80, 0x71, 0xC0, 0x70, 0xE0, 0x70, 0x70,
    0x70, 0x38, 0x70, 0x1C, 0x00, 0x00, 0x00, 0x00, 0x00, 0x00, 0x00, 0x00, 0x00, 0x00, 0x00, 0x00,
    0x00, 0x00, 0x00, 0x00, 0x00, 0x00, 0x00, 0x00, 0x00, 0x00, 0x00, 0x00, 0x00, 0x70, 0x00, 0xE0,
    0x01, 0xC0, 0x03, 0x80, 0x00, 0x00, 0x00, 0x00, 0x73, 0xFC, 0x77, 0xFC, 0x7E, 0x00, 0x7C, 0x00,
    0x78, 0x00, 0x70, 0x00, 0x70, 0x00, 0x70, 0x00, 0x70, 0x00, 0x70, 0x00, 0x70, 0x00, 0x70, 0x00,
    0x70, 0x00, 0x70, 0x00, 0x00, 0x00, 0x00, 0x00, 0x00, 0x00, 0x00, 0x00, 0x00, 0x00, 0x00, 0x00,
    0x00, 0x00, 0x00, 0x00, 0x00, 0x00, 0x00, 0x00, 0x00, 0x00, 0x00, 0x00, 0x7F, 0xF0, 0x7F, 0xF8,
    0x70, 0x3C, 0x70, 0x1C, 0x70, 0x1C, 0x70, 0x1C, 0x70, 0x1C, 0x70, 0x1C, 0x70, 0x1C, 0x70, 0x3C,
    0x7F, 0xF8, 0x7F, 0xF0, 0x7E, 0x00, 0x77, 0x00, 0x73, 0x80, 0x71, 0xC0, 0x70, 0xE0, 0x70, 0x70,
    0x70, 0x38, 0x70, 0x1C, 0x00, 0x00, 0x03, 0x80, 0x03, 0x80, 0x03, 0x80, 0x07, 0x00, 0x0E, 0x00,
    0x00, 0x00, 0x00, 0x00, 0x00, 0x00, 0x00, 0x00, 0x00, 0x00, 0x00, 0x00, 0x00, 0x00, 0x00, 0x00,
    0x00, 0x00, 0x00, 0x00, 0x00, 0x00, 0x00, 0x00, 0x39, 0xFE, 0x3B, 0xFE, 0x3F, 0x00, 0x3E, 0x00,
    0x3C, 0x00, 0x38, 0x00, 0x38, 0x00, 0x38, 0x00, 0x38, 0x00, 0x38, 0x00, 0x38, 0x00, 0x38, 0x00,
    0x38, 0x00, 0x38, 0x00, 0x00, 0x00, 0x38, 0x00, 0x38, 0x00, 0x38, 0x00, 0x70, 0x00, 0xE0, 0x00,
    0x00, 0x00, 0x1C, 0x70, 0x0E, 0xE0, 0x07, 0xC0, 0x03, 0x80, 0x00, 0x00, 0x7F, 0xF0, 0x7F, 0xF8,
    0x70, 0x3C, 0x70, 0x1C, 0x70, 0x1C, 0x70, 0x1C, 0x70, 0x1C, 0x70, 0x1C, 0x70, 0x1C, 0x70, 0x3C,
    0x7F, 0xF8, 0x7F, 0xF0, 0x7E, 0x00, 0x77, 0x00, 0x73, 0x80, 0x71, 0xC0, 0x70, 0xE0, 0x70, 0x70,
    0x70, 0x38, 0x70, 0x1C, 0x00, 0x00, 0x00, 0x00, 0x00, 0x00, 0x00, 0x00, 0x00, 0x00, 0x00, 0x00,
    0x00, 0x00, 0x00, 0x00, 0x00, 0x00, 0x00, 0x00, 0x00, 0x00, 0x00, 0x00, 0x1C, 0x70, 0x0E, 0xE0,
    0x07, 0xC0, 0x03, 0x80, 0x00, 0x00, 0x00, 0x00, 0x73, 0xFC, 0x77, 0xFC, 0x7E, 0x00, 0x7C, 0x00,
    0x78, 0x00, 0x70, 0x00, 0x70, 0x00, 0x70, 0x00, 0x70, 0x00, 0x70, 0x00, 0x70, 0x00, 0x70, 0x00,
    0x70, 0x00, 0x70, 0x00, 0x00, 0x00, 0x00, 0x00, 0x00, 0x00, 0x00, 0x00, 0x00, 0x00, 0x00, 0x00,
    0x00, 0x00, 0x00, 0x70, 0x00, 0xE0, 0x01, 0xC0, 0x03, 0x80, 0x00, 0x00, 0x1F, 0xF0, 0x3F, 0xF8,
    0x78, 0x3C, 0x70, 0x1C, 0x70, 0x1C, 0x70, 0x00, 0x70, 0x00, 0x70, 0x00, 0x78, 0x00, 0x3F, 0xF0,
    0x1F, 0xF8, 0x00, 0x3C, 0x00, 0x1C, 0x00, 0x1C, 0x00, 0x1C, 0x70, 0x1C, 0x70, 0x1C, 0x78, 0x3C,
    0x3F, 0xF8, 0x1F, 0xF0, 0x00, 0x00, 0x00, 0x00, 0x00, 0x00, 0x00, 0x00, 0x00, 0x00, 0x00, 0x00,
    0x00, 0x00, 0x00, 0x00, 0x00, 0x00, 0x00, 0x00, 0x00, 0x00, 0x00, 0x00, 0x00, 0x70, 0x00, 0xE0,
    0x01, 0xC0, 0x03, 0x80, 0x00, 0x00, 0x00, 0x00, 0x1F, 0xF0, 0x3F, 0xF8, 0x78, 0x3C, 0x70, 0x00,
    0x70, 0x00, 0x78, 0x00, 0x3F, 0xF0, 0x1F, 0xF8, 0x00, 0x3C, 0x00, 0x1C, 0x00, 0x1C, 0x78, 0x3C,
    0x3F, 0xF8, 0x1F, 0xF0, 0x00, 0x00, 0x00, 0x00, 0x00, 0x00, 0x00, 0x00, 0x00, 0x00, 0x00, 0x00,
    0x00, 0x00, 0x03, 0x80, 0x07, 0xC0, 0x0E, 0xE0, 0x1C, 0x70, 0x00, 0x00, 0x1F, 0xF0, 0x3F, 0xF8,
    0x78, 0x3C, 0x70, 0x1C, 0x70, 0x1C, 0x70, 0x00, 0x70, 0x00, 0x70, 0x00, 0x78, 0x00, 0x3F, 0xF0,
    0x1F, 0xF8, 0x00, 0x3C, 0x00, 0x1C, 0x00, 0x1C, 0x00, 0x1C, 0x70, 0x1C, 0x70, 0x1C, 0x78, 0x3C,
    0x3F, 0xF8, 0x1F, 0xF0, 0x00, 0x00, 0x00, 0x00, 0x00, 0x00, 0x00, 0x00, 0x00, 0x00, 0x00, 0x00,
    0x00, 0x00, 0x00, 0x00, 0x00, 0x00, 0x00, 0x00, 0x00, 0x00, 0x00, 0x00, 0x03, 0x80, 0x07, 0xC0,
    0x0E, 0xE0, 0x1C, 0x70, 0x00, 0x00, 0x00, 0x00, 0x1F, 0xF0, 0x3F, 0xF8, 0x78, 0x3C, 0x70, 0x00,
    0x70, 0x00, 0x78, 0x00, 0x3F, 0xF0, 0x1F, 0xF8, 0x00, 0x3C, 0x00, 0x1C, 0x00, 0x1C, 0x78, 0x3C,
    0x3F, 0xF8, 0x1F, 0xF0, 0x00, 0x00, 0x00, 0x00, 0x00, 0x00, 0x00, 0x00, 0x00, 0x00, 0x00, 0x00,
    0x00, 0x00, 0x00, 0x00, 0x00, 0x00, 0x00, 0x00, 0x00, 0x00, 0x00, 0x00, 0x1F, 0xF0, 0x3F, 0xF8,
    0x78, 0x3C, 0x70, 0x1C, 0x70, 0x1C, 0x70, 0x00, 0x70, 0x00, 0x70, 0x00, 0x78, 0x00, 0x3F, 0xF0,
    0x1F, 0xF8, 0x00, 0x3C, 0x00, 0x1C, 0x00, 0x1C, 0x00, 0x1C, 0x70, 0x1C, 0x70, 0x1C, 0x78, 0x3C,
    0x3F, 0xF8, 0x1F, 0xF0, 0x03, 0x80, 0x03, 0x80, 0x03, 0x80, 0x07, 0x00, 0x0E, 0x00, 0x00, 0x00,
    0x00, 0x00, 0x00, 0x00, 0x00, 0x00, 0x00, 0x00, 0x00, 0x00, 0x00, 0x00, 0x00, 0x00, 0x00, 0x00,
    0x00, 0x00, 0x00, 0x00, 0x00, 0x00, 0x00, 0x00, 0x1F, 0xF0, 0x3F, 0xF8, 0x78, 0x3C, 0x70, 0x00,
    0x70, 0x00, 0x78, 0x00, 0x3F, 0xF0, 0x1F, 0xF8, 0x00, 0x3C, 0x00, 0x1C, 0x00, 0x1C, 0x78, 0x3C,
    0x3F, 0xF8, 0x1F, 0xF0, 0x03, 0x80, 0x03, 0x80, 0x03, 0x80, 0x07, 0x00, 0x0E, 0x00, 0x00, 0x00,
    0x00, 0x00, 0x1C, 0x70, 0x0E, 0xE0, 0x07, 0xC0, 0x03, 0x80, 0x00, 0x00, 0x1F, 0xF0, 0x3F, 0xF8,
    0x78, 0x3C, 0x70, 0x1C, 0x70, 0x1C, 0x70, 0x00, 0x70, 0x00, 0x70, 0x00, 0x78, 0x00, 0x3F, 0xF0,
    0x1F, 0xF8, 0x00, 0x3C, 0x00, 0x1C, 0x00, 0x1C, 0x00, 0x1C, 0x70, 0x1C, 0x70, 0x1C, 0x78, 0x3C,
    0x3F, 0xF8, 0x1F, 0xF0, 0x00, 0x00, 0x00, 0x00, 0x00, 0x00, 0x00, 0x00, 0x00, 0x00, 0x00, 0x00,
    0x00, 0x00, 0x00, 0x00, 0x00, 0x00, 0x00, 0x00, 0x00, 0x00, 0x00, 0x00, 0x1C, 0x70, 0x0E, 0xE0,
    0x07, 0xC0, 0x03, 0x80, 0x00, 0x00, 0x00, 0x00, 0x1F, 0xF0, 0x3F, 0xF8, 0x78, 0x3C, 0x70, 0x00,
    0x70, 0x00, 0x78, 0x00, 0x3F, 0xF0, 0x1F, 0xF8, 0x00, 0x3C, 0x00, 0x1C, 0x00, 0x1C, 0x78, 0x3C,
    0x3F, 0xF8, 0x1F, 0xF0, 0x00, 0x00, 0x00, 0x00, 0x00, 0x00, 0x00, 0x00, 0x00, 0x00, 0x00, 0x00,
    0x00, 0x00, 0x00, 0x00, 0x00, 0x00, 0x00, 0x00, 0x00, 0x00, 0x00, 0x00, 0x7F, 0xFC, 0x7F, 0xFC,
    0x03, 0x80, 0x03, 0x80, 0x03, 0x80, 0x03, 0x80, 0x03, 0x80, 0x03, 0x80, 0x03, 0x80, 0x03, 0x80,
    0x03, 0x80, 0x03, 0x80, 0x03, 0x80, 0x03, 0x80, 0x03, 0x80, 0x03, 0x80, 0x03, 0x80, 0x03, 0x80,
    0x03, 0x80, 0x03, 0x80, 0x01, 0xC0, 0x01, 0xC0, 0x01, 0xC0, 0x03, 0x80, 0x07, 0x00, 0x00, 0x00,
    0x00, 0x00, 0x00, 0x00, 0x00, 0x00, 0x00, 0x00, 0x00, 0x00, 0x00, 0x00, 0x07, 0x00, 0x07, 0x00,
    0x07, 0x00, 0x07, 0x00, 0x07, 0x00, 0x07, 0x00, 0x7F, 0xF0, 0x7F, 0xF0, 0x07, 0x00, 0x07, 0x00,
    0x07, 0x00, 0x07, 0x00, 0x07, 0x00, 0x07, 0x00, 0x07, 0x00, 0x07, 0x00, 0x07, 0x00, 0x07, 0x80,
    0x03, 0xFC, 0x01, 0xFC, 0x00, 0x70, 0x00, 0x70, 0x00, 0x70, 0x00, 0xE0, 0x01, 0xC0, 0x00, 0x00,
    0x00, 0x00, 0x1C, 0x70, 0x0E, 0xE0, 0x07, 0xC0, 0x03, 0x80, 0x00, 0x00, 0x7F, 0xFC, 0x7F, 0xFC,
    0x03, 0x80, 0x03, 0x80, 0x03, 0x80, 0x03, 0x80, 0x03, 0x80, 0x03, 0x80, 0x03, 0x80, 0x03, 0x80,
    0x03, 0x80, 0x03, 0x80, 0x03, 0x80, 0x03, 0x80, 0x03, 0x80, 0x03, 0x80, 0x03, 0x80, 0x03, 0x80,
    0x03, 0x80, 0x03, 0x80, 0x00, 0x00, 0x00, 0x00, 0x00, 0x00, 0x00, 0x00, 0x00, 0x00, 0x00, 0x00,
    0x00, 0x00, 0x38, 0xE0, 0x1D, 0xC0, 0x0F, 0x80, 0x07, 0x00, 0x00, 0x00, 0x07, 0x00, 0x07, 0x00,
    0x07, 0x00, 0x07, 0x00, 0x07, 0x00, 0x07, 0x00, 0x7F, 0xF0, 0x7F, 0xF0, 0x07, 0x00, 0x07, 0x00,
    0x07, 0x00, 0x07, 0x00, 0x07, 0x00, 0x07, 0x00, 0x07, 0x00, 0x07, 0x00, 0x07, 0x00, 0x07, 0x80,
    0x03, 0xFC, 0x01, 0xFC, 0x00, 0x00, 0x00, 0x00, 0x00, 0x00, 0x00, 0x00, 0x00, 0x00, 0x00, 0x00,
    0x00, 0x00, 0x00, 0x00, 0x00, 0x00, 0x00, 0x00, 0x00, 0x00, 0x00, 0x00, 0x7F, 0xFC, 0x7F, 0xFC,
    0x03, 0x80, 0x03, 0x80, 0x03, 0x80, 0x03, 0x80, 0x03, 0x80, 0x03, 0x80, 0x03, 0x80, 0x1F, 0xF0,
    0x1F, 0xF0, 0x03, 0x80, 0x03, 0x80, 0x03, 0x80, 0x03, 0x80, 0x03, 0x80, 0x03, 0x80, 0x03, 0x80,
    0x03, 0x80, 0x03, 0x80, 0x00, 0x00, 0x00, 0x00, 0x00, 0x00, 0x00, 0x00, 0x00, 0x00, 0x00, 0x00,
    0x00, 0x00, 0x00, 0x00, 0x00, 0x00, 0x00, 0x00, 0x00, 0x00, 0x00, 0x00, 0x07, 0x00, 0x07, 0x00,
    0x07, 0x00, 0x07, 0x00, 0x07, 0x00, 0x07, 0x00, 0x7F, 0xF0, 0x7F, 0xF0, 0x07, 0x00, 0x07, 0x00,
    0x1F, 0xC0, 0x1F, 0xC0, 0x07, 0x00, 0x07, 0x00, 0x07, 0x00, 0x07, 0x00, 0x07, 0x00, 0x07, 0x80,
    0x03, 0xFC, 0x01, 0xFC, 0x00, 0x00, 0x00, 0x00, 0x00, 0x00, 0x00, 0x00, 0x00, 0x00, 0x00, 0x00,
    0x00, 0x00, 0x1F, 0x38, 0x3B, 0xB8, 0x3B, 0xB8, 0x39, 0xF0, 0x00, 0x00, 0x70, 0x1C, 0x70, 0x1C,
    0x70, 0x1C, 0x70, 0x1C, 0x70, 0x1C, 0x70, 0x1C, 0x70, 0x1C, 0x70, 0x1C, 0x70, 0x1C, 0x70, 0x1C,
    0x70, 0x1C, 0x70, 0x1C, 0x70, 0x1C, 0x70, 0x1C, 0x70, 0x1C, 0x70, 0x1C, 0x70, 0x1C, 0x78, 0x3C,
    0x3F, 0xF8, 0x1F, 0xF0, 0x00, 0x00, 0x00, 0x00, 0x00, 0x00, 0x00, 0x00, 0x00, 0x00, 0x00, 0x00,
    0x00, 0x00, 0x00, 0x00, 0x00, 0x00, 0x00, 0x00, 0x00, 0x00, 0x00, 0x00, 0x1F, 0x38, 0x3B, 0xB8,
    0x3B, 0xB8, 0x39, 0xF0, 0x00, 0x00, 0x00, 0x00, 0x70, 0x1C, 0x70, 0x1C, 0x70, 0x1C, 0x70, 0x1C,
    0x70, 0x1C, 0x70, 0x1C, 0x70, 0x1C, 0x70, 0x1C, 0x70, 0x1C, 0x70, 0x1C, 0x70, 0x1C, 0x78, 0x1C,
    0x3F, 0xFC, 0x1F, 0xFC, 0x00, 0x00, 0x00, 0x00, 0x00, 0x00, 0x00, 0x00, 0x00, 0x00, 0x00, 0x00,
    0x00, 0x00, 0x00, 0x00, 0x1F, 0xF0, 0x1F, 0xF0, 0x00, 0x00, 0x00, 0x00, 0x70, 0x1C, 0x70, 0x1C,
    0x70, 0x1C, 0x70, 0x1C, 0x70, 0x1C, 0x70, 0x1C, 0x70, 0x1C, 0x70, 0x1C, 0x70, 0x1C, 0x70, 0x1C,
    0x70, 0x1C, 0x70, 0x1C, 0x70, 0x1C, 0x70, 0x1C, 0x70, 0x1C, 0x70, 0x1C, 0x70, 0x1C, 0x78, 0x3C,
    0x3F, 0xF8, 0x1F, 0xF0, 0x00, 0x00, 0x00, 0x00, 0x00, 0x00, 0x00, 0x00, 0x00, 0x00, 0x00, 0x00,
    0x00, 0x00, 0x00, 0x00, 0x00, 0x00, 0x00, 0x00, 0x00, 0x00, 0x00, 0x00, 0x00, 0x00, 0x00, 0x00,
    0x1F, 0xF0, 0x1F, 0xF0, 0x00, 0x00, 0x00, 0x00, 0x70, 0x1C, 0x70, 0x1C, 0x70, 0x1C, 0x70, 0x1C,
    0x70, 0x1C, 0x70, 0x1C, 0x70, 0x1C, 0x70, 0x1C, 0x70, 0x1C, 0x70, 0x1C, 0x70, 0x1C, 0x78, 0x1C,
    0x3F, 0xFC, 0x1F, 0xFC, 0x00, 0x00, 0x00, 0x00, 0x00, 0x00, 0x00, 0x00, 0x00, 0x00, 0x00, 0x00,
    0x00, 0x00, 0x1C, 0x70, 0x1C, 0x70, 0x0F, 0xE0, 0x07, 0xC0, 0x00, 0x00, 0x70, 0x1C, 0x70, 0x1C,
    0x70, 0x1C, 0x70, 0x1C, 0x70, 0x1C, 0x70, 0x1C, 0x70, 0x1C, 0x70, 0x1C, 0x70, 0x1C, 0x70, 0x1C,
    0x70, 0x1C, 0x70, 0x1C, 0x70, 0x1C, 0x70, 0x1C, 0x70, 0x1C, 0x70, 0x1C, 0x70, 0x1C, 0x78, 0x3C,
    0x3F, 0xF8, 0x1F, 0xF0, 0x00, 0x00, 0x00, 0x00, 0x00, 0x00, 0x00, 0x00, 0x00, 0x00, 0x00, 0x00,
    0x00, 0x00, 0x00, 0x00, 0x00, 0x00, 0x00, 0x00, 0x00, 0x00, 0x00, 0x00, 0x1C, 0x70, 0x1C, 0x70,
    0x0F, 0xE0, 0x07, 0xC0, 0x00, 0x00, 0x00, 0x00, 0x70, 0x1C, 0x70, 0x1C, 0x70, 0x1C, 0x70, 0x1C,
    0x70, 0x1C, 0x70, 0x1C, 0x70, 0x1C, 0x70, 0x1C, 0x70, 0x1C, 0x70, 0x1C, 0x70, 0x1C, 0x78, 0x1C,
    0x3F, 0xFC, 0x1F, 0xFC, 0x00, 0x00, 0x00, 0x00, 0x00, 0x00, 0x00, 0x00, 0x00, 0x00, 0x00, 0x00,
    0x00, 0x00, 0x07, 0xC0, 0x0E, 0xE0, 0x0E, 0xE0, 0x0E, 0xE0, 0x07, 0xC0, 0x70, 0x1C, 0x70, 0x1C,
    0x70, 0x1C, 0x70, 0x1C, 0x70, 0x1C, 0x70, 0x1C, 0x70, 0x1C, 0x70, 0x1C, 0x70, 0x1C, 0x70, 0x1C,
    0x70, 0x1C, 0x70, 0x1C, 0x70, 0x1C, 0x70, 0x1C, 0x70, 0x1C, 0x70, 0x1C, 0x70, 0x1C, 0x78, 0x3C,
    0x3F, 0xF8, 0x1F, 0xF0, 0x00, 0x00, 0x00, 0x00, 0x00, 0x00, 0x00, 0x00, 0x00, 0x00, 0x00, 0x00,
    0x00, 0x00, 0x00, 0x00, 0x00, 0x00, 0x00, 0x00, 0x00, 0x00, 0x00, 0x00, 0x07, 0xC0, 0x0E, 0xE0,
    0x0E, 0xE0, 0x0E, 0xE0, 0x07, 0xC0, 0x00, 0x00, 0x70, 0x1C, 0x70, 0x1C, 0x70, 0x1C, 0x70, 0x1C,
    0x70, 0x1C, 0x70, 0x1C, 0x70, 0x1C, 0x70, 0x1C, 0x70, 0x1C, 0x70, 0x1C, 0x70, 0x1C, 0x78, 0x1C,
    0x3F, 0xFC, 0x1F, 0xFC, 0x00, 0x00, 0x00, 0x00, 0x00, 0x00, 0x00, 0x00, 0x00, 0x00, 0x00, 0x00,
    0x00, 0x00, 0x03, 0x8E, 0x07, 0x1C, 0x0E, 0x38, 0x1C, 0x70, 0x00, 0x00, 0x70, 0x1C, 0x70, 0x1C,
    0x70, 0x1C, 0x70, 0x1C, 0x70, 0x1C, 0x70, 0x1C, 0x70, 0x1C, 0x70, 0x1C, 0x70, 0x1C, 0x70, 0x1C,
    0x70, 0x1C, 0x70, 0x1C, 0x70, 0x1C, 0x70, 0x1C, 0x70, 0x1C, 0x70, 0x1C, 0x70, 0x1C, 0x78, 0x3C,
    0x3F, 0xF8, 0x1F, 0xF0, 0x00, 0x00, 0x00, 0x00, 0x00, 0x00, 0x00, 0x00, 0x00, 0x00, 0x00, 0x00,
    0x00, 0x00, 0x00, 0x00, 0x00, 0x00, 0x00, 0x00, 0x00, 0x00, 0x00, 0x00, 0x03, 0x8E, 0x07, 0x1C,
    0x0E, 0x38, 0x1C, 0x70, 0x00, 0x00, 0x00, 0x00, 0x70, 0x1C, 0x70, 0x1C, 0x70, 0x1C, 0x70, 0x1C,
    0x70, 0x1C, 0x70, 0x1C, 0x70, 0x1C, 0x70, 0x1C, 0x70, 0x1C, 0x70, 0x1C, 0x70, 0x1C, 0x78, 0x1C,
    0x3F, 0xFC, 0x1F, 0xFC, 0x00, 0x00, 0x00, 0x00, 0x00, 0x00, 0x00, 0x00, 0x00, 0x00, 0x00, 0x00,
    0x00, 0x00, 0x00, 0x00, 0x00, 0x00, 0x00, 0x00, 0x00, 0x00, 0x00, 0x00, 0x70, 0x1C, 0x70, 0x1C,
    0x70, 0x1C, 0x70, 0x1C, 0x70, 0x1C, 0x70, 0x1C, 0x70, 0x1C, 0x70, 0x1C, 0x70, 0x1C, 0x70, 0x1C,
    0x70, 0x1C, 0x70, 0x1C, 0x70, 0x1C, 0x70, 0x1C, 0x70, 0x1C, 0x70, 0x1C, 0x70, 0x1C, 0x78, 0x3C,
    0x3F, 0xF8, 0x1F, 0xF0, 0x03, 0xC0, 0x07, 0x80, 0x07, 0x00, 0x07, 0xE0, 0x03, 0xE0, 0x00, 0x00,
    0x00, 0x00, 0x00, 0x00, 0x00, 0x00, 0x00, 0x00, 0x00, 0x00, 0x00, 0x00, 0x00, 0x00, 0x00, 0x00,
    0x00, 0x00, 0x00, 0x00, 0x00, 0x00, 0x00, 0x00, 0x70, 0x1C, 0x70, 0x1C, 0x70, 0x1C, 0x70, 0x1C,
    0x70, 0x1C, 0x70, 0x1C, 0x70, 0x1C, 0x70, 0x1C, 0x70, 0x1C, 0x70, 0x1C, 0x70, 0x1C, 0x78, 0x1C,
    0x3F, 0xFC, 0x1F, 0xFC, 0x00, 0x7C, 0x00, 0xF0, 0x00, 0xE0, 0x00, 0xFC, 0x00, 0x7C, 0x00, 0x00,
    0x00, 0x00, 0x03, 0x80, 0x07, 0xC0, 0x0E, 0xE0, 0x1C, 0x70, 0x00, 0x00, 0x70, 0x0E, 0x70, 0x0E,
    0x70, 0x0E, 0x70, 0x0E, 0x70, 0x0E, 0x70, 0x0E, 0x70, 0x0E, 0x70, 0x0E, 0x70, 0x0E, 0x70, 0x0E,
    0x71, 0x8E, 0x73, 0xCE, 0x73, 0xCE, 0x77, 0xEE, 0x7E, 0x7E, 0x7E, 0x7E, 0x7C, 0x3E, 0x78, 0x1E,
    0x70, 0x0E, 0x70, 0x0E, 0x00, 0x00, 0x00, 0x00, 0x00, 0x00, 0x00, 0x00, 0x00, 0x00, 0x00, 0x00,
    0x00, 0x00, 0x00, 0x00, 0x00, 0x00, 0x00, 0x00, 0x00, 0x00, 0x00, 0x00, 0x03, 0x80, 0x07, 0xC0,
    0x0E, 0xE0, 0x1C, 0x70, 0x00, 0x00, 0x00, 0x00, 0x70, 0x1C, 0x70, 0x1C, 0x70, 0x1C, 0x70, 0x1C,
    0x73, 0x9C, 0x73, 0x9C, 0x73, 0x9C, 0x73, 0x9C, 0x73, 0x9C, 0x73, 0x9C, 0x73, 0x9C, 0x7B, 0xBC,
    0x3F, 0xF8, 0x1F, 0xF0, 0x00, 0x00, 0x00, 0x00, 0x00, 0x00, 0x00, 0x00, 0x00, 0x00, 0x00, 0x00,
    0x00, 0x00, 0x03, 0x80, 0x07, 0xC0, 0x0E, 0xE0, 0x1C, 0x70, 0x00, 0x00, 0x70, 0x1C, 0x70, 0x1C,
    0x70, 0x1C, 0x38, 0x38, 0x38, 0x38, 0x1C, 0x70, 0x1C, 0x70, 0x0E, 0xE0, 0x0E, 0xE0, 0x07, 0xC0,
    0x07, 0xC0, 0x03, 0x80, 0x03, 0x80, 0x03, 0x80, 0x03, 0x80, 0x03, 0x80, 0x03, 0x80, 0x03, 0x80,
    0x03, 0x80, 0x03, 0x80, 0x00, 0x00, 0x00, 0x00, 0x00, 0x00, 0x00, 0x00, 0x00, 0x00, 0x00, 0x00,
    0x00, 0x00, 0x00, 0x00, 0x00, 0x00, 0x00, 0x00, 0x00, 0x00, 0x00, 0x00, 0x03, 0x80, 0x07, 0xC0,
    0x0E, 0xE0, 0x1C, 0x70, 0x00, 0x00, 0x00, 0x00, 0x70, 0x1C, 0x70, 0x1C, 0x70, 0x1C, 0x70, 0x1C,
    0x70, 0x1C, 0x70, 0x1C, 0x70, 0x1C, 0x70, 0x1C, 0x70, 0x1C, 0x70, 0x1C, 0x70, 0x1C, 0x78, 0x1C,
    0x3F, 0xFC, 0x1F, 0xFC, 0x00, 0x1C, 0x00, 0x1C, 0x00, 0x3C, 0x3F, 0xF8, 0x3F, 0xF0, 0x00, 0x00,
    0x00, 0x00, 0x1C, 0x70, 0x1C, 0x70, 0x1C, 0x70, 0x1C, 0x70, 0x00, 0x00, 0x70, 0x1C, 0x70, 0x1C,
    0x70, 0x1C, 0x38, 0x38, 0x38, 0x38, 0x1C, 0x70, 0x1C, 0x70, 0x0E, 0xE0, 0x0E, 0xE0, 0x07, 0xC0,
    0x07, 0xC0, 0x03, 0x80, 0x03, 0x80, 0x03, 0x80, 0x03, 0x80, 0x03, 0x80, 0x03, 0x80, 0x03, 0x80,
    0x03, 0x80, 0x03, 0x80, 0x00, 0x00, 0x00, 0x00, 0x00, 0x00, 0x00, 0x00, 0x00, 0x00, 0x00, 0x00,
    0x00, 0x00, 0x00, 0x70, 0x00, 0xE0, 0x01, 0xC0, 0x03, 0x80, 0x00, 0x00, 0x7F, 0xFC, 0x7F, 0xFC,
    0x00, 0x1C, 0x00, 0x1C, 0x00, 0x1C, 0x00, 0x38, 0x00, 0x70, 0x00, 0xE0, 0x01, 0xC0, 0x03, 0x80,
    0x07, 0x00, 0x0E, 0x00, 0x1C, 0x00, 0x38, 0x00, 0x70, 0x00, 0x70, 0x00, 0x70, 0x00, 0x70, 0x00,
    0x7F, 0xFC, 0x7F, 0xFC, 0x00, 0x00, 0x00, 0x00, 0x00, 0x00, 0x00, 0x00, 0x00, 0x00, 0x00, 0x00,
    0x00, 0x00, 0x00, 0x00, 0x00, 0x00, 0x00, 0x00, 0x00, 0x00, 0x00, 0x00, 0x00, 0x70, 0x00, 0xE0,
    0x01, 0xC0, 0x03, 0x80, 0x00, 0x00, 0x00, 0x00, 0x7F, 0xFC, 0x7F, 0xFC, 0x00, 0x38, 0x00, 0x70,
    0x00, 0xE0, 0x01, 0xC0, 0x03, 0x80, 0x07, 0x00, 0x0E, 0x00, 0x1C, 0x00, 0x38, 0x00, 0x70, 0x00,
    0x7F, 0xFC, 0x7F, 0xFC, 0x00, 0x00, 0x00, 0x00, 0x00, 0x00, 0x00, 0x00, 0x00, 0x00, 0x00, 0x00,
    0x00, 0x00, 0x03, 0x80, 0x03, 0x80, 0x03, 0x80, 0x03, 0x80, 0x00, 0x00, 0x7F, 0xFC, 0x7F, 0xFC,
    0x00, 0x1C, 0x00, 0x1C, 0x00, 0x1C, 0x00, 0x38, 0x00, 0x70, 0x00, 0xE0, 0x01, 0xC0, 0x03, 0x80,
    0x07, 0x00, 0x0E, 0x00, 0x1C, 0x00, 0x38, 0x00, 0x70, 0x00, 0x70, 0x00, 0x70, 0x00, 0x70, 0x00,
    0x7F, 0xFC, 0x7F, 0xFC, 0x00, 0x00, 0x00, 0x00, 0x00, 0x00, 0x00, 0x00, 0x00, 0x00, 0x00, 0x00,
    0x00, 0x00, 0x00, 0x00, 0x00, 0x00, 0x00, 0x00, 0x00, 0x00, 0x00, 0x00, 0x03, 0x80, 0x03, 0x80,
    0x03, 0x80, 0x03, 0x80, 0x00, 0x00, 0x00, 0x00, 0x7F, 0xFC, 0x7F, 0xFC, 0x00, 0x38, 0x00, 0x70,
    0x00, 0xE0, 0x01, 0xC0, 0x03, 0x80, 0x07, 0x00, 0x0E, 0x00, 0x1C, 0x00, 0x38, 0x00, 0x70, 0x00,
    0x7F, 0xFC, 0x7F, 0xFC, 0x00, 0x00, 0x00, 0x00, 0x00, 0x00, 0x00, 0x00, 0x00, 0x00, 0x00, 0x00,
    0x00, 0x00, 0x1C, 0x70, 0x0E, 0xE0, 0x07, 0xC0, 0x03, 0x80, 0x00, 0x00, 0x7F, 0xFC, 0x7F, 0xFC,
    0x00, 0x1C, 0x00, 0x1C, 0x00, 0x1C, 0x00, 0x38, 0x00, 0x70, 0x00, 0xE0, 0x01, 0xC0, 0x03, 0x80,
    0x07, 0x00, 0x0E, 0x00, 0x1C, 0x00, 0x38, 0x00, 0x70, 0x00, 0x70, 0x00, 0x70, 0x00, 0x70, 0x00,
    0x7F, 0xFC, 0x7F, 0xFC, 0x00, 0x00, 0x00, 0x00, 0x00, 0x00, 0x00, 0x00, 0x00, 0x00, 0x00, 0x00,
    0x00, 0x00, 0x00, 0x00, 0x00, 0x00, 0x00, 0x00, 0x00, 0x00, 0x00, 0x00, 0x1C, 0x70, 0x0E, 0xE0,
    0x07, 0xC0, 0x03, 0x80, 0x00, 0x00, 0x00, 0x00, 0x7F, 0xFC, 0x7F, 0xFC, 0x00, 0x38, 0x00, 0x70,
    0x00, 0xE0, 0x01, 0xC0, 0x03, 0x80, 0x07, 0x00, 0x0E, 0x00, 0x1C, 0x00, 0x38, 0x00, 0x70, 0x00,
    0x7F, 0xFC, 0x7F, 0xFC, 0x00, 0x00, 0x00, 0x00, 0x00, 0x00, 0x00, 0x00, 0x00, 0x00, 0x00, 0x00,
    0x00, 0x00, 0x00, 0x00, 0x00, 0x00, 0x00, 0x00, 0x00, 0x00, 0x00, 0x00, 0x00, 0xFE, 0x01, 0xFE,
    0x03, 0xC0, 0x03, 0x80, 0x03, 0x80, 0x03, 0x80, 0x03, 0x80, 0x03, 0x80, 0x03, 0x80, 0x03, 0x80,
    0x03, 0x80, 0x03, 0x80, 0x03, 0x80, 0x03, 0x80, 0x03, 0x80, 0x03, 0x80, 0x03, 0x80, 0x03, 0x80,
    0x03, 0x80, 0x03, 0x80, 0x00, 0x00, 0x00, 0x00, 0x00, 0x00, 0x00, 0x00, 0x00, 0x00, 0x00, 0x00,
    0x00, 0x03, 0xC0, 0x00, 0xF0, 0x3F, 0xFC, 0x3F, 0xFE, 0x1F, 0xFF, 0x8F, 0xFF, 0xC7, 0xE3, 0xF3,
    0xF0, 0x3E, 0xF8, 0x0F, 0xBE, 0x01, 0xEF, 0x00, 0x7B, 0xC0, 0x1E, 0xF0, 0x07, 0xBC, 0x01, 0xEF,
    0x80, 0x7B, 0xE0, 0x3E, 0x7C, 0x1F, 0x9F, 0xDF, 0xC3, 0xFF, 0xE0, 0x7F, 0xF0, 0x0F, 0xF8, 0x00,
    0x70, 0x00, 0x00, 0x0E, 0x00, 0x1C, 0x00, 0x38, 0x3F, 0xF1, 0xFF, 0xE7, 0xFF, 0x1F, 0xFF, 0x3E,
    0x3E, 0x78, 0x3C, 0xF0, 0x7D, 0xE0, 0xFB, 0xC1, 0xF7, 0x83, 0xCF, 0x8F, 0x8F, 0xFE, 0x1F, 0xFC,
    0x0F, 0xF0, 0x07, 0x00, 0x00, 0x03, 0xC0, 0x00, 0xF7, 0x00, 0xFF, 0xE0, 0x7F, 0xF8, 0x1F, 0xBE,
    0x07, 0xCF, 0x81, 0xF3, 0xE0, 0x7C, 0xF8, 0x1F, 0x3E, 0x07, 0xCF, 0x81, 0xF3, 0xE0, 0x7C, 0xF8,
    0x1F, 0x3E, 0x07, 0xCF, 0x81, 0xF3, 0xE0, 0x7C, 0xF8, 0x1F, 0x1F, 0x9F, 0x87, 0xFF, 0xE0, 0xFF,
    0xF0, 0x0F, 0xF8, 0x00, 0xF0, 0x00, 0x00, 0x0E, 0x00, 0x1C, 0x00, 0x3F, 0x83, 0xFF, 0x87, 0xFF,
    0x0F, 0xBE, 0x1E, 0x7C, 0x3C, 0xF8, 0x79, 0xF0, 0xF3, 0xE1, 0xE7, 0xC3, 0xCF, 0x87, 0x9F, 0x9F,
    0x1F, 0xFE, 0x3F, 0xFC, 0x3F, 0x78, 0x18, 0x00, 0x7F, 0x00, 0x1E, 0x7B, 0xFF, 0xC0, 0x3F, 0xCF,
    0xFF, 0x80, 0x7E, 0x3F, 0xFF, 0x00, 0xF0, 0xF8, 0xFE, 0x00, 0x03, 0xE0, 0xF8, 0xFF, 0xFF, 0x81,
    0xF3, 0xFF, 0xFE, 0x07, 0xCF, 0xFF, 0xF8, 0x0F, 0x3F, 0xFB, 0xE0, 0x3C, 0x03, 0xEF, 0x80, 0xF0,
    0x1F, 0x3E, 0x03, 0xC0, 0xF8, 0xF8, 0x1F, 0x07, 0xC3, 0xE0, 0x7C, 0x1E, 0x0F, 0x83, 0xE0, 0xF8,
    0x3F, 0xFF, 0x87, 0xC0, 0xFF, 0xFC, 0x3F, 0xFF, 0xFF, 0xE0, 0xFF, 0xFF, 0xFE, 0x03, 0xFF, 0xC0,
    0x00, 0x1C, 0x3D, 0xE0, 0x01, 0xE0, 0xFF, 0x00, 0x0F, 0x07, 0xF0, 0x00, 0x78, 0x1F, 0x00, 0x03,
    0xC0, 0x00, 0x07, 0xDE, 0x3F, 0xF8, 0x7F, 0xF1, 0xFF, 0xC7, 0xFF, 0x8F, 0xFE, 0x7F, 0xFC, 0x7F,
    0xF3, 0xE3, 0xE0, 0x1F, 0x1E, 0x0F, 0x00, 0xF0, 0xF0, 0x78, 0x0F, 0x87, 0x83, 0xC0, 0xF8, 0x3C,
    0x1E, 0x0F, 0x81, 0xE0, 0xF0, 0xF8, 0x0F, 0x8F, 0x87, 0xC0, 0x7F, 0xFC, 0x7F, 0xF9, 0xFF, 0xE3,
    0xFF, 0xC7, 0xFF, 0x1F, 0xFE, 0x0E, 0x00, 0x00, 0x00, 0x70, 0x00, 0x03, 0xDF, 0x00, 0x00, 0x7B,
    0xE0, 0x00, 0x0F, 0x7C, 0x00, 0x01, 0xEF, 0x80, 0x00, 0x3D, 0xF0, 0x00, 0x07, 0xBE, 0x00, 0x00,
    0xF7, 0xC0, 0x00, 0x1E, 0xF8, 0x00, 0x03, 0xDF, 0x00, 0x00, 0x7B, 0xE0, 0x00, 0x0F, 0x7C, 0x00,
    0x01, 0xEF, 0x80, 0x3C, 0x3D, 0xF0, 0x07, 0x87, 0xBE, 0x00, 0xF0, 0xF7, 0xFF, 0x9F, 0x3E, 0xFF,
    0xFB, 0xFF, 0xDF, 0xFF, 0x3F, 0xF3, 0xFF, 0xE3, 0xFC, 0x00, 0x00, 0x1C, 0x00, 0x70, 0x01, 0xDF,
    0x00, 0x7F, 0xE0, 0x0F, 0xFC, 0x00, 0xEF, 0x80, 0x01, 0xF0, 0x07, 0xBE, 0x00, 0xFF, 0xC0, 0x1F,
    0xF8, 0x03, 0xFF, 0x00, 0x7F, 0xE0, 0x0F, 0xFC, 0x01, 0xFF, 0x80, 0x3F, 0xF0, 0x07, 0xFE, 0x00,
    0xFF, 0xFF, 0x9F, 0xFF, 0xFB, 0xFF, 0xFF, 0x7F, 0xFF, 0xEF, 0x80, 0x01, 0xF0, 0x00, 0x3E, 0x00,
    0x1F, 0x80, 0x03, 0xF0, 0x00, 0x7C, 0x00, 0x00, 0x00, 0x71, 0xFF, 0x3F, 0xE7, 0xFC, 0xFF, 0x81,
    0xF3, 0xFE, 0x7F, 0xCF, 0xF9, 0xFF, 0x3F, 0xE7, 0xFC, 0xFF, 0x9F, 0xF3, 0xFE, 0x7F, 0xCF, 0xF9,
    0xFF, 0x3F, 0xE7, 0x80, 0xF0, 0x1E, 0x0F, 0xC1, 0xF0, 0x3C, 0x00, 0x00, 0x78, 0x07, 0x00, 0x1F,
    0xF8, 0x1F, 0x00, 0x3F, 0xF0, 0x3E, 0x00, 0x7F, 0xF0, 0x7C, 0x00, 0xFF, 0xE0, 0xF8, 0x01, 0xFF,
    0xE1, 0xF0, 0x03, 0xFF, 0xE3, 0xE0, 0x07, 0xFF, 0xC7, 0xC0, 0x0F, 0xFF, 0xCF, 0x80, 0x1F, 0xF7,
    0xDF, 0x00, 0x3F, 0xEF, 0xBE, 0x00, 0x7F, 0xCF, 0xFC, 0x00, 0xFF, 0x8F, 0xFB, 0xE1, 0xFF, 0x1F,
    0xF7, 0xC3, 0xFE, 0x1F, 0xEF, 0x87, 0xFC, 0x1F, 0xCF, 0x9F, 0xF8, 0x3F, 0x9F, 0xFF, 0xF0, 0x3F,
    0x1F, 0xFB, 0xE0, 0x7E, 0x1F, 0xE0, 0x00, 0x00, 0x0E, 0x00, 0x78, 0x07, 0x1E, 0xFC, 0x0F, 0x9E,
    0xFC, 0x0F, 0x9E, 0xFE, 0x0F, 0x8E, 0xFE, 0x0F, 0x80, 0xFF, 0x0F, 0x9E, 0xFF, 0x8F, 0x9E, 0xFF,
    0x8F, 0x9E, 0xFF, 0xCF, 0x9E, 0xFB, 0xEF, 0x9E, 0xFB, 0xEF, 0x9E, 0xF9, 0xFF, 0x9E, 0xF8, 0xFF,
    0x9E, 0xF8, 0xFF, 0x9E, 0xF8, 0x7F, 0x9E, 0xF8, 0x3F, 0x9E, 0xF8, 0x3F, 0x9E, 0xF8, 0x1F, 0x9E,
    0xF8, 0x1F, 0x9E, 0x00, 0x00, 0x1E, 0x00, 0x00, 0x1E, 0x00, 0x00, 0x7E, 0x00, 0x00, 0x7E, 0x00,
    0x00, 0x7C, 0x00, 0x00, 0x00, 0x00, 0x00, 0xF0, 0x00, 0x1F, 0x00, 0x01, 0xF0, 0x00, 0x0E, 0x00,
    0x00, 0x0F, 0x3E, 0x0F, 0xF7, 0xF1, 0xFF, 0xFF, 0x9F, 0xFF, 0xF9, 0xFF, 0x8F, 0x9F, 0xF8, 0x79,
    0xFF, 0x87, 0x9F, 0xF8, 0x79, 0xFF, 0x87, 0x9F, 0xF8, 0x79, 0xFF, 0x87, 0x9F, 0xF8, 0x79, 0xFF,
    0x87, 0x9F, 0xF8, 0x79, 0xF0, 0x00, 0x1F, 0x00, 0x01, 0xF0, 0x00, 0x7F, 0x00, 0x07, 0xE0, 0x00,
    0x7C, 0x00, 0x00, 0x00, 0x00, 0x00, 0x1C, 0x70, 0x0E, 0xE0, 0x07, 0xC0, 0x03, 0x80, 0x00, 0x00,
    0x1F, 0xF0, 0x3F, 0xF8, 0x78, 0x3C, 0x70, 0x1C, 0x70, 0x1C, 0x70, 0x1C, 0x70, 0x1C, 0x70, 0x1C,
    0x70, 0x1C, 0x70, 0x1C, 0x7F, 0xFC, 0x7F, 0xFC, 0x70, 0x1C, 0x70, 0x1C, 0x70, 0x1C, 0x70, 0x1C,
    0x70, 0x1C, 0x70, 0x1C, 0x70, 0x1C, 0x70, 0x1C, 0x00, 0x00, 0x00, 0x00, 0x00, 0x00, 0x00, 0x00,
    0x00, 0x00, 0x00, 0x00, 0x00, 0x00, 0x00, 0x00, 0x00, 0x00, 0x00, 0x00, 0x00, 0x00, 0x00, 0x00,
    0x1C, 0x70, 0x0E, 0xE0, 0x07, 0xC0, 0x03, 0x80, 0x00, 0x00, 0x00, 0x00, 0x3F, 0xF0, 0x3F, 0xF8,
    0x00, 0x3C, 0x00, 0x1C, 0x00, 0x1C, 0x1F, 0xFC, 0x3F, 0xFC, 0x78, 0x1C, 0x70, 0x1C, 0x70, 0x1C,
    0x70, 0x1C, 0x78, 0x1C, 0x3F, 0xFC, 0x1F, 0xFC, 0x00, 0x00, 0x00, 0x00, 0x00, 0x00, 0x00, 0x00,
    0x00, 0x00, 0x00, 0x00, 0x00, 0x00, 0x1C, 0x70, 0x0E, 0xE0, 0x07, 0xC0, 0x03, 0x80, 0x00, 0x00,
    0x0F, 0xE0, 0x0F, 0xE0, 0x03, 0x80, 0x03, 0x80, 0x03, 0x80, 0x03, 0x80, 0x03, 0x80, 0x03, 0x80,
    0x03, 0x80, 0x03, 0x80, 0x03, 0x80, 0x03, 0x80, 0x03, 0x80, 0x03, 0x80, 0x03, 0x80, 0x03, 0x80,
    0x03, 0x80, 0x03, 0x80, 0x0F, 0xE0, 0x0F, 0xE0, 0x00, 0x00, 0x00, 0x00, 0x00, 0x00, 0x00, 0x00,
    0x00, 0x00, 0x00, 0x00, 0x00, 0x00, 0x00, 0x00, 0x00, 0x00, 0x00, 0x00, 0x00, 0x00, 0x00, 0x00,
    0x1C, 0x70, 0x0E, 0xE0, 0x07, 0xC0, 0x03, 0x80, 0x00, 0x00, 0x00, 0x00, 0x0F, 0x80, 0x0F, 0x80,
    0x03, 0x80, 0x03, 0x80, 0x03, 0x80, 0x03, 0x80, 0x03, 0x80, 0x03, 0x80, 0x03, 0x80, 0x03, 0x80,
    0x03, 0x80, 0x03, 0x80, 0x0F, 0xE0, 0x0F, 0xE0, 0x00, 0x00, 0x00, 0x00, 0x00, 0x00, 0x00, 0x00,
    0x00, 0x00, 0x00, 0x00, 0x00, 0x00, 0x1C, 0x70, 0x0E, 0xE0, 0x07, 0xC0, 0x03, 0x80, 0x00, 0x00,
    0x1F, 0xF0, 0x3F, 0xF8, 0x78, 0x3C, 0x70, 0x1C, 0x70, 0x1C, 0x70, 0x1C, 0x70, 0x1C, 0x70, 0x1C,
    0x70, 0x1C, 0x70, 0x1C, 0x70, 0x1C, 0x70, 0x1C, 0x70, 0x1C, 0x70, 0x1C, 0x70, 0x1C, 0x70, 0x1C,
    0x70, 0x1C, 0x78, 0x3C, 0x3F, 0xF8, 0x1F, 0xF0, 0x00, 0x00, 0x00, 0x00, 0x00, 0x00, 0x00, 0x00,
    0x00, 0x00, 0x00, 0x00, 0x00, 0x00, 0x00, 0x00, 0x00, 0x00, 0x00, 0x00, 0x00, 0x00, 0x00, 0x00,
    0x1C, 0x70, 0x0E, 0xE0, 0x07, 0xC0, 0x03, 0x80, 0x00, 0x00, 0x00, 0x00, 0x1F, 0xF0, 0x3F, 0xF8,
    0x78, 0x3C, 0x70, 0x1C, 0x70, 0x1C, 0x70, 0x1C, 0x70, 0x1C, 0x70, 0x1C, 0x70, 0x1C, 0x70, 0x1C,
    0x70, 0x1C, 0x78, 0x3C, 0x3F, 0xF8, 0x1F, 0xF0, 0x00, 0x00, 0x00, 0x00, 0x00, 0x00, 0x00, 0x00,
    0x00, 0x00, 0x00, 0x00, 0x00, 0x00, 0x1C, 0x70, 0x0E, 0xE0, 0x07, 0xC0, 0x03, 0x80, 0x00, 0x00,
    0x70, 0x1C, 0x70, 0x1C, 0x70, 0x1C, 0x70, 0x1C, 0x70, 0x1C, 0x70, 0x1C, 0x70, 0x1C, 0x70, 0x1C,
    0x70, 0x1C, 0x70, 0x1C, 0x70, 0x1C, 0x70, 0x1C, 0x70, 0x1C, 0x70, 0x1C, 0x70, 0x1C, 0x70, 0x1C,
    0x70, 0x1C, 0x78, 0x3C, 0x3F, 0xF8, 0x1F, 0xF0, 0x00, 0x00, 0x00, 0x00, 0x00, 0x00, 0x00, 0x00,
    0x00, 0x00, 0x00, 0x00, 0x00, 0x00, 0x00, 0x00, 0x00, 0x00, 0x00, 0x00, 0x00, 0x00, 0x00, 0x00,
    0x1C, 0x70, 0x0E, 0xE0, 0x07, 0xC0, 0x03, 0x80, 0x00, 0x00, 0x00, 0x00, 0x70, 0x1C, 0x70, 0x1C,
    0x70, 0x1C, 0x70, 0x1C, 0x70, 0x1C, 0x70, 0x1C, 0x70, 0x1C, 0x70, 0x1C, 0x70, 0x1C, 0x70, 0x1C,
    0x70, 0x1C, 0x78, 0x1C, 0x3F, 0xFC, 0x1F, 0xFC, 0x00, 0x00, 0x00, 0x00, 0x00, 0x00, 0x00, 0x00,
    0x00, 0x00, 0x00, 0x00, 0x00, 0x00, 0x0F, 0xF0, 0x0F, 0xF0, 0x00, 0x00, 0x0E, 0x70, 0x1E, 0x78,
    0x1F, 0x78, 0x0E, 0x78, 0x00, 0x00, 0x70, 0x0E, 0xF8, 0x1F, 0xF8, 0x1F, 0xF8, 0x1F, 0xF8, 0x1F,
    0xF8, 0x1F, 0xF8, 0x1F, 0xF8, 0x1F, 0xF8, 0x1F, 0xF8, 0x1F, 0xF8, 0x1F, 0xF8, 0x1F, 0xF8, 0x1F,
    0xF8, 0x1F, 0xF8, 0x1F, 0x7E, 0x7E, 0x7F, 0xFE, 0x3F, 0xFC, 0x0F, 0xF8, 0x03, 0xC0, 0x00, 0x00,
    0xFF, 0x07, 0xF8, 0x00, 0x01, 0x8E, 0x1E, 0xF0, 0xF7, 0xC7, 0x9C, 0x00, 0x07, 0x83, 0xFE, 0x1F,
    0xF0, 0xFF, 0x87, 0xFC, 0x3F, 0xE1, 0xFF, 0x0F, 0xF8, 0x7F, 0xC3, 0xFE, 0x1F, 0xF9, 0xF7, 0xFF,
    0xBF, 0xFC, 0xFD, 0xE1, 0x80, 0x00, 0xF0, 0x01, 0xE0, 0x01, 0xC0, 0x01, 0x80, 0x0E, 0x70, 0x1E,
    0x78, 0x1F, 0x78, 0x0E, 0x78, 0x00, 0x00, 0x70, 0x0E, 0xF8, 0x1F, 0xF8, 0x1F, 0xF8, 0x1F, 0xF8,
    0x1F, 0xF8, 0x1F, 0xF8, 0x1F, 0xF8, 0x1F, 0xF8, 0x1F, 0xF8, 0x1F, 0xF8, 0x1F, 0xF8, 0x1F, 0xF8,
    0x1F, 0xF8, 0x1F, 0xF8, 0x1F, 0x7E, 0x7E, 0x7F, 0xFE, 0x3F, 0xFC, 0x0F, 0xF8, 0x03, 0xC0, 0x01,
    0xC0, 0x1E, 0x00, 0xE0, 0x0E, 0x01, 0x8E, 0x1E, 0xF0, 0xF7, 0xC7, 0x9C, 0x00, 0x07, 0x83, 0xFE,
    0x1F, 0xF0, 0xFF, 0x87, 0xFC, 0x3F, 0xE1, 0xFF, 0x0F, 0xF8, 0x7F, 0xC3, 0xFE, 0x1F, 0xF9, 0xF7,
    0xFF, 0xBF, 0xFC, 0xFD, 0xE1, 0x80, 0x0E, 0x70, 0x0F, 0xF0, 0x07, 0xE0, 0x03, 0xC0, 0x0E, 0x70,
    0x1E, 0x78, 0x1F, 0x78, 0x0E, 0x78, 0x00, 0x00, 0x70, 0x0E, 0xF8, 0x1F, 0xF8, 0x1F, 0xF8, 0x1F,
    0xF8, 0x1F, 0xF8, 0x1F, 0xF8, 0x1F, 0xF8, 0x1F, 0xF8, 0x1F, 0xF8, 0x1F, 0xF8, 0x1F, 0xF8, 0x1F,
    0xF8, 0x1F, 0xF8, 0x1F, 0xF8, 0x1F, 0x7E, 0x7E, 0x7F, 0xFE, 0x3F, 0xFC, 0x0F, 0xF8, 0x03, 0xC0,
    0x3D, 0xE0, 0xFE, 0x03, 0xE0, 0x0E, 0x01, 0x8E, 0x1E, 0xF0, 0xF7, 0xC7, 0x9C, 0x00, 0x07, 0x83,
    0xFE, 0x1F, 0xF0, 0xFF, 0x87, 0xFC, 0x3F, 0xE1, 0xFF, 0x0F, 0xF8, 0x7F, 0xC3, 0xFE, 0x1F, 0xF9,
    0xF7, 0xFF, 0xBF, 0xFC, 0xFD, 0xE1, 0x80, 0x0F, 0x00, 0x07, 0x80, 0x03, 0x80, 0x01, 0x80, 0x0E,
    0x70, 0x1E, 0x78, 0x1F, 0x78, 0x0E, 0x78, 0x00, 0x00, 0x70, 0x0E, 0xF8, 0x1F, 0xF8, 0x1F, 0xF8,
    0x1F, 0xF8, 0x1F, 0xF8, 0x1F, 0xF8, 0x1F, 0xF8, 0x1F, 0xF8, 0x1F, 0xF8, 0x1F, 0xF8, 0x1F, 0xF8,
    0x1F, 0xF8, 0x1F, 0xF8, 0x1F, 0xF8, 0x1F, 0x7E, 0x7E, 0x7F, 0xFE, 0x3F, 0xFC, 0x0F, 0xF8, 0x03,
    0xC0, 0x1E, 0x00, 0x70, 0x03, 0xC0, 0x0E, 0x01, 0x8E, 0x1E, 0xF0, 0xF7, 0xC7, 0x9C, 0x00, 0x07,
    0x83, 0xFE, 0x1F, 0xF0, 0xFF, 0x87, 0xFC, 0x3F, 0xE1, 0xFF, 0x0F, 0xF8, 0x7F, 0xC3, 0xFE, 0x1F,
    0xF9, 0xF7, 0xFF, 0xBF, 0xFC, 0xFD, 0xE1, 0x80, 0x0F, 0xC0, 0xFF, 0xC7, 0xFF, 0x9F, 0x3E, 0x78,
    0x7C, 0x00, 0xF7, 0xFF, 0xDF, 0xFF, 0x7F, 0xFD, 0xE0, 0xF7, 0xC7, 0xCF, 0xFE, 0x3F, 0xF0, 0x7F,
    0x80, 0x30, 0x00, 0x00, 0x00, 0x01, 0xFE, 0x00, 0x7F, 0x80, 0x00, 0x00, 0x07, 0x18, 0x03, 0xEF,
    0x00, 0xFB, 0xC0, 0x1C, 0xF0, 0x00, 0x00, 0x00, 0x78, 0x00, 0x3F, 0x00, 0x0F, 0xE0, 0x07, 0xF8,
    0x01, 0xFE, 0x00, 0x7F, 0xC0, 0x3F, 0xF0, 0x0F, 0xBC, 0x03, 0xCF, 0x81, 0xF3, 0xE0, 0x7C, 0x78,
    0x1F, 0x1F, 0x0F, 0xFF, 0xC3, 0xFF, 0xF0, 0xFF, 0xFE, 0x7C, 0x0F, 0x9F, 0x01, 0xF7, 0x80, 0x7F,
    0xE0, 0x1F, 0x00, 0x00, 0xFF, 0x07, 0xF8, 0x00, 0x01, 0xCE, 0x1E, 0x78, 0xFB, 0xC3, 0x9E, 0x00,
    0x00, 0x7E, 0x0F, 0xFC, 0x7F, 0xF7, 0xCF, 0xBC, 0x3C, 0x03, 0xE3, 0xFF, 0x7F, 0xFB, 0xFB, 0xFE,
    0x1F, 0xF1, 0xF7, 0xFF, 0xBF, 0xFC, 0xFF, 0xE1, 0xC0, 0x00, 0x00, 0x01, 0xFE, 0x00, 0x7F, 0x80,
    0x00, 0x00, 0x00, 0xE0, 0x00, 0x78, 0x00, 0x1F, 0x00, 0x07, 0x80, 0x00, 0x00, 0x00, 0x78, 0x00,
    0x3F, 0x00, 0x0F, 0xE0, 0x07, 0xF8, 0x01, 0xFE, 0x00, 0x7F, 0xC0, 0x3F, 0xF0, 0x0F, 0xBC, 0x03,
    0xCF, 0x81, 0xF3, 0xE0, 0x7C, 0x78, 0x1F, 0x1F, 0x0F, 0xFF, 0xC3, 0xFF, 0xF0, 0xFF, 0xFE, 0x7C,
    0x0F, 0x9F, 0x01, 0xF7, 0x80, 0x7F, 0xE0, 0x1F, 0x00, 0x00, 0xFF, 0x07, 0xF8, 0x00, 0x00, 0x38,
    0x03, 0xC0, 0x1E, 0x00, 0xF0, 0x00, 0x00, 0x7E, 0x0F, 0xFC, 0x7F, 0xF7, 0xCF, 0xBC, 0x3C, 0x03,
    0xE3, 0xFF, 0x7F, 0xFB, 0xFB, 0xFE, 0x1F, 0xF1, 0xF7, 0xFF, 0xBF, 0xFC, 0xFF, 0xE1, 0xC0, 0x00,
    0x00, 0x00, 0x00, 0x3F, 0xF8, 0x3F, 0xF8, 0x00, 0x00, 0x00, 0x00, 0x3F, 0xFE, 0x7F, 0xFE, 0xF1,
    0xC0, 0xE1, 0xC0, 0xE1, 0xC0, 0xE1, 0xC0, 0xE1, 0xC0, 0xE1, 0xC0, 0xE1, 0xC0, 0xFF, 0xFE, 0xFF,
    0xFE, 0xE1, 0xC0, 0xE1, 0xC0, 0xE1, 0xC0, 0xE1, 0xC0, 0xE1, 0xC0, 0xE1, 0xC0, 0xE1, 0xC0, 0xE1,
    0xFE, 0xE1, 0xFE, 0x00, 0x00, 0x00, 0x00, 0x00, 0x00, 0x00, 0x00, 0x00, 0x00, 0x00, 0x00, 0x00,
    0x00, 0x00, 0x00, 0x00, 0x00, 0x00, 0x00, 0x00, 0x00, 0x00, 0x00, 0x00, 0x00, 0x00, 0x00, 0x3F,
    0xF8, 0x3F, 0xF8, 0x00, 0x00, 0x00, 0x00, 0x7E, 0xF8, 0x7F, 0xFC, 0x03, 0x9E, 0x03, 0x8E, 0x03,
    0x8E, 0x3F, 0x8E, 0x7F, 0xFE, 0xF3, 0xFE, 0xE3, 0x80, 0xE3, 0x80, 0xE3, 0x80, 0xF3, 0xCE, 0x7F,
    0xFE, 0x3E, 0xFC, 0x00, 0x00, 0x00, 0x00, 0x00, 0x00, 0x00, 0x00, 0x00, 0x00, 0x00, 0x00, 0x00,
    0x00, 0x00, 0x00, 0x00, 0x00, 0x00, 0x00, 0x00, 0x00, 0x00, 0x00, 0x1F, 0xF0, 0x3F, 0xF8, 0x78,
    0x3C, 0x70, 0x1C, 0x70, 0x1C, 0x70, 0x00, 0x70, 0x00, 0x70, 0x00, 0x70, 0x00, 0x71, 0xFC, 0x71,
    0xFC, 0x70, 0x1C, 0x70, 0x1C, 0x71, 0xFF, 0x71, 0xFF, 0x70, 0x1C, 0x70, 0x1C, 0x78, 0x3C, 0x3F,
    0xF8, 0x1F, 0xF0, 0x00, 0x00, 0x00, 0x00, 0x00, 0x00, 0x00, 0x00, 0x00, 0x00, 0x00, 0x00, 0x00,
    0x00, 0x00, 0x00, 0x00, 0x00, 0x00, 0x00, 0x00, 0x00, 0x00, 0x00, 0x00, 0x00, 0x00, 0x00, 0x00,
    0x00, 0x00, 0x00, 0x00, 0x00, 0x00, 0x00, 0x1F, 0xFC, 0x3F, 0xFC, 0x78, 0x1C, 0x70, 0x1C, 0x70,
    0x1C, 0x70, 0x1C, 0x71, 0xFF, 0x71, 0xFF, 0x70, 0x1C, 0x70, 0x1C, 0x70, 0x1C, 0x78, 0x1C, 0x3F,
    0xFC, 0x1F, 0xFC, 0x00, 0x1C, 0x00, 0x1C, 0x00, 0x3C, 0x3F, 0xF8, 0x3F, 0xF0, 0x00, 0x00, 0x00,
    0x00, 0x1C, 0x70, 0x0E, 0xE0, 0x07, 0xC0, 0x03, 0x80, 0x00, 0x00, 0x1F, 0xF0, 0x3F, 0xF8, 0x78,
    0x3C, 0x70, 0x1C, 0x70, 0x1C, 0x70, 0x00, 0x70, 0x00, 0x70, 0x00, 0x70, 0x00, 0x71, 0xFC, 0x71,
    0xFC, 0x70, 0x1C, 0x70, 0x1C, 0x70, 0x1C, 0x70, 0x1C, 0x70, 0x1C, 0x70, 0x1C, 0x78, 0x3C, 0x3F,
    0xF8, 0x1F, 0xF0, 0x00, 0x00, 0x00, 0x00, 0x00, 0x00, 0x00, 0x00, 0x00, 0x00, 0x00, 0x00, 0x00,
    0x00, 0x00, 0x00, 0x00, 0x00, 0x00, 0x00, 0x00, 0x00, 0x00, 0x00, 0x1C, 0x70, 0x0E, 0xE0, 0x07,
    0xC0, 0x03, 0x80, 0x00, 0x00, 0x00, 0x00, 0x1F, 0xFC, 0x3F, 0xFC, 0x78, 0x1C, 0x70, 0x1C, 0x70,
    0x1C, 0x70, 0x1C, 0x70, 0x1C, 0x70, 0x1C, 0x70, 0x1C, 0x70, 0x1C, 0x70, 0x1C, 0x78, 0x1C, 0x3F,
    0xFC, 0x1F, 0xFC, 0x00, 0x1C, 0x00, 0x1C, 0x00, 0x3C, 0x3F, 0xF8, 0x3F, 0xF0, 0x00, 0x00, 0x00,
    0x00, 0x1C, 0x70, 0x0E, 0xE0, 0x07, 0xC0, 0x03, 0x80, 0x00, 0x00, 0x70, 0x0C, 0x70, 0x1C, 0x70,
    0x38, 0x70, 0x70, 0x70, 0xE0, 0x71, 0xC0, 0x73, 0x80, 0x77, 0x00, 0x7E, 0x00, 0x7C, 0x00, 0x7C,
    0x00, 0x7E, 0x00, 0x77, 0x00, 0x73, 0x80, 0x71, 0xC0, 0x70, 0xE0, 0x70, 0x70, 0x70, 0x38, 0x70,
    0x1C, 0x70, 0x0C, 0x00, 0x00, 0x00, 0x00, 0x00, 0x00, 0x00, 0x00, 0x00, 0x00, 0x00, 0x00, 0x00,
    0x00, 0x1C, 0x70, 0x0E, 0xE0, 0x07, 0xC0, 0x03, 0x80, 0x00, 0x00, 0x38, 0x00, 0x38, 0x00, 0x38,
    0x00, 0x38, 0x00, 0x38, 0x00, 0x38, 0x00, 0x38, 0x1C, 0x38, 0x38, 0x38, 0x70, 0x38, 0xE0, 0x39,
    0xC0, 0x3B, 0x80, 0x3F, 0x00, 0x3F, 0x00, 0x3B, 0x80, 0x39, 0xC0, 0x38, 0xE0, 0x38, 0x70, 0x38,
    0x38, 0x38, 0x1C, 0x00, 0x00, 0x00, 0x00, 0x00, 0x00, 0x00, 0x00, 0x00, 0x00, 0x00, 0x00, 0x00,
    0x00, 0x00, 0x00, 0x00, 0x00, 0x00, 0x00, 0x00, 0x00, 0x00, 0x00, 0x1F, 0xF0, 0x3F, 0xF8, 0x78,
    0x3C, 0x70, 0x1C, 0x70, 0x1C, 0x70, 0x1C, 0x70, 0x1C, 0x70, 0x1C, 0x70, 0x1C, 0x70, 0x1C, 0x70,
    0x1C, 0x70, 0x1C, 0x70, 0x1C, 0x70, 0x1C, 0x70, 0x1C, 0x70, 0x1C, 0x70, 0x1C, 0x78, 0x3C, 0x3F,
    0xF8, 0x1F, 0xF0, 0x03, 0xC0, 0x07, 0x80, 0x07, 0x00, 0x07, 0xE0, 0x03, 0xE0, 0x00, 0x00, 0x00,
    0x00, 0x00, 0x00, 0x00, 0x00, 0x00, 0x00, 0x00, 0x00, 0x00, 0x00, 0x00, 0x00, 0x00, 0x00, 0x00,
    0x00, 0x00, 0x00, 0x00, 0x00, 0x00, 0x00, 0x1F, 0xF0, 0x3F, 0xF8, 0x78, 0x3C, 0x70, 0x1C, 0x70,
    0x1C, 0x70, 0x1C, 0x70, 0x1C, 0x70, 0x1C, 0x70, 0x1C, 0x70, 0x1C, 0x70, 0x1C, 0x78, 0x3C, 0x3F,
    0xF8, 0x1F, 0xF0, 0x03, 0xC0, 0x07, 0x80, 0x07, 0x00, 0x07, 0xE0, 0x03, 0xE0, 0x00, 0x00, 0x00,
    0x00, 0x00, 0x00, 0x1F, 0xF0, 0x1F, 0xF0, 0x00, 0x00, 0x00, 0x00, 0x1F, 0xF0, 0x3F, 0xF8, 0x78,
    0x3C, 0x70, 0x1C, 0x70, 0x1C, 0x70, 0x1C, 0x70, 0x1C, 0x70, 0x1C, 0x70, 0x1C, 0x70, 0x1C, 0x70,
    0x1C, 0x70, 0x1C, 0x70, 0x1C, 0x70, 0x1C, 0x70, 0x1C, 0x70, 0x1C, 0x70, 0x1C, 0x78, 0x3C, 0x3F,
    0xF8, 0x1F, 0xF0, 0x03, 0xC0, 0x07, 0x80, 0x07, 0x00, 0x07, 0xE0, 0x03, 0xE0, 0x00, 0x00, 0x00,
    0x00, 0x00, 0x00, 0x00, 0x00, 0x00, 0x00, 0x00, 0x00, 0x00, 0x00, 0x00, 0x00, 0x00, 0x00, 0x1F,
    0xF0, 0x1F, 0xF0, 0x00, 0x00, 0x00, 0x00, 0x1F, 0xF0, 0x3F, 0xF8, 0x78, 0x3C, 0x70, 0x1C, 0x70,
    0x1C, 0x70, 0x1C, 0x70, 0x1C, 0x70, 0x1C, 0x70, 0x1C, 0x70, 0x1C, 0x70, 0x1C, 0x78, 0x3C, 0x3F,
    0xF8, 0x1F, 0xF0, 0x03, 0xC0, 0x07, 0x80, 0x07, 0x00, 0x07, 0xE0, 0x03, 0xE0, 0x00, 0x00, 0x00,
    0x00, 0x1C, 0x70, 0x0E, 0xE0, 0x07, 0xC0, 0x03, 0x80, 0x00, 0x00, 0x7F, 0xFC, 0x7F, 0xFC, 0x00,
    0x38, 0x00, 0x70, 0x00, 0xE0, 0x01, 0xC0, 0x03, 0x80, 0x07, 0x00, 0x0F, 0xF0, 0x0F, 0xF8, 0x00,
    0x3C, 0x00, 0x1C, 0x00, 0x1C, 0x00, 0x1C, 0x00, 0x1C, 0x00, 0x1C, 0x70, 0x1C, 0x78, 0x3C, 0x3F,
    0xF8, 0x1F, 0xF0, 0x00, 0x00, 0x00, 0x00, 0x00, 0x00, 0x00, 0x00, 0x00, 0x00, 0x00, 0x00, 0x00,
    0x00, 0x00, 0x00, 0x00, 0x00, 0x00, 0x00, 0x00, 0x00, 0x00, 0x00, 0x1C, 0x70, 0x0E, 0xE0, 0x07,
    0xC0, 0x03, 0x80, 0x00, 0x00, 0x00, 0x00, 0x7F, 0xFC, 0x7F, 0xFC, 0x00, 0x38, 0x00, 0x70, 0x00,
    0xE0, 0x01, 0xC0, 0x03, 0x80, 0x07, 0x00, 0x0F, 0xF0, 0x0F, 0xF8, 0x00, 0x3C, 0x00, 0x1C, 0x00,
    0x1C, 0x00, 0x1C, 0x00, 0x1C, 0x70, 0x1C, 0x78, 0x3C, 0x3F, 0xF8, 0x1F, 0xF0, 0x00, 0x00, 0x00,
    0x00, 0x00, 0x00, 0x00, 0x00, 0x00, 0x00, 0x00, 0x00, 0x00, 0x00, 0x01, 0xC7, 0x00, 0xEE, 0x00,
    0x7C, 0x00, 0x38, 0x00, 0x00, 0x00, 0x00, 0x00, 0xF8, 0x00, 0xF8, 0x00, 0x38, 0x00, 0x38, 0x00,
    0x38, 0x00, 0x38, 0x00, 0x38, 0x00, 0x38, 0x00, 0x38, 0x00, 0x38, 0x00, 0x38, 0x00, 0x38, 0x00,
    0x38, 0x00, 0x38, 0x38, 0x38, 0x38, 0x38, 0x3C, 0x78, 0x1F, 0xF0, 0x0F, 0xE0, 0x00, 0x00, 0x7F,
    0x00, 0x3F, 0xFF, 0x7F, 0xF8, 0x1F, 0xFF, 0xFF, 0xFE, 0x0F, 0xFF, 0xFF, 0xFF, 0x87, 0xFF, 0xEF,
    0x8F, 0xE0, 0x01, 0xF7, 0xC1, 0xF0, 0x01, 0xF3, 0xE0, 0x7C, 0x01, 0xF1, 0xF0, 0x3E, 0x01, 0xF0,
    0xF8, 0x0F, 0x00, 0xF8, 0x7C, 0x07, 0x80, 0xF8, 0x3E, 0x03, 0xC0, 0xF8, 0x1F, 0x01, 0xE0, 0xFC,
    0x0F, 0x81, 0xF0, 0x7C, 0x07, 0xC0, 0xF8, 0x7C, 0x03, 0xE0, 0xF8, 0x7C, 0x01, 0xFF, 0xFC, 0x3E,
    0xFE, 0xFF, 0xFC, 0x3F, 0xFF, 0xFF, 0xFC, 0x1F, 0xFF, 0xFF, 0xF8, 0x0F, 0xFF, 0xE0, 0x7F, 0x00,
    0x00, 0x03, 0xFF, 0xC0, 0x00, 0x0F, 0xFF, 0x80, 0x00, 0x3F, 0xFF, 0x00, 0x00, 0xF8, 0xFE, 0x00,
    0x03, 0xE0, 0xF8, 0xFF, 0xFF, 0x81, 0xF3, 0xFF, 0xFE, 0x07, 0xCF, 0xFF, 0xF8, 0x0F, 0x3F, 0xFB,
    0xE0, 0x3C, 0x03, 0xEF, 0x80, 0xF0, 0x1F, 0x3E, 0x03, 0xC0, 0xF8, 0xF8, 0x1F, 0x07, 0xC3, 0xE0,
    0x7C, 0x1E, 0x0F, 0x83, 0xE0, 0xF8, 0x3F, 0xFF, 0x87, 0xC0, 0xFF, 0xFC, 0x3F, 0xFF, 0xFF, 0xE0,
    0xFF, 0xFF, 0xFE, 0x03, 0xFF, 0xC0, 0x00, 0x1C, 0x00, 0x00, 0x01, 0xE0, 0x00, 0x00, 0x0F, 0x00,
    0x00, 0x00, 0x78, 0x00, 0x00, 0x03, 0xC0, 0x00, 0x07, 0xDE, 0x3F, 0xF8, 0x7F, 0xF1, 0xFF, 0xC7,
    0xFF, 0x8F, 0xFE, 0x7F, 0xFC, 0x7F, 0xF3, 0xE3, 0xE0, 0x1F, 0x1E, 0x0F, 0x00, 0xF0, 0xF0, 0x78,
    0x0F, 0x87, 0x83, 0xC0, 0xF8, 0x3C, 0x1E, 0x0F, 0x81, 0xE0, 0xF0, 0xF8, 0x0F, 0x8F, 0x87, 0xC0,
    0x7F, 0xFC, 0x7F, 0xF9, 0xFF, 0xE3, 0xFF, 0xC7, 0xFF, 0x1F, 0xFE, 0x0E, 0x00, 0x00, 0x00, 0x00,
    0x00, 0x00, 0x70, 0x00, 0xE0, 0x01, 0xC0, 0x03, 0x80, 0x00, 0x00, 0x1F, 0xF0, 0x3F, 0xF8, 0x78,
    0x3C, 0x70, 0x1C, 0x70, 0x1C, 0x70, 0x00, 0x70, 0x00, 0x70, 0x00, 0x70, 0x00, 0x71, 0xFC, 0x71,
    0xFC, 0x70, 0x1C, 0x70, 0x1C, 0x70, 0x1C, 0x70, 0x1C, 0x70, 0x1C, 0x70, 0x1C, 0x78, 0x3C, 0x3F,
    0xF8, 0x1F, 0xF0, 0x00, 0x00, 0x00, 0x00, 0x00, 0x00, 0x00, 0x00, 0x00, 0x00, 0x00, 0x00, 0x00,
    0x00, 0x00, 0x00, 0x00, 0x00, 0x00, 0x00, 0x00, 0x00, 0x00, 0x00, 0x00, 0x70, 0x00, 0xE0, 0x01,
    0xC0, 0x03, 0x80, 0x00, 0x00, 0x00, 0x00, 0x1F, 0xFC, 0x3F, 0xFC, 0x78, 0x1C, 0x70, 0x1C, 0x70,
    0x1C, 0x70, 0x1C, 0x70, 0x1C, 0x70, 0x1C, 0x70, 0x1C, 0x70, 0x1C, 0x70, 0x1C, 0x78, 0x1C, 0x3F,
    0xFC, 0x1F, 0xFC, 0x00, 0x1C, 0x00, 0x1C, 0x00, 0x3C, 0x3F, 0xF8, 0x3F, 0xF0, 0x00, 0x00, 0x70,
    0x0F, 0x00, 0x3E, 0x03, 0xC0, 0x0F, 0x80, 0xF0, 0x03, 0xE0, 0x3C, 0x00, 0xF8, 0x0F, 0x00, 0x3E,
    0x03, 0xC0, 0xEF, 0x80, 0xF0, 0x7F, 0xE0, 0x3C, 0x1F, 0xFF, 0xFF, 0x07, 0xFF, 0xFF, 0xC1, 0xFF,
    0xFF, 0xF0, 0x7F, 0xFF, 0xFC, 0x1F, 0xF8, 0x0F, 0x07, 0xFE, 0x03, 0xC1, 0xFF, 0x80, 0xF8, 0x7F,
    0xE0, 0x3F, 0x3E, 0xF8, 0x07, 0xFF, 0xBE, 0x01, 0xFF, 0xCF, 0x80, 0x1F, 0xE0, 0x00, 0x01, 0xC0,
    0x7B, 0xC0, 0x7F, 0xF0, 0x7F, 0xFC, 0x7F, 0xFC, 0x7C, 0x3E, 0x78, 0x1E, 0x78, 0x1F, 0x78, 0x1F,
    0x78, 0x1F, 0x78, 0x1F, 0x78, 0x1F, 0x78, 0x1F, 0x78, 0x3E, 0x78, 0x3E, 0x78, 0x7C, 0x78, 0xFC,
    0x7B, 0xF8, 0x7F, 0xF0, 0x7F, 0xC0, 0x7F, 0x80, 0x7E, 0x00, 0x78, 0x00, 0x78, 0x00, 0x78, 0x00,
    0x00, 0x00, 0x0F, 0x80, 0x03, 0xC0, 0x00, 0xF0, 0x00, 0x38, 0x00, 0x00, 0x03, 0xC0, 0x3B, 0xF0,
    0x3F, 0xF8, 0x1F, 0xFE, 0x0F, 0xFF, 0x07, 0xFF, 0xC3, 0xFF, 0xF1, 0xFF, 0xF8, 0xFF, 0xFE, 0x7F,
    0xEF, 0xBF, 0xF7, 0xDF, 0xF9, 0xFF, 0xFC, 0x7F, 0xFE, 0x3F, 0xFF, 0x0F, 0xFF, 0x83, 0xFF, 0xC1,
    0xFF, 0xE0, 0x7F, 0xF0, 0x3F, 0x1E, 0x00, 0xF0, 0x03, 0xC0, 0x0E, 0x00, 0x00, 0x79, 0xF3, 0xDF,
    0xDF, 0xFF, 0xFF, 0xFF, 0xC7, 0xFE, 0x1F, 0xF0, 0xFF, 0x87, 0xFC, 0x3F, 0xE1, 0xFF, 0x0F, 0xF8,
    0x7F, 0xC3, 0xFE, 0x1E, 0x00, 0x78, 0x00, 0x1C, 0x00, 0x0E, 0x00, 0x03, 0x80, 0x03, 0xF0, 0x00,
    0xFE, 0x00, 0x33, 0x80, 0x0F, 0xE0, 0x03, 0xF0, 0x00, 0x78, 0x00, 0x3F, 0x00, 0x0F, 0xE0, 0x07,
    0xF8, 0x01, 0xFE, 0x00, 0x7F, 0xC0, 0x3F, 0xF0, 0x0F, 0xBC, 0x03, 0xCF, 0x81, 0xF3, 0xE0, 0x7C,
    0x78, 0x1F, 0x1F, 0x0F, 0xFF, 0xC3, 0xFF, 0xF0, 0xFF, 0xFE, 0x7C, 0x0F, 0x9F, 0x01, 0xF7, 0x80,
    0x7F, 0xE0, 0x1F, 0x01, 0xE0, 0x1E, 0x00, 0xE0, 0x0F, 0x00, 0xFC, 0x07, 0xF0, 0x73, 0x81, 0xFC,
    0x0F, 0xC0, 0x3C, 0x03, 0xF0, 0x7F, 0xE3, 0xFF, 0xBE, 0x7D, 0xE1, 0xE0, 0x1F, 0x1F, 0xFB, 0xFF,
    0xDF, 0xDF, 0xF0, 0xFF, 0x8F, 0xBF, 0xFD, 0xFF, 0xE7, 0xFF, 0x0E, 0x00, 0x00, 0x00, 0x00, 0x70,
    0x00, 0xE0, 0x01, 0xC0, 0x03, 0x80, 0x00, 0x00, 0x3F, 0xFE, 0x7F, 0xFE, 0xF1, 0xC0, 0xE1, 0xC0,
    0xE1, 0xC0, 0xE1, 0xC0, 0xE1, 0xC0, 0xE1, 0xC0, 0xE1, 0xC0, 0xFF, 0xFE, 0xFF, 0xFE, 0xE1, 0xC0,
    0xE1, 0xC0, 0xE1, 0xC0, 0xE1, 0xC0, 0xE1, 0xC0, 0xE1, 0xC0, 0xE1, 0xC0, 0xE1, 0xFE, 0xE1, 0xFE,
    0x00, 0x00, 0x00, 0x00, 0x00, 0x00, 0x00, 0x00, 0x00, 0x00, 0x00, 0x00, 0x00, 0x00, 0x00, 0x00,
    0x00, 0x00, 0x00, 0x00, 0x00, 0x00, 0x00, 0x00, 0x00, 0x70, 0x00, 0xE0, 0x01, 0xC0, 0x03, 0x80,
    0x00, 0x00, 0x00, 0x00, 0x7E, 0xF8, 0x7F, 0xFC, 0x03, 0x9E, 0x03, 0x8E, 0x03, 0x8E, 0x3F, 0x8E,
    0x7F, 0xFE, 0xF3, 0xFE, 0xE3, 0x80, 0xE3, 0x80, 0xE3, 0x80, 0xF3, 0xCE, 0x7F, 0xFE, 0x3E, 0xFC,
    0x00, 0x00, 0x00, 0x00, 0x00, 0x00, 0x00, 0x00, 0x00, 0x00, 0x00, 0x00, 0x00, 0x00, 0x00, 0x70,
    0x00, 0xE0, 0x01, 0xC0, 0x03, 0x80, 0x00, 0x00, 0x1F, 0xF0, 0x3F, 0xF8, 0x78, 0x3E, 0x70, 0x1E,
    0x70, 0x1C, 0x70, 0x3C, 0x70, 0x7C, 0x70, 0xFC, 0x71, 0xDC, 0x73, 0x9C, 0x77, 0x1C, 0x7E, 0x1C,
    0x7C, 0x1C, 0x78, 0x1C, 0x70, 0x1C, 0xF0, 0x1C, 0xF0, 0x1C, 0x78, 0x3C, 0x3F, 0xF8, 0x1F, 0xF0,
    0x00, 0x00, 0x00, 0x00, 0x00, 0x00, 0x00, 0x00, 0x00, 0x00, 0x00, 0x00, 0x00, 0x00, 0x00, 0x00,
    0x00, 0x00, 0x00, 0x00, 0x00, 0x00, 0x00, 0x00, 0x00, 0x70, 0x00, 0xE0, 0x01, 0xC0, 0x03, 0x80,
    0x00, 0x00, 0x00, 0x00, 0x1F, 0xF6, 0x3F, 0xFE, 0x78, 0x3C, 0x70, 0x7C, 0x70, 0xFC, 0x71, 0xDC,
    0x73, 0x9C, 0x77, 0x1C, 0x7E, 0x1C, 0x7C, 0x1C, 0x78, 0x1C, 0x78, 0x3C, 0xFF, 0xF8, 0xDF, 0xF0,
    0x00, 0x00, 0x00, 0x00, 0x00, 0x00, 0x00, 0x00, 0x00, 0x00, 0x00, 0x00, 0x1E, 0xF0, 0x03, 0xFC,
    0x00, 0xF7, 0x80, 0x1E, 0xE0, 0x00, 0x00, 0x00, 0x78, 0x00, 0x3F, 0x00, 0x0F, 0xE0, 0x07, 0xF8,
    0x01, 0xFE, 0x00, 0x7F, 0xC0, 0x3F, 0xF0, 0x0F, 0xBC, 0x03, 0xCF, 0x81, 0xF3, 0xE0, 0x7C, 0x78,
    0x1F, 0x1F, 0x0F, 0xFF, 0xC3, 0xFF, 0xF0, 0xFF, 0xFE, 0x7C, 0x0F, 0x9F, 0x01, 0xF7, 0x80, 0x7F,
    0xE0, 0x1F, 0x7B, 0xC3, 0xDE, 0x0F, 0x70, 0x3F, 0xC0, 0x00, 0x07, 0xE0, 0xFF, 0xC7, 0xFF, 0x7C,
    0xFB, 0xC3, 0xC0, 0x3E, 0x3F, 0xF7, 0xFF, 0xBF, 0xBF, 0xE1, 0xFF, 0x1F, 0x7F, 0xFB, 0xFF, 0xCF,
    0xFE, 0x1C, 0x00, 0x00, 0x00, 0x00, 0xFC, 0x00, 0x7F, 0x80, 0x1C, 0xF0, 0x06, 0x1C, 0x00, 0x00,
    0x00, 0x1E, 0x00, 0x0F, 0xC0, 0x03, 0xF8, 0x01, 0xFE, 0x00, 0x7F, 0x80, 0x1F, 0xF0, 0x0F, 0xFC,
    0x03, 0xEF, 0x00, 0xF3, 0xE0, 0x7C, 0xF8, 0x1F, 0x1E, 0x07, 0xC7, 0xC3, 0xFF, 0xF0, 0xFF, 0xFC,
    0x3F, 0xFF, 0x9F, 0x03, 0xE7, 0xC0, 0x7D, 0xE0, 0x1F, 0xF8, 0x07, 0xC0, 0x00, 0x00, 0x7E, 0x07,
    0xF8, 0x39, 0xE1, 0x87, 0x00, 0x00, 0x3F, 0x07, 0xFE, 0x3F, 0xFB, 0xE7, 0xDE, 0x1E, 0x01, 0xF1,
    0xFF, 0xBF, 0xFD, 0xFD, 0xFF, 0x0F, 0xF8, 0xFB, 0xFF, 0xDF, 0xFE, 0x7F, 0xF0, 0xE0, 0x00, 0xFF,
    0x83, 0xDE, 0x0F, 0x70, 0x3B, 0x80, 0x00, 0x3F, 0xFF, 0xFF, 0xFF, 0xFF, 0xFF, 0xFF, 0xC0, 0x3E,
    0x01, 0xF0, 0x0F, 0x80, 0x7F, 0xFF, 0xFF, 0xFF, 0xFF, 0xFF, 0xF7, 0xC0, 0x3E, 0x01, 0xF0, 0x0F,
    0xFF, 0x7F, 0xFF, 0xFF, 0xFF, 0xFF, 0x7B, 0xC0, 0xF7, 0x01, 0xDE, 0x07, 0xB8, 0x00, 0x00, 0x1F,
    0x01, 0xFF, 0x0F, 0xFE, 0x7E, 0xF9, 0xE0, 0xF7, 0x83, 0xDF, 0xFF, 0x7F, 0xFD, 0xFF, 0xF7, 0x80,
    0x1F, 0x0F, 0x3F, 0xFC, 0xFF, 0xE0, 0xFF, 0x00, 0xE0, 0x00, 0x00, 0x7E, 0x07, 0xF8, 0x79, 0xC3,
    0x86, 0x00, 0x01, 0xFF, 0xFF, 0xFF, 0xFF, 0xFF, 0xFF, 0xFE, 0x01, 0xF0, 0x0F, 0x80, 0x7C, 0x03,
    0xFF, 0xFF, 0xFF, 0xFF, 0xFF, 0xFF, 0xBE, 0x01, 0xF0, 0x0F, 0x80, 0x7F, 0xFB, 0xFF, 0xFF, 0xFF,
    0xFF, 0xF8, 0x01, 0x00, 0x3F, 0x01, 0xFE, 0x07, 0x3C, 0x1C, 0x70, 0x00, 0x00, 0x7C, 0x07, 0xFC,
    0x3F, 0xF9, 0xFB, 0xE7, 0x83, 0xDE, 0x0F, 0x7F, 0xFD, 0xFF, 0xF7, 0xFF, 0xDE, 0x00, 0x7C, 0x3C,
    0xFF, 0xF3, 0xFF, 0x83, 0xFC, 0x03, 0x80, 0xF7, 0x9E, 0xE3, 0xBC, 0xF7, 0x00, 0x01, 0xC0, 0xF8,
    0x3E, 0x0F, 0x83, 0xE0, 0xF8, 0x3E, 0x0F, 0x83, 0xE0, 0xF8, 0x3E, 0x0F, 0x83, 0xE0, 0xF8, 0x3E,
    0x0F, 0x83, 0xE0, 0xF8, 0x3E, 0x7B, 0xC7, 0xB8, 0xF7, 0x8F, 0x70, 0x00, 0x0F, 0x01, 0xF0, 0x3E,
    0x07, 0xC0, 0xF8, 0x1F, 0x03, 0xE0, 0x7C, 0x0F, 0x81, 0xF0, 0x3E, 0x07, 0xC0, 0xF8, 0x1F, 0x00,
    0x08, 0x3F, 0x3F, 0xDC, 0xFE, 0x38, 0x00, 0x70, 0x7C, 0x3E, 0x1F, 0x0F, 0x87, 0xC3, 0xE1, 0xF0,
    0xF8, 0x7C, 0x3E, 0x1F, 0x0F, 0x87, 0xC3, 0xE1, 0xF0, 0xF8, 0x7C, 0x3E, 0x00, 0x08, 0x3F, 0x3F,
    0xDC, 0xFE, 0x38, 0x00, 0xF0, 0x7C, 0x3E, 0x1F, 0x0F, 0x87, 0xC3, 0xE1, 0xF0, 0xF8, 0x7C, 0x3E,
    0x1F, 0x0F, 0x87, 0xC0, 0x3D, 0xE0, 0x07, 0xBC, 0x00, 0xEF, 0x00, 0x3D, 0xC0, 0x00, 0x00, 0x00,
    0xF8, 0x00, 0xFF, 0x80, 0x7F, 0xF8, 0x3F, 0xFE, 0x1F, 0x8F, 0xCF, 0xC0, 0xFB, 0xE0, 0x3E, 0xF8,
    0x07, 0xBC, 0x01, 0xEF, 0x00, 0x7B, 0xC0, 0x1E, 0xF0, 0x07, 0xBE, 0x01, 0xEF, 0x80, 0xF9, 0xF0,
    0x7E, 0x7F, 0x7F, 0x0F, 0xFF, 0x81, 0xFF, 0xC0, 0x3F, 0xE0, 0x01, 0xC0, 0x00, 0x7B, 0xC0, 0x7B,
    0xC0, 0x7F, 0x80, 0x77, 0x00, 0x00, 0x00, 0xF8, 0x07, 0xFC, 0x1F, 0xFC, 0x7F, 0xFC, 0xF8, 0xF9,
    0xE0, 0xF3, 0xC1, 0xF7, 0x83, 0xEF, 0x07, 0xDE, 0x0F, 0x3E, 0x3E, 0x3F, 0xF8, 0x7F, 0xF0, 0x3F,
    0xC0, 0x1C, 0x00, 0x00, 0x80, 0x00, 0xFC, 0x00, 0x7F, 0x80, 0x3C, 0xE0, 0x0E, 0x38, 0x00, 0x00,
    0x00, 0x3E, 0x00, 0x3F, 0xE0, 0x1F, 0xFE, 0x0F, 0xFF, 0x87, 0xE3, 0xF3, 0xF0, 0x3E, 0xF8, 0x0F,
    0xBE, 0x01, 0xEF, 0x00, 0x7B, 0xC0, 0x1E, 0xF0, 0x07, 0xBC, 0x01, 0xEF, 0x80, 0x7B, 0xE0, 0x3E,
    0x7C, 0x1F, 0x9F, 0xDF, 0xC3, 0xFF, 0xE0, 0x7F, 0xF0, 0x0F, 0xF8, 0x00, 0x70, 0x00, 0x01, 0x00,
    0x0F, 0xC0, 0x3F, 0xC0, 0xF3, 0x81, 0xC7, 0x00, 0x00, 0x01, 0xF0, 0x0F, 0xF8, 0x3F, 0xF8, 0xFF,
    0xF9, 0xF1, 0xF3, 0xC1, 0xE7, 0x83, 0xEF, 0x07, 0xDE, 0x0F, 0xBC, 0x1E, 0x7C, 0x7C, 0x7F, 0xF0,
    0xFF, 0xE0, 0x7F, 0x80, 0x38, 0x00, 0x7B, 0xC0, 0xF7, 0x80, 0xF7, 0x00, 0xFF, 0x00, 0x00, 0x0F,
    0xF0, 0x3F, 0xFC, 0x7F, 0xFC, 0xFF, 0xFD, 0xF0, 0xFB, 0xE0, 0xFF, 0xC1, 0xFF, 0x83, 0xFF, 0x0F,
    0xBF, 0xFF, 0x7F, 0xFC, 0xFF, 0xF1, 0xFF, 0xE3, 0xE7, 0xC7, 0xC7, 0xCF, 0x8F, 0x9F, 0x0F, 0xBE,
    0x0F, 0x7C, 0x1F, 0xF7, 0x8F, 0x70, 0xEF, 0x1E, 0xE0, 0x00, 0x79, 0xCF, 0xF9, 0xFF, 0x3F, 0xE7,
    0xC0, 0xF8, 0x1F, 0x03, 0xE0, 0x7C, 0x0F, 0x81, 0xF0, 0x3E, 0x07, 0xC0, 0xF8, 0x00, 0x00, 0x00,
    0x1F, 0x80, 0x7F, 0x80, 0xE7, 0x81, 0x87, 0x00, 0x00, 0x1F, 0xE0, 0x7F, 0xF8, 0xFF, 0xF9, 0xFF,
    0xFB, 0xE1, 0xF7, 0xC1, 0xFF, 0x83, 0xFF, 0x07, 0xFE, 0x1F, 0x7F, 0xFE, 0xFF, 0xF9, 0xFF, 0xE3,
    0xFF, 0xC7, 0xCF, 0x8F, 0x8F, 0x9F, 0x1F, 0x3E, 0x1F, 0x7C, 0x1E, 0xF8, 0x3E, 0x08, 0x3F, 0x1F,
    0xDC, 0xFE, 0x38, 0x03, 0xCF, 0xFF, 0xFF, 0xFF, 0xFE, 0x1F, 0x0F, 0x87, 0xC3, 0xE1, 0xF0, 0xF8,
    0x7C, 0x3E, 0x1F, 0x00, 0x3D, 0xE0, 0x3D, 0xE0, 0x1E, 0xE0, 0x0E, 0xF0, 0x00, 0x00, 0x70, 0x0E,
    0xF8, 0x1F, 0xF8, 0x1F, 0xF8, 0x1F, 0xF8, 0x1F, 0xF8, 0x1F, 0xF8, 0x1F, 0xF8, 0x1F, 0xF8, 0x1F,
    0xF8, 0x1F, 0xF8, 0x1F, 0xF8, 0x1F, 0xF8, 0x1F, 0xF8, 0x1F, 0xF8, 0x1F, 0x7E, 0x7E, 0x7F, 0xFE,
    0x3F, 0xFC, 0x0F, 0xF8, 0x03, 0xC0, 0xF7, 0x83, 0xDE, 0x0F, 0xF0, 0x3B, 0x80, 0x00, 0x78, 0x3F,
    0xE1, 0xFF, 0x0F, 0xF8, 0x7F, 0xC3, 0xFE, 0x1F, 0xF0, 0xFF, 0x87, 0xFC, 0x3F, 0xE1, 0xFF, 0x9F,
    0x7F, 0xFB, 0xFF, 0xCF, 0xDE, 0x18, 0x00, 0x00, 0x00, 0x07, 0xE0, 0x0F, 0xF0, 0x0E, 0x78, 0x1C,
    0x38, 0x00, 0x00, 0x70, 0x0E, 0xF8, 0x1F, 0xF8, 0x1F, 0xF8, 0x1F, 0xF8, 0x1F, 0xF8, 0x1F, 0xF8,
    0x1F, 0xF8, 0x1F, 0xF8, 0x1F, 0xF8, 0x1F, 0xF8, 0x1F, 0xF8, 0x1F, 0xF8, 0x1F, 0xF8, 0x1F, 0xF8,
    0x1F, 0x7E, 0x7E, 0x7F, 0xFE, 0x3F, 0xFC, 0x0F, 0xF8, 0x03, 0xC0, 0x02, 0x00, 0x7E, 0x07, 0xF8,
    0x79, 0xC3, 0x8E, 0x00, 0x03, 0xC1, 0xFF, 0x0F, 0xF8, 0x7F, 0xC3, 0xFE, 0x1F, 0xF0, 0xFF, 0x87,
    0xFC, 0x3F, 0xE1, 0xFF, 0x0F, 0xFC, 0xFB, 0xFF, 0xDF, 0xFE, 0x7E, 0xF0, 0xC0, 0x00, 0x00, 0x00,
    0x00, 0x00, 0x00, 0x00, 0x00, 0x00, 0x00, 0x00, 0x00, 0x00, 0x1F, 0xF0, 0x3F, 0xF8, 0x78, 0x3C,
    0x70, 0x1C, 0x70, 0x1C, 0x70, 0x00, 0x70, 0x00, 0x70, 0x00, 0x78, 0x00, 0x3F, 0xF0, 0x1F, 0xF8,
    0x00, 0x3C, 0x00, 0x1C, 0x00, 0x1C, 0x00, 0x1C, 0x70, 0x1C, 0x70, 0x1C, 0x78, 0x3C, 0x3F, 0xF8,
    0x1F, 0xF0, 0x00, 0x00, 0x03, 0x80, 0x03, 0x80, 0x03, 0x80, 0x07, 0x00, 0x0E, 0x00, 0x00, 0x00,
    0x00, 0x00, 0x00, 0x00, 0x00, 0x00, 0x00, 0x00, 0x00, 0x00, 0x00, 0x00, 0x00, 0x00, 0x00, 0x00,
    0x00, 0x00, 0x00, 0x00, 0x00, 0x00, 0x1F, 0xF0, 0x3F, 0xF8, 0x78, 0x3C, 0x70, 0x00, 0x70, 0x00,
    0x78, 0x00, 0x3F, 0xF0, 0x1F, 0xF8, 0x00, 0x3C, 0x00, 0x1C, 0x00, 0x1C, 0x78, 0x3C, 0x3F, 0xF8,
    0x1F, 0xF0, 0x00, 0x00, 0x03, 0x80, 0x03, 0x80, 0x03, 0x80, 0x07, 0x00, 0x0E, 0x00, 0x00, 0x00,
    0x00, 0x00, 0x00, 0x00, 0x00, 0x00, 0x00, 0x00, 0x00, 0x00, 0x7F, 0xFC, 0x7F, 0xFC, 0x03, 0x80,
    0x03, 0x80, 0x03, 0x80, 0x03, 0x80, 0x03, 0x80, 0x03, 0x80, 0x03, 0x80, 0x03, 0x80, 0x03, 0x80,
    0x03, 0x80, 0x03, 0x80, 0x03, 0x80, 0x03, 0x80, 0x03, 0x80, 0x03, 0x80, 0x03, 0x80, 0x03, 0x80,
    0x03, 0x80, 0x00, 0x00, 0x03, 0x80, 0x03, 0x80, 0x03, 0x80, 0x07, 0x00, 0x0E, 0x00, 0x00, 0x00,
    0x00, 0x00, 0x00, 0x00, 0x00, 0x00, 0x00, 0x00, 0x00, 0x00, 0x07, 0x00, 0x07, 0x00, 0x07, 0x00,
    0x07, 0x00, 0x07, 0x00, 0x07, 0x00, 0x7F, 0xF0, 0x7F, 0xF0, 0x07, 0x00, 0x07, 0x00, 0x07, 0x00,
    0x07, 0x00, 0x07, 0x00, 0x07, 0x00, 0x07, 0x00, 0x07, 0x00, 0x07, 0x00, 0x07, 0x80, 0x03, 0xFC,
    0x01, 0xFC, 0x00, 0x00, 0x00, 0x70, 0x00, 0x70, 0x00, 0x70, 0x00, 0xE0, 0x01, 0xC0, 0x07, 0xC0,
    0x7F, 0xE1, 0xFF, 0xE3, 0xFF, 0xEF, 0x87, 0xDF, 0x07, 0x80, 0x0F, 0x00, 0x1E, 0x00, 0x7C, 0x01,
    0xF0, 0x0F, 0xC0, 0xFF, 0xC7, 0xFF, 0xCF, 0xE7, 0x9E, 0x0F, 0x00, 0x1E, 0x00, 0x3C, 0x00, 0xF8,
    0x03, 0xF0, 0x1F, 0xC0, 0xFF, 0x0F, 0xFC, 0x1F, 0xE0, 0x3F, 0x00, 0x20, 0x00, 0x1F, 0xC7, 0xFE,
    0x7F, 0xFF, 0x9F, 0xF1, 0xF0, 0x1F, 0x01, 0xE0, 0x3E, 0x0F, 0xE3, 0xFF, 0x3E, 0xF3, 0x8F, 0x00,
    0xF0, 0x1F, 0x03, 0xE0, 0xFE, 0x3F, 0xC3, 0xF0, 0x3C, 0x02, 0x00, 0x1E, 0x78, 0x0F, 0xF0, 0x07,
    0xE0, 0x03, 0xC0, 0x00, 0x00, 0x70, 0x0F, 0xF8, 0x0F, 0xF8, 0x0F, 0xF8, 0x0F, 0xF8, 0x0F, 0xF8,
    0x0F, 0xF8, 0x0F, 0xF8, 0x0F, 0xFF, 0xFF, 0xFF, 0xFF, 0xFF, 0xFF, 0xFF, 0xFF, 0xF8, 0x0F, 0xF8,
    0x0F, 0xF8, 0x0F, 0xF8, 0x0F, 0xF8, 0x0F, 0xF8, 0x0F, 0xF8, 0x0F, 0xF3, 0xC0, 0x7F, 0x80, 0x3F,
    0x00, 0x1E, 0x00, 0x00, 0x00, 0x0E, 0x00, 0x1E, 0x00, 0x1E, 0x00, 0x1E, 0x00, 0x1E, 0x00, 0x1E,
    0x7C, 0x1F, 0xFE, 0x1F, 0xFF, 0x1F, 0xFF, 0x1F, 0x1F, 0x1F, 0x0F, 0x1F, 0x0F, 0x1F, 0x0F, 0x1F,
    0x0F, 0x1F, 0x0F, 0x1F, 0x0F, 0x1F, 0x0F, 0x1F, 0x0F, 0x1F, 0x0F, 0x00, 0x00, 0x1C, 0x00, 0x0E,
    0x00, 0x07, 0x00, 0x03, 0x80, 0x00, 0x00, 0x00, 0x00, 0x00, 0x00, 0x00, 0x00, 0x00, 0x00, 0x00,
    0x00, 0x00, 0x00, 0x00, 0x00, 0x00, 0x00, 0x00, 0x00, 0x00, 0x00, 0x00, 0x00, 0x00, 0x00, 0x00,
    0x00, 0x00, 0x00, 0x00, 0x00, 0x00, 0x00, 0x00, 0x00, 0x00, 0x00, 0x00, 0x00, 0x00, 0x00, 0x00,
    0x00, 0x00, 0x00, 0x00, 0x00, 0x00, 0x00, 0x00, 0x00, 0x00, 0x00, 0x00, 0x00, 0x00, 0x70, 0x00,
    0xE0, 0x01, 0xC0, 0x03, 0x80, 0x00, 0x00, 0x00, 0x00, 0x00, 0x00, 0x00, 0x00, 0x00, 0x00, 0x00,
    0x00, 0x00, 0x00, 0x00, 0x00, 0x00, 0x00, 0x00, 0x00, 0x00, 0x00, 0x00, 0x00, 0x00, 0x00, 0x00,
    0x00, 0x00, 0x00, 0x00, 0x00, 0x00, 0x00, 0x00, 0x00, 0x00, 0x00, 0x00, 0x00, 0x00, 0x00, 0x00,
    0x00, 0x00, 0x00, 0x00, 0x00, 0x00, 0x00, 0x00, 0x00, 0x00, 0x00, 0x00, 0x00, 0x03, 0x80, 0x07,
    0xC0, 0x0E, 0xE0, 0x1C, 0x70, 0x00, 0x00, 0x00, 0x00, 0x00, 0x00, 0x00, 0x00, 0x00, 0x00, 0x00,
    0x00, 0x00, 0x00, 0x00, 0x00, 0x00, 0x00, 0x00, 0x00, 0x00, 0x00, 0x00, 0x00, 0x00, 0x00, 0x00,
    0x00, 0x00, 0x00, 0x00, 0x00, 0x00, 0x00, 0x00, 0x00, 0x00, 0x00, 0x00, 0x00, 0x00, 0x00, 0x00,
    0x00, 0x00, 0x00, 0x00, 0x00, 0x00, 0x00, 0x00, 0x00, 0x00, 0x00, 0x00, 0x00, 0x1F, 0x38, 0x3B,
    0xB8, 0x3B, 0xB8, 0x39, 0xF0, 0x00, 0x00, 0x00, 0x00, 0x00, 0x00, 0x00, 0x00, 0x00, 0x00, 0x00,
    0x00, 0x00, 0x00, 0x00, 0x00, 0x00, 0x00, 0x00, 0x00, 0x00, 0x00, 0x00, 0x00, 0x00, 0x00, 0x00,
    0x00, 0x00, 0x00, 0x00, 0x00, 0x00, 0x00, 0x00, 0x00, 0x00, 0x00, 0x00, 0x00, 0x00, 0x00, 0x00,
    0x00, 0x00, 0x00, 0x00, 0x00, 0x00, 0x00, 0x00, 0x00, 0x00, 0x00, 0x00, 0x00, 0x00, 0x00, 0x1F,
    0xF0, 0x1F, 0xF0, 0x00, 0x00, 0x00, 0x00, 0x00, 0x00, 0x00, 0x00, 0x00, 0x00, 0x00, 0x00, 0x00,
    0x00, 0x00, 0x00, 0x00, 0x00, 0x00, 0x00, 0x00, 0x00, 0x00, 0x00, 0x00, 0x00, 0x00, 0x00, 0x00,
    0x00, 0x00, 0x00, 0x00, 0x00, 0x00, 0x00, 0x00, 0x00, 0x00, 0x00, 0x00, 0x00, 0x00, 0x00, 0x00,
    0x00, 0x00, 0x00, 0x00, 0x00, 0x00, 0x00, 0x00, 0x00, 0x00, 0x00, 0x00, 0x00, 0x00, 0x00, 0x7F,
    0xFC, 0x7F, 0xFC, 0x00, 0x00, 0x00, 0x00, 0x00, 0x00, 0x00, 0x00, 0x00, 0x00, 0x00, 0x00, 0x00,
    0x00, 0x00, 0x00, 0x00, 0x00, 0x00, 0x00, 0x00, 0x00, 0x00, 0x00, 0x00, 0x00, 0x00, 0x00, 0x00,
    0x00, 0x00, 0x00, 0x00, 0x00, 0x00, 0x00, 0x00, 0x00, 0x00, 0x00, 0x00, 0x00, 0x00, 0x00, 0x00,
    0x00, 0x00, 0x00, 0x00, 0x00, 0x00, 0x00, 0x00, 0x00, 0x00, 0x00, 0x00, 0x00, 0x1C, 0x70, 0x1C,
    0x70, 0x0F, 0xE0, 0x07, 0xC0, 0x00, 0x00, 0x00, 0x00, 0x00, 0x00, 0x00, 0x00, 0x00, 0x00, 0x00,
    0x00, 0x00, 0x00, 0x00, 0x00, 0x00, 0x00, 0x00, 0x00, 0x00, 0x00, 0x00, 0x00, 0x00, 0x00, 0x00,
    0x00, 0x00, 0x00, 0x00, 0x00, 0x00, 0x00, 0x00, 0x00, 0x00, 0x00, 0x00, 0x00, 0x00, 0x00, 0x00,
    0x00, 0x00, 0x00, 0x00, 0x00, 0x00, 0x00, 0x00, 0x00, 0x00, 0x00, 0x00, 0x00, 0x03, 0x80, 0x03,
    0x80, 0x03, 0x80, 0x03, 0x80, 0x00, 0x00, 0x00, 0x00, 0x00, 0x00, 0x00, 0x00, 0x00, 0x00, 0x00,
    0x00, 0x00, 0x00, 0x00, 0x00, 0x00, 0x00, 0x00, 0x00, 0x00, 0x00, 0x00, 0x00, 0x00, 0x00, 0x00,
    0x00, 0x00, 0x00, 0x00, 0x00, 0x00, 0x00, 0x00, 0x00, 0x00, 0x00, 0x00, 0x00, 0x00, 0x00, 0x00,
    0x00, 0x00, 0x00, 0x00, 0x00, 0x00, 0x00, 0x00, 0x00, 0x00, 0x00, 0x00, 0x00, 0x1C, 0x70, 0x1C,
    0x70, 0x1C, 0x70, 0x1C, 0x70, 0x00, 0x00, 0x00, 0x00, 0x00, 0x00, 0x00, 0x00, 0x00, 0x00, 0x00,
    0x00, 0x00, 0x00, 0x00, 0x00, 0x00, 0x00, 0x00, 0x00, 0x00, 0x00, 0x00, 0x00, 0x00, 0x00, 0x00,
    0x00, 0x00, 0x00, 0x00, 0x00, 0x00, 0x00, 0x00, 0x00, 0x00, 0x00, 0x00, 0x00, 0x00, 0x00, 0x00,
    0x00, 0x00, 0x00, 0x00, 0x00, 0x00, 0x00, 0x00, 0x00, 0x00, 0x00, 0xFF, 0xCE, 0xE0, 0x00, 0x00,
    0x07, 0xC0, 0x0E, 0xE0, 0x0E, 0xE0, 0x0E, 0xE0, 0x07, 0xC0, 0x00, 0x00, 0x00, 0x00, 0x00, 0x00,
    0x00, 0x00, 0x00, 0x00, 0x00, 0x00, 0x00, 0x00, 0x00, 0x00, 0x00, 0x00, 0x00, 0x00, 0x00, 0x00,
    0x00, 0x00, 0x00, 0x00, 0x00, 0x00, 0x00, 0x00, 0x00, 0x00, 0x00, 0x00, 0x00, 0x00, 0x00, 0x00,
    0x00, 0x00, 0x00, 0x00, 0x00, 0x00, 0x00, 0x00, 0x00, 0x00, 0x00, 0x00, 0x00, 0x00, 0x00, 0x00,
    0x03, 0x8E, 0x07, 0x1C, 0x0E, 0x38, 0x1C, 0x70, 0x00, 0x00, 0x00, 0x00, 0x00, 0x00, 0x00, 0x00,
    0x00, 0x00, 0x00, 0x00, 0x00, 0x00, 0x00, 0x00, 0x00, 0x00, 0x00, 0x00, 0x00, 0x00, 0x00, 0x00,
    0x00, 0x00, 0x00, 0x00, 0x00, 0x00, 0x00, 0x00, 0x00, 0x00, 0x00, 0x00, 0x00, 0x00, 0x00, 0x00,
    0x00, 0x00, 0x00, 0x00, 0x00, 0x00, 0x00, 0x00, 0x00, 0x00, 0x00, 0x00, 0x00, 0x00, 0x00, 0x00,
    0x1C, 0x70, 0x0E, 0xE0, 0x07, 0xC0, 0x03, 0x80, 0x00, 0x00, 0x00, 0x00, 0x00, 0x00, 0x00, 0x00,
    0x00, 0x00, 0x00, 0x00, 0x00, 0x00, 0x00, 0x00, 0x00, 0x00, 0x00, 0x00, 0x00, 0x00, 0x00, 0x00,
    0x00, 0x00, 0x00, 0x00, 0x00, 0x00, 0x00, 0x00, 0x00, 0x00, 0x00, 0x00, 0x00, 0x00, 0x00, 0x00,
    0x00, 0x00, 0x00, 0x00, 0x00, 0x00, 0x00, 0x00, 0x00, 0x00, 0x00, 0x00, 0x00, 0x00, 0x7B, 0xCF,
    0x78, 0xF7, 0x0E, 0xF0, 0x03, 0xDE, 0xF7, 0xBD, 0xDC, 0x00, 0x03, 0xDE, 0xF7, 0xBD, 0xDC, 0x00,
    0x7B, 0xDC, 0xEF, 0x71, 0x80, 0x77, 0xFE, 0xE0, 0x77, 0x7F, 0xE6, 0x61, 0x87, 0x8F, 0x7F, 0xE0,
    0x00, 0x38, 0xF9, 0xE7, 0xC7, 0xCF, 0xC6, 0x00, 0x00, 0x00, 0x00, 0x00, 0x00, 0x00, 0x00, 0x00,
    0x00, 0x00, 0x00, 0x00, 0x00, 0x00, 0x00, 0x00, 0x00, 0x00, 0x00, 0x00, 0x00, 0x00, 0x00, 0x00,
    0x00, 0x00, 0x00, 0x00, 0x00, 0x00, 0x00, 0x00, 0x00, 0x00, 0x00, 0x00, 0x00, 0x00, 0x00, 0x00,
    0x00, 0x00, 0x00, 0x00, 0x00, 0x00, 0x00, 0x00, 0x00, 0x00, 0x00, 0x00, 0x00, 0x00, 0x03, 0x80,
    0x03, 0x80, 0x03, 0x80, 0x03, 0x80, 0x00, 0x00, 0x7B, 0xE7, 0xF8, 0x7E, 0x0F, 0x80, 0x00, 0x60,
    0x0E, 0x00, 0xC0, 0x1C, 0x01, 0x80, 0x38, 0x03, 0x00, 0x70, 0x06, 0x00, 0xE0, 0x0C, 0x01, 0xC0,
    0x18, 0x03, 0x80, 0x30, 0x07, 0x00, 0x60, 0x00, 0x00, 0x0C, 0x00, 0x38, 0x00, 0x60, 0x01, 0xC0,
    0x07, 0x00, 0x0C, 0x00, 0x38, 0x00, 0xE0, 0x01, 0xC0, 0x07, 0x00, 0x0C, 0x00, 0x38, 0x00, 0xE0,
    0x01, 0x80, 0x07, 0x00, 0x0C, 0x00, 0x38, 0x00, 0xE0, 0x01, 0x80, 0x07, 0x00, 0x00, 0x39, 0xDF,
    0xF7, 0xF9, 0x9C, 0x7B, 0xDD, 0xEF, 0x00, 0xFF, 0xFF, 0xFF, 0xFF, 0x87, 0xE1, 0xF8, 0x70, 0xFF,
    0xFF, 0xFF, 0xE0, 0x0F, 0xFF, 0xFF, 0xFE, 0xE7, 0xDF, 0xBF, 0x7E, 0xFD, 0xC0, 0x00, 0xFF, 0xFF,
    0xCF, 0x3C, 0x60, 0x02, 0x07, 0xFD, 0xFF, 0xBF, 0xE6, 0xF8, 0x18, 0x00, 0x1E, 0x0F, 0x81, 0xE0,
    0x76, 0x7F, 0xFF, 0xFE, 0xFB, 0x78, 0x1E, 0x0F, 0x81, 0xE0, 0x00, 0x1F, 0xFF, 0xFF, 0x9E, 0x7F,
    0xFF, 0xFE, 0x78, 0x19, 0x87, 0x1C, 0xFF, 0xEF, 0xFF, 0x70, 0xE3, 0x9C, 0x00, 0xC7, 0xBF, 0xF4,
    0xC3, 0x00, 0x80, 0x3C, 0x0F, 0xC3, 0xFE, 0x1F, 0xC3, 0xF7, 0xFF, 0xFC, 0xF8, 0x30, 0x00, 0x37,
    0x66, 0x70, 0x1F, 0x1F, 0xE7, 0xFB, 0xCF, 0x1E, 0x07, 0x81, 0xE0, 0x78, 0x01, 0xDB, 0xF3, 0xC7,
    0xDF, 0x90, 0x00, 0x00, 0x1D, 0xFF, 0xCF, 0xC7, 0xC1, 0x80, 0x01, 0xE3, 0xF9, 0xF7, 0xFF, 0x30,
    0x00, 0x00, 0x31, 0xE0, 0x71, 0xF9, 0xE0, 0xFB, 0xC7, 0xFF, 0xDF, 0x99, 0x98, 0x33, 0x00, 0xEF,
    0x73, 0x7F, 0xC0, 0x77, 0xFE, 0xE0, 0x00, 0xCF, 0xFF, 0x39, 0xE4, 0x80, 0x00, 0x0F, 0xFB, 0xFF,
    0x66, 0x6F, 0xFC, 0xFF, 0x80, 0x31, 0xC7, 0xFF, 0xFC, 0x63, 0x80, 0x70, 0x00, 0xE7, 0x80, 0x1E,
    0x3F, 0xFF, 0xC1, 0xFF, 0xF8, 0x07, 0xFE, 0x00, 0xE0, 0x01, 0xFF, 0x00, 0x79, 0xFF, 0xFF, 0x1F,
    0xFF, 0x80, 0x7F, 0xC0, 0x7F, 0xFF, 0xFF, 0xFF, 0xFF, 0xF8, 0x7F, 0xFF, 0xFF, 0xFF, 0xFF, 0xF8,
    0x1F, 0xC0, 0x01, 0xDF, 0xFF, 0xFF, 0xF7, 0xFF, 0xFF, 0xFF, 0x80, 0x3F, 0xFC, 0x00, 0x00, 0x00,
    0x00, 0x00, 0x40, 0x01, 0xFF, 0xC0, 0xFF, 0xFE, 0x3F, 0x07, 0xEF, 0x00, 0x1F, 0xC0, 0x01, 0xC0,
    0x00, 0x00, 0xE0, 0x00, 0x03, 0xCF, 0xFF, 0xFF, 0xFF, 0xFF, 0xFF, 0x00, 0x00, 0x78, 0x00, 0x03,
    0x80, 0x79, 0xFB, 0xB3, 0xEF, 0xDB, 0xBF, 0x3E, 0x39, 0xFB, 0xBF, 0xFF, 0xFD, 0xBF, 0x1C, 0x1F,
    0xEF, 0xFF, 0xFF, 0x00, 0x1C, 0x7E, 0x7F, 0x67, 0x67, 0x77, 0x7E, 0x3C, 0xCD, 0x9F, 0x3E, 0x7C,
    0xFF, 0xFF, 0xBE, 0x39, 0xFB, 0xB6, 0x2C, 0x1D, 0xBF, 0x1C, 0x06, 0x07, 0x07, 0x3F, 0x7F, 0x77,
    0x67, 0x67, 0x7F, 0x7F, 0x3E, 0xC1, 0x83, 0x07, 0xCF, 0xDF, 0xB3, 0xE7, 0xCF, 0x9F, 0x30, 0x7D,
    0xC7, 0xFE, 0x7F, 0xE6, 0x67, 0x66, 0x76, 0x67, 0x66, 0x76, 0x66, 0x7F, 0xFF, 0xCE, 0x73, 0x8C,
    0x23, 0xBF, 0xF7, 0x39, 0xCE, 0x79, 0xC0, 0x67, 0x76, 0x7E, 0x3E, 0x3C, 0x3C, 0x1C, 0x18, 0xEF,
    0xF9, 0xF3, 0xC7, 0x8F, 0xBB, 0xE7, 0x00, 0x00, 0x1C, 0x00, 0x0E, 0x00, 0x07, 0x00, 0x03, 0x80,
    0x00, 0x00, 0x7F, 0xFC, 0x7F, 0xFC, 0x70, 0x00, 0x70, 0x00, 0x70, 0x00, 0x70, 0x00, 0x70, 0x00,
    0x70, 0x00, 0x70, 0x00, 0x7F, 0xE0, 0x7F, 0xE0, 0x70, 0x00, 0x70, 0x00, 0x70, 0x00, 0x70, 0x00,
    0x70, 0x00, 0x70, 0x00, 0x70, 0x00, 0x7F, 0xFC, 0x7F, 0xFC, 0x00, 0x00, 0x00, 0x00, 0x00, 0x00,
    0x00, 0x00, 0x00, 0x00, 0x00, 0x00, 0x00, 0x00, 0x1C, 0x70, 0x1C, 0x70, 0x1C, 0x70, 0x1C, 0x70,
    0x00, 0x00, 0x7F, 0xFC, 0x7F, 0xFC, 0x70, 0x00, 0x70, 0x00, 0x70, 0x00, 0x70, 0x00, 0x70, 0x00,
    0x70, 0x00, 0x70, 0x00, 0x7F, 0xE0, 0x7F, 0xE0, 0x70, 0x00, 0x70, 0x00, 0x70, 0x00, 0x70, 0x00,
    0x70, 0x00, 0x70, 0x00, 0x70, 0x00, 0x7F, 0xFC, 0x7F, 0xFC, 0x00, 0x00, 0x00, 0x00, 0x00, 0x00,
    0x00, 0x00, 0x00, 0x00, 0x00, 0x00, 0x00, 0x00, 0x00, 0x00, 0x00, 0x00, 0x00, 0x00, 0x00, 0x00,
    0x00, 0x00, 0xFF, 0x80, 0xFF, 0x80, 0x1C, 0x00, 0x1C, 0x00, 0x1C, 0x00, 0x1C, 0x00, 0x1C, 0x00,
    0x1F, 0xF8, 0x1F, 0xFC, 0x1C, 0x1E, 0x1C, 0x0E, 0x1C, 0x0E, 0x1C, 0x0E, 0x1C, 0x0E, 0x1C, 0x0E,
    0x1C, 0x0E, 0x1C, 0x0E, 0x1C, 0x1E, 0x1C, 0x7C, 0x1C, 0x78, 0x00, 0x00, 0x00, 0x00, 0x00, 0x00,
    0x00, 0x00, 0x00, 0x00, 0x00, 0x00, 0x00, 0x00, 0x00, 0x70, 0x00, 0xE0, 0x01, 0xC0, 0x03, 0x80,
    0x00, 0x00, 0x7F, 0xFC, 0x7F, 0xFC, 0x70, 0x00, 0x70, 0x00, 0x70, 0x00, 0x70, 0x00, 0x70, 0x00,
    0x70, 0x00, 0x70, 0x00, 0x70, 0x00, 0x70, 0x00, 0x70, 0x00, 0x70, 0x00, 0x70, 0x00, 0x70, 0x00,
    0x70, 0x00, 0x70, 0x00, 0x70, 0x00, 0x70, 0x00, 0x70, 0x00, 0x00, 0x00, 0x00, 0x00, 0x00, 0x00,
    0x00, 0x00, 0x00, 0x00, 0x00, 0x00, 0x00, 0x00, 0x00, 0x00, 0x00, 0x00, 0x00, 0x00, 0x00, 0x00,
    0x00, 0x00, 0x1F, 0xF0, 0x3F, 0xF8, 0x78, 0x3C, 0x70, 0x1C, 0x70, 0x1C, 0x70, 0x00, 0x70, 0x00,
    0x70, 0x00, 0x70, 0x00, 0x7F, 0xE0, 0x7F, 0xE0, 0x70, 0x00, 0x70, 0x00, 0x70, 0x00, 0x70, 0x00,
    0x70, 0x1C, 0x70, 0x1C, 0x78, 0x3C, 0x3F, 0xF8, 0x1F, 0xF0, 0x00, 0x00, 0x00, 0x00, 0x00, 0x00,
    0x00, 0x00, 0x00, 0x00, 0x00, 0x00, 0x00, 0x00, 0x00, 0x00, 0x00, 0x00, 0x00, 0x00, 0x00, 0x00,
    0x00, 0x00, 0x1F, 0xF0, 0x3F, 0xF8, 0x78, 0x3C, 0x70, 0x1C, 0x70, 0x1C, 0x70, 0x00, 0x70, 0x00,
    0x70, 0x00, 0x78, 0x00, 0x3F, 0xF0, 0x1F, 0xF8, 0x00, 0x3C, 0x00, 0x1C, 0x00, 0x1C, 0x00, 0x1C,
    0x70, 0x1C, 0x70, 0x1C, 0x78, 0x3C, 0x3F, 0xF8, 0x1F, 0xF0, 0x00, 0x00, 0x00, 0x00, 0x00, 0x00,
    0x00, 0x00, 0x00, 0x00, 0x00, 0x00, 0x00, 0x00, 0x00, 0x00, 0x00, 0x00, 0x00, 0x00, 0x00, 0x00,
    0x00, 0x00, 0x0F, 0xE0, 0x0F, 0xE0, 0x03, 0x80, 0x03, 0x80, 0x03, 0x80, 0x03, 0x80, 0x03, 0x80,
    0x03, 0x80, 0x03, 0x80, 0x03, 0x80, 0x03, 0x80, 0x03, 0x80, 0x03, 0x80, 0x03, 0x80, 0x03, 0x80,
    0x03, 0x80, 0x03, 0x80, 0x03, 0x80, 0x0F, 0xE0, 0x0F, 0xE0, 0x00, 0x00, 0x00, 0x00, 0x00, 0x00,
    0x00, 0x00, 0x00, 0x00, 0x00, 0x00, 0x00, 0x00, 0x1C, 0x70, 0x1C, 0x70, 0x1C, 0x70, 0x1C, 0x70,
    0x00, 0x00, 0x0F, 0xE0, 0x0F, 0xE0, 0x03, 0x80, 0x03, 0x80, 0x03, 0x80, 0x03, 0x80, 0x03, 0x80,
    0x03, 0x80, 0x03, 0x80, 0x03, 0x80, 0x03, 0x80, 0x03, 0x80, 0x03, 0x80, 0x03, 0x80, 0x03, 0x80,
    0x03, 0x80, 0x03, 0x80, 0x03, 0x80, 0x0F, 0xE0, 0x0F, 0xE0, 0x00, 0x00, 0x00, 0x00, 0x00, 0x00,
    0x00, 0x00, 0x00, 0x00, 0x00, 0x00, 0x00, 0x00, 0x00, 0x00, 0x00, 0x00, 0x00, 0x00, 0x00, 0x00,
    0x00, 0x00, 0x00, 0xFE, 0x00, 0xFE, 0x00, 0x38, 0x00, 0x38, 0x00, 0x38, 0x00, 0x38, 0x00, 0x38,
    0x00, 0x38, 0x00, 0x38, 0x00, 0x38, 0x00, 0x38, 0x00, 0x38, 0x00, 0x38, 0x00, 0x38, 0x70, 0x38,
    0x70, 0x38, 0x70, 0x38, 0x78, 0x78, 0x3F, 0xF0, 0x1F, 0xE0, 0x00, 0x00, 0x00, 0x00, 0x00, 0x00,
    0x00, 0x00, 0x00, 0x00, 0x00, 0x00, 0x00, 0x00, 0x00, 0x00, 0x00, 0x00, 0x00, 0x00, 0x00, 0x00,
    0x00, 0x00, 0x1F, 0x80, 0x3F, 0x80, 0x7B, 0x80, 0x73, 0x80, 0x73, 0x80, 0x73, 0x80, 0x73, 0x80,
    0x73, 0xF8, 0x73, 0xFC, 0x73, 0x9E, 0x73, 0x8E, 0x73, 0x8E, 0x73, 0x8E, 0x73, 0x8E, 0x73, 0x8E,
    0x73, 0x8E, 0x73, 0x8E, 0x73, 0x9E, 0xF3, 0xFC, 0xE3, 0xF8, 0x00, 0x00, 0x00, 0x00, 0x00, 0x00,
    0x00, 0x00, 0x00, 0x00, 0x00, 0x00, 0x00, 0x00, 0x00, 0x00, 0x00, 0x00, 0x00, 0x00, 0x00, 0x00,
    0x00, 0x00, 0xE3, 0x80, 0xE3, 0x80, 0xE3, 0x80, 0xE3, 0x80, 0xE3, 0x80, 0xE3, 0x80, 0xE3, 0x80,
    0xE3, 0xF8, 0xE3, 0xFC, 0xFF, 0x9E, 0xFF, 0x8E, 0xE3, 0x8E, 0xE3, 0x8E, 0xE3, 0x8E, 0xE3, 0x8E,
    0xE3, 0x8E, 0xE3, 0x8E, 0xE3, 0x9E, 0xE3, 0xFC, 0xE3, 0xF8, 0x00, 0x00, 0x00, 0x00, 0x00, 0x00,
    0x00, 0x00, 0x00, 0x00, 0x00, 0x00, 0x00, 0x00, 0x00, 0x00, 0x00, 0x00, 0x00, 0x00, 0x00, 0x00,
    0x00, 0x00, 0xFF, 0x80, 0xFF, 0x80, 0x1C, 0x00, 0x1C, 0x00, 0x1C, 0x00, 0x1C, 0x00, 0x1C, 0x00,
    0x1F, 0xF8, 0x1F, 0xFC, 0x1C, 0x1E, 0x1C, 0x0E, 0x1C, 0x0E, 0x1C, 0x0E, 0x1C, 0x0E, 0x1C, 0x0E,
    0x1C, 0x0E, 0x1C, 0x0E, 0x1C, 0x0E, 0x1C, 0x0E, 0x1C, 0x0E, 0x00, 0x00, 0x00, 0x00, 0x00, 0x00,
    0x00, 0x00, 0x00, 0x00, 0x00, 0x00, 0x00, 0x00, 0x00, 0x70, 0x00, 0xE0, 0x01, 0xC0, 0x03, 0x80,
    0x00, 0x00, 0x70, 0x0C, 0x70, 0x1C, 0x70, 0x38, 0x70, 0x70, 0x70, 0xE0, 0x71, 0xC0, 0x73, 0x80,
    0x77, 0x00, 0x7E, 0x00, 0x7C, 0x00, 0x7C, 0x00, 0x7E, 0x00, 0x77, 0x00, 0x73, 0x80, 0x71, 0xC0,
    0x70, 0xE0, 0x70, 0x70, 0x70, 0x38, 0x70, 0x1C, 0x70, 0x0C, 0x00, 0x00, 0x00, 0x00, 0x00, 0x00,
    0x00, 0x00, 0x00, 0x00, 0x00, 0x00, 0x00, 0x00, 0x1C, 0x00, 0x0E, 0x00, 0x07, 0x00, 0x03, 0x80,
    0x00, 0x00, 0x70, 0x1C, 0x70, 0x1C, 0x70, 0x1C, 0x70, 0x1C, 0x70, 0x1C, 0x70, 0x1C, 0x70, 0x3C,
    0x70, 0x7C, 0x70, 0xFC, 0x71, 0xDC, 0x73, 0x9C, 0x77, 0x1C, 0x7E, 0x1C, 0x7C, 0x1C, 0x78, 0x1C,
    0x70, 0x1C, 0x70, 0x1C, 0x70, 0x1C, 0x70, 0x1C, 0x70, 0x1C, 0x00, 0x00, 0x00, 0x00, 0x00, 0x00,
    0x00, 0x00, 0x00, 0x00, 0x00, 0x00, 0x00, 0x00, 0x1C, 0x70, 0x1C, 0x70, 0x0F, 0xE0, 0x07, 0xC0,
    0x00, 0x00, 0x70, 0x1C, 0x70, 0x1C, 0x70, 0x1C, 0x70, 0x1C, 0x70, 0x1C, 0x70, 0x1C, 0x70, 0x1C,
    0x70, 0x1C, 0x70, 0x1C, 0x78, 0x1C, 0x3F, 0xFC, 0x1F, 0xFC, 0x00, 0x1C, 0x00, 0x1C, 0x00, 0x1C,
    0x00, 0x1C, 0x00, 0x1C, 0x00, 0x3C, 0x3F, 0xF8, 0x3F, 0xF0, 0x00, 0x00, 0x00, 0x00, 0x00, 0x00,
    0x00, 0x00, 0x00, 0x00, 0x00, 0x00, 0x00, 0x00, 0x00, 0x00, 0x00, 0x00, 0x00, 0x00, 0x00, 0x00,
    0x00, 0x00, 0x70, 0x1C, 0x70, 0x1C, 0x70, 0x1C, 0x70, 0x1C, 0x70, 0x1C, 0x70, 0x1C, 0x70, 0x1C,
    0x70, 0x1C, 0x70, 0x1C, 0x70, 0x1C, 0x70, 0x1C, 0x70, 0x1C, 0x70, 0x1C, 0x70, 0x1C, 0x70, 0x1C,
    0x70, 0x1C, 0x70, 0x1C, 0x70, 0x1C, 0x7F, 0xFC, 0x7F, 0xFC, 0x03, 0x80, 0x03, 0x80, 0x03, 0x80,
    0x03, 0x80, 0x03, 0x80, 0x00, 0x00, 0x00, 0x00, 0x00, 0x00, 0x00, 0x00, 0x00, 0x00, 0x00, 0x00,
    0x00, 0x00, 0x1F, 0xF0, 0x3F, 0xF8, 0x78, 0x3C, 0x70, 0x1C, 0x70, 0x1C, 0x70, 0x1C, 0x70, 0x1C,
    0x70, 0x1C, 0x70, 0x1C, 0x70, 0x1C, 0x7F, 0xFC, 0x7F, 0xFC, 0x70, 0x1C, 0x70, 0x1C, 0x70, 0x1C,
    0x70, 0x1C, 0x70, 0x1C, 0x70, 0x1C, 0x70, 0x1C, 0x70, 0x1C, 0x00, 0x00, 0x00, 0x00, 0x00, 0x00,
    0x00, 0x00, 0x00, 0x00, 0x00, 0x00, 0x00, 0x00, 0x00, 0x00, 0x00, 0x00, 0x00, 0x00, 0x00, 0x00,
    0x00, 0x00, 0x7F, 0xF8, 0x7F, 0xF8, 0x70, 0x00, 0x70, 0x00, 0x70, 0x00, 0x70, 0x00, 0x70, 0x00,
    0x7F, 0xF0, 0x7F, 0xF8, 0x70, 0x3C, 0x70, 0x1C, 0x70, 0x1C, 0x70, 0x1C, 0x70, 0x1C, 0x70, 0x1C,
    0x70, 0x1C, 0x70, 0x1C, 0x70, 0x3C, 0x7F, 0xF8, 0x7F, 0xF0, 0x00, 0x00, 0x00, 0x00, 0x00, 0x00,
    0x00, 0x00, 0x00, 0x00, 0x00, 0x00, 0x00, 0x00, 0x00, 0x00, 0x00, 0x00, 0x00, 0x00, 0x00, 0x00,
    0x00, 0x00, 0x7F, 0xF0, 0x7F, 0xF8, 0x70, 0x3C, 0x70, 0x1C, 0x70, 0x1C, 0x70, 0x1C, 0x70, 0x1C,
    0x70, 0x38, 0x7F, 0xF0, 0x7F, 0xF0, 0x70, 0x38, 0x70, 0x1C, 0x70, 0x1C, 0x70, 0x1C, 0x70, 0x1C,
    0x70, 0x1C, 0x70, 0x1C, 0x70, 0x3C, 0x7F, 0xF8, 0x7F, 0xF0, 0x00, 0x00, 0x00, 0x00, 0x00, 0x00,
    0x00, 0x00, 0x00, 0x00, 0x00, 0x00, 0x00, 0x00, 0x00, 0x00, 0x00, 0x00, 0x00, 0x00, 0x00, 0x00,
    0x00, 0x00, 0x7F, 0xFC, 0x7F, 0xFC, 0x70, 0x00, 0x70, 0x00, 0x70, 0x00, 0x70, 0x00, 0x70, 0x00,
    0x70, 0x00, 0x70, 0x00, 0x70, 0x00, 0x70, 0x00, 0x70, 0x00, 0x70, 0x00, 0x70, 0x00, 0x70, 0x00,
    0x70, 0x00, 0x70, 0x00, 0x70, 0x00, 0x70, 0x00, 0x70, 0x00, 0x00, 0x00, 0x00, 0x00, 0x00, 0x00,
    0x00, 0x00, 0x00, 0x00, 0x00, 0x00, 0x00, 0x00, 0x00, 0x00, 0x00, 0x00, 0x00, 0x00, 0x00, 0x00,
    0x00, 0x00, 0x0F, 0xF8, 0x1F, 0xF8, 0x3C, 0x38, 0x38, 0x38, 0x38, 0x38, 0x38, 0x38, 0x38, 0x38,
    0x38, 0x38, 0x38, 0x38, 0x38, 0x38, 0x38, 0x38, 0x38, 0x38, 0x38, 0x38, 0x38, 0x38, 0x38, 0x38,
    0x38, 0x38, 0x38, 0x38, 0x38, 0x38, 0x7F, 0xFC, 0xFF, 0xFE, 0xE0, 0x0E, 0xE0, 0x0E, 0xE0, 0x0E,
    0xE0, 0x0E, 0x00, 0x00, 0x00, 0x00, 0x00, 0x00, 0x00, 0x00, 0x00, 0x00, 0x00, 0x00, 0x00, 0x00,
    0x00, 0x00, 0x7F, 0xFC, 0x7F, 0xFC, 0x70, 0x00, 0x70, 0x00, 0x70, 0x00, 0x70, 0x00, 0x70, 0x00,
    0x70, 0x00, 0x70, 0x00, 0x7F, 0xE0, 0x7F, 0xE0, 0x70, 0x00, 0x70, 0x00, 0x70, 0x00, 0x70, 0x00,
    0x70, 0x00, 0x70, 0x00, 0x70, 0x00, 0x7F, 0xFC, 0x7F, 0xFC, 0x00, 0x00, 0x00, 0x00, 0x00, 0x00,
    0x00, 0x00, 0x00, 0x00, 0x00, 0x00, 0x00, 0x00, 0x00, 0x00, 0x00, 0x00, 0x00, 0x00, 0x00, 0x00,
    0x00, 0x00, 0x73, 0x9C, 0x73, 0x9C, 0x73, 0x9C, 0x73, 0x9C, 0x73, 0x9C, 0x73, 0x9C, 0x73, 0x9C,
    0x3B, 0xB8, 0x1F, 0xF0, 0x0F, 0xE0, 0x0F, 0xE0, 0x1F, 0xF0, 0x3B, 0xB8, 0x73, 0x9C, 0x73, 0x9C,
    0x73, 0x9C, 0x73, 0x9C, 0x73, 0x9C, 0x73, 0x9C, 0x73, 0x9C, 0x00, 0x00, 0x00, 0x00, 0x00, 0x00,
    0x00, 0x00, 0x00, 0x00, 0x00, 0x00, 0x00, 0x00, 0x00, 0x00, 0x00, 0x00, 0x00, 0x00, 0x00, 0x00,
    0x00, 0x00, 0x1F, 0xF0, 0x3F, 0xF8, 0x78, 0x3C, 0x70, 0x1C, 0x70, 0x1C, 0x00, 0x1C, 0x00, 0x1C,
    0x00, 0x1C, 0x00, 0x3C, 0x0F, 0xF8, 0x0F, 0xF8, 0x00, 0x3C, 0x00, 0x1C, 0x00, 0x1C, 0x00, 0x1C,
    0x70, 0x1C, 0x70, 0x1C, 0x78, 0x3C, 0x3F, 0xF8, 0x1F, 0xF0, 0x00, 0x00, 0x00, 0x00, 0x00, 0x00,
    0x00, 0x00, 0x00, 0x00, 0x00, 0x00, 0x00, 0x00, 0x00, 0x00, 0x00, 0x00, 0x00, 0x00, 0x00, 0x00,
    0x00, 0x00, 0x70, 0x1C, 0x70, 0x1C, 0x70, 0x1C, 0x70, 0x1C, 0x70, 0x1C, 0x70, 0x1C, 0x70, 0x3C,
    0x70, 0x7C, 0x70, 0xFC, 0x71, 0xDC, 0x73, 0x9C, 0x77, 0x1C, 0x7E, 0x1C, 0x7C, 0x1C, 0x78, 0x1C,
    0x70, 0x1C, 0x70, 0x1C, 0x70, 0x1C, 0x70, 0x1C, 0x70, 0x1C, 0x00, 0x00, 0x00, 0x00, 0x00, 0x00,
    0x00, 0x00, 0x00, 0x00, 0x00, 0x00, 0x00, 0x00, 0x1C, 0x70, 0x1C, 0x70, 0x0F, 0xE0, 0x07, 0xC0,
    0x00, 0x00, 0x70, 0x1C, 0x70, 0x1C, 0x70, 0x1C, 0x70, 0x1C, 0x70, 0x1C, 0x70, 0x1C, 0x70, 0x3C,
    0x70, 0x7C, 0x70, 0xFC, 0x71, 0xDC, 0x73, 0x9C, 0x77, 0x1C, 0x7E, 0x1C, 0x7C, 0x1C, 0x78, 0x1C,
    0x70, 0x1C, 0x70, 0x1C, 0x70, 0x1C, 0x70, 0x1C, 0x70, 0x1C, 0x00, 0x00, 0x00, 0x00, 0x00, 0x00,
    0x00, 0x00, 0x00, 0x00, 0x00, 0x00, 0x00, 0x00, 0x00, 0x00, 0x00, 0x00, 0x00, 0x00, 0x00, 0x00,
    0x00, 0x00, 0x70, 0x0C, 0x70, 0x1C, 0x70, 0x38, 0x70, 0x70, 0x70, 0xE0, 0x71, 0xC0, 0x73, 0x80,
    0x77, 0x00, 0x7E, 0x00, 0x7C, 0x00, 0x7C, 0x00, 0x7E, 0x00, 0x77, 0x00, 0x73, 0x80, 0x71, 0xC0,
    0x70, 0xE0, 0x70, 0x70, 0x70, 0x38, 0x70, 0x1C, 0x70, 0x0C, 0x00, 0x00, 0x00, 0x00, 0x00, 0x00,
    0x00, 0x00, 0x00, 0x00, 0x00, 0x00, 0x00, 0x00, 0x00, 0x00, 0x00, 0x00, 0x00, 0x00, 0x00, 0x00,
    0x00, 0x00, 0x07, 0xFC, 0x0F, 0xFC, 0x1E, 0x1C, 0x1C, 0x1C, 0x1C, 0x1C, 0x1C, 0x1C, 0x1C, 0x1C,
    0x1C, 0x1C, 0x1C, 0x1C, 0x1C, 0x1C, 0x1C, 0x1C, 0x1C, 0x1C, 0x1C, 0x1C, 0x1C, 0x1C, 0x1C, 0x1C,
    0x1C, 0x1C, 0x1C, 0x1C, 0x1C, 0x1C, 0x38, 0x1C, 0x70, 0x1C, 0x00, 0x00, 0x00, 0x00, 0x00, 0x00,
    0x00, 0x00, 0x00, 0x00, 0x00, 0x00, 0x00, 0x00, 0x00, 0x00, 0x00, 0x00, 0x00, 0x00, 0x00, 0x00,
    0x00, 0x00, 0x70, 0x0E, 0x70, 0x0E, 0x78, 0x1E, 0x7C, 0x3E, 0x7E, 0x7E, 0x7E, 0x7E, 0x77, 0xEE,
    0x73, 0xCE, 0x73, 0xCE, 0x71, 0x8E, 0x70, 0x0E, 0x70, 0x0E, 0x70, 0x0E, 0x70, 0x0E, 0x70, 0x0E,
    0x70, 0x0E, 0x70, 0x0E, 0x70, 0x0E, 0x70, 0x0E, 0x70, 0x0E, 0x00, 0x00, 0x00, 0x00, 0x00, 0x00,
    0x00, 0x00, 0x00, 0x00, 0x00, 0x00, 0x00, 0x00, 0x00, 0x00, 0x00, 0x00, 0x00, 0x00, 0x00, 0x00,
    0x00, 0x00, 0x70, 0x1C, 0x70, 0x1C, 0x70, 0x1C, 0x70, 0x1C, 0x70, 0x1C, 0x70, 0x1C, 0x70, 0x1C,
    0x70, 0x1C, 0x70, 0x1C, 0x7F, 0xFC, 0x7F, 0xFC, 0x70, 0x1C, 0x70, 0x1C, 0x70, 0x1C, 0x70, 0x1C,
    0x70, 0x1C, 0x70, 0x1C, 0x70, 0x1C, 0x70, 0x1C, 0x70, 0x1C, 0x00, 0x00, 0x00, 0x00, 0x00, 0x00,
    0x00, 0x00, 0x00, 0x00, 0x00, 0x00, 0x00, 0x00, 0x00, 0x00, 0x00, 0x00, 0x00, 0x00, 0x00, 0x00,
    0x00, 0x00, 0x1F, 0xF0, 0x3F, 0xF8, 0x78, 0x3C, 0x70, 0x1C, 0x70, 0x1C, 0x70, 0x1C, 0x70, 0x1C,
    0x70, 0x1C, 0x70, 0x1C, 0x70, 0x1C, 0x70, 0x1C, 0x70, 0x1C, 0x70, 0x1C, 0x70, 0x1C, 0x70, 0x1C,
    0x70, 0x1C, 0x70, 0x1C, 0x78, 0x3C, 0x3F, 0xF8, 0x1F, 0xF0, 0x00, 0x00, 0x00, 0x00, 0x00, 0x00,
    0x00, 0x00, 0x00, 0x00, 0x00, 0x00, 0x00, 0x00, 0x00, 0x00, 0x00, 0x00, 0x00, 0x00, 0x00, 0x00,
    0x00, 0x00, 0x7F, 0xFC, 0x7F, 0xFC, 0x70, 0x1C, 0x70, 0x1C, 0x70, 0x1C, 0x70, 0x1C, 0x70, 0x1C,
    0x70, 0x1C, 0x70, 0x1C, 0x70, 0x1C, 0x70, 0x1C, 0x70, 0x1C, 0x70, 0x1C, 0x70, 0x1C, 0x70, 0x1C,
    0x70, 0x1C, 0x70, 0x1C, 0x70, 0x1C, 0x70, 0x1C, 0x70, 0x1C, 0x00, 0x00, 0x00, 0x00, 0x00, 0x00,
    0x00, 0x00, 0x00, 0x00, 0x00, 0x00, 0x00, 0x00, 0x00, 0x00, 0x00, 0x00, 0x00, 0x00, 0x00, 0x00,
    0x00, 0x00, 0x7F, 0xF0, 0x7F, 0xF8, 0x70, 0x3C, 0x70, 0x1C, 0x70, 0x1C, 0x70, 0x1C, 0x70, 0x1C,
    0x70, 0x1C, 0x70, 0x1C, 0x70, 0x3C, 0x7F, 0xF8, 0x7F, 0xF0, 0x70, 0x00, 0x70, 0x00, 0x70, 0x00,
    0x70, 0x00, 0x70, 0x00, 0x70, 0x00, 0x70, 0x00, 0x70, 0x00, 0x00, 0x00, 0x00, 0x00, 0x00, 0x00,
    0x00, 0x00, 0x00, 0x00, 0x00, 0x00, 0x00, 0x00, 0x00, 0x00, 0x00, 0x00, 0x00, 0x00, 0x00, 0x00,
    0x00, 0x00, 0x1F, 0xF0, 0x3F, 0xF8, 0x78, 0x3C, 0x70, 0x1C, 0x70, 0x1C, 0x70, 0x00, 0x70, 0x00,
    0x70, 0x00, 0x70, 0x00, 0x70, 0x00, 0x70, 0x00, 0x70, 0x00, 0x70, 0x00, 0x70, 0x00, 0x70, 0x00,
    0x70, 0x1C, 0x70, 0x1C, 0x78, 0x3C, 0x3F, 0xF8, 0x1F, 0xF0, 0x00, 0x00, 0x00, 0x00, 0x00, 0x00,
    0x00, 0x00, 0x00, 0x00, 0x00, 0x00, 0x00, 0x00, 0x00, 0x00, 0x00, 0x00, 0x00, 0x00, 0x00, 0x00,
    0x00, 0x00, 0x7F, 0xFC, 0x7F, 0xFC, 0x03, 0x80, 0x03, 0x80, 0x03, 0x80, 0x03, 0x80, 0x03, 0x80,
    0x03, 0x80, 0x03, 0x80, 0x03, 0x80, 0x03, 0x80, 0x03, 0x80, 0x03, 0x80, 0x03, 0x80, 0x03, 0x80,
    0x03, 0x80, 0x03, 0x80, 0x03, 0x80, 0x03, 0x80, 0x03, 0x80, 0x00, 0x00, 0x00, 0x00, 0x00, 0x00,
    0x00, 0x00, 0x00, 0x00, 0x00, 0x00, 0x00, 0x00, 0x00, 0x00, 0x00, 0x00, 0x00, 0x00, 0x00, 0x00,
    0x00, 0x00, 0x70, 0x1C, 0x70, 0x1C, 0x70, 0x1C, 0x70, 0x1C, 0x70, 0x1C, 0x70, 0x1C, 0x70, 0x1C,
    0x70, 0x1C, 0x70, 0x1C, 0x78, 0x1C, 0x3F, 0xFC, 0x1F, 0xFC, 0x00, 0x1C, 0x00, 0x1C, 0x00, 0x1C,
    0x00, 0x1C, 0x00, 0x1C, 0x00, 0x3C, 0x3F, 0xF8, 0x3F, 0xF0, 0x00, 0x00, 0x00, 0x00, 0x00, 0x00,
    0x00, 0x00, 0x00, 0x00, 0x00, 0x00, 0x00, 0x00, 0x00, 0x00, 0x00, 0x00, 0x00, 0x00, 0x03, 0x80,
    0x03, 0x80, 0x1F, 0xF0, 0x3F, 0xF8, 0x7B, 0xBC, 0x73, 0x9C, 0x73, 0x9C, 0x73, 0x9C, 0x73, 0x9C,
    0x73, 0x9C, 0x73, 0x9C, 0x73, 0x9C, 0x73, 0x9C, 0x73, 0x9C, 0x73, 0x9C, 0x73, 0x9C, 0x73, 0x9C,
    0x73, 0x9C, 0x73, 0x9C, 0x7B, 0xBC, 0x3F, 0xF8, 0x1F, 0xF0, 0x03, 0x80, 0x03, 0x80, 0x00, 0x00,
    0x00, 0x00, 0x00, 0x00, 0x00, 0x00, 0x00, 0x00, 0x00, 0x00, 0x00, 0x00, 0x00, 0x00, 0x00, 0x00,
    0x00, 0x00, 0x70, 0x1C, 0x70, 0x1C, 0x38, 0x38, 0x38, 0x38, 0x1C, 0x70, 0x1C, 0x70, 0x0E, 0xE0,
    0x0E, 0xE0, 0x07, 0xC0, 0x07, 0xC0, 0x07, 0xC0, 0x07, 0xC0, 0x0E, 0xE0, 0x0E, 0xE0, 0x1C, 0x70,
    0x1C, 0x70, 0x38, 0x38, 0x38, 0x38, 0x70, 0x1C, 0x70, 0x1C, 0x00, 0x00, 0x00, 0x00, 0x00, 0x00,
    0x00, 0x00, 0x00, 0x00, 0x00, 0x00, 0x00, 0x00, 0x00, 0x00, 0x00, 0x00, 0x00, 0x00, 0x00, 0x00,
    0x00, 0x00, 0x70, 0x1C, 0x70, 0x1C, 0x70, 0x1C, 0x70, 0x1C, 0x70, 0x1C, 0x70, 0x1C, 0x70, 0x1C,
    0x70, 0x1C, 0x70, 0x1C, 0x70, 0x1C, 0x70, 0x1C, 0x70, 0x1C, 0x70, 0x1C, 0x70, 0x1C, 0x70, 0x1C,
    0x70, 0x1C, 0x70, 0x1C, 0x78, 0x1E, 0x3F, 0xFF, 0x1F, 0xFF, 0x00, 0x07, 0x00, 0x07, 0x00, 0x07,
    0x00, 0x07, 0x00, 0x07, 0x00, 0x00, 0x00, 0x00, 0x00, 0x00, 0x00, 0x00, 0x00, 0x00, 0x00, 0x00,
    0x00, 0x00, 0x70, 0x1C, 0x70, 0x1C, 0x70, 0x1C, 0x70, 0x1C, 0x70, 0x1C, 0x70, 0x1C, 0x70, 0x1C,
    0x70, 0x1C, 0x70, 0x1C, 0x78, 0x1C, 0x3F, 0xFC, 0x1F, 0xFC, 0x00, 0x1C, 0x00, 0x1C, 0x00, 0x1C,
    0x00, 0x1C, 0x00, 0x1C, 0x00, 0x1C, 0x00, 0x1C, 0x00, 0x1C, 0x00, 0x00, 0x00, 0x00, 0x00, 0x00,
    0x00, 0x00, 0x00, 0x00, 0x00, 0x00, 0x00, 0x00, 0x00, 0x00, 0x00, 0x00, 0x00, 0x00, 0x00, 0x00,
    0x00, 0x00, 0x73, 0x9C, 0x73, 0x9C, 0x73, 0x9C, 0x73, 0x9C, 0x73, 0x9C, 0x73, 0x9C, 0x73, 0x9C,
    0x73, 0x9C, 0x73, 0x9C, 0x73, 0x9C, 0x73, 0x9C, 0x73, 0x9C, 0x73, 0x9C, 0x73, 0x9C, 0x73, 0x9C,
    0x73, 0x9C, 0x73, 0x9C, 0x7B, 0x9C, 0x3F, 0xFC, 0x1F, 0xFC, 0x00, 0x00, 0x00, 0x00, 0x00, 0x00,
    0x00, 0x00, 0x00, 0x00, 0x00, 0x00, 0x00, 0x00, 0x00, 0x00, 0x00, 0x00, 0x00, 0x00, 0x00, 0x00,
    0x00, 0x00, 0x73, 0x9C, 0x73, 0x9C, 0x73, 0x9C, 0x73, 0x9C, 0x73, 0x9C, 0x73, 0x9C, 0x73, 0x9C,
    0x73, 0x9C, 0x73, 0x9C, 0x73, 0x9C, 0x73, 0x9C, 0x73, 0x9C, 0x73, 0x9C, 0x73, 0x9C, 0x73, 0x9C,
    0x73, 0x9C, 0x73, 0x9C, 0x7B, 0x9C, 0x3F, 0xFE, 0x1F, 0xFF, 0x00, 0x07, 0x00, 0x07, 0x00, 0x07,
    0x00, 0x07, 0x00, 0x07, 0x00, 0x00, 0x00, 0x00, 0x00, 0x00, 0x00, 0x00, 0x00, 0x00, 0x00, 0x00,
    0x00, 0x00, 0xF8, 0x00, 0xF8, 0x00, 0x38, 0x00, 0x38, 0x00, 0x38, 0x00, 0x38, 0x00, 0x3F, 0xF0,
    0x3F, 0xF8, 0x38, 0x3C, 0x38, 0x1C, 0x38, 0x1C, 0x38, 0x1C, 0x38, 0x1C, 0x38, 0x1C, 0x38, 0x1C,
    0x38, 0x1C, 0x38, 0x1C, 0x38, 0x3C, 0x3F, 0xF8, 0x3F, 0xF0, 0x00, 0x00, 0x00, 0x00, 0x00, 0x00,
    0x00, 0x00, 0x00, 0x00, 0x00, 0x00, 0x00, 0x00, 0x00, 0x00, 0x00, 0x00, 0x00, 0x00, 0x00, 0x00,
    0x00, 0x00, 0x70, 0x0E, 0x70, 0x0E, 0x70, 0x0E, 0x70, 0x0E, 0x70, 0x0E, 0x70, 0x0E, 0x7F, 0x0E,
    0x7F, 0x8E, 0x73, 0xCE, 0x71, 0xCE, 0x71, 0xCE, 0x71, 0xCE, 0x71, 0xCE, 0x71, 0xCE, 0x71, 0xCE,
    0x71, 0xCE, 0x71, 0xCE, 0x73, 0xCE, 0x7F, 0x8E, 0x7F, 0x0E, 0x00, 0x00, 0x00, 0x00, 0x00, 0x00,
    0x00, 0x00, 0x00, 0x00, 0x00, 0x00, 0x00, 0x00, 0x00, 0x00, 0x00, 0x00, 0x00, 0x00, 0x00, 0x00,
    0x00, 0x00, 0x38, 0x00, 0x38, 0x00, 0x38, 0x00, 0x38, 0x00, 0x38, 0x00, 0x38, 0x00, 0x3F, 0xF0,
    0x3F, 0xF8, 0x38, 0x3C, 0x38, 0x1C, 0x38, 0x1C, 0x38, 0x1C, 0x38, 0x1C, 0x38, 0x1C, 0x38, 0x1C,
    0x38, 0x1C, 0x38, 0x1C, 0x38, 0x3C, 0x3F, 0xF8, 0x3F, 0xF0, 0x00, 0x00, 0x00, 0x00, 0x00, 0x00,
    0x00, 0x00, 0x00, 0x00, 0x00, 0x00, 0x00, 0x00, 0x00, 0x00, 0x00, 0x00, 0x00, 0x00, 0x00, 0x00,
    0x00, 0x00, 0x1F, 0xF0, 0x3F, 0xF8, 0x78, 0x3C, 0x70, 0x1C, 0x70, 0x1C, 0x00, 0x1C, 0x00, 0x1C,
    0x00, 0x1C, 0x00, 0x1C, 0x0F, 0xFC, 0x0F, 0xFC, 0x00, 0x1C, 0x00, 0x1C, 0x00, 0x1C, 0x00, 0x1C,
    0x70, 0x1C, 0x70, 0x1C, 0x78, 0x3C, 0x3F, 0xF8, 0x1F, 0xF0, 0x00, 0x00, 0x00, 0x00, 0x00, 0x00,
    0x00, 0x00, 0x00, 0x00, 0x00, 0x00, 0x00, 0x00, 0x00, 0x00, 0x00, 0x00, 0x00, 0x00, 0x00, 0x00,
    0x00, 0x00, 0x70, 0xF8, 0x71, 0xFC, 0x73, 0x8E, 0x73, 0x8E, 0x73, 0x8E, 0x73, 0x8E, 0x73, 0x8E,
    0x73, 0x8E, 0x73, 0x8E, 0x7F, 0x8E, 0x7F, 0x8E, 0x73, 0x8E, 0x73, 0x8E, 0x73, 0x8E, 0x73, 0x8E,
    0x73, 0x8E, 0x73, 0x8E, 0x73, 0x8E, 0x71, 0xFC, 0x70, 0xF8, 0x00, 0x00, 0x00, 0x00, 0x00, 0x00,
    0x00, 0x00, 0x00, 0x00, 0x00, 0x00, 0x00, 0x00, 0x00, 0x00, 0x00, 0x00, 0x00, 0x00, 0x00, 0x00,
    0x00, 0x00, 0x1F, 0xFC, 0x3F, 0xFC, 0x78, 0x1C, 0x70, 0x1C, 0x70, 0x1C, 0x70, 0x1C, 0x70, 0x1C,
    0x70, 0x1C, 0x70, 0x1C, 0x78, 0x1C, 0x3F, 0xFC, 0x1F, 0xFC, 0x00, 0xFC, 0x01, 0xDC, 0x03, 0x9C,
    0x07, 0x1C, 0x0E, 0x1C, 0x1C, 0x1C, 0x38, 0x1C, 0x70, 0x1C, 0x00, 0x00, 0x00, 0x00, 0x00, 0x00,
    0x00, 0x00, 0x00, 0x00, 0x00, 0x00, 0x00, 0x00, 0x00, 0x00, 0x00, 0x00, 0x00, 0x00, 0x00, 0x00,
    0x00, 0x00, 0x00, 0x00, 0x00, 0x00, 0x00, 0x00, 0x00, 0x00, 0x00, 0x00, 0x00, 0x00, 0x3F, 0xF0,
    0x3F, 0xF8, 0x00, 0x3C, 0x00, 0x1C, 0x00, 0x1C, 0x1F, 0xFC, 0x3F, 0xFC, 0x78, 0x1C, 0x70, 0x1C,
    0x70, 0x1C, 0x70, 0x1C, 0x78, 0x1C, 0x3F, 0xFC, 0x1F, 0xFC, 0x00, 0x00, 0x00, 0x00, 0x00, 0x00,
    0x00, 0x00, 0x00, 0x00, 0x00, 0x00, 0x00, 0x00, 0x00, 0x00, 0x00, 0x00, 0x00, 0x00, 0x00, 0x00,
    0x00, 0x00, 0x1F, 0xF0, 0x3F, 0xF0, 0x78, 0x00, 0x70, 0x00, 0x70, 0x00, 0x70, 0x00, 0x70, 0x00,
    0x7F, 0xF0, 0x7F, 0xF8, 0x70, 0x3C, 0x70, 0x1C, 0x70, 0x1C, 0x70, 0x1C, 0x70, 0x1C, 0x70, 0x1C,
    0x70, 0x1C, 0x70, 0x1C, 0x70, 0x3C, 0x7F, 0xF8, 0x7F, 0xF0, 0x00, 0x00, 0x00, 0x00, 0x00, 0x00,
    0x00, 0x00, 0x00, 0x00, 0x00, 0x00, 0x00, 0x00, 0x00, 0x00, 0x00, 0x00, 0x00, 0x00, 0x00, 0x00,
    0x00, 0x00, 0x3F, 0xC0, 0x7F, 0xE0, 0x70, 0xF0, 0x70, 0x70, 0x70, 0x70, 0x70, 0x70, 0x70, 0x70,
    0x70, 0xE0, 0x7F, 0xE0, 0x7F, 0xF0, 0x70, 0x38, 0x70, 0x1C, 0x70, 0x1C, 0x70, 0x1C, 0x70, 0x1C,
    0x70, 0x1C, 0x70, 0x1C, 0x70, 0x3C, 0x7F, 0xF8, 0x7F, 0xF0, 0x00, 0x00, 0x00, 0x00, 0x00, 0x00,
    0x00, 0x00, 0x00, 0x00, 0x00, 0x00, 0x00, 0x00, 0x00, 0x00, 0x00, 0x00, 0x00, 0x00, 0x00, 0x00,
    0x00, 0x00, 0x00, 0x00, 0x00, 0x00, 0x00, 0x00, 0x00, 0x00, 0x00, 0x00, 0x00, 0x00, 0x7F, 0xFC,
    0x7F, 0xFC, 0x70, 0x00, 0x70, 0x00, 0x70, 0x00, 0x70, 0x00, 0x70, 0x00, 0x70, 0x00, 0x70, 0x00,
    0x70, 0x00, 0x70, 0x00, 0x70, 0x00, 0x70, 0x00, 0x70, 0x00, 0x00, 0x00, 0x00, 0x00, 0x00, 0x00,
    0x00, 0x00, 0x00, 0x00, 0x00, 0x00, 0x00, 0x00, 0x00, 0x00, 0x00, 0x00, 0x00, 0x00, 0x00, 0x00,
    0x00, 0x00, 0x00, 0x00, 0x00, 0x00, 0x00, 0x00, 0x00, 0x00, 0x00, 0x00, 0x00, 0x00, 0x1F, 0xFC,
    0x3F, 0xFC, 0x78, 0x1C, 0x70, 0x1C, 0x70, 0x1C, 0x70, 0x1C, 0x70, 0x1C, 0x70, 0x1C, 0x70, 0x1C,
    0x70, 0x1C, 0x70, 0x1C, 0x78, 0x1C, 0x3F, 0xFC, 0x1F, 0xFC, 0x00, 0x1C, 0x00, 0x1C, 0x00, 0x3C,
    0x3F, 0xF8, 0x3F, 0xF0, 0x00, 0x00, 0x00, 0x00, 0x00, 0x00, 0x00, 0x00, 0x00, 0x00, 0x00, 0x00,
    0x00, 0x00, 0x00, 0x00, 0x00, 0x00, 0x00, 0x00, 0x00, 0x00, 0x00, 0x00, 0x00, 0x00, 0x1F, 0xF0,
    0x3F, 0xF8, 0x78, 0x3C, 0x70, 0x1C, 0x70, 0x1C, 0x70, 0x1C, 0x7F, 0xFC, 0x7F, 0xFC, 0x70, 0x00,
    0x70, 0x00, 0x70, 0x00, 0x78, 0x1C, 0x3F, 0xFC, 0x1F, 0xF8, 0x00, 0x00, 0x00, 0x00, 0x00, 0x00,
    0x00, 0x00, 0x00, 0x00, 0x00, 0x00, 0x00, 0x00, 0x00, 0x00, 0x00, 0x00, 0x00, 0x00, 0x00, 0x00,
    0x00, 0x00, 0x00, 0x00, 0x00, 0x00, 0x00, 0x00, 0x00, 0x00, 0x00, 0x00, 0x00, 0x00, 0x73, 0x9C,
    0x73, 0x9C, 0x73, 0x9C, 0x73, 0x9C, 0x3B, 0xB8, 0x1F, 0xF0, 0x0F, 0xE0, 0x1F, 0xF0, 0x3B, 0xB8,
    0x73, 0x9C, 0x73, 0x9C, 0x73, 0x9C, 0x73, 0x9C, 0x73, 0x9C, 0x00, 0x00, 0x00, 0x00, 0x00, 0x00,
    0x00, 0x00, 0x00, 0x00, 0x00, 0x00, 0x00, 0x00, 0x00, 0x00, 0x00, 0x00, 0x00, 0x00, 0x00, 0x00,
    0x00, 0x00, 0x00, 0x00, 0x00, 0x00, 0x00, 0x00, 0x00, 0x00, 0x00, 0x00, 0x00, 0x00, 0x1F, 0xF0,
    0x3F, 0xF8, 0x78, 0x3C, 0x70, 0x1C, 0x00, 0x1C, 0x00, 0x3C, 0x07, 0xF8, 0x07, 0xF8, 0x00, 0x3C,
    0x00, 0x1C, 0x70, 0x1C, 0x78, 0x3C, 0x3F, 0xF8, 0x1F, 0xF0, 0x00, 0x00, 0x00, 0x00, 0x00, 0x00,
    0x00, 0x00, 0x00, 0x00, 0x00, 0x00, 0x00, 0x00, 0x00, 0x00, 0x00, 0x00, 0x00, 0x00, 0x00, 0x00,
    0x00, 0x00, 0x00, 0x00, 0x00, 0x00, 0x00, 0x00, 0x00, 0x00, 0x00, 0x00, 0x00, 0x00, 0x70, 0x1C,
    0x70, 0x1C, 0x70, 0x1C, 0x70, 0x1C, 0x70, 0x1C, 0x70, 0x1C, 0x70, 0x1C, 0x70, 0x1C, 0x70, 0x1C,
    0x70, 0x1C, 0x70, 0x1C, 0x78, 0x1C, 0x3F, 0xFC, 0x1F, 0xFC, 0x00, 0x00, 0x00, 0x00, 0x00, 0x00,
    0x00, 0x00, 0x00, 0x00, 0x00, 0x00, 0x00, 0x00, 0x00, 0x00, 0x00, 0x00, 0x00, 0x00, 0x00, 0x00,
    0x00, 0x00, 0x1C, 0x70, 0x1C, 0x70, 0x0F, 0xE0, 0x07, 0xC0, 0x00, 0x00, 0x00, 0x00, 0x70, 0x1C,
    0x70, 0x1C, 0x70, 0x1C, 0x70, 0x1C, 0x70, 0x1C, 0x70, 0x1C, 0x70, 0x1C, 0x70, 0x1C, 0x70, 0x1C,
    0x70, 0x1C, 0x70, 0x1C, 0x78, 0x1C, 0x3F, 0xFC, 0x1F, 0xFC, 0x00, 0x00, 0x00, 0x00, 0x00, 0x00,
    0x00, 0x00, 0x00, 0x00, 0x00, 0x00, 0x00, 0x00, 0x00, 0x00, 0x00, 0x00, 0x00, 0x00, 0x00, 0x00,
    0x00, 0x00, 0x00, 0x00, 0x00, 0x00, 0x00, 0x00, 0x00, 0x00, 0x00, 0x00, 0x00, 0x00, 0x38, 0x1C,
    0x38, 0x38, 0x38, 0x70, 0x38, 0xE0, 0x39, 0xC0, 0x3B, 0x80, 0x3F, 0x00, 0x3F, 0x00, 0x3B, 0x80,
    0x39, 0xC0, 0x38, 0xE0, 0x38, 0x70, 0x38, 0x38, 0x38, 0x1C, 0x00, 0x00, 0x00, 0x00, 0x00, 0x00,
    0x00, 0x00, 0x00, 0x00, 0x00, 0x00, 0x00, 0x00, 0x00, 0x00, 0x00, 0x00, 0x00, 0x00, 0x00, 0x00,
    0x00, 0x00, 0x00, 0x00, 0x00, 0x00, 0x00, 0x00, 0x00, 0x00, 0x00, 0x00, 0x00, 0x00, 0x07, 0xFC,
    0x0F, 0xFC, 0x1E, 0x1C, 0x1C, 0x1C, 0x1C, 0x1C, 0x1C, 0x1C, 0x1C, 0x1C, 0x1C, 0x1C, 0x1C, 0x1C,
    0x1C, 0x1C, 0x1C, 0x1C, 0x1C, 0x1C, 0x38, 0x1C, 0x70, 0x1C, 0x00, 0x00, 0x00, 0x00, 0x00, 0x00,
    0x00, 0x00, 0x00, 0x00, 0x00, 0x00, 0x00, 0x00, 0x00, 0x00, 0x00, 0x00, 0x00, 0x00, 0x00, 0x00,
    0x00, 0x00, 0x00, 0x00, 0x00, 0x00, 0x00, 0x00, 0x00, 0x00, 0x00, 0x00, 0x00, 0x00, 0x60, 0x06,
    0x70, 0x0E, 0x78, 0x1E, 0x7C, 0x3E, 0x7E, 0x7E, 0x77, 0xEE, 0x73, 0xCE, 0x71, 0x8E, 0x70, 0x0E,
    0x70, 0x0E, 0x70, 0x0E, 0x70, 0x0E, 0x70, 0x0E, 0x70, 0x0E, 0x00, 0x00, 0x00, 0x00, 0x00, 0x00,
    0x00, 0x00, 0x00, 0x00, 0x00, 0x00, 0x00, 0x00, 0x00, 0x00, 0x00, 0x00, 0x00, 0x00, 0x00, 0x00,
    0x00, 0x00, 0x00, 0x00, 0x00, 0x00, 0x00, 0x00, 0x00, 0x00, 0x00, 0x00, 0x00, 0x00, 0x70, 0x1C,
    0x70, 0x1C, 0x70, 0x1C, 0x70, 0x1C, 0x70, 0x1C, 0x70, 0x1C, 0x7F, 0xFC, 0x7F, 0xFC, 0x70, 0x1C,
    0x70, 0x1C, 0x70, 0x1C, 0x70, 0x1C, 0x70, 0x1C, 0x70, 0x1C, 0x00, 0x00, 0x00, 0x00, 0x00, 0x00,
    0x00, 0x00, 0x00, 0x00, 0x00, 0x00, 0x00, 0x00, 0x00, 0x00, 0x00, 0x00, 0x00, 0x00, 0x00, 0x00,
    0x00, 0x00, 0x00, 0x00, 0x00, 0x00, 0x00, 0x00, 0x00, 0x00, 0x00, 0x00, 0x00, 0x00, 0x1F, 0xF0,
    0x3F, 0xF8, 0x78, 0x3C, 0x70, 0x1C, 0x70, 0x1C, 0x70, 0x1C, 0x70, 0x1C, 0x70, 0x1C, 0x70, 0x1C,
    0x70, 0x1C, 0x70, 0x1C, 0x78, 0x3C, 0x3F, 0xF8, 0x1F, 0xF0, 0x00, 0x00, 0x00, 0x00, 0x00, 0x00,
    0x00, 0x00, 0x00, 0x00, 0x00, 0x00, 0x00, 0x00, 0x00, 0x00, 0x00, 0x00, 0x00, 0x00, 0x00, 0x00,
    0x00, 0x00, 0x00, 0x00, 0x00, 0x00, 0x00, 0x00, 0x00, 0x00, 0x00, 0x00, 0x00, 0x00, 0x7F, 0xFC,
    0x7F, 0xFC, 0x70, 0x1C, 0x70, 0x1C, 0x70, 0x1C, 0x70, 0x1C, 0x70, 0x1C, 0x70, 0x1C, 0x70, 0x1C,
    0x70, 0x1C, 0x70, 0x1C, 0x70, 0x1C, 0x70, 0x1C, 0x70, 0x1C, 0x00, 0x00, 0x00, 0x00, 0x00, 0x00,
    0x00, 0x00, 0x00, 0x00, 0x00, 0x00, 0x00, 0x00, 0x00, 0x00, 0x00, 0x00, 0x00, 0x00, 0x00, 0x00,
    0x00, 0x00, 0x00, 0x00, 0x00, 0x00, 0x00, 0x00, 0x00, 0x00, 0x00, 0x00, 0x00, 0x00, 0x7F, 0xF0,
    0x7F, 0xF8, 0x70, 0x3C, 0x70, 0x1C, 0x70, 0x1C, 0x70, 0x1C, 0x70, 0x1C, 0x70, 0x1C, 0x70, 0x1C,
    0x70, 0x1C, 0x70, 0x1C, 0x70, 0x3C, 0x7F, 0xF8, 0x7F, 0xF0, 0x70, 0x00, 0x70, 0x00, 0x70, 0x00,
    0x70, 0x00, 0x70, 0x00, 0x00, 0x00, 0x00, 0x00, 0x00, 0x00, 0x00, 0x00, 0x00, 0x00, 0x00, 0x00,
    0x00, 0x00, 0x00, 0x00, 0x00, 0x00, 0x00, 0x00, 0x00, 0x00, 0x00, 0x00, 0x00, 0x00, 0x1F, 0xF0,
    0x3F, 0xF8, 0x78, 0x3C, 0x70, 0x1C, 0x70, 0x00, 0x70, 0x00, 0x70, 0x00, 0x70, 0x00, 0x70, 0x00,
    0x70, 0x00, 0x70, 0x1C, 0x78, 0x3C, 0x3F, 0xF8, 0x1F, 0xF0, 0x00, 0x00, 0x00, 0x00, 0x00, 0x00,
    0x00, 0x00, 0x00, 0x00, 0x00, 0x00, 0x00, 0x00, 0x00, 0x00, 0x00, 0x00, 0x00, 0x00, 0x00, 0x00,
    0x00, 0x00, 0x00, 0x00, 0x00, 0x00, 0x00, 0x00, 0x00, 0x00, 0x00, 0x00, 0x00, 0x00, 0x7F, 0xFC,
    0x7F, 0xFC, 0x03, 0x80, 0x03, 0x80, 0x03, 0x80, 0x03, 0x80, 0x03, 0x80, 0x03, 0x80, 0x03, 0x80,
    0x03, 0x80, 0x03, 0x80, 0x03, 0x80, 0x03, 0x80, 0x03, 0x80, 0x00, 0x00, 0x00, 0x00, 0x00, 0x00,
    0x00, 0x00, 0x00, 0x00, 0x00, 0x00, 0x00, 0x00, 0x00, 0x00, 0x00, 0x00, 0x00, 0x00, 0x00, 0x00,
    0x00, 0x00, 0x00, 0x00, 0x00, 0x00, 0x00, 0x00, 0x00, 0x00, 0x00, 0x00, 0x00, 0x00, 0x70, 0x1C,
    0x70, 0x1C, 0x70, 0x1C, 0x70, 0x1C, 0x70, 0x1C, 0x70, 0x1C, 0x70, 0x1C, 0x70, 0x1C, 0x70, 0x1C,
    0x70, 0x1C, 0x70, 0x1C, 0x78, 0x1C, 0x3F, 0xFC, 0x1F, 0xFC, 0x00, 0x1C, 0x00, 0x1C, 0x00, 0x3C,
    0x3F, 0xF8, 0x3F, 0xF0, 0x00, 0x00, 0x00, 0x00, 0x00, 0x00, 0x00, 0x00, 0x00, 0x00, 0x00, 0x00,
    0x00, 0x00, 0x00, 0x00, 0x00, 0x00, 0x00, 0x00, 0x03, 0x80, 0x03, 0x80, 0x03, 0x80, 0x1F, 0xF0,
    0x3F, 0xF8, 0x7B, 0xBC, 0x73, 0x9C, 0x73, 0x9C, 0x73, 0x9C, 0x73, 0x9C, 0x73, 0x9C, 0x73, 0x9C,
    0x73, 0x9C, 0x73, 0x9C, 0x7B, 0xBC, 0x3F, 0xF8, 0x1F, 0xF0, 0x03, 0x80, 0x03, 0x80, 0x03, 0x80,
    0x00, 0x00, 0x00, 0x00, 0x00, 0x00, 0x00, 0x00, 0x00, 0x00, 0x00, 0x00, 0x00, 0x00, 0x00, 0x00,
    0x00, 0x00, 0x00, 0x00, 0x00, 0x00, 0x00, 0x00, 0x00, 0x00, 0x00, 0x00, 0x00, 0x00, 0x70, 0x1C,
    0x70, 0x1C, 0x70, 0x1C, 0x38, 0x38, 0x1C, 0x70, 0x0E, 0xE0, 0x07, 0xC0, 0x07, 0xC0, 0x0E, 0xE0,
    0x1C, 0x70, 0x38, 0x38, 0x70, 0x1C, 0x70, 0x1C, 0x70, 0x1C, 0x00, 0x00, 0x00, 0x00, 0x00, 0x00,
    0x00, 0x00, 0x00, 0x00, 0x00, 0x00, 0x00, 0x00, 0x00, 0x00, 0x00, 0x00, 0x00, 0x00, 0x00, 0x00,
    0x00, 0x00, 0x00, 0x00, 0x00, 0x00, 0x00, 0x00, 0x00, 0x00, 0x00, 0x00, 0x00, 0x00, 0x70, 0x1C,
    0x70, 0x1C, 0x70, 0x1C, 0x70, 0x1C, 0x70, 0x1C, 0x70, 0x1C, 0x70, 0x1C, 0x70, 0x1C, 0x70, 0x1C,
    0x70, 0x1C, 0x70, 0x1C, 0x78, 0x1C, 0x3F, 0xFE, 0x1F, 0xFF, 0x00, 0x07, 0x00, 0x07, 0x00, 0x07,
    0x00, 0x07, 0x00, 0x07, 0x00, 0x00, 0x00, 0x00, 0x00, 0x00, 0x00, 0x00, 0x00, 0x00, 0x00, 0x00,
    0x00, 0x00, 0x00, 0x00, 0x00, 0x00, 0x00, 0x00, 0x00, 0x00, 0x00, 0x00, 0x00, 0x00, 0x70, 0x1C,
    0x70, 0x1C, 0x70, 0x1C, 0x70, 0x1C, 0x70, 0x1C, 0x78, 0x1C, 0x3F, 0xFC, 0x1F, 0xFC, 0x00, 0x1C,
    0x00, 0x1C, 0x00, 0x1C, 0x00, 0x1C, 0x00, 0x1C, 0x00, 0x1C, 0x00, 0x00, 0x00, 0x00, 0x00, 0x00,
    0x00, 0x00, 0x00, 0x00, 0x00, 0x00, 0x00, 0x00, 0x00, 0x00, 0x00, 0x00, 0x00, 0x00, 0x00, 0x00,
    0x00, 0x00, 0x00, 0x00, 0x00, 0x00, 0x00, 0x00, 0x00, 0x00, 0x00, 0x00, 0x00, 0x00, 0x73, 0x9C,
    0x73, 0x9C, 0x73, 0x9C, 0x73, 0x9C, 0x73, 0x9C, 0x73, 0x9C, 0x73, 0x9C, 0x73, 0x9C, 0x73, 0x9C,
    0x73, 0x9C, 0x73, 0x9C, 0x7B, 0x9C, 0x3F, 0xFC, 0x1F, 0xFC, 0x00, 0x00, 0x00, 0x00, 0x00, 0x00,
    0x00, 0x00, 0x00, 0x00, 0x00, 0x00, 0x00, 0x00, 0x00, 0x00, 0x00, 0x00, 0x00, 0x00, 0x00, 0x00,
    0x00, 0x00, 0x00, 0x00, 0x00, 0x00, 0x00, 0x00, 0x00, 0x00, 0x00, 0x00, 0x00, 0x00, 0x73, 0x9C,
    0x73, 0x9C, 0x73, 0x9C, 0x73, 0x9C, 0x73, 0x9C, 0x73, 0x9C, 0x73, 0x9C, 0x73, 0x9C, 0x73, 0x9C,
    0x73, 0x9C, 0x73, 0x9C, 0x7B, 0x9C, 0x3F, 0xFE, 0x1F, 0xFF, 0x00, 0x07, 0x00, 0x07, 0x00, 0x07,
    0x00, 0x07, 0x00, 0x07, 0x00, 0x00, 0x00, 0x00, 0x00, 0x00, 0x00, 0x00, 0x00, 0x00, 0x00, 0x00,
    0x00, 0x00, 0x00, 0x00, 0x00, 0x00, 0x00, 0x00, 0x00, 0x00, 0x00, 0x00, 0x00, 0x00, 0x7C, 0x00,
    0x7C, 0x00, 0x1C, 0x00, 0x1C, 0x00, 0x1F, 0xF0, 0x1F, 0xF8, 0x1C, 0x3C, 0x1C, 0x1C, 0x1C, 0x1C,
    0x1C, 0x1C, 0x1C, 0x1C, 0x1C, 0x3C, 0x1F, 0xF8, 0x1F, 0xF0, 0x00, 0x00, 0x00, 0x00, 0x00, 0x00,
    0x00, 0x00, 0x00, 0x00, 0x00, 0x00, 0x00, 0x00, 0x00, 0x00, 0x00, 0x00, 0x00, 0x00, 0x00, 0x00,
    0x00, 0x00, 0x00, 0x00, 0x00, 0x00, 0x00, 0x00, 0x00, 0x00, 0x00, 0x00, 0x00, 0x00, 0x70, 0x0E,
    0x70, 0x0E, 0x70, 0x0E, 0x70, 0x0E, 0x7F, 0x0E, 0x7F, 0x8E, 0x73, 0xCE, 0x71, 0xCE, 0x71, 0xCE,
    0x71, 0xCE, 0x71, 0xCE, 0x73, 0xCE, 0x7F, 0x8E, 0x7F, 0x0E, 0x00, 0x00, 0x00, 0x00, 0x00, 0x00,
    0x00, 0x00, 0x00, 0x00, 0x00, 0x00, 0x00, 0x00, 0x00, 0x00, 0x00, 0x00, 0x00, 0x00, 0x00, 0x00,
    0x00, 0x00, 0x00, 0x00, 0x00, 0x00, 0x00, 0x00, 0x00, 0x00, 0x00, 0x00, 0x00, 0x00, 0x38, 0x00,
    0x38, 0x00, 0x38, 0x00, 0x38, 0x00, 0x3F, 0xE0, 0x3F, 0xF0, 0x38, 0x78, 0x38, 0x38, 0x38, 0x38,
    0x38, 0x38, 0x38, 0x38, 0x38, 0x78, 0x3F, 0xF0, 0x3F, 0xE0, 0x00, 0x00, 0x00, 0x00, 0x00, 0x00,
    0x00, 0x00, 0x00, 0x00, 0x00, 0x00, 0x00, 0x00, 0x00, 0x00, 0x00, 0x00, 0x00, 0x00, 0x00, 0x00,
    0x00, 0x00, 0x00, 0x00, 0x00, 0x00, 0x00, 0x00, 0x00, 0x00, 0x00, 0x00, 0x00, 0x00, 0x1F, 0xF0,
    0x3F, 0xF8, 0x78, 0x3C, 0x70, 0x1C, 0x00, 0x1C, 0x00, 0x1C, 0x07, 0xFC, 0x07, 0xFC, 0x00, 0x1C,
    0x00, 0x1C, 0x70, 0x1C, 0x78, 0x3C, 0x3F, 0xF8, 0x1F, 0xF0, 0x00, 0x00, 0x00, 0x00, 0x00, 0x00,
    0x00, 0x00, 0x00, 0x00, 0x00, 0x00, 0x00, 0x00, 0x00, 0x00, 0x00, 0x00, 0x00, 0x00, 0x00, 0x00,
    0x00, 0x00, 0x00, 0x00, 0x00, 0x00, 0x00, 0x00, 0x00, 0x00, 0x00, 0x00, 0x00, 0x00, 0x70, 0xF8,
    0x71, 0xFC, 0x73, 0x8E, 0x73, 0x8E, 0x73, 0x8E, 0x73, 0x8E, 0x7F, 0x8E, 0x7F, 0x8E, 0x73, 0x8E,
    0x73, 0x8E, 0x73, 0x8E, 0x73, 0x8E, 0x71, 0xFC, 0x70, 0xF8, 0x00, 0x00, 0x00, 0x00, 0x00, 0x00,
    0x00, 0x00, 0x00, 0x00, 0x00, 0x00, 0x00, 0x00, 0x00, 0x00, 0x00, 0x00, 0x00, 0x00, 0x00, 0x00,
    0x00, 0x00, 0x00, 0x00, 0x00, 0x00, 0x00, 0x00, 0x00, 0x00, 0x00, 0x00, 0x00, 0x00, 0x1F, 0xFC,
    0x3F, 0xFC, 0x78, 0x1C, 0x70, 0x1C, 0x70, 0x1C, 0x78, 0x1C, 0x3F, 0xFC, 0x1F, 0xFC, 0x01, 0xDC,
    0x03, 0x9C, 0x07, 0x1C, 0x0E, 0x1C, 0x1C, 0x1C, 0x38, 0x1C, 0x00, 0x00, 0x00, 0x00, 0x00, 0x00,
    0x00, 0x00, 0x00, 0x00, 0x00, 0x00, 0x00, 0x00, 0x00, 0x00, 0x00, 0x00, 0x00, 0x00, 0x00, 0x00,
    0x00, 0x00, 0x1C, 0x00, 0x0E, 0x00, 0x07, 0x00, 0x03, 0x80, 0x00, 0x00, 0x00, 0x00, 0x1F, 0xF0,
    0x3F, 0xF8, 0x78, 0x3C, 0x70, 0x1C, 0x70, 0x1C, 0x70, 0x1C, 0x7F, 0xFC, 0x7F, 0xFC, 0x70, 0x00,
    0x70, 0x00, 0x70, 0x00, 0x78, 0x1C, 0x3F, 0xFC, 0x1F, 0xF8, 0x00, 0x00, 0x00, 0x00, 0x00, 0x00,
    0x00, 0x00, 0x00, 0x00, 0x00, 0x00, 0x00, 0x00, 0x00, 0x00, 0x00, 0x00, 0x00, 0x00, 0x00, 0x00,
    0x00, 0x00, 0x1C, 0x70, 0x1C, 0x70, 0x1C, 0x70, 0x1C, 0x70, 0x00, 0x00, 0x00, 0x00, 0x1F, 0xF0,
    0x3F, 0xF8, 0x78, 0x3C, 0x70, 0x1C, 0x70, 0x1C, 0x70, 0x1C, 0x7F, 0xFC, 0x7F, 0xFC, 0x70, 0x00,
    0x70, 0x00, 0x70, 0x00, 0x78, 0x1C, 0x3F, 0xFC, 0x1F, 0xF8, 0x00, 0x00, 0x00, 0x00, 0x00, 0x00,
    0x00, 0x00, 0x00, 0x00, 0x00, 0x00, 0x00, 0x00, 0x00, 0x00, 0x00, 0x00, 0x00, 0x00, 0x00, 0x00,
    0x00, 0x00, 0x38, 0x00, 0x38, 0x00, 0xFF, 0xC0, 0xFF, 0xC0, 0x38, 0x00, 0x38, 0x00, 0x3F, 0xF8,
    0x3F, 0xFC, 0x38, 0x1E, 0x38, 0x0E, 0x38, 0x0E, 0x38, 0x0E, 0x38, 0x0E, 0x38, 0x0E, 0x38, 0x0E,
    0x38, 0x0E, 0x38, 0x0E, 0x38, 0x0E, 0x38, 0x0E, 0x38, 0x0E, 0x00, 0x0E, 0x00, 0x0E, 0x00, 0x1E,
    0x00, 0xFC, 0x00, 0xF8, 0x00, 0x00, 0x00, 0x00, 0x00, 0x00, 0x00, 0x00, 0x00, 0x00, 0x00, 0x00,
    0x00, 0x00, 0x00, 0x70, 0x00, 0xE0, 0x01, 0xC0, 0x03, 0x80, 0x00, 0x00, 0x00, 0x00, 0x7F, 0xFC,
    0x7F, 0xFC, 0x70, 0x00, 0x70, 0x00, 0x70, 0x00, 0x70, 0x00, 0x70, 0x00, 0x70, 0x00, 0x70, 0x00,
    0x70, 0x00, 0x70, 0x00, 0x70, 0x00, 0x70, 0x00, 0x70, 0x00, 0x00, 0x00, 0x00, 0x00, 0x00, 0x00,
    0x00, 0x00, 0x00, 0x00, 0x00, 0x00, 0x00, 0x00, 0x00, 0x00, 0x00, 0x00, 0x00, 0x00, 0x00, 0x00,
    0x00, 0x00, 0x00, 0x00, 0x00, 0x00, 0x00, 0x00, 0x00, 0x00, 0x00, 0x00, 0x00, 0x00, 0x1F, 0xF0,
    0x3F, 0xF8, 0x78, 0x3C, 0x70, 0x1C, 0x70, 0x00, 0x70, 0x00, 0x7F, 0xC0, 0x7F, 0xC0, 0x70, 0x00,
    0x70, 0x00, 0x70, 0x1C, 0x78, 0x3C, 0x3F, 0xF8, 0x1F, 0xF0, 0x00, 0x00, 0x00, 0x00, 0x00, 0x00,
    0x00, 0x00, 0x00, 0x00, 0x00, 0x00, 0x00, 0x00, 0x00, 0x00, 0x00, 0x00, 0x00, 0x00, 0x00, 0x00,
    0x00, 0x00, 0x00, 0x00, 0x00, 0x00, 0x00, 0x00, 0x00, 0x00, 0x00, 0x00, 0x00, 0x00, 0x1F, 0xF0,
    0x3F, 0xF8, 0x78, 0x3C, 0x70, 0x00, 0x70, 0x00, 0x78, 0x00, 0x3F, 0xF0, 0x1F, 0xF8, 0x00, 0x3C,
    0x00, 0x1C, 0x00, 0x1C, 0x78, 0x3C, 0x3F, 0xF8, 0x1F, 0xF0, 0x00, 0x00, 0x00, 0x00, 0x00, 0x00,
    0x00, 0x00, 0x00, 0x00, 0x00, 0x00, 0x00, 0x00, 0x00, 0x00, 0x00, 0x00, 0x00, 0x00, 0x00, 0x00,
    0x00, 0x00, 0x03, 0x80, 0x03, 0x80, 0x03, 0x80, 0x03, 0x80, 0x00, 0x00, 0x00, 0x00, 0x0F, 0x80,
    0x0F, 0x80, 0x03, 0x80, 0x03, 0x80, 0x03, 0x80, 0x03, 0x80, 0x03, 0x80, 0x03, 0x80, 0x03, 0x80,
    0x03, 0x80, 0x03, 0x80, 0x03, 0x80, 0x0F, 0xE0, 0x0F, 0xE0, 0x00, 0x00, 0x00, 0x00, 0x00, 0x00,
    0x00, 0x00, 0x00, 0x00, 0x00, 0x00, 0x00, 0x00, 0x00, 0x00, 0x00, 0x00, 0x00, 0x00, 0x00, 0x00,
    0x00, 0x00, 0x1C, 0x70, 0x1C, 0x70, 0x1C, 0x70, 0x1C, 0x70, 0x00, 0x00, 0x00, 0x00, 0x0F, 0x80,
    0x0F, 0x80, 0x03, 0x80, 0x03, 0x80, 0x03, 0x80, 0x03, 0x80, 0x03, 0x80, 0x03, 0x80, 0x03, 0x80,
    0x03, 0x80, 0x03, 0x80, 0x03, 0x80, 0x0F, 0xE0, 0x0F, 0xE0, 0x00, 0x00, 0x00, 0x00, 0x00, 0x00,
    0x00, 0x00, 0x00, 0x00, 0x00, 0x00, 0x00, 0x00, 0x00, 0x00, 0x00, 0x00, 0x00, 0x00, 0x00, 0x00,
    0x00, 0x00, 0x00, 0x38, 0x00, 0x38, 0x00, 0x38, 0x00, 0x38, 0x00, 0x00, 0x00, 0x00, 0x00, 0xF8,
    0x00, 0xF8, 0x00, 0x38, 0x00, 0x38, 0x00, 0x38, 0x00, 0x38, 0x00, 0x38, 0x00, 0x38, 0x00, 0x38,
    0x00, 0x38, 0x00, 0x38, 0x00, 0x38, 0x00, 0x38, 0x00, 0x38, 0x38, 0x38, 0x38, 0x38, 0x3C, 0x78,
    0x1F, 0xF0, 0x0F, 0xE0, 0x00, 0x00, 0x00, 0x00, 0x00, 0x00, 0x00, 0x00, 0x00, 0x00, 0x00, 0x00,
    0x00, 0x00, 0x00, 0x00, 0x00, 0x00, 0x00, 0x00, 0x00, 0x00, 0x00, 0x00, 0x00, 0x00, 0x1F, 0x80,
    0x3F, 0x80, 0x7B, 0x80, 0x73, 0x80, 0x73, 0xF8, 0x73, 0xFC, 0x73, 0x9E, 0x73, 0x8E, 0x73, 0x8E,
    0x73, 0x8E, 0x73, 0x8E, 0x73, 0x9E, 0xF3, 0xFC, 0xE3, 0xF8, 0x00, 0x00, 0x00, 0x00, 0x00, 0x00,
    0x00, 0x00, 0x00, 0x00, 0x00, 0x00, 0x00, 0x00, 0x00, 0x00, 0x00, 0x00, 0x00, 0x00, 0x00, 0x00,
    0x00, 0x00, 0x00, 0x00, 0x00, 0x00, 0x00, 0x00, 0x00, 0x00, 0x00, 0x00, 0x00, 0x00, 0xE3, 0x80,
    0xE3, 0x80, 0xE3, 0x80, 0xE3, 0x80, 0xE3, 0xF8, 0xE3, 0xFC, 0xFF, 0x9E, 0xFF, 0x8E, 0xE3, 0x8E,
    0xE3, 0x8E, 0xE3, 0x8E, 0xE3, 0x9E, 0xE3, 0xFC, 0xE3, 0xF8, 0x00, 0x00, 0x00, 0x00, 0x00, 0x00,
    0x00, 0x00, 0x00, 0x00, 0x00, 0x00, 0x00, 0x00, 0x00, 0x00, 0x00, 0x00, 0x00, 0x00, 0x00, 0x00,
    0x00, 0x00, 0x38, 0x00, 0x38, 0x00, 0xFF, 0xC0, 0xFF, 0xC0, 0x38, 0x00, 0x38, 0x00, 0x3F, 0xF8,
    0x3F, 0xFC, 0x38, 0x1E, 0x38, 0x0E, 0x38, 0x0E, 0x38, 0x0E, 0x38, 0x0E, 0x38, 0x0E, 0x38, 0x0E,
    0x38, 0x0E, 0x38, 0x0E, 0x38, 0x0E, 0x38, 0x0E, 0x38, 0x0E, 0x00, 0x00, 0x00, 0x00, 0x00, 0x00,
    0x00, 0x00, 0x00, 0x00, 0x00, 0x00, 0x00, 0x00, 0x00, 0x00, 0x00, 0x00, 0x00, 0x00, 0x00, 0x00,
    0x00, 0x00, 0x00, 0x70, 0x00, 0xE0, 0x01, 0xC0, 0x03, 0x80, 0x00, 0x00, 0x00, 0x00, 0x38, 0x1C,
    0x38, 0x38, 0x38, 0x70, 0x38, 0xE0, 0x39, 0xC0, 0x3B, 0x80, 0x3F, 0x00, 0x3F, 0x00, 0x3B, 0x80,
    0x39, 0xC0, 0x38, 0xE0, 0x38, 0x70, 0x38, 0x38, 0x38, 0x1C, 0x00, 0x00, 0x00, 0x00, 0x00, 0x00,
    0x00, 0x00, 0x00, 0x00, 0x00, 0x00, 0x00, 0x00, 0x00, 0x00, 0x00, 0x00, 0x00, 0x00, 0x00, 0x00,
    0x00, 0x00, 0x1C, 0x00, 0x0E, 0x00, 0x07, 0x00, 0x03, 0x80, 0x00, 0x00, 0x00, 0x00, 0x70, 0x1C,
    0x70, 0x1C, 0x70, 0x1C, 0x70, 0x1C, 0x70, 0x1C, 0x70, 0x1C, 0x70, 0x1C, 0x70, 0x1C, 0x70, 0x1C,
    0x70, 0x1C, 0x70, 0x1C, 0x78, 0x1C, 0x3F, 0xFC, 0x1F, 0xFC, 0x00, 0x00, 0x00, 0x00, 0x00, 0x00,
    0x00, 0x00, 0x00, 0x00, 0x00, 0x00, 0x00, 0x00, 0x00, 0x00, 0x00, 0x00, 0x00, 0x00, 0x00, 0x00,
    0x00, 0x00, 0x1C, 0x70, 0x1C, 0x70, 0x0F, 0xE0, 0x07, 0xC0, 0x00, 0x00, 0x00, 0x00, 0x70, 0x1C,
    0x70, 0x1C, 0x70, 0x1C, 0x70, 0x1C, 0x70, 0x1C, 0x70, 0x1C, 0x70, 0x1C, 0x70, 0x1C, 0x70, 0x1C,
    0x70, 0x1C, 0x70, 0x1C, 0x78, 0x1C, 0x3F, 0xFC, 0x1F, 0xFC, 0x00, 0x1C, 0x00, 0x1C, 0x00, 0x3C,
    0x3F, 0xF8, 0x3F, 0xF0, 0x00, 0x00, 0x00, 0x00, 0x00, 0x00, 0x00, 0x00, 0x00, 0x00, 0x00, 0x00,
    0x00, 0x00, 0x00, 0x00, 0x00, 0x00, 0x00, 0x00, 0x00, 0x00, 0x00, 0x00, 0x00, 0x00, 0x70, 0x1C,
    0x70, 0x1C, 0x70, 0x1C, 0x70, 0x1C, 0x70, 0x1C, 0x70, 0x1C, 0x70, 0x1C, 0x70, 0x1C, 0x70, 0x1C,
    0x70, 0x1C, 0x70, 0x1C, 0x70, 0x1C, 0x7F, 0xFC, 0x7F, 0xFC, 0x03, 0x80, 0x03, 0x80, 0x03, 0x80,
    0x03, 0x80, 0x03, 0x80, 0x00, 0x00, 0x70, 0x78, 0x3F, 0xE1, 0xE0, 0xFF, 0x87, 0x83, 0xFE, 0x1E,
    0x0F, 0xF8, 0x78, 0x3F, 0xE1, 0xE0, 0xFF, 0x87, 0x83, 0xFE, 0x1E, 0x0F, 0xF8, 0x78, 0x3F, 0xE1,
    0xE0, 0xFF, 0x87, 0x83, 0xFE, 0x1E, 0x0F, 0xF8, 0x78, 0x3F, 0xE1, 0xE0, 0xFF, 0x87, 0xC7, 0xDF,
    0x3F, 0x1F, 0x7F, 0xFF, 0xF8, 0xFF, 0xFF, 0xE1, 0xFC, 0xFE, 0x01, 0xC0, 0xE0, 0xF0, 0xF1, 0xFF,
    0x8F, 0x1F, 0xF8, 0xF1, 0xFF, 0x8F, 0x1F, 0xF8, 0xF1, 0xFF, 0x8F, 0x1F, 0xF8, 0xF1, 0xFF, 0x8F,
    0x1F, 0xF8, 0xF1, 0xFF, 0x8F, 0x1F, 0xF9, 0xF9, 0xF7, 0xFF, 0xFE, 0x7F, 0xFF, 0xE3, 0xF9, 0xFC,
    0x0E, 0x07, 0x00, 0x00, 0x00, 0x00, 0x00, 0x00, 0x00, 0x00, 0x00, 0x00, 0x00, 0x00, 0x00, 0x38,
    0x00, 0x38, 0x00, 0xFF, 0x80, 0xFF, 0x80, 0x38, 0x00, 0x38, 0x00, 0x3F, 0xF0, 0x3F, 0xF8, 0x38,
    0x3C, 0x38, 0x1C, 0x38, 0x1C, 0x38, 0x1C, 0x38, 0x1C, 0x38, 0x1C, 0x38, 0x1C, 0x38, 0x1C, 0x38,
    0x1C, 0x38, 0x3C, 0x3F, 0xF8, 0x3F, 0xF0, 0x00, 0x00, 0x00, 0x00, 0x00, 0x00, 0x00, 0x00, 0x00,
    0x00, 0x00, 0x00, 0x00, 0x00, 0x00, 0x00, 0x00, 0x00, 0x00, 0x00, 0x00, 0x00, 0x00, 0x00, 0x1C,
    0x00, 0x1C, 0x00, 0x1C, 0x00, 0x1C, 0x00, 0x7F, 0xC0, 0x7F, 0xC0, 0x1C, 0x00, 0x1C, 0x00, 0x1C,
    0x00, 0x1C, 0x00, 0x1F, 0xF0, 0x1F, 0xF8, 0x1C, 0x3C, 0x1C, 0x1C, 0x1C, 0x1C, 0x1C, 0x1C, 0x1C,
    0x1C, 0x1C, 0x3C, 0x1F, 0xF8, 0x1F, 0xF0, 0x00, 0x00, 0x00, 0x00, 0x00, 0x00, 0x00, 0x00, 0x00,
    0x00, 0x00, 0x00, 0x70, 0x07, 0xC1, 0xF0, 0x3F, 0xE3, 0xE1, 0xFF, 0xE7, 0xC7, 0xFF, 0xEF, 0x8F,
    0xC7, 0xFF, 0x3E, 0x07, 0xFE, 0x7C, 0x07, 0xFC, 0xF0, 0x00, 0xFF, 0xFF, 0x01, 0xFF, 0xFF, 0x03,
    0xFF, 0xFE, 0x07, 0xFF, 0xF8, 0x0F, 0x9E, 0x00, 0x1F, 0x3E, 0x03, 0xFE, 0x7C, 0x0F, 0xFC, 0x7F,
    0x7E, 0xF8, 0x7F, 0xFD, 0xF0, 0x7F, 0xF3, 0xE0, 0x7F, 0xC0, 0x00, 0x1C, 0x00, 0xF0, 0x3F, 0x1F,
    0x1F, 0xF3, 0xE7, 0xFF, 0x7C, 0xFF, 0xFF, 0xBE, 0x3F, 0xF7, 0x83, 0xFF, 0xFF, 0x07, 0xFF, 0xE0,
    0xFF, 0xFC, 0x1F, 0x78, 0x3F, 0xEF, 0x8F, 0xFC, 0xFF, 0xEF, 0x9F, 0xFD, 0xF0, 0xFF, 0x00, 0x07,
    0x00, 0x01, 0xE0, 0x00, 0xFC, 0x00, 0x3F, 0x80, 0x1F, 0xE0, 0x07, 0xF8, 0x01, 0xFF, 0x00, 0xFF,
    0xC0, 0x3E, 0xF0, 0x0F, 0x3E, 0x07, 0xCF, 0x81, 0xF1, 0xE0, 0x7F, 0xFC, 0x3F, 0xFF, 0x0F, 0xFF,
    0xC3, 0xDE, 0xF9, 0xF7, 0xBE, 0x7D, 0xE7, 0xDE, 0x79, 0xFF, 0x9E, 0x7C, 0x07, 0xC0, 0x0F, 0x80,
    0x3F, 0x00, 0x7F, 0x00, 0xFE, 0x03, 0xFC, 0x07, 0xBC, 0x1F, 0x78, 0x3F, 0xF8, 0x7F, 0xF1, 0xFF,
    0xE3, 0xDF, 0xE7, 0xBB, 0xDE, 0x77, 0xC0, 0x70, 0x0F, 0x80, 0xF8, 0x1F, 0x80, 0xF8, 0x1F, 0xC0,
    0xF8, 0x1F, 0xC0, 0xF8, 0x3F, 0xE0, 0xF8, 0x3F, 0xE0, 0xF8, 0x3D, 0xE0, 0xF8, 0x7D, 0xF0, 0xF8,
    0x7D, 0xF0, 0xF8, 0x78, 0xF0, 0xF8, 0xF8, 0xF8, 0xFF, 0xFF, 0xF8, 0xFF, 0xFF, 0xF8, 0xFF, 0xFF,
    0xFC, 0xF9, 0xF7, 0x7C, 0xF9, 0xE7, 0x3C, 0xFB, 0xE7, 0x3E, 0xFB, 0xE7, 0x3E, 0xFB, 0xC7, 0x1E,
    0xF0, 0x3E, 0x0F, 0x83, 0xE0, 0xF8, 0x7E, 0x0F, 0x87, 0xF0, 0xF8, 0x7F, 0x0F, 0x8F, 0xF8, 0xF8,
    0xF7, 0x8F, 0xFF, 0x78, 0xFF, 0xFF, 0xCF, 0xFF, 0xFC, 0xFB, 0xFF, 0xCF, 0xBD, 0xDE, 0xFB, 0xDD,
    0xEF, 0xFD, 0xDF, 0x00, 0x00, 0x00, 0x00, 0x00, 0x00, 0x00, 0x00, 0x00, 0x00, 0x00, 0x00, 0x7F,
    0xFC, 0x7F, 0xFC, 0x70, 0x1C, 0x38, 0x38, 0x38, 0x38, 0x1C, 0x70, 0x1C, 0x70, 0x0E, 0xE0, 0x0F,
    0xE0, 0x07, 0xC0, 0x0F, 0xE0, 0x1F, 0xF0, 0x3B, 0xB8, 0x73, 0x9C, 0x73, 0x9C, 0x73, 0x9C, 0x73,
    0x9C, 0x73, 0x9C, 0x73, 0x9C, 0x73, 0x9C, 0x00, 0x00, 0x00, 0x00, 0x00, 0x00, 0x00, 0x00, 0x00,
    0x00, 0x00, 0x00, 0x00, 0x00, 0x00, 0x00, 0x00, 0x00, 0x00, 0x00, 0x00, 0x00, 0x00, 0x00, 0x00,
    0x00, 0x00, 0x00, 0x00, 0x00, 0x00, 0x00, 0x00, 0x00, 0x00, 0x00, 0x7F, 0xFC, 0x7F, 0xFC, 0x70,
    0x1C, 0x38, 0x38, 0x1C, 0x70, 0x0E, 0xE0, 0x0F, 0xE0, 0x1F, 0xF0, 0x3B, 0xB8, 0x73, 0x9C, 0x73,
    0x9C, 0x73, 0x9C, 0x73, 0x9C, 0x73, 0x9C, 0x00, 0x00, 0x00, 0x00, 0x00, 0x00, 0x00, 0x00, 0x00,
    0x00, 0x00, 0x00, 0x70, 0x7F, 0xFF, 0x9F, 0x0F, 0xFF, 0xFB, 0xE0, 0xFF, 0xFE, 0x7C, 0x1F, 0xFF,
    0x8F, 0x81, 0xE0, 0xF1, 0xF0, 0x1E, 0x3C, 0x3E, 0x03, 0xEF, 0x87, 0xC0, 0x3D, 0xE0, 0xF8, 0x07,
    0xF8, 0x1F, 0xFF, 0xFF, 0xE3, 0xFF, 0xFF, 0xFF, 0x7F, 0xFF, 0xFF, 0xEF, 0x8F, 0x9F, 0x3F, 0xF1,
    0xE3, 0xE3, 0xFE, 0x3C, 0x7C, 0x7F, 0xC7, 0x8F, 0x8F, 0xF8, 0xF1, 0xF1, 0xFF, 0x1E, 0x3E, 0x3F,
    0xE3, 0xC7, 0xC7, 0x80, 0xF0, 0xFF, 0xFC, 0xF8, 0xFF, 0xFC, 0xF8, 0x7F, 0xF8, 0xF8, 0x3C, 0xF8,
    0xF8, 0x3E, 0xF0, 0xF8, 0x1F, 0xE0, 0xFF, 0xFF, 0xF0, 0xFF, 0xFF, 0xFC, 0xFF, 0xFF, 0xFE, 0xFF,
    0xFF, 0xFE, 0xF9, 0xE7, 0x9E, 0xF9, 0xE7, 0x9E, 0xF9, 0xE7, 0x9E, 0xF9, 0xE7, 0x9E, 0x38, 0x73,
    0xFF, 0x1F, 0xC0, 0x78, 0x03, 0x03, 0xC0, 0x7F, 0xC7, 0xFE, 0x7F, 0xE0, 0x1F, 0x01, 0xF0, 0x1F,
    0x01, 0xE1, 0xFE, 0x1F, 0xC1, 0xFE, 0x1F, 0xF0, 0x0F, 0x00, 0xF0, 0x0F, 0x01, 0xF3, 0xFF, 0x7F,
    0xEF, 0xFC, 0xFE, 0x0F, 0x00, 0xF8, 0x07, 0xC0, 0x78, 0x01, 0x80, 0x3D, 0xE1, 0xFE, 0x1F, 0xC0,
    0xF8, 0x00, 0x07, 0xF8, 0x7F, 0xE7, 0xFE, 0x3F, 0xF0, 0x0F, 0x01, 0xF1, 0xFE, 0x1F, 0xE1, 0xFF,
    0x00, 0xF0, 0x0F, 0x1F, 0xF3, 0xFF, 0x7F, 0xEF, 0xF0, 0xF8, 0x07, 0xE0, 0x7E, 0x03, 0xE0, 0x00,
    0x00, 0x70, 0xF0, 0xEF, 0x8F, 0x0F, 0xF8, 0xF0, 0xFF, 0x8F, 0x0F, 0xF8, 0xF0, 0xFF, 0x8F, 0x0F,
    0xF8, 0xF0, 0xFF, 0x8F, 0x0F, 0xF8, 0xF1, 0xF7, 0x8F, 0x1E, 0x7C, 0xF3, 0xE3, 0xFF, 0xFE, 0x1F,
    0xFF, 0xC0, 0xFF, 0xF0, 0x03, 0xFC, 0x00, 0x0F, 0x00, 0x00, 0xF0, 0x00, 0x0F, 0x00, 0x00, 0xF0,
    0x00, 0x01, 0xE0, 0x00, 0x3E, 0x00, 0x07, 0xC0, 0x78, 0xF9, 0xEF, 0x1F, 0x3F, 0xE3, 0xE7, 0xFC,
    0x7C, 0xFF, 0x8F, 0x9F, 0xF1, 0xF3, 0xFE, 0x3E, 0x7F, 0xC7, 0xCF, 0xFC, 0xF9, 0xEF, 0x9F, 0x3C,
    0xFB, 0xEF, 0x9F, 0xFF, 0xF1, 0xFF, 0xFC, 0x1F, 0xFF, 0x00, 0x7F, 0x00, 0x07, 0xC0, 0x00, 0xF8,
    0x00, 0x1F, 0x00, 0x03, 0xE0, 0x00, 0x00, 0x00, 0x03, 0xE0, 0x03, 0xFE, 0x01, 0xFF, 0xE0, 0xFF,
    0xF8, 0x7E, 0x3F, 0x3F, 0x03, 0xEF, 0x80, 0xFB, 0xE0, 0x1E, 0xFF, 0xFF, 0xBF, 0xFF, 0xEF, 0xFF,
    0xFB, 0xFF, 0xFE, 0xF8, 0x07, 0xBE, 0x03, 0xE7, 0xC1, 0xF9, 0xFD, 0xFC, 0x3F, 0xFE, 0x07, 0xFF,
    0x00, 0xFF, 0x80, 0x07, 0x00, 0x07, 0xC0, 0x3F, 0xE0, 0xFF, 0xE3, 0xFF, 0xE7, 0xC7, 0xCF, 0x07,
    0x9F, 0xFF, 0xBF, 0xFF, 0x79, 0xFE, 0xF0, 0x79, 0xF1, 0xF1, 0xFF, 0xC3, 0xFF, 0x81, 0xFE, 0x00,
    0xE0, 0x00, 0x70, 0x00, 0xDF, 0x00, 0x7D, 0xF0, 0x1F, 0xBE, 0x03, 0xF7, 0xC0, 0xF8, 0x7C, 0x1F,
    0x0F, 0x83, 0xC1, 0xF0, 0xF8, 0x1E, 0x1F, 0x03, 0xE3, 0xC0, 0x7C, 0xF8, 0x07, 0x9F, 0x00, 0xFB,
    0xC0, 0x0F, 0xF8, 0x01, 0xFF, 0x00, 0x3F, 0xC0, 0x03, 0xF8, 0x00, 0x7E, 0x00, 0x0F, 0xC0, 0x00,
    0xF8, 0x1F, 0xF0, 0x7D, 0xE1, 0xFB, 0xC3, 0xF7, 0xC7, 0x87, 0x9F, 0x0F, 0x3C, 0x1F, 0x78, 0x1F,
    0xF0, 0x3F, 0xC0, 0x7F, 0x80, 0x7E, 0x00, 0xFC, 0x00, 0xF8, 0x00, 0x1E, 0xF0, 0x01, 0xEE, 0x00,
    0x1D, 0xE0, 0x03, 0xDC, 0x00, 0x00, 0x00, 0xE0, 0x01, 0xBE, 0x00, 0xFB, 0xE0, 0x3F, 0x7C, 0x07,
    0xEF, 0x81, 0xF0, 0xF8, 0x3E, 0x1F, 0x07, 0x83, 0xE1, 0xF0, 0x3C, 0x3E, 0x07, 0xC7, 0x80, 0xF9,
    0xF0, 0x0F, 0x3E, 0x01, 0xF7, 0x80, 0x1F, 0xF0, 0x03, 0xFE, 0x00, 0x7F, 0x80, 0x07, 0xF0, 0x00,
    0xFC, 0x00, 0x1F, 0x80, 0x7B, 0xC0, 0x7F, 0x80, 0xF7, 0x80, 0xFF, 0x00, 0x00, 0x1F, 0x03, 0xFE,
    0x0F, 0xBC, 0x3F, 0x78, 0x7E, 0xF8, 0xF0, 0xF3, 0xE1, 0xE7, 0x83, 0xEF, 0x03, 0xFE, 0x07, 0xF8,
    0x0F, 0xF0, 0x0F, 0xC0, 0x1F, 0x80, 0x1F, 0x00, 0x03, 0xE0, 0x00, 0x00, 0x07, 0xFC, 0x00, 0x00,
    0x07, 0xFF, 0x80, 0x00, 0x07, 0xFF, 0xC0, 0x00, 0x07, 0xE3, 0xF0, 0x00, 0x07, 0xE0, 0x7D, 0xF0,
    0x7F, 0xE0, 0x3E, 0xF8, 0x3F, 0xF0, 0x0F, 0x3C, 0x1E, 0xF0, 0x07, 0x9F, 0x1F, 0x78, 0x03, 0xC7,
    0x8F, 0x3C, 0x01, 0xE3, 0xC7, 0x9E, 0x00, 0xF1, 0xF7, 0xCF, 0x80, 0x78, 0x7B, 0xC7, 0xC0, 0x7C,
    0x3D, 0xE1, 0xF0, 0x7E, 0x1F, 0xF0, 0xFE, 0xFE, 0x07, 0xF0, 0x3F, 0xFE, 0x03, 0xF8, 0x0F, 0xFE,
    0x00, 0xF8, 0x03, 0xFE, 0x00, 0x7C, 0x00, 0x38, 0x00, 0x3E, 0x00, 0x00, 0x00, 0x1E, 0x00, 0x00,
    0x00, 0x7F, 0x00, 0x00, 0x00, 0x3F, 0x00, 0x00, 0x00, 0x3F, 0x00, 0x00, 0x00, 0x06, 0x00, 0x00,
    0x07, 0xC1, 0xE0, 0x78, 0x7F, 0xC7, 0xC1, 0xE3, 0xFF, 0x9F, 0x0F, 0x9F, 0xFF, 0x3C, 0x3C, 0x7C,
    0x7C, 0xF8, 0xF1, 0xE0, 0xF1, 0xE7, 0xC7, 0x83, 0xE7, 0x9E, 0x1E, 0x0F, 0x9F, 0x78, 0x78, 0x3E,
    0x3F, 0xE1, 0xE0, 0xF0, 0xFF, 0x07, 0xC7, 0xC3, 0xFC, 0x0F, 0xFE, 0x07, 0xE0, 0x3F, 0xF8, 0x1F,
    0x80, 0x3F, 0xC0, 0x3E, 0x00, 0x38, 0x00, 0xF0, 0x00, 0x00, 0x07, 0xC0, 0x00, 0x00, 0xFE, 0x00,
    0x00, 0x03, 0xF8, 0x00, 0x00, 0x0F, 0xC0, 0x00, 0x00, 0x08, 0x00, 0x03, 0xE0, 0x1F, 0xF8, 0x3F,
    0xFC, 0x7F, 0xFE, 0x7E, 0x3F, 0xF8, 0x1F, 0xF8, 0x0F, 0xF0, 0x00, 0xF0, 0x00, 0xF0, 0x00, 0xF0,
    0x00, 0xF8, 0x0F, 0xF8, 0x1F, 0x7E, 0x3F, 0x7F, 0xFF, 0x3F, 0xFF, 0x1F, 0xEF, 0x03, 0x8F, 0x00,
    0x0F, 0x07, 0xC0, 0x7F, 0xC3, 0xFF, 0x9F, 0xFF, 0x7C, 0x7D, 0xE0, 0xF7, 0x80, 0x1E, 0x00, 0x78,
    0x01, 0xE0, 0x07, 0xC0, 0x0F, 0xF0, 0x3F, 0xC0, 0x3F, 0x00, 0x3C, 0x00, 0xF0, 0x03, 0xC0, 0x0F,
    0x00, 0x38, 0x00, 0x00, 0x18, 0x00, 0xE0, 0x47, 0x03, 0x9C, 0x0F, 0xE0, 0x0F, 0x80, 0x1F, 0x80,
    0x7F, 0x43, 0x9D, 0xDC, 0x07, 0xF0, 0x0F, 0x80, 0x0F, 0x80, 0x7F, 0x83, 0xCC, 0x0E, 0x00, 0x70,
    0x00, 0x01, 0xDF, 0xF7, 0xFD, 0xC0, 0x60, 0x00, 0x0F, 0xCF, 0xFD, 0xF3, 0x80, 0x00, 0x0F, 0xF7,
    0x30, 0x03, 0x9C, 0xE6, 0x00, 0x3F, 0x07, 0xFE, 0x63, 0xF0, 0x00, 0x00, 0x3C, 0x00, 0x00, 0x3F,
    0x00, 0x00, 0x19, 0x80, 0x01, 0x80, 0x07, 0x01, 0xF0, 0x07, 0xC1, 0x98, 0x03, 0x70, 0x00, 0x00,
    0x00, 0x00, 0x00, 0x00, 0x00, 0x00, 0x00, 0x18, 0x00, 0x03, 0x3E, 0x00, 0x03, 0xF9, 0x80, 0x03,
    0x30, 0x00, 0x00, 0x00, 0x00, 0x00, 0x00, 0x00, 0x00, 0x00, 0x00, 0x00, 0x00, 0x1E, 0x00, 0x7C,
    0x1F, 0x80, 0x3E, 0x0C, 0xC0, 0x19, 0x00, 0x03, 0x80, 0x00, 0x03, 0xE0, 0x00, 0x03, 0xB0, 0x00,
    0x00, 0x00, 0x00, 0x00, 0x18, 0x00, 0x00, 0x18, 0x00, 0x00, 0x18, 0x00, 0x18, 0x38, 0x00, 0x0C,
    0x30, 0x38, 0x0E, 0x00, 0xF0, 0x06, 0x00, 0xE0, 0x04, 0x00, 0x00, 0x00, 0x00, 0x00, 0x00, 0x00,
    0x00, 0xF0, 0x00, 0x18, 0xF8, 0x00, 0x1F, 0x38, 0x00, 0x0F, 0x00, 0x00, 0x00, 0x00, 0x00, 0x00,
    0x00, 0x00, 0x00, 0x02, 0x00, 0x60, 0x0F, 0x00, 0xE0, 0x1E, 0x18, 0x70, 0x18, 0x18, 0x30, 0x00,
    0x18, 0x30, 0x00, 0x38, 0x00, 0x00, 0x30, 0x00, 0x00, 0x00, 0x00, 0x0E, 0x38, 0x01, 0xFE, 0x00,
    0x3F, 0xC0, 0x01, 0xF0, 0x00, 0x00, 0x00, 0xE0, 0x1E, 0x3E, 0x07, 0xE7, 0xC0, 0xFC, 0xF8, 0x3F,
    0x9F, 0x0F, 0xF3, 0xE1, 0xFE, 0x7C, 0x7F, 0xCF, 0x8F, 0xF9, 0xF3, 0xFF, 0x3E, 0xFB, 0xE7, 0xDE,
    0x7C, 0xFF, 0xCF, 0x9F, 0xF1, 0xF3, 0xFE, 0x3E, 0x7F, 0x87, 0xCF, 0xE0, 0xF9, 0xFC, 0x1F, 0xBF,
    0x03, 0xF7, 0xC0, 0x7E, 0x00, 0x07, 0x80, 0x00, 0xF0, 0x00, 0x1E, 0x00, 0x07, 0x80, 0x38, 0xE0,
    0x3F, 0xE0, 0x1F, 0xC0, 0x0F, 0x80, 0x00, 0x00, 0xF0, 0x78, 0xF8, 0x78, 0xF8, 0xF8, 0xF9, 0xF8,
    0xF9, 0xF8, 0xFB, 0xF8, 0xFF, 0xF8, 0xFF, 0xF8, 0xFF, 0x78, 0xFE, 0x78, 0xFE, 0x78, 0xFC, 0x7E,
    0xF8, 0x7E, 0xF0, 0x7E, 0x00, 0x3E, 0x00, 0x3C, 0x00, 0x3C, 0x00, 0x3C, 0x1C, 0x00, 0x1F, 0x00,
    0x3F, 0xF8, 0x1F, 0xFC, 0x0F, 0xFE, 0x03, 0xFF, 0x00, 0xF8, 0x00, 0x7F, 0xF0, 0x3F, 0xFE, 0x1F,
    0xFF, 0x8F, 0xFF, 0xE7, 0xC1, 0xF3, 0xE0, 0x79, 0xF0, 0x3C, 0xF8, 0x3E, 0x7C, 0x3F, 0x3F, 0xFF,
    0x1F, 0xFF, 0x0F, 0xFF, 0x00, 0x1E, 0x00, 0x3C, 0x00, 0x78, 0x07, 0xFF, 0x0F, 0xFE, 0x1F, 0xFC,
    0x07, 0x80, 0x0F, 0xF0, 0x1F, 0xF8, 0x3F, 0xF8, 0x7F, 0xF8, 0xF0, 0xF1, 0xE1, 0xE3, 0xC7, 0xC7,
    0xFF, 0x8F, 0xFE, 0x1F, 0xF8, 0x7F, 0x81, 0xFF, 0xE3, 0xFF, 0xE7, 0xFF, 0xEF, 0x87, 0xDF, 0x07,
    0xFE, 0x0F, 0xFC, 0xDF, 0xF9, 0xFF, 0xF3, 0xFB, 0xFF, 0xF7, 0xFF, 0xCF, 0xFF, 0x1F, 0x07, 0x3E,
    0x0C, 0x7C, 0x00, 0xF8, 0x01, 0xF0, 0x03, 0xE0, 0x00, 0xF3, 0xE3, 0xFF, 0xCF, 0xFF, 0xBF, 0xFE,
    0xF8, 0x7F, 0xE1, 0xFF, 0x83, 0xFE, 0x0F, 0xF8, 0xBF, 0xE7, 0xFF, 0xDF, 0xFF, 0xFE, 0xFF, 0xFB,
    0xFF, 0xEF, 0x9B, 0xBE, 0x00, 0xF8, 0x03, 0xE0, 0x0F, 0x80, 0x00, 0x00, 0x00, 0x00, 0x00, 0x00,
    0x00, 0x1C, 0x00, 0x1C, 0x00, 0x1C, 0x00, 0x1C, 0x7F, 0xFC, 0x7F, 0xFC, 0x70, 0x00, 0x70, 0x00,
    0x70, 0x00, 0x70, 0x00, 0x70, 0x00, 0x70, 0x00, 0x70, 0x00, 0x70, 0x00, 0x70, 0x00, 0x70, 0x00,
    0x70, 0x00, 0x70, 0x00, 0x70, 0x00, 0x70, 0x00, 0x70, 0x00, 0x70, 0x00, 0x70, 0x00, 0x70, 0x00,
    0x00, 0x00, 0x00, 0x00, 0x00, 0x00, 0x00, 0x00, 0x00, 0x00, 0x00, 0x00, 0x00, 0x00, 0x00, 0x00,
    0x00, 0x00, 0x00, 0x00, 0x00, 0x00, 0x00, 0x00, 0x00, 0x00, 0x00, 0x00, 0x00, 0x1C, 0x00, 0x1C,
    0x00, 0x1C, 0x00, 0x1C, 0x7F, 0xFC, 0x7F, 0xFC, 0x70, 0x00, 0x70, 0x00, 0x70, 0x00, 0x70, 0x00,
    0x70, 0x00, 0x70, 0x00, 0x70, 0x00, 0x70, 0x00, 0x70, 0x00, 0x70, 0x00, 0x70, 0x00, 0x70, 0x00,
    0x00, 0x00, 0x00, 0x00, 0x00, 0x00, 0x00, 0x00, 0x00, 0x00, 0x00, 0x00, 0x00, 0x00, 0x00, 0x00,
    0x00, 0x00, 0x00, 0x00, 0x00, 0x00, 0x00, 0x00, 0x7F, 0xFC, 0x7F, 0xFC, 0x70, 0x00, 0x70, 0x00,
    0x70, 0x00, 0x70, 0x00, 0x70, 0x00, 0x70, 0x00, 0x70, 0x00, 0xFF, 0x80, 0xFF, 0x80, 0x70, 0x00,
    0x70, 0x00, 0x70, 0x00, 0x70, 0x00, 0x70, 0x00, 0x70, 0x00, 0x70, 0x00, 0x70, 0x00, 0x70, 0x00,
    0x00, 0x00, 0x00, 0x00, 0x00, 0x00, 0x00, 0x00, 0x00, 0x00, 0x00, 0x00, 0x00, 0x00, 0x00, 0x00,
    0x00, 0x00, 0x00, 0x00, 0x00, 0x00, 0x00, 0x00, 0x00, 0x00, 0x00, 0x00, 0x00, 0x00, 0x00, 0x00,
    0x00, 0x00, 0x00, 0x00, 0x7F, 0xFC, 0x7F, 0xFC, 0x70, 0x00, 0x70, 0x00, 0x70, 0x00, 0x70, 0x00,
    0xFF, 0x80, 0xFF, 0x80, 0x70, 0x00, 0x70, 0x00, 0x70, 0x00, 0x70, 0x00, 0x70, 0x00, 0x70, 0x00,
    0x00, 0x00, 0x00, 0x00, 0x00, 0x00, 0x00, 0x00, 0x00, 0x00, 0x00, 0x00, 0x00, 0x00, 0x00, 0x00,
    0x00, 0x00, 0x00, 0x00, 0x00, 0x00, 0x00, 0x00, 0x7F, 0xFC, 0x7F, 0xFC, 0x70, 0x00, 0x70, 0x00,
    0x70, 0x00, 0x70, 0x00, 0x70, 0x00, 0x70, 0x00, 0x70, 0x00, 0x70, 0x00, 0x7F, 0xF0, 0x7F, 0xF8,
    0x70, 0x3C, 0x70, 0x1C, 0x70, 0x1C, 0x70, 0x1C, 0x70, 0x1C, 0x70, 0x1C, 0x70, 0x1C, 0x70, 0x1C,
    0x00, 0x1C, 0x00, 0x1C, 0x00, 0x38, 0x00, 0x70, 0x00, 0x00, 0x00, 0x00, 0x00, 0x00, 0x00, 0x00,
    0x00, 0x00, 0x00, 0x00, 0x00, 0x00, 0x00, 0x00, 0x00, 0x00, 0x00, 0x00, 0x00, 0x00, 0x00, 0x00,
    0x00, 0x00, 0x00, 0x00, 0x7F, 0xFC, 0x7F, 0xFC, 0x70, 0x00, 0x70, 0x00, 0x70, 0x00, 0x70, 0x00,
    0x70, 0x00, 0x7F, 0xC0, 0x7F, 0xE0, 0x70, 0xF0, 0x70, 0x70, 0x70, 0x70, 0x70, 0x70, 0x70, 0x70,
    0x00, 0x70, 0x00, 0x70, 0x00, 0xE0, 0x01, 0xC0, 0x00, 0x00, 0x00, 0x00, 0x00, 0x00, 0x00, 0x00,
    0x00, 0x00, 0x00, 0x00, 0x00, 0x00, 0x00, 0x00, 0x73, 0x9C, 0x73, 0x9C, 0x73, 0x9C, 0x73, 0x9C,
    0x73, 0x9C, 0x73, 0x9C, 0x73, 0x9C, 0x3B, 0xB8, 0x1F, 0xF0, 0x0F, 0xE0, 0x0F, 0xE0, 0x1F, 0xF0,
    0x3B, 0xB8, 0x73, 0x9C, 0x73, 0x9C, 0x73, 0x9C, 0x73, 0x9C, 0x73, 0x9C, 0x73, 0x9E, 0x73, 0x9F,
    0x00, 0x07, 0x00, 0x07, 0x00, 0x07, 0x00, 0x07, 0x00, 0x07, 0x00, 0x00, 0x00, 0x00, 0x00, 0x00,
    0x00, 0x00, 0x00, 0x00, 0x00, 0x00, 0x00, 0x00, 0x00, 0x00, 0x00, 0x00, 0x00, 0x00, 0x00, 0x00,
    0x00, 0x00, 0x00, 0x00, 0x73, 0x9C, 0x73, 0x9C, 0x73, 0x9C, 0x73, 0x9C, 0x3B, 0xB8, 0x1F, 0xF0,
    0x0F, 0xE0, 0x1F, 0xF0, 0x3B, 0xB8, 0x73, 0x9C, 0x73, 0x9C, 0x73, 0x9C, 0x73, 0x9E, 0x73, 0x9F,
    0x00, 0x07, 0x00, 0x07, 0x00, 0x07, 0x00, 0x07, 0x00, 0x07, 0x00, 0x00, 0x00, 0x00, 0x00, 0x00,
    0x00, 0x00, 0x00, 0x00, 0x00, 0x00, 0x00, 0x00, 0x1F, 0xF0, 0x3F, 0xF8, 0x78, 0x3C, 0x70, 0x1C,
    0x70, 0x1C, 0x00, 0x1C, 0x00, 0x1C, 0x00, 0x1C, 0x00, 0x3C, 0x0F, 0xF8, 0x0F, 0xF8, 0x00, 0x3C,
    0x00, 0x1C, 0x00, 0x1C, 0x00, 0x1C, 0x70, 0x1C, 0x70, 0x1C, 0x78, 0x3C, 0x3F, 0xF8, 0x1F, 0xF0,
    0x03, 0x80, 0x03, 0x80, 0x03, 0x80, 0x03, 0x80, 0x03, 0x80, 0x00, 0x00, 0x00, 0x00, 0x00, 0x00,
    0x00, 0x00, 0x00, 0x00, 0x00, 0x00, 0x00, 0x00, 0x00, 0x00, 0x00, 0x00, 0x00, 0x00, 0x00, 0x00,
    0x00, 0x00, 0x00, 0x00, 0x1F, 0xF0, 0x3F, 0xF8, 0x78, 0x3C, 0x70, 0x1C, 0x00, 0x1C, 0x00, 0x3C,
    0x07, 0xF8, 0x07, 0xF8, 0x00, 0x3C, 0x00, 0x1C, 0x70, 0x1C, 0x78, 0x3C, 0x3F, 0xF8, 0x1F, 0xF0,
    0x03, 0x80, 0x03, 0x80, 0x03, 0x80, 0x03, 0x80, 0x03, 0x80, 0x00, 0x00, 0x00, 0x00, 0x00, 0x00,
    0x00, 0x00, 0x00, 0x00, 0x00, 0x00, 0x00, 0x00, 0x70, 0x0C, 0x70, 0x1C, 0x70, 0x38, 0x70, 0x70,
    0x70, 0xE0, 0x71, 0xC0, 0x73, 0x80, 0x77, 0x00, 0x7E, 0x00, 0x7C, 0x00, 0x7C, 0x00, 0x7E, 0x00,
    0x77, 0x00, 0x73, 0x80, 0x71, 0xC0, 0x70, 0xE0, 0x70, 0x70, 0x70, 0x38, 0x70, 0x1C, 0x70, 0x0E,
    0x00, 0x07, 0x00, 0x07, 0x00, 0x07, 0x00, 0x07, 0x00, 0x07, 0x00, 0x00, 0x00, 0x00, 0x00, 0x00,
    0x00, 0x00, 0x00, 0x00, 0x00, 0x00, 0x00, 0x00, 0x00, 0x00, 0x00, 0x00, 0x00, 0x00, 0x00, 0x00,
    0x00, 0x00, 0x00, 0x00, 0x38, 0x1C, 0x38, 0x38, 0x38, 0x70, 0x38, 0xE0, 0x39, 0xC0, 0x3B, 0x80,
    0x3F, 0x00, 0x3F, 0x00, 0x3B, 0x80, 0x39, 0xC0, 0x38, 0xE0, 0x38, 0x70, 0x38, 0x38, 0x38, 0x1C,
    0x00, 0x0E, 0x00, 0x0E, 0x00, 0x0E, 0x00, 0x0E, 0x00, 0x0E, 0x00, 0x00, 0x00, 0x00, 0x00, 0x00,
    0x00, 0x00, 0x00, 0x00, 0x00, 0x00, 0x00, 0x00, 0x70, 0x0E, 0x70, 0x0E, 0x70, 0x0E, 0x70, 0x1C,
    0x76, 0x38, 0x76, 0x70, 0x76, 0xE0, 0x77, 0xC0, 0x77, 0x80, 0x7F, 0x00, 0x7F, 0x00, 0x77, 0x80,
    0x77, 0xC0, 0x76, 0xE0, 0x76, 0x70, 0x76, 0x38, 0x70, 0x1C, 0x70, 0x0E, 0x70, 0x0E, 0x70, 0x0E,
    0x00, 0x00, 0x00, 0x00, 0x00, 0x00, 0x00, 0x00, 0x00, 0x00, 0x00, 0x00, 0x00, 0x00, 0x00, 0x00,
    0x00, 0x00, 0x00, 0x00, 0x00, 0x00, 0x00, 0x00, 0x00, 0x00, 0x00, 0x00, 0x00, 0x00, 0x00, 0x00,
    0x00, 0x00, 0x00, 0x00, 0x70, 0x0E, 0x70, 0x1C, 0x76, 0x38, 0x76, 0x70, 0x76, 0xE0, 0x77, 0xC0,
    0x7F, 0x80, 0x7F, 0x80, 0x77, 0xC0, 0x76, 0xE0, 0x76, 0x70, 0x76, 0x38, 0x70, 0x1C, 0x70, 0x0E,
    0x00, 0x00, 0x00, 0x00, 0x00, 0x00, 0x00, 0x00, 0x00, 0x00, 0x00, 0x00, 0x00, 0x00, 0x00, 0x00,
    0x00, 0x00, 0x00, 0x00, 0x00, 0x00, 0x00, 0x00, 0xF8, 0x06, 0xF8, 0x0E, 0x38, 0x1C, 0x38, 0x38,
    0x38, 0x70, 0x38, 0xE0, 0x39, 0xC0, 0x3B, 0x80, 0x3F, 0x00, 0x3E, 0x00, 0x3E, 0x00, 0x3F, 0x00,
    0x3B, 0x80, 0x39, 0xC0, 0x38, 0xE0, 0x38, 0x70, 0x38, 0x38, 0x38, 0x1C, 0x38, 0x0E, 0x38, 0x06,
    0x00, 0x00, 0x00, 0x00, 0x00, 0x00, 0x00, 0x00, 0x00, 0x00, 0x00, 0x00, 0x00, 0x00, 0x00, 0x00,
    0x00, 0x00, 0x00, 0x00, 0x00, 0x00, 0x00, 0x00, 0x00, 0x00, 0x00, 0x00, 0x00, 0x00, 0x00, 0x00,
    0x00, 0x00, 0x00, 0x00, 0xF8, 0x1C, 0xF8, 0x38, 0x38, 0x70, 0x38, 0xE0, 0x39, 0xC0, 0x3B, 0x80,
    0x3F, 0x00, 0x3F, 0x00, 0x3B, 0x80, 0x39, 0xC0, 0x38, 0xE0, 0x38, 0x70, 0x38, 0x38, 0x38, 0x1C,
    0x00, 0x00, 0x00, 0x00, 0x00, 0x00, 0x00, 0x00, 0x00, 0x00, 0x00, 0x00, 0x00, 0x00, 0x00, 0x00,
    0x00, 0x00, 0x00, 0x00, 0x00, 0x00, 0x00, 0x00, 0x70, 0x1C, 0x70, 0x1C, 0x70, 0x1C, 0x70, 0x1C,
    0x70, 0x1C, 0x70, 0x1C, 0x70, 0x1C, 0x70, 0x1C, 0x70, 0x1C, 0x7F, 0xFC, 0x7F, 0xFC, 0x70, 0x1C,
    0x70, 0x1C, 0x70, 0x1C, 0x70, 0x1C, 0x70, 0x1C, 0x70, 0x1C, 0x70, 0x1C, 0x70, 0x1E, 0x70, 0x1F,
    0x00, 0x07, 0x00, 0x07, 0x00, 0x07, 0x00, 0x07, 0x00, 0x07, 0x00, 0x00, 0x00, 0x00, 0x00, 0x00,
    0x00, 0x00, 0x00, 0x00, 0x00, 0x00, 0x00, 0x00, 0x00, 0x00, 0x00, 0x00, 0x00, 0x00, 0x00, 0x00,
    0x00, 0x00, 0x00, 0x00, 0x70, 0x1C, 0x70, 0x1C, 0x70, 0x1C, 0x70, 0x1C, 0x70, 0x1C, 0x70, 0x1C,
    0x7F, 0xFC, 0x7F, 0xFC, 0x70, 0x1C, 0x70, 0x1C, 0x70, 0x1C, 0x70, 0x1C, 0x70, 0x1E, 0x70, 0x1F,
    0x00, 0x07, 0x00, 0x07, 0x00, 0x07, 0x00, 0x07, 0x00, 0x07, 0x00, 0x00, 0x00, 0x00, 0x00, 0x00,
    0x00, 0x00, 0x00, 0x00, 0x00, 0x00, 0x00, 0x00, 0xE0, 0xFF, 0xE0, 0xFF, 0xE0, 0xE0, 0xE0, 0xE0,
    0xE0, 0xE0, 0xE0, 0xE0, 0xE0, 0xE0, 0xE0, 0xE0, 0xE0, 0xE0, 0xFF, 0xE0, 0xFF, 0xE0, 0xE0, 0xE0,
    0xE0, 0xE0, 0xE0, 0xE0, 0xE0, 0xE0, 0xE0, 0xE0, 0xE0, 0xE0, 0xE0, 0xE0, 0xE0, 0xE0, 0xE0, 0xE0,
    0x00, 0x00, 0x00, 0x00, 0x00, 0x00, 0x00, 0x00, 0x00, 0x00, 0x00, 0x00, 0x00, 0x00, 0x00, 0x00,
    0x00, 0x00, 0x00, 0x00, 0x00, 0x00, 0x00, 0x00, 0x00, 0x00, 0x00, 0x00, 0x00, 0x00, 0x00, 0x00,
    0x00, 0x00, 0x00, 0x00, 0xE0, 0xFF, 0xE0, 0xFF, 0xE0, 0xE0, 0xE0, 0xE0, 0xE0, 0xE0, 0xE0, 0xE0,
    0xFF, 0xE0, 0xFF, 0xE0, 0xE0, 0xE0, 0xE0, 0xE0, 0xE0, 0xE0, 0xE0, 0xE0, 0xE0, 0xE0, 0xE0, 0xE0,
    0x00, 0x00, 0x00, 0x00, 0x00, 0x00, 0x00, 0x00, 0x00, 0x00, 0x00, 0x00, 0x7F, 0xFF, 0x00, 0x1F,
    0xFF, 0xE0, 0x03, 0xFF, 0xFC, 0x00, 0x7F, 0xFF, 0x80, 0x0F, 0x80, 0xF0, 0x01, 0xF0, 0x1E, 0x00,
    0x3E, 0x03, 0xC0, 0x07, 0xC0, 0x79, 0xC0, 0xF8, 0x0F, 0xFE, 0x1F, 0x01, 0xFF, 0xF3, 0xE0, 0x3F,
    0xFE, 0x7C, 0x07, 0xFF, 0xEF, 0x80, 0xF8, 0x7D, 0xF0, 0x1E, 0x07, 0xBE, 0x03, 0xC0, 0xF7, 0xC0,
    0x78, 0x1E, 0xF8, 0x0F, 0x0F, 0xDF, 0x01, 0xEF, 0xF3, 0xE0, 0x3D, 0xFE, 0x00, 0x00, 0x3F, 0x80,
    0x00, 0x03, 0x80, 0xFF, 0xF8, 0x03, 0xFF, 0xE0, 0x0F, 0xFF, 0x80, 0x3F, 0xFE, 0x00, 0xF8, 0x78,
    0x03, 0xE1, 0xF8, 0x0F, 0x87, 0xFE, 0x3E, 0x1F, 0xFC, 0xF8, 0x7F, 0xFB, 0xE1, 0xE3, 0xEF, 0x87,
    0x87, 0xFE, 0x1E, 0x0F, 0xF8, 0x78, 0x3F, 0xE1, 0xE1, 0xF0, 0x00, 0x0F, 0x80, 0x00, 0x7E, 0x00,
    0x01, 0xE0, 0x00, 0x03, 0x00, 0x03, 0x80, 0x00, 0x07, 0xC0, 0x00, 0x07, 0xE1, 0xF0, 0x07, 0xF3,
    0xFE, 0x07, 0xE3, 0xFF, 0x87, 0xE1, 0xFF, 0xE3, 0xE1, 0xF9, 0xF9, 0xF0, 0xF8, 0x7C, 0xF0, 0x78,
    0x1E, 0x78, 0x3C, 0x0F, 0x3C, 0x1E, 0x0F, 0x9E, 0x0F, 0x87, 0xCF, 0x87, 0xC7, 0xC7, 0xC1, 0xF7,
    0xE1, 0xF0, 0xFF, 0xE0, 0xFF, 0x3F, 0xE4, 0x3F, 0xFF, 0xFF, 0x0F, 0xFF, 0xFF, 0x83, 0xFF, 0xFF,
    0xC0, 0x1E, 0x07, 0x80, 0x07, 0x00, 0x00, 0xF8, 0x00, 0x0F, 0xCF, 0xC0, 0xFE, 0xFF, 0x87, 0xCF,
    0xFC, 0x3C, 0x7F, 0xF1, 0xE3, 0xCF, 0x8F, 0x1E, 0x3C, 0x78, 0xF3, 0xE3, 0xE7, 0xDE, 0x1F, 0xBF,
    0xF0, 0x7F, 0xFF, 0xE1, 0xFF, 0xFF, 0x07, 0xFF, 0xFC, 0x07, 0x87, 0x00, 0x00, 0x00, 0x00, 0x00,
    0x00, 0x00, 0x00, 0x00, 0x00, 0x00, 0x00, 0x00, 0x1F, 0xF0, 0x3F, 0xF8, 0x78, 0x3C, 0x70, 0x1C,
    0x70, 0x1C, 0x70, 0x00, 0x70, 0x00, 0x70, 0x00, 0x70, 0x00, 0x70, 0x00, 0x70, 0x00, 0x70, 0x00,
    0x70, 0x00, 0x70, 0x00, 0x70, 0x00, 0x70, 0x1C, 0x70, 0x1C, 0x78, 0x3C, 0x3F, 0xF8, 0x1F, 0xF0,
    0x03, 0x80, 0x03, 0x80, 0x03, 0x80, 0x03, 0x80, 0x03, 0x80, 0x00, 0x00, 0x00, 0x00, 0x00, 0x00,
    0x00, 0x00, 0x00, 0x00, 0x00, 0x00, 0x00, 0x00, 0x00, 0x00, 0x00, 0x00, 0x00, 0x00, 0x00, 0x00,
    0x00, 0x00, 0x00, 0x00, 0x1F, 0xF0, 0x3F, 0xF8, 0x78, 0x3C, 0x70, 0x1C, 0x70, 0x00, 0x70, 0x00,
    0x70, 0x00, 0x70, 0x00, 0x70, 0x00, 0x70, 0x00, 0x70, 0x1C, 0x78, 0x3C, 0x3F, 0xF8, 0x1F, 0xF0,
    0x03, 0x80, 0x03, 0x80, 0x03, 0x80, 0x03, 0x80, 0x03, 0x80, 0x00, 0x00, 0x7F, 0xFF, 0xFF, 0xFF,
    0xFF, 0xFF, 0xFF, 0xFF, 0x03, 0xE0, 0x03, 0xE0, 0x03, 0xE0, 0x03, 0xE0, 0x03, 0xE0, 0x03, 0xE0,
    0x03, 0xE0, 0x03, 0xE0, 0x03, 0xE0, 0x03, 0xE0, 0x03, 0xE0, 0x03, 0xE0, 0x03, 0xF0, 0x03, 0xF0,
    0x03, 0xF0, 0x00, 0xF0, 0x00, 0xF0, 0x00, 0xF0, 0x00, 0xF0, 0xFF, 0xFF, 0xFF, 0xFF, 0xFF, 0xFF,
    0xF0, 0xF8, 0x07, 0xC0, 0x3E, 0x01, 0xF0, 0x0F, 0x80, 0x7C, 0x03, 0xE0, 0x1F, 0xC0, 0xFC, 0x07,
    0xE0, 0x0F, 0x00, 0x78, 0x03, 0xC0, 0x1E, 0x00, 0x00, 0x00, 0x00, 0x00, 0x00, 0x00, 0x00, 0x00,
    0x00, 0x00, 0x00, 0x00, 0x70, 0x1C, 0x70, 0x1C, 0x70, 0x1C, 0x38, 0x38, 0x38, 0x38, 0x1C, 0x70,
    0x1C, 0x70, 0x0E, 0xE0, 0x0E, 0xE0, 0x07, 0xC0, 0x07, 0xC0, 0x03, 0x80, 0x03, 0x80, 0x03, 0x80,
    0x03, 0x80, 0x03, 0x80, 0x03, 0x80, 0x03, 0x80, 0x03, 0x80, 0x03, 0x80, 0x00, 0x00, 0x00, 0x00,
    0x00, 0x00, 0x00, 0x00, 0x00, 0x00, 0x00, 0x00, 0x00, 0x00, 0x00, 0x00, 0x00, 0x00, 0x00, 0x00,
    0x00, 0x00, 0x00, 0x00, 0x00, 0x00, 0x00, 0x00, 0x00, 0x00, 0x00, 0x00, 0x00, 0x00, 0x00, 0x00,
    0x70, 0x1C, 0x70, 0x1C, 0x70, 0x1C, 0x38, 0x38, 0x38, 0x38, 0x38, 0x38, 0x1C, 0x70, 0x1C, 0x70,
    0x0E, 0xE0, 0x0E, 0xE0, 0x07, 0xC0, 0x07, 0xC0, 0x03, 0x80, 0x03, 0x80, 0x03, 0x80, 0x03, 0x80,
    0x03, 0x80, 0x03, 0x80, 0x03, 0x80, 0x00, 0x00, 0x00, 0x00, 0x00, 0x00, 0x00, 0x00, 0x00, 0x00,
    0x00, 0x00, 0x00, 0x00, 0x70, 0x1C, 0x70, 0x1C, 0x70, 0x1C, 0x38, 0x38, 0x38, 0x38, 0x1C, 0x70,
    0x1C, 0x70, 0x0E, 0xE0, 0x0E, 0xE0, 0x07, 0xC0, 0x07, 0xC0, 0x03, 0x80, 0x3F, 0xF8, 0x3F, 0xF8,
    0x03, 0x80, 0x03, 0x80, 0x03, 0x80, 0x03, 0x80, 0x03, 0x80, 0x03, 0x80, 0x00, 0x00, 0x00, 0x00,
    0x00, 0x00, 0x00, 0x00, 0x00, 0x00, 0x00, 0x00, 0x00, 0x00, 0x00, 0x00, 0x00, 0x00, 0x00, 0x00,
    0x00, 0x00, 0x00, 0x00, 0x00, 0x00, 0x00, 0x00, 0x00, 0x00, 0x00, 0x00, 0x00, 0x00, 0x00, 0x00,
    0x70, 0x1C, 0x70, 0x1C, 0x70, 0x1C, 0x38, 0x38, 0x38, 0x38, 0x38, 0x38, 0x1C, 0x70, 0x1C, 0x70,
    0x0E, 0xE0, 0x0E, 0xE0, 0x07, 0xC0, 0x07, 0xC0, 0x03, 0x80, 0x3F, 0xF8, 0x3F, 0xF8, 0x03, 0x80,
    0x03, 0x80, 0x03, 0x80, 0x03, 0x80, 0x00, 0x00, 0x00, 0x00, 0x00, 0x00, 0x00, 0x00, 0x00, 0x00,
    0x00, 0x00, 0x00, 0x00, 0x70, 0x1C, 0x70, 0x1C, 0x38, 0x38, 0x38, 0x38, 0x1C, 0x70, 0x1C, 0x70,
    0x0E, 0xE0, 0x0E, 0xE0, 0x07, 0xC0, 0x07, 0xC0, 0x07, 0xC0, 0x07, 0xC0, 0x0E, 0xE0, 0x0E, 0xE0,
    0x1C, 0x70, 0x1C, 0x70, 0x38, 0x38, 0x38, 0x38, 0x70, 0x1E, 0x70, 0x1F, 0x00, 0x07, 0x00, 0x07,
    0x00, 0x07, 0x00, 0x07, 0x00, 0x07, 0x00, 0x00, 0x00, 0x00, 0x00, 0x00, 0x00, 0x00, 0x00, 0x00,
    0x00, 0x00, 0x00, 0x00, 0x00, 0x00, 0x00, 0x00, 0x00, 0x00, 0x00, 0x00, 0x00, 0x00, 0x00, 0x00,
    0x70, 0x1C, 0x70, 0x1C, 0x70, 0x1C, 0x38, 0x38, 0x1C, 0x70, 0x0E, 0xE0, 0x07, 0xC0, 0x07, 0xC0,
    0x0E, 0xE0, 0x1C, 0x70, 0x38, 0x38, 0x70, 0x1C, 0x70, 0x1E, 0x70, 0x1F, 0x00, 0x07, 0x00, 0x07,
    0x00, 0x07, 0x00, 0x07, 0x00, 0x07, 0x00, 0x00, 0x7F, 0xFE, 0x38, 0xFF, 0xFF, 0x7C, 0xFF, 0xFF,
    0x7C, 0xFF, 0xFF, 0x7C, 0x03, 0xE0, 0x7C, 0x03, 0xE0, 0x7C, 0x03, 0xE0, 0x7C, 0x03, 0xE0, 0x7C,
    0x03, 0xE0, 0x7C, 0x03, 0xE0, 0x7C, 0x03, 0xE0, 0x7C, 0x03, 0xE0, 0x7C, 0x03, 0xE0, 0x7C, 0x03,
    0xE0, 0x7C, 0x03, 0xE0, 0x7C, 0x03, 0xE0, 0x7C, 0x03, 0xFF, 0xFF, 0x03, 0xFF, 0xFF, 0x03, 0xFF,
    0xFF, 0x00, 0x00, 0x1F, 0x00, 0x00, 0x1F, 0x00, 0x00, 0x1E, 0x00, 0x00, 0x1E, 0xFF, 0x9E, 0x3F,
    0xE7, 0x8F, 0xF9, 0xE3, 0xFE, 0x78, 0x1E, 0x1E, 0x07, 0x87, 0x81, 0xE1, 0xE0, 0x78, 0x78, 0x1E,
    0x1E, 0x07, 0x87, 0x81, 0xE1, 0xE0, 0x7F, 0xFE, 0x1F, 0xFF, 0x87, 0xFF, 0xE0, 0x00, 0x78, 0x00,
    0x1E, 0x00, 0x07, 0x80, 0x01, 0xE0, 0x00, 0x00, 0x00, 0x00, 0x00, 0x00, 0x00, 0x00, 0x00, 0x00,
    0x00, 0x00, 0x70, 0x1C, 0x70, 0x1C, 0x70, 0x1C, 0x70, 0x1C, 0x70, 0x1C, 0x70, 0x1C, 0x70, 0x1C,
    0x70, 0x1C, 0x70, 0x1C, 0x78, 0x1C, 0x3F, 0xFC, 0x1F, 0xFC, 0x00, 0x1C, 0x00, 0x1C, 0x00, 0x1C,
    0x00, 0x1C, 0x00, 0x1C, 0x00, 0x1C, 0x00, 0x1E, 0x00, 0x1F, 0x00, 0x07, 0x00, 0x07, 0x00, 0x07,
    0x00, 0x07, 0x00, 0x07, 0x00, 0x00, 0x00, 0x00, 0x00, 0x00, 0x00, 0x00, 0x00, 0x00, 0x00, 0x00,
    0x00, 0x00, 0x00, 0x00, 0x00, 0x00, 0x00, 0x00, 0x00, 0x00, 0x00, 0x00, 0x00, 0x00, 0x70, 0x1C,
    0x70, 0x1C, 0x70, 0x1C, 0x70, 0x1C, 0x70, 0x1C, 0x78, 0x1C, 0x3F, 0xFC, 0x1F, 0xFC, 0x00, 0x1C,
    0x00, 0x1C, 0x00, 0x1C, 0x00, 0x1C, 0x00, 0x1E, 0x00, 0x1F, 0x00, 0x07, 0x00, 0x07, 0x00, 0x07,
    0x00, 0x07, 0x00, 0x07, 0x00, 0x00, 0x00, 0x00, 0x00, 0x00, 0x00, 0x00, 0x00, 0x00, 0x00, 0x00,
    0x00, 0x00, 0x70, 0x1C, 0x70, 0x1C, 0x70, 0x1C, 0x70, 0x1C, 0x70, 0x1C, 0x70, 0x1C, 0x73, 0x9C,
    0x73, 0x9C, 0x73, 0x9C, 0x7B, 0x9C, 0x3F, 0xFC, 0x1F, 0xFC, 0x03, 0x9C, 0x03, 0x9C, 0x03, 0x9C,
    0x03, 0x9C, 0x00, 0x1C, 0x00, 0x1C, 0x00, 0x1C, 0x00, 0x1C, 0x00, 0x00, 0x00, 0x00, 0x00, 0x00,
    0x00, 0x00, 0x00, 0x00, 0x00, 0x00, 0x00, 0x00, 0x00, 0x00, 0x00, 0x00, 0x00, 0x00, 0x00, 0x00,
    0x00, 0x00, 0x00, 0x00, 0x00, 0x00, 0x00, 0x00, 0x00, 0x00, 0x00, 0x00, 0x00, 0x00, 0x70, 0x1C,
    0x70, 0x1C, 0x70, 0x1C, 0x73, 0x9C, 0x73, 0x9C, 0x7B, 0x9C, 0x3F, 0xFC, 0x1F, 0xFC, 0x03, 0x9C,
    0x03, 0x9C, 0x03, 0x9C, 0x00, 0x1C, 0x00, 0x1C, 0x00, 0x1C, 0x00, 0x00, 0x00, 0x00, 0x00, 0x00,
    0x00, 0x00, 0x00, 0x00, 0x00, 0x00, 0x00, 0x00, 0x00, 0x00, 0x00, 0x00, 0x00, 0x00, 0x00, 0x00,
    0x00, 0x00, 0x70, 0x00, 0x70, 0x00, 0x70, 0x00, 0x70, 0x00, 0x70, 0x00, 0x70, 0x00, 0x70, 0x00,
    0x70, 0x00, 0x7F, 0xF0, 0x7F, 0xF8, 0x70, 0x3C, 0x70, 0x1C, 0x70, 0x1C, 0x70, 0x1C, 0x70, 0x1C,
    0x70, 0x1C, 0x70, 0x1C, 0x70, 0x1C, 0x70, 0x1C, 0x70, 0x1C, 0x00, 0x00, 0x00, 0x00, 0x00, 0x00,
    0x00, 0x00, 0x00, 0x00, 0x00, 0x00, 0x00, 0x00, 0x00, 0x00, 0x00, 0x00, 0x00, 0x00, 0x00, 0x00,
    0x00, 0x00, 0x00, 0x00, 0x00, 0x00, 0x00, 0x00, 0x00, 0x00, 0x00, 0x00, 0x00, 0x00, 0x70, 0x00,
    0x70, 0x00, 0x70, 0x00, 0x70, 0x00, 0x70, 0x00, 0x7F, 0xF0, 0x7F, 0xF8, 0x70, 0x3C, 0x70, 0x1C,
    0x70, 0x1C, 0x70, 0x1C, 0x70, 0x1C, 0x70, 0x1C, 0x70, 0x1C, 0x00, 0x00, 0x00, 0x00, 0x00, 0x00,
    0x00, 0x00, 0x00, 0x00, 0x00, 0x00, 0x00, 0x1F, 0x00, 0x03, 0xFF, 0x00, 0x1F, 0xFE, 0x00, 0xFF,
    0xFC, 0x03, 0xF1, 0xF0, 0x1F, 0x03, 0xEF, 0x78, 0x07, 0xBF, 0xE0, 0x1E, 0xFF, 0xFF, 0xFB, 0xFF,
    0xFF, 0xE7, 0xFF, 0xFF, 0x87, 0xFF, 0xFE, 0x0F, 0x80, 0x00, 0x1F, 0x01, 0xE0, 0x7C, 0x0F, 0x80,
    0xFC, 0xFC, 0x03, 0xFF, 0xF0, 0x07, 0xFF, 0x80, 0x07, 0xFC, 0x00, 0x03, 0x80, 0x00, 0x7C, 0x00,
    0x7F, 0xC0, 0x3F, 0xFB, 0x9F, 0xBE, 0xE7, 0x83, 0xFF, 0xE0, 0xF7, 0xFF, 0xFC, 0xFF, 0xFF, 0x0F,
    0xFF, 0xC1, 0xE0, 0x00, 0x7C, 0x3C, 0x0F, 0xFF, 0x03, 0xFF, 0x80, 0x3F, 0xC0, 0x03, 0x80, 0x00,
    0x1F, 0x00, 0x03, 0xFF, 0x00, 0x1F, 0xFE, 0x00, 0xFF, 0xFC, 0x03, 0xF1, 0xF0, 0x1F, 0x03, 0xEF,
    0x78, 0x07, 0xBF, 0xE0, 0x1E, 0xFF, 0xFF, 0xFB, 0xFF, 0xFF, 0xE7, 0xFF, 0xFF, 0x87, 0xFF, 0xFE,
    0x0F, 0x80, 0x00, 0x1F, 0x01, 0xE0, 0x7C, 0x0F, 0x80, 0xFC, 0xFC, 0x03, 0xFF, 0xF0, 0x07, 0xFF,
    0x80, 0x07, 0xFC, 0x00, 0x07, 0x80, 0x00, 0x1E, 0x00, 0x00, 0x78, 0x00, 0x01, 0xE0, 0x00, 0x00,
    0x7C, 0x00, 0x7F, 0xC0, 0x3F, 0xFB, 0x9F, 0xBE, 0xE7, 0x83, 0xFF, 0xE0, 0xF7, 0xFF, 0xFC, 0xFF,
    0xFF, 0x0F, 0xFF, 0xC1, 0xE0, 0x00, 0x7C, 0x3C, 0x0F, 0xFF, 0x03, 0xFF, 0x80, 0x3F, 0xC0, 0x03,
    0x80, 0x00, 0xF0, 0x00, 0x1E, 0x00, 0x0F, 0x80, 0x03, 0xC0, 0x00, 0x00, 0x00, 0x00, 0x00, 0x00,
    0x00, 0x00, 0x00, 0x00, 0x00, 0x00, 0x00, 0x00, 0x0F, 0xE0, 0x0F, 0xE0, 0x03, 0x80, 0x03, 0x80,
    0x03, 0x80, 0x03, 0x80, 0x03, 0x80, 0x03, 0x80, 0x03, 0x80, 0x03, 0x80, 0x03, 0x80, 0x03, 0x80,
    0x03, 0x80, 0x03, 0x80, 0x03, 0x80, 0x03, 0x80, 0x03, 0x80, 0x03, 0x80, 0x0F, 0xE0, 0x0F, 0xE0,
    0x00, 0x00, 0x00, 0x00, 0x00, 0x00, 0x00, 0x00, 0x00, 0x00, 0x00, 0x00, 0x00, 0x00, 0x1C, 0x70,
    0x1C, 0x70, 0x0F, 0xE0, 0x07, 0xC0, 0x00, 0x00, 0x73, 0x9C, 0x73, 0x9C, 0x73, 0x9C, 0x73, 0x9C,
    0x73, 0x9C, 0x73, 0x9C, 0x73, 0x9C, 0x3B, 0xB8, 0x1F, 0xF0, 0x0F, 0xE0, 0x0F, 0xE0, 0x1F, 0xF0,
    0x3B, 0xB8, 0x73, 0x9C, 0x73, 0x9C, 0x73, 0x9C, 0x73, 0x9C, 0x73, 0x9C, 0x73, 0x9C, 0x73, 0x9C,
    0x00, 0x00, 0x00, 0x00, 0x00, 0x00, 0x00, 0x00, 0x00, 0x00, 0x00, 0x00, 0x00, 0x00, 0x00, 0x00,
    0x00, 0x00, 0x00, 0x00, 0x00, 0x00, 0x00, 0x00, 0x1C, 0x70, 0x1C, 0x70, 0x0F, 0xE0, 0x07, 0xC0,
    0x00, 0x00, 0x00, 0x00, 0x73, 0x9C, 0x73, 0x9C, 0x73, 0x9C, 0x73, 0x9C, 0x3B, 0xB8, 0x1F, 0xF0,
    0x0F, 0xE0, 0x1F, 0xF0, 0x3B, 0xB8, 0x73, 0x9C, 0x73, 0x9C, 0x73, 0x9C, 0x73, 0x9C, 0x73, 0x9C,
    0x00, 0x00, 0x00, 0x00, 0x00, 0x00, 0x00, 0x00, 0x00, 0x00, 0x00, 0x00, 0x70, 0x1E, 0xF8, 0x3E,
    0xF8, 0x7C, 0xF8, 0xFC, 0xF8, 0xF8, 0xF9, 0xF0, 0xFB, 0xE0, 0xFB, 0xE0, 0xFF, 0xC0, 0xFF, 0xF0,
    0xFF, 0xF8, 0xFF, 0xFC, 0xF8, 0x7E, 0xF8, 0x1E, 0xF8, 0x1E, 0xF8, 0x1F, 0xF8, 0x1F, 0xF8, 0x1E,
    0xF8, 0x1E, 0x00, 0x3E, 0x00, 0xFC, 0x00, 0xFC, 0x00, 0xF8, 0x00, 0xC0, 0xF0, 0x7B, 0xE3, 0xEF,
    0x9F, 0x3E, 0xFC, 0xFB, 0xE3, 0xFF, 0x0F, 0xFC, 0x3F, 0xFC, 0xFF, 0xFB, 0xE3, 0xEF, 0x87, 0xFE,
    0x0F, 0xF8, 0x3F, 0xE1, 0xF0, 0x0F, 0x80, 0x7E, 0x00, 0xF0, 0x03, 0x00, 0x07, 0xFF, 0x80, 0xFF,
    0xF8, 0x0F, 0xFF, 0x80, 0xFF, 0xF8, 0x0F, 0x07, 0x80, 0xF0, 0x78, 0x0F, 0x07, 0x80, 0xF0, 0x78,
    0x0F, 0x07, 0x80, 0xF0, 0x78, 0x0F, 0x07, 0x81, 0xF0, 0x78, 0x1F, 0x07, 0x81, 0xF0, 0x78, 0x1E,
    0x07, 0x87, 0xE0, 0x78, 0xFE, 0x07, 0xFF, 0xC0, 0x7E, 0xF8, 0x07, 0xE0, 0x00, 0x3E, 0x00, 0x03,
    0xC0, 0x00, 0x3C, 0x00, 0x03, 0xC0, 0x1F, 0xFC, 0x3F, 0xFC, 0x3F, 0xFC, 0x3F, 0xFC, 0x3E, 0x7C,
    0x3E, 0x7C, 0x3E, 0x7C, 0x3E, 0x7C, 0x3C, 0x7C, 0x3C, 0x7C, 0x7C, 0x7C, 0xFC, 0x7F, 0xF8, 0x7F,
    0xF0, 0x7E, 0x00, 0x1E, 0x00, 0x1E, 0x00, 0x3E, 0x00, 0x3C, 0x70, 0x0F, 0xF8, 0x0F, 0xF8, 0x0F,
    0xF8, 0x0F, 0xF8, 0x0F, 0xF8, 0x0F, 0xF8, 0x0F, 0xF8, 0x0F, 0xFF, 0xFF, 0xFF, 0xFF, 0xFF, 0xFF,
    0xFF, 0xFF, 0xF8, 0x0F, 0xF8, 0x0F, 0xF8, 0x0F, 0xF8, 0x0F, 0xF8, 0x0F, 0xF8, 0x0F, 0xF8, 0x0F,
    0x00, 0x0F, 0x00, 0x0F, 0x00, 0x7F, 0x00, 0x7F, 0x00, 0x7E, 0x00, 0x38, 0xF0, 0x7F, 0xC3, 0xFE,
    0x1F, 0xF0, 0xFF, 0x87, 0xFF, 0xFF, 0xFF, 0xFF, 0xFF, 0xFF, 0xFF, 0xC3, 0xFE, 0x1F, 0xF0, 0xFF,
    0x87, 0xFC, 0x3C, 0x01, 0xE0, 0x0F, 0x03, 0xF8, 0x1F, 0xC0, 0xFC, 0x03, 0x80, 0x70, 0x0F, 0x1F,
    0x01, 0xE3, 0xE0, 0x3C, 0x7C, 0x07, 0x8F, 0x80, 0xF1, 0xF0, 0x1E, 0x3E, 0x03, 0xC7, 0xC0, 0x78,
    0xFF, 0xFF, 0x1F, 0xFF, 0xE3, 0xFF, 0xFC, 0x7F, 0xFF, 0x8F, 0x80, 0xF1, 0xF0, 0x1E, 0x3E, 0x03,
    0xC7, 0xC0, 0x78, 0xF8, 0x0F, 0xDF, 0x01, 0xFB, 0xE0, 0x3F, 0x00, 0x03, 0xE0, 0x00, 0x78, 0x00,
    0x0F, 0x00, 0x01, 0xE0, 0xF0, 0x78, 0xF8, 0x78, 0xF8, 0x78, 0xF8, 0x78, 0xF8, 0x78, 0xFF, 0xF8,
    0xFF, 0xF8, 0xFF, 0xF8, 0xFF, 0xF8, 0xF8, 0x78, 0xF8, 0x78, 0xF8, 0x7E, 0xF8, 0x7E, 0xF8, 0x7E,
    0x00, 0x3E, 0x00, 0x3C, 0x00, 0x3C, 0x00, 0x7C, 0x70, 0x1E, 0x7C, 0x0F, 0x3E, 0x07, 0x9F, 0x03,
    0xCF, 0x81, 0xE7, 0xC0, 0xF3, 0xE0, 0x79, 0xF0, 0x3C, 0xF8, 0x1E, 0x3F, 0xFF, 0x1F, 0xFF, 0x87,
    0xFF, 0xC0, 0xFD, 0xE0, 0x00, 0xF0, 0x00, 0x78, 0x00, 0x3C, 0x00, 0x1F, 0x80, 0x0F, 0xC0, 0x07,
    0xE0, 0x00, 0xF0, 0x00, 0x78, 0x00, 0x3C, 0x00, 0x1E, 0xF0, 0xF9, 0xF1, 0xF3, 0xE3, 0xE7, 0xC7,
    0xCF, 0x8F, 0x9F, 0x1F, 0x3E, 0x3E, 0x3F, 0xFC, 0x7F, 0xF8, 0x7F, 0xF0, 0x03, 0xE0, 0x07, 0xF0,
    0x0F, 0xE0, 0x1F, 0xC0, 0x0F, 0x80, 0x1F, 0x00, 0x3E, 0x00, 0x7C, 0x7C, 0x01, 0xF1, 0xFC, 0x07,
    0xF3, 0xF8, 0x0F, 0xE7, 0xF8, 0x1F, 0xCF, 0xF0, 0x7F, 0x9F, 0xE0, 0xFF, 0x3F, 0xE3, 0xFE, 0x7F,
    0xC7, 0xFC, 0xFF, 0x8F, 0xF9, 0xFF, 0xBF, 0xF3, 0xEF, 0x7B, 0xE7, 0xDE, 0xF7, 0xCF, 0xBD, 0xEF,
    0x9F, 0x3F, 0x9F, 0x3E, 0x7F, 0x3E, 0x7C, 0xFE, 0x7C, 0xF8, 0xF8, 0xFF, 0xF1, 0xF1, 0xFF, 0xE3,
    0xE3, 0xF0, 0x00, 0x01, 0xE0, 0x00, 0x03, 0xC0, 0x00, 0x0F, 0x00, 0x00, 0x1E, 0x00, 0xFC, 0x0F,
    0xCF, 0xE1, 0xFC, 0xFE, 0x1F, 0xCF, 0xE1, 0xFC, 0xFF, 0x3F, 0xCF, 0xF3, 0xFC, 0xFF, 0xBF, 0xCF,
    0x7F, 0xBC, 0xF7, 0xFB, 0xCF, 0x7F, 0xBC, 0xF3, 0xF3, 0xCF, 0x3F, 0x3F, 0xF1, 0xF3, 0xFF, 0x1E,
    0x3F, 0x00, 0x01, 0xE0, 0x00, 0x1E, 0x00, 0x03, 0xE0, 0x00, 0x3C, 0x00, 0x00, 0x00, 0x00, 0x00,
    0x00, 0x00, 0x00, 0x00, 0x00, 0x00, 0x00, 0x0F, 0x80, 0x0F, 0x80, 0x03, 0x80, 0x03, 0x80, 0x03,
    0x80, 0x03, 0x80, 0x03, 0x80, 0x03, 0x80, 0x03, 0x80, 0x03, 0x80, 0x03, 0x80, 0x03, 0x80, 0x03,
    0x80, 0x03, 0x80, 0x03, 0x80, 0x03, 0x80, 0x03, 0x80, 0x03, 0x80, 0x0F, 0xE0, 0x0F, 0xE0, 0x00,
    0x00, 0x00, 0x00, 0x00, 0x00, 0x00, 0x00, 0x00, 0x00, 0x00, 0x00, 0x00, 0x00, 0x1C, 0x70, 0x1C,
    0x70, 0x0F, 0xE0, 0x07, 0xC0, 0x00, 0x00, 0x1F, 0xF0, 0x3F, 0xF8, 0x78, 0x3C, 0x70, 0x1C, 0x70,
    0x1C, 0x70, 0x1C, 0x70, 0x1C, 0x70, 0x1C, 0x70, 0x1C, 0x70, 0x1C, 0x7F, 0xFC, 0x7F, 0xFC, 0x70,
    0x1C, 0x70, 0x1C, 0x70, 0x1C, 0x70, 0x1C, 0x70, 0x1C, 0x70, 0x1C, 0x70, 0x1C, 0x70, 0x1C, 0x00,
    0x00, 0x00, 0x00, 0x00, 0x00, 0x00, 0x00, 0x00, 0x00, 0x00, 0x00, 0x00, 0x00, 0x00, 0x00, 0x00,
    0x00, 0x00, 0x00, 0x00, 0x00, 0x00, 0x00, 0x1C, 0x70, 0x1C, 0x70, 0x0F, 0xE0, 0x07, 0xC0, 0x00,
    0x00, 0x00, 0x00, 0x3F, 0xF0, 0x3F, 0xF8, 0x00, 0x3C, 0x00, 0x1C, 0x00, 0x1C, 0x1F, 0xFC, 0x3F,
    0xFC, 0x78, 0x1C, 0x70, 0x1C, 0x70, 0x1C, 0x70, 0x1C, 0x78, 0x1C, 0x3F, 0xFC, 0x1F, 0xFC, 0x00,
    0x00, 0x00, 0x00, 0x00, 0x00, 0x00, 0x00, 0x00, 0x00, 0x00, 0x00, 0x00, 0x00, 0x1C, 0x70, 0x1C,
    0x70, 0x1C, 0x70, 0x1C, 0x70, 0x00, 0x00, 0x1F, 0xF0, 0x3F, 0xF8, 0x78, 0x3C, 0x70, 0x1C, 0x70,
    0x1C, 0x70, 0x1C, 0x70, 0x1C, 0x70, 0x1C, 0x70, 0x1C, 0x70, 0x1C, 0x7F, 0xFC, 0x7F, 0xFC, 0x70,
    0x1C, 0x70, 0x1C, 0x70, 0x1C, 0x70, 0x1C, 0x70, 0x1C, 0x70, 0x1C, 0x70, 0x1C, 0x70, 0x1C, 0x00,
    0x00, 0x00, 0x00, 0x00, 0x00, 0x00, 0x00, 0x00, 0x00, 0x00, 0x00, 0x00, 0x00, 0x00, 0x00, 0x00,
    0x00, 0x00, 0x00, 0x00, 0x00, 0x00, 0x00, 0x1C, 0x70, 0x1C, 0x70, 0x1C, 0x70, 0x1C, 0x70, 0x00,
    0x00, 0x00, 0x00, 0x3F, 0xF0, 0x3F, 0xF8, 0x00, 0x3C, 0x00, 0x1C, 0x00, 0x1C, 0x1F, 0xFC, 0x3F,
    0xFC, 0x78, 0x1C, 0x70, 0x1C, 0x70, 0x1C, 0x70, 0x1C, 0x78, 0x1C, 0x3F, 0xFC, 0x1F, 0xFC, 0x00,
    0x00, 0x00, 0x00, 0x00, 0x00, 0x00, 0x00, 0x00, 0x00, 0x00, 0x00, 0x00, 0x00, 0x00, 0x00, 0x00,
    0x00, 0x00, 0x00, 0x00, 0x00, 0x00, 0x00, 0x3F, 0xFE, 0x7F, 0xFE, 0xF1, 0xC0, 0xE1, 0xC0, 0xE1,
    0xC0, 0xE1, 0xC0, 0xE1, 0xC0, 0xE1, 0xC0, 0xE1, 0xC0, 0xFF, 0xFE, 0xFF, 0xFE, 0xE1, 0xC0, 0xE1,
    0xC0, 0xE1, 0xC0, 0xE1, 0xC0, 0xE1, 0xC0, 0xE1, 0xC0, 0xE1, 0xC0, 0xE1, 0xFE, 0xE1, 0xFE, 0x00,
    0x00, 0x00, 0x00, 0x00, 0x00, 0x00, 0x00, 0x00, 0x00, 0x00, 0x00, 0x00, 0x00, 0x00, 0x00, 0x00,
    0x00, 0x00, 0x00, 0x00, 0x00, 0x00, 0x00, 0x00, 0x00, 0x00, 0x00, 0x00, 0x00, 0x00, 0x00, 0x00,
    0x00, 0x00, 0x00, 0x7E, 0xF8, 0x7F, 0xFC, 0x03, 0x9E, 0x03, 0x8E, 0x03, 0x8E, 0x3F, 0x8E, 0x7F,
    0xFE, 0xF3, 0xFE, 0xE3, 0x80, 0xE3, 0x80, 0xE3, 0x80, 0xF3, 0xCE, 0x7F, 0xFE, 0x3E, 0xFC, 0x00,
    0x00, 0x00, 0x00, 0x00, 0x00, 0x00, 0x00, 0x00, 0x00, 0x00, 0x00, 0x00, 0x00, 0x1C, 0x70, 0x1C,
    0x70, 0x0F, 0xE0, 0x07, 0xC0, 0x00, 0x00, 0x7F, 0xFC, 0x7F, 0xFC, 0x70, 0x00, 0x70, 0x00, 0x70,
    0x00, 0x70, 0x00, 0x70, 0x00, 0x70, 0x00, 0x70, 0x00, 0x7F, 0xE0, 0x7F, 0xE0, 0x70, 0x00, 0x70,
    0x00, 0x70, 0x00, 0x70, 0x00, 0x70, 0x00, 0x70, 0x00, 0x70, 0x00, 0x7F, 0xFC, 0x7F, 0xFC, 0x00,
    0x00, 0x00, 0x00, 0x00, 0x00, 0x00, 0x00, 0x00, 0x00, 0x00, 0x00, 0x00, 0x00, 0x00, 0x00, 0x00,
    0x00, 0x00, 0x00, 0x00, 0x00, 0x00, 0x00, 0x1C, 0x70, 0x1C, 0x70, 0x0F, 0xE0, 0x07, 0xC0, 0x00,
    0x00, 0x00, 0x00, 0x1F, 0xF0, 0x3F, 0xF8, 0x78, 0x3C, 0x70, 0x1C, 0x70, 0x1C, 0x70, 0x1C, 0x7F,
    0xFC, 0x7F, 0xFC, 0x70, 0x00, 0x70, 0x00, 0x70, 0x00, 0x78, 0x1C, 0x3F, 0xFC, 0x1F, 0xF8, 0x00,
    0x00, 0x00, 0x00, 0x00, 0x00, 0x00, 0x00, 0x00, 0x00, 0x00, 0x00, 0x00, 0x00, 0x00, 0x00, 0x00,
    0x00, 0x00, 0x00, 0x00, 0x00, 0x00, 0x00, 0x1F, 0xF0, 0x3F, 0xF8, 0x78, 0x3C, 0x70, 0x1C, 0x70,
    0x1C, 0x00, 0x1C, 0x00, 0x1C, 0x00, 0x1C, 0x00, 0x1C, 0x7F, 0xFC, 0x7F, 0xFC, 0x70, 0x1C, 0x70,
    0x1C, 0x70, 0x1C, 0x70, 0x1C, 0x70, 0x1C, 0x70, 0x1C, 0x78, 0x3C, 0x3F, 0xF8, 0x1F, 0xF0, 0x00,
    0x00, 0x00, 0x00, 0x00, 0x00, 0x00, 0x00, 0x00, 0x00, 0x00, 0x00, 0x00, 0x00, 0x00, 0x00, 0x00,
    0x00, 0x00, 0x00, 0x00, 0x00, 0x00, 0x00, 0x00, 0x00, 0x00, 0x00, 0x00, 0x00, 0x00, 0x00, 0x00,
    0x00, 0x00, 0x00, 0x3F, 0xF0, 0x7F, 0xF8, 0x70, 0x3C, 0x00, 0x1C, 0x00, 0x1C, 0x00, 0x1C, 0x7F,
    0xFC, 0x7F, 0xFC, 0x70, 0x1C, 0x70, 0x1C, 0x70, 0x1C, 0x78, 0x3C, 0x3F, 0xF8, 0x1F, 0xF0, 0x00,
    0x00, 0x00, 0x00, 0x00, 0x00, 0x00, 0x00, 0x00, 0x00, 0x00, 0x00, 0x00, 0x00, 0x1C, 0x70, 0x1C,
    0x70, 0x1C, 0x70, 0x1C, 0x70, 0x00, 0x00, 0x1F, 0xF0, 0x3F, 0xF8, 0x78, 0x3C, 0x70, 0x1C, 0x70,
    0x1C, 0x00, 0x1C, 0x00, 0x1C, 0x00, 0x1C, 0x00, 0x1C, 0x7F, 0xFC, 0x7F, 0xFC, 0x70, 0x1C, 0x70,
    0x1C, 0x70, 0x1C, 0x70, 0x1C, 0x70, 0x1C, 0x70, 0x1C, 0x78, 0x3C, 0x3F, 0xF8, 0x1F, 0xF0, 0x00,
    0x00, 0x00, 0x00, 0x00, 0x00, 0x00, 0x00, 0x00, 0x00, 0x00, 0x00, 0x00, 0x00, 0x00, 0x00, 0x00,
    0x00, 0x00, 0x00, 0x00, 0x00, 0x00, 0x00, 0x1C, 0x70, 0x1C, 0x70, 0x1C, 0x70, 0x1C, 0x70, 0x00,
    0x00, 0x00, 0x00, 0x3F, 0xF0, 0x7F, 0xF8, 0x70, 0x3C, 0x00, 0x1C, 0x00, 0x1C, 0x00, 0x1C, 0x7F,
    0xFC, 0x7F, 0xFC, 0x70, 0x1C, 0x70, 0x1C, 0x70, 0x1C, 0x78, 0x3C, 0x3F, 0xF8, 0x1F, 0xF0, 0x00,
    0x00, 0x00, 0x00, 0x00, 0x00, 0x00, 0x00, 0x00, 0x00, 0x00, 0x00, 0x00, 0x00, 0x1C, 0x70, 0x1C,
    0x70, 0x1C, 0x70, 0x1C, 0x70, 0x00, 0x00, 0x73, 0x9C, 0x73, 0x9C, 0x73, 0x9C, 0x73, 0x9C, 0x73,
    0x9C, 0x73, 0x9C, 0x73, 0x9C, 0x3B, 0xB8, 0x1F, 0xF0, 0x0F, 0xE0, 0x0F, 0xE0, 0x1F, 0xF0, 0x3B,
    0xB8, 0x73, 0x9C, 0x73, 0x9C, 0x73, 0x9C, 0x73, 0x9C, 0x73, 0x9C, 0x73, 0x9C, 0x73, 0x9C, 0x00,
    0x00, 0x00, 0x00, 0x00, 0x00, 0x00, 0x00, 0x00, 0x00, 0x00, 0x00, 0x00, 0x00, 0x00, 0x00, 0x00,
    0x00, 0x00, 0x00, 0x00, 0x00, 0x00, 0x00, 0x1C, 0x70, 0x1C, 0x70, 0x1C, 0x70, 0x1C, 0x70, 0x00,
    0x00, 0x00, 0x00, 0x73, 0x9C, 0x73, 0x9C, 0x73, 0x9C, 0x73, 0x9C, 0x3B, 0xB8, 0x1F, 0xF0, 0x0F,
    0xE0, 0x1F, 0xF0, 0x3B, 0xB8, 0x73, 0x9C, 0x73, 0x9C, 0x73, 0x9C, 0x73, 0x9C, 0x73, 0x9C, 0x00,
    0x00, 0x00, 0x00, 0x00, 0x00, 0x00, 0x00, 0x00, 0x00, 0x00, 0x00, 0x00, 0x00, 0x1C, 0x70, 0x1C,
    0x70, 0x1C, 0x70, 0x1C, 0x70, 0x00, 0x00, 0x1F, 0xF0, 0x3F, 0xF8, 0x78, 0x3C, 0x70, 0x1C, 0x70,
    0x1C, 0x00, 0x1C, 0x00, 0x1C, 0x00, 0x1C, 0x00, 0x3C, 0x0F, 0xF8, 0x0F, 0xF8, 0x00, 0x3C, 0x00,
    0x1C, 0x00, 0x1C, 0x00, 0x1C, 0x70, 0x1C, 0x70, 0x1C, 0x78, 0x3C, 0x3F, 0xF8, 0x1F, 0xF0, 0x00,
    0x00, 0x00, 0x00, 0x00, 0x00, 0x00, 0x00, 0x00, 0x00, 0x00, 0x00, 0x00, 0x00, 0x00, 0x00, 0x00,
    0x00, 0x00, 0x00, 0x00, 0x00, 0x00, 0x00, 0x1C, 0x70, 0x1C, 0x70, 0x1C, 0x70, 0x1C, 0x70, 0x00,
    0x00, 0x00, 0x00, 0x1F, 0xF0, 0x3F, 0xF8, 0x78, 0x3C, 0x70, 0x1C, 0x00, 0x1C, 0x00, 0x3C, 0x07,
    0xF8, 0x07, 0xF8, 0x00, 0x3C, 0x00, 0x1C, 0x70, 0x1C, 0x78, 0x3C, 0x3F, 0xF8, 0x1F, 0xF0, 0x00,
    0x00, 0x00, 0x00, 0x00, 0x00, 0x00, 0x00, 0x00, 0x00, 0x00, 0x00, 0x7F, 0xF9, 0xFF, 0xF7, 0xFF,
    0xDF, 0xFE, 0x00, 0xF8, 0x07, 0xC0, 0x3E, 0x01, 0xF0, 0x0F, 0xE0, 0x3F, 0xC0, 0xFF, 0x80, 0x1F,
    0x00, 0x3F, 0xC0, 0xFF, 0x07, 0xFE, 0x3F, 0x7F, 0xF9, 0xFF, 0xE1, 0xFE, 0x01, 0xE0, 0x7F, 0xF9,
    0xFF, 0xF7, 0xFF, 0xDF, 0xFE, 0x00, 0xF8, 0x07, 0xC0, 0x3E, 0x01, 0xF0, 0x0F, 0xE0, 0x3F, 0xC0,
    0xFF, 0x80, 0x1F, 0x00, 0x3F, 0xC0, 0xFF, 0x07, 0xFE, 0x3F, 0x7F, 0xF9, 0xFF, 0xE1, 0xFE, 0x01,
    0xE0, 0x00, 0x00, 0x00, 0x00, 0x1F, 0xF0, 0x1F, 0xF0, 0x00, 0x00, 0x00, 0x00, 0x70, 0x1C, 0x70,
    0x1C, 0x70, 0x1C, 0x70, 0x1C, 0x70, 0x1C, 0x70, 0x1C, 0x70, 0x3C, 0x70, 0x7C, 0x70, 0xFC, 0x71,
    0xDC, 0x73, 0x9C, 0x77, 0x1C, 0x7E, 0x1C, 0x7C, 0x1C, 0x78, 0x1C, 0x70, 0x1C, 0x70, 0x1C, 0x70,
    0x1C, 0x70, 0x1C, 0x70, 0x1C, 0x00, 0x00, 0x00, 0x00, 0x00, 0x00, 0x00, 0x00, 0x00, 0x00, 0x00,
    0x00, 0x00, 0x00, 0x00, 0x00, 0x00, 0x00, 0x00, 0x00, 0x00, 0x00, 0x00, 0x00, 0x00, 0x00, 0x00,
    0x00, 0x1F, 0xF0, 0x1F, 0xF0, 0x00, 0x00, 0x00, 0x00, 0x70, 0x1C, 0x70, 0x1C, 0x70, 0x1C, 0x70,
    0x1C, 0x70, 0x1C, 0x70, 0x1C, 0x70, 0x1C, 0x70, 0x1C, 0x70, 0x1C, 0x70, 0x1C, 0x70, 0x1C, 0x78,
    0x1C, 0x3F, 0xFC, 0x1F, 0xFC, 0x00, 0x00, 0x00, 0x00, 0x00, 0x00, 0x00, 0x00, 0x00, 0x00, 0x00,
    0x00, 0x00, 0x00, 0x1C, 0x70, 0x1C, 0x70, 0x1C, 0x70, 0x1C, 0x70, 0x00, 0x00, 0x70, 0x1C, 0x70,
    0x1C, 0x70, 0x1C, 0x70, 0x1C, 0x70, 0x1C, 0x70, 0x1C, 0x70, 0x3C, 0x70, 0x7C, 0x70, 0xFC, 0x71,
    0xDC, 0x73, 0x9C, 0x77, 0x1C, 0x7E, 0x1C, 0x7C, 0x1C, 0x78, 0x1C, 0x70, 0x1C, 0x70, 0x1C, 0x70,
    0x1C, 0x70, 0x1C, 0x70, 0x1C, 0x00, 0x00, 0x00, 0x00, 0x00, 0x00, 0x00, 0x00, 0x00, 0x00, 0x00,
    0x00, 0x00, 0x00, 0x00, 0x00, 0x00, 0x00, 0x00, 0x00, 0x00, 0x00, 0x00, 0x00, 0x1C, 0x70, 0x1C,
    0x70, 0x1C, 0x70, 0x1C, 0x70, 0x00, 0x00, 0x00, 0x00, 0x70, 0x1C, 0x70, 0x1C, 0x70, 0x1C, 0x70,
    0x1C, 0x70, 0x1C, 0x70, 0x1C, 0x70, 0x1C, 0x70, 0x1C, 0x70, 0x1C, 0x70, 0x1C, 0x70, 0x1C, 0x78,
    0x1C, 0x3F, 0xFC, 0x1F, 0xFC, 0x00, 0x00, 0x00, 0x00, 0x00, 0x00, 0x00, 0x00, 0x00, 0x00, 0x00,
    0x00, 0x00, 0x00, 0x1C, 0x70, 0x1C, 0x70, 0x1C, 0x70, 0x1C, 0x70, 0x00, 0x00, 0x1F, 0xF0, 0x3F,
    0xF8, 0x78, 0x3C, 0x70, 0x1C, 0x70, 0x1C, 0x70, 0x1C, 0x70, 0x1C, 0x70, 0x1C, 0x70, 0x1C, 0x70,
    0x1C, 0x70, 0x1C, 0x70, 0x1C, 0x70, 0x1C, 0x70, 0x1C, 0x70, 0x1C, 0x70, 0x1C, 0x70, 0x1C, 0x78,
    0x3C, 0x3F, 0xF8, 0x1F, 0xF0, 0x00, 0x00, 0x00, 0x00, 0x00, 0x00, 0x00, 0x00, 0x00, 0x00, 0x00,
    0x00, 0x00, 0x00, 0x00, 0x00, 0x00, 0x00, 0x00, 0x00, 0x00, 0x00, 0x00, 0x00, 0x1C, 0x70, 0x1C,
    0x70, 0x1C, 0x70, 0x1C, 0x70, 0x00, 0x00, 0x00, 0x00, 0x1F, 0xF0, 0x3F, 0xF8, 0x78, 0x3C, 0x70,
    0x1C, 0x70, 0x1C, 0x70, 0x1C, 0x70, 0x1C, 0x70, 0x1C, 0x70, 0x1C, 0x70, 0x1C, 0x70, 0x1C, 0x78,
    0x3C, 0x3F, 0xF8, 0x1F, 0xF0, 0x00, 0x00, 0x00, 0x00, 0x00, 0x00, 0x00, 0x00, 0x00, 0x00, 0x00,
    0x00, 0x00, 0x00, 0x00, 0x00, 0x00, 0x00, 0x00, 0x00, 0x00, 0x00, 0x00, 0x00, 0x1F, 0xF0, 0x3F,
    0xF8, 0x78, 0x3C, 0x70, 0x1C, 0x70, 0x1C, 0x70, 0x1C, 0x70, 0x1C, 0x70, 0x1C, 0x70, 0x1C, 0x7F,
    0xFC, 0x7F, 0xFC, 0x70, 0x1C, 0x70, 0x1C, 0x70, 0x1C, 0x70, 0x1C, 0x70, 0x1C, 0x70, 0x1C, 0x78,
    0x3C, 0x3F, 0xF8, 0x1F, 0xF0, 0x00, 0x00, 0x00, 0x00, 0x00, 0x00, 0x00, 0x00, 0x00, 0x00, 0x00,
    0x00, 0x00, 0x00, 0x00, 0x00, 0x00, 0x00, 0x00, 0x00, 0x00, 0x00, 0x00, 0x00, 0x00, 0x00, 0x00,
    0x00, 0x00, 0x00, 0x00, 0x00, 0x00, 0x00, 0x00, 0x00, 0x1F, 0xF0, 0x3F, 0xF8, 0x78, 0x3C, 0x70,
    0x1C, 0x70, 0x1C, 0x70, 0x1C, 0x7F, 0xFC, 0x7F, 0xFC, 0x70, 0x1C, 0x70, 0x1C, 0x70, 0x1C, 0x78,
    0x3C, 0x3F, 0xF8, 0x1F, 0xF0, 0x00, 0x00, 0x00, 0x00, 0x00, 0x00, 0x00, 0x00, 0x00, 0x00, 0x00,
    0x00, 0x00, 0x00, 0x1C, 0x70, 0x1C, 0x70, 0x1C, 0x70, 0x1C, 0x70, 0x00, 0x00, 0x1F, 0xF0, 0x3F,
    0xF8, 0x78, 0x3C, 0x70, 0x1C, 0x70, 0x1C, 0x70, 0x1C, 0x70, 0x1C, 0x70, 0x1C, 0x70, 0x1C, 0x7F,
    0xFC, 0x7F, 0xFC, 0x70, 0x1C, 0x70, 0x1C, 0x70, 0x1C, 0x70, 0x1C, 0x70, 0x1C, 0x70, 0x1C, 0x78,
    0x3C, 0x3F, 0xF8, 0x1F, 0xF0, 0x00, 0x00, 0x00, 0x00, 0x00, 0x00, 0x00, 0x00, 0x00, 0x00, 0x00,
    0x00, 0x00, 0x00, 0x00, 0x00, 0x00, 0x00, 0x00, 0x00, 0x00, 0x00, 0x00, 0x00, 0x1C, 0x70, 0x1C,
    0x70, 0x1C, 0x70, 0x1C, 0x70, 0x00, 0x00, 0x00, 0x00, 0x1F, 0xF0, 0x3F, 0xF8, 0x78, 0x3C, 0x70,
    0x1C, 0x70, 0x1C, 0x70, 0x1C, 0x7F, 0xFC, 0x7F, 0xFC, 0x70, 0x1C, 0x70, 0x1C, 0x70, 0x1C, 0x78,
    0x3C, 0x3F, 0xF8, 0x1F, 0xF0, 0x00, 0x00, 0x00, 0x00, 0x00, 0x00, 0x00, 0x00, 0x00, 0x00, 0x00,
    0x00, 0x00, 0x00, 0x1C, 0x70, 0x1C, 0x70, 0x1C, 0x70, 0x1C, 0x70, 0x00, 0x00, 0x1F, 0xF0, 0x3F,
    0xF8, 0x78, 0x3C, 0x70, 0x1C, 0x70, 0x1C, 0x00, 0x1C, 0x00, 0x1C, 0x00, 0x1C, 0x00, 0x1C, 0x0F,
    0xFC, 0x0F, 0xFC, 0x00, 0x1C, 0x00, 0x1C, 0x00, 0x1C, 0x00, 0x1C, 0x70, 0x1C, 0x70, 0x1C, 0x78,
    0x3C, 0x3F, 0xF8, 0x1F, 0xF0, 0x00, 0x00, 0x00, 0x00, 0x00, 0x00, 0x00, 0x00, 0x00, 0x00, 0x00,
    0x00, 0x00, 0x00, 0x00, 0x00, 0x00, 0x00, 0x00, 0x00, 0x00, 0x00, 0x00, 0x00, 0x1C, 0x70, 0x1C,
    0x70, 0x1C, 0x70, 0x1C, 0x70, 0x00, 0x00, 0x00, 0x00, 0x1F, 0xF0, 0x3F, 0xF8, 0x78, 0x3C, 0x70,
    0x1C, 0x00, 0x1C, 0x00, 0x1C, 0x07, 0xFC, 0x07, 0xFC, 0x00, 0x1C, 0x00, 0x1C, 0x70, 0x1C, 0x78,
    0x3C, 0x3F, 0xF8, 0x1F, 0xF0, 0x00, 0x00, 0x00, 0x00, 0x00, 0x00, 0x00, 0x00, 0x00, 0x00, 0x00,
    0x00, 0x00, 0x00, 0x00, 0x00, 0x1F, 0xF0, 0x1F, 0xF0, 0x00, 0x00, 0x00, 0x00, 0x70, 0x1C, 0x70,
    0x1C, 0x70, 0x1C, 0x70, 0x1C, 0x70, 0x1C, 0x70, 0x1C, 0x70, 0x1C, 0x70, 0x1C, 0x70, 0x1C, 0x78,
    0x1C, 0x3F, 0xFC, 0x1F, 0xFC, 0x00, 0x1C, 0x00, 0x1C, 0x00, 0x1C, 0x00, 0x1C, 0x00, 0x1C, 0x00,
    0x3C, 0x3F, 0xF8, 0x3F, 0xF0, 0x00, 0x00, 0x00, 0x00, 0x00, 0x00, 0x00, 0x00, 0x00, 0x00, 0x00,
    0x00, 0x00, 0x00, 0x00, 0x00, 0x00, 0x00, 0x00, 0x00, 0x00, 0x00, 0x00, 0x00, 0x00, 0x00, 0x00,
    0x00, 0x1F, 0xF0, 0x1F, 0xF0, 0x00, 0x00, 0x00, 0x00, 0x70, 0x1C, 0x70, 0x1C, 0x70, 0x1C, 0x70,
    0x1C, 0x70, 0x1C, 0x70, 0x1C, 0x70, 0x1C, 0x70, 0x1C, 0x70, 0x1C, 0x70, 0x1C, 0x70, 0x1C, 0x78,
    0x1C, 0x3F, 0xFC, 0x1F, 0xFC, 0x00, 0x1C, 0x00, 0x1C, 0x00, 0x3C, 0x3F, 0xF8, 0x3F, 0xF0, 0x00,
    0x00, 0x00, 0x00, 0x1C, 0x70, 0x1C, 0x70, 0x1C, 0x70, 0x1C, 0x70, 0x00, 0x00, 0x70, 0x1C, 0x70,
    0x1C, 0x70, 0x1C, 0x70, 0x1C, 0x70, 0x1C, 0x70, 0x1C, 0x70, 0x1C, 0x70, 0x1C, 0x70, 0x1C, 0x78,
    0x1C, 0x3F, 0xFC, 0x1F, 0xFC, 0x00, 0x1C, 0x00, 0x1C, 0x00, 0x1C, 0x00, 0x1C, 0x00, 0x1C, 0x00,
    0x3C, 0x3F, 0xF8, 0x3F, 0xF0, 0x00, 0x00, 0x00, 0x00, 0x00, 0x00, 0x00, 0x00, 0x00, 0x00, 0x00,
    0x00, 0x00, 0x00, 0x00, 0x00, 0x00, 0x00, 0x00, 0x00, 0x00, 0x00, 0x00, 0x00, 0x1C, 0x70, 0x1C,
    0x70, 0x1C, 0x70, 0x1C, 0x70, 0x00, 0x00, 0x00, 0x00, 0x70, 0x1C, 0x70, 0x1C, 0x70, 0x1C, 0x70,
    0x1C, 0x70, 0x1C, 0x70, 0x1C, 0x70, 0x1C, 0x70, 0x1C, 0x70, 0x1C, 0x70, 0x1C, 0x70, 0x1C, 0x78,
    0x1C, 0x3F, 0xFC, 0x1F, 0xFC, 0x00, 0x1C, 0x00, 0x1C, 0x00, 0x3C, 0x3F, 0xF8, 0x3F, 0xF0, 0x00,
    0x00, 0x00, 0x00, 0x03, 0x8E, 0x07, 0x1C, 0x0E, 0x38, 0x1C, 0x70, 0x00, 0x00, 0x70, 0x1C, 0x70,
    0x1C, 0x70, 0x1C, 0x70, 0x1C, 0x70, 0x1C, 0x70, 0x1C, 0x70, 0x1C, 0x70, 0x1C, 0x70, 0x1C, 0x78,
    0x1C, 0x3F, 0xFC, 0x1F, 0xFC, 0x00, 0x1C, 0x00, 0x1C, 0x00, 0x1C, 0x00, 0x1C, 0x00, 0x1C, 0x00,
    0x3C, 0x3F, 0xF8, 0x3F, 0xF0, 0x00, 0x00, 0x00, 0x00, 0x00, 0x00, 0x00, 0x00, 0x00, 0x00, 0x00,
    0x00, 0x00, 0x00, 0x00, 0x00, 0x00, 0x00, 0x00, 0x00, 0x00, 0x00, 0x00, 0x00, 0x03, 0x8E, 0x07,
    0x1C, 0x0E, 0x38, 0x1C, 0x70, 0x00, 0x00, 0x00, 0x00, 0x70, 0x1C, 0x70, 0x1C, 0x70, 0x1C, 0x70,
    0x1C, 0x70, 0x1C, 0x70, 0x1C, 0x70, 0x1C, 0x70, 0x1C, 0x70, 0x1C, 0x70, 0x1C, 0x70, 0x1C, 0x78,
    0x1C, 0x3F, 0xFC, 0x1F, 0xFC, 0x00, 0x1C, 0x00, 0x1C, 0x00, 0x3C, 0x3F, 0xF8, 0x3F, 0xF0, 0x00,
    0x00, 0x00, 0x00, 0x1C, 0x70, 0x1C, 0x70, 0x1C, 0x70, 0x1C, 0x70, 0x00, 0x00, 0x70, 0x1C, 0x70,
    0x1C, 0x70, 0x1C, 0x70, 0x1C, 0x70, 0x1C, 0x70, 0x1C, 0x70, 0x1C, 0x70, 0x1C, 0x70, 0x1C, 0x78,
    0x1C, 0x3F, 0xFC, 0x1F, 0xFC, 0x00, 0x1C, 0x00, 0x1C, 0x00, 0x1C, 0x00, 0x1C, 0x00, 0x1C, 0x00,
    0x1C, 0x00, 0x1C, 0x00, 0x1C, 0x00, 0x00, 0x00, 0x00, 0x00, 0x00, 0x00, 0x00, 0x00, 0x00, 0x00,
    0x00, 0x00, 0x00, 0x00, 0x00, 0x00, 0x00, 0x00, 0x00, 0x00, 0x00, 0x00, 0x00, 0x1C, 0x70, 0x1C,
    0x70, 0x1C, 0x70, 0x1C, 0x70, 0x00, 0x00, 0x00, 0x00, 0x70, 0x1C, 0x70, 0x1C, 0x70, 0x1C, 0x70,
    0x1C, 0x70, 0x1C, 0x78, 0x1C, 0x3F, 0xFC, 0x1F, 0xFC, 0x00, 0x1C, 0x00, 0x1C, 0x00, 0x1C, 0x00,
    0x1C, 0x00, 0x1C, 0x00, 0x1C, 0x00, 0x00, 0x00, 0x00, 0x00, 0x00, 0x00, 0x00, 0x00, 0x00, 0x00,
    0x00, 0x7F, 0xF7, 0xFF, 0xFF, 0xFF, 0xFF, 0xFF, 0x80, 0x7C, 0x03, 0xE0, 0x1F, 0x00, 0xF8, 0x07,
    0xC0, 0x3E, 0x01, 0xF0, 0x0F, 0x80, 0x7C, 0x03, 0xE0, 0x1F, 0x00, 0xFE, 0x07, 0xF0, 0x3F, 0x80,
    0x7C, 0x03, 0xE0, 0x1E, 0x00, 0xF0, 0x00, 0xFF, 0xFF, 0xFF, 0xFF, 0xFF, 0xF8, 0x3E, 0x0F, 0x83,
    0xE0, 0xF8, 0x3E, 0x0F, 0x83, 0xF0, 0xFC, 0x3F, 0x03, 0xC0, 0xF0, 0x3C, 0x0F, 0x00, 0x00, 0x00,
    0x1C, 0x70, 0x1C, 0x70, 0x1C, 0x70, 0x1C, 0x70, 0x00, 0x00, 0x70, 0x0E, 0x70, 0x0E, 0x70, 0x0E,
    0x70, 0x0E, 0x70, 0x0E, 0x70, 0x0E, 0x7F, 0x0E, 0x7F, 0x8E, 0x73, 0xCE, 0x71, 0xCE, 0x71, 0xCE,
    0x71, 0xCE, 0x71, 0xCE, 0x71, 0xCE, 0x71, 0xCE, 0x71, 0xCE, 0x71, 0xCE, 0x73, 0xCE, 0x7F, 0x8E,
    0x7F, 0x0E, 0x00, 0x00, 0x00, 0x00, 0x00, 0x00, 0x00, 0x00, 0x00, 0x00, 0x00, 0x00, 0x00, 0x00,
    0x00, 0x00, 0x00, 0x00, 0x00, 0x00, 0x00, 0x00, 0x00, 0x00, 0x1C, 0x70, 0x1C, 0x70, 0x1C, 0x70,
    0x1C, 0x70, 0x00, 0x00, 0x00, 0x00, 0x70, 0x0E, 0x70, 0x0E, 0x70, 0x0E, 0x70, 0x0E, 0x7F, 0x0E,
    0x7F, 0x8E, 0x73, 0xCE, 0x71, 0xCE, 0x71, 0xCE, 0x71, 0xCE, 0x71, 0xCE, 0x73, 0xCE, 0x7F, 0x8E,
    0x7F, 0x0E, 0x00, 0x00, 0x00, 0x00, 0x00, 0x00, 0x00, 0x00, 0x00, 0x00, 0x00, 0x00, 0x1F, 0xFC,
    0x7F, 0xFC, 0xFF, 0xF9, 0xFF, 0xF3, 0xE0, 0x07, 0xC0, 0x0F, 0x80, 0x1F, 0x00, 0xFF, 0xE1, 0xFF,
    0xC3, 0xFF, 0x83, 0xFF, 0x03, 0xE0, 0x07, 0xC0, 0x0F, 0x80, 0x1F, 0x00, 0x3F, 0x80, 0x7F, 0x00,
    0xFE, 0x00, 0x3C, 0x00, 0xF8, 0x07, 0xE0, 0x0F, 0xC0, 0x1F, 0x00, 0x38, 0x00, 0x3F, 0xF3, 0xFF,
    0x3F, 0xF3, 0xFF, 0x3E, 0x07, 0xFC, 0xFF, 0xCF, 0xFC, 0x3E, 0x03, 0xE0, 0x3E, 0x03, 0xF0, 0x3F,
    0x83, 0xF8, 0x0F, 0x80, 0xF0, 0x3F, 0x07, 0xF0, 0x7E, 0x03, 0x80, 0x78, 0x07, 0x8F, 0x81, 0xF0,
    0xF8, 0x7C, 0x1F, 0x8F, 0x81, 0xF3, 0xE0, 0x1F, 0x78, 0x03, 0xFF, 0x00, 0x3F, 0xC0, 0x03, 0xF0,
    0x00, 0x7E, 0x00, 0x0F, 0xC0, 0x03, 0xFC, 0x00, 0x7F, 0xC0, 0x1F, 0xF8, 0x07, 0xCF, 0x80, 0xF8,
    0xF8, 0x3E, 0x1F, 0xEF, 0x81, 0xFF, 0xF0, 0x1F, 0x80, 0x00, 0xF0, 0x00, 0x1E, 0x00, 0x1F, 0xC0,
    0x03, 0xF8, 0x00, 0x7E, 0x00, 0x06, 0x00, 0xF8, 0x7B, 0xC7, 0xDF, 0x3C, 0x7B, 0xE3, 0xFE, 0x0F,
    0xF0, 0x3F, 0x01, 0xF8, 0x1F, 0xC0, 0xFF, 0x0F, 0xF8, 0x7B, 0xE7, 0xCF, 0xFC, 0x3C, 0x01, 0xE0,
    0x0F, 0x03, 0xF8, 0x1F, 0xC0, 0xFC, 0x03, 0x80, 0x78, 0x07, 0x9F, 0x03, 0xE3, 0xE1, 0xF0, 0xFC,
    0x7C, 0x1F, 0x3E, 0x03, 0xEF, 0x00, 0xFF, 0xC0, 0x1F, 0xE0, 0x3F, 0xFF, 0x0F, 0xFF, 0xE3, 0xFF,
    0xF8, 0x1F, 0xE0, 0x07, 0xFC, 0x03, 0xFF, 0x01, 0xF3, 0xE0, 0x7C, 0x7C, 0x3E, 0x1F, 0x1F, 0x03,
    0xEF, 0xC0, 0x7C, 0x78, 0x7D, 0xF1, 0xE3, 0xCF, 0x8F, 0xBC, 0x1F, 0xE0, 0x7F, 0x87, 0xFF, 0x9F,
    0xFE, 0x0F, 0xE0, 0x7F, 0x83, 0xFF, 0x0F, 0x3E, 0x7C, 0x7B, 0xE1, 0xF0, 0x01, 0xE0, 0x00, 0xFC,
    0x00, 0x3F, 0x80, 0x1F, 0xE0, 0x07, 0xF8, 0x01, 0xFF, 0x00, 0xFF, 0xC0, 0x3E, 0xF0, 0x0F, 0x3E,
    0x07, 0xCF, 0x81, 0xF1, 0xE0, 0x7C, 0x7C, 0x3F, 0xFF, 0x0F, 0xFF, 0xC3, 0xFF, 0xF9, 0xF0, 0x3E,
    0x7C, 0x07, 0xDE, 0x01, 0xFF, 0x80, 0x7C, 0x00, 0x00, 0x00, 0x00, 0x00, 0x78, 0x00, 0x1F, 0x00,
    0x07, 0xC0, 0x00, 0xE0, 0x00, 0x0F, 0xC1, 0xFF, 0x8F, 0xFE, 0xF9, 0xF7, 0x87, 0x80, 0x7C, 0x7F,
    0xEF, 0xFF, 0x7F, 0x7F, 0xC3, 0xFE, 0x3E, 0xFF, 0xF7, 0xFF, 0x9F, 0xFC, 0x38, 0x00, 0x00, 0x07,
    0x80, 0x3C, 0x01, 0xE0, 0x0F, 0x00, 0x03, 0xE0, 0x00, 0x7C, 0x00, 0x0F, 0x00, 0x03, 0x80, 0x00,
    0x00, 0x00, 0x78, 0x00, 0x3F, 0x00, 0x0F, 0xE0, 0x07, 0xF8, 0x01, 0xFE, 0x00, 0x7F, 0xC0, 0x3F,
    0xF0, 0x0F, 0xBC, 0x03, 0xCF, 0x81, 0xF3, 0xE0, 0x7C, 0x78, 0x1F, 0x1F, 0x0F, 0xFF, 0xC3, 0xFF,
    0xF0, 0xFF, 0xFE, 0x7C, 0x0F, 0x9F, 0x01, 0xF7, 0x80, 0x7F, 0xE0, 0x1F, 0x0F, 0x80, 0x7E, 0x00,
    0xE0, 0x07, 0x00, 0x00, 0x07, 0xE0, 0xFF, 0xC7, 0xFF, 0x7C, 0xFB, 0xC3, 0xC0, 0x3E, 0x3F, 0xF7,
    0xFF, 0xBF, 0xBF, 0xE1, 0xFF, 0x1F, 0x7F, 0xFB, 0xFF, 0xCF, 0xFE, 0x1C, 0x00, 0x00, 0x0F, 0x00,
    0x03, 0x80, 0x01, 0xC0, 0x00, 0x70, 0x01, 0xE0, 0x00, 0xFC, 0x00, 0x7F, 0x80, 0x3C, 0xF0, 0x00,
    0x00, 0x00, 0x78, 0x00, 0x3F, 0x00, 0x0F, 0xE0, 0x07, 0xF8, 0x01, 0xFE, 0x00, 0x7F, 0xC0, 0x3F,
    0xF0, 0x0F, 0xBC, 0x03, 0xCF, 0x81, 0xF3, 0xE0, 0x7C, 0x78, 0x1F, 0x1F, 0x0F, 0xFF, 0xC3, 0xFF,
    0xF0, 0xFF, 0xFE, 0x7C, 0x0F, 0x9F, 0x01, 0xF7, 0x80, 0x7F, 0xE0, 0x1F, 0x00, 0x3C, 0x01, 0xE0,
    0x07, 0x00, 0x1C, 0x07, 0x80, 0x3F, 0x01, 0xFE, 0x0F, 0x3C, 0x00, 0x00, 0x3F, 0x03, 0xFF, 0x0F,
    0xFE, 0x7C, 0xF9, 0xE1, 0xE0, 0x0F, 0x87, 0xFE, 0x7F, 0xF9, 0xFD, 0xEF, 0x87, 0xBE, 0x3E, 0x7F,
    0xF9, 0xFF, 0xE3, 0xFF, 0x83, 0x80, 0x00, 0x38, 0x00, 0x0F, 0x00, 0x01, 0xC0, 0x00, 0x30, 0x01,
    0xE0, 0x00, 0xFC, 0x00, 0x7F, 0x80, 0x3C, 0xF0, 0x00, 0x00, 0x00, 0x78, 0x00, 0x3F, 0x00, 0x0F,
    0xE0, 0x07, 0xF8, 0x01, 0xFE, 0x00, 0x7F, 0xC0, 0x3F, 0xF0, 0x0F, 0xBC, 0x03, 0xCF, 0x81, 0xF3,
    0xE0, 0x7C, 0x78, 0x1F, 0x1F, 0x0F, 0xFF, 0xC3, 0xFF, 0xF0, 0xFF, 0xFE, 0x7C, 0x0F, 0x9F, 0x01,
    0xF7, 0x80, 0x7F, 0xE0, 0x1F, 0x00, 0xE0, 0x07, 0x80, 0x1C, 0x00, 0x60, 0x78, 0x07, 0xE0, 0x7F,
    0x87, 0x9E, 0x00, 0x00, 0x7E, 0x0F, 0xFC, 0x7F, 0xF7, 0xCF, 0xBC, 0x3C, 0x03, 0xE3, 0xFF, 0x7F,
    0xFB, 0xFB, 0xFE, 0x1F, 0xF1, 0xF7, 0xFF, 0xBF, 0xFC, 0xFF, 0xE1, 0xC0, 0x00, 0x3C, 0x00, 0x0F,
    0x00, 0x01, 0xC0, 0x00, 0x60, 0x01, 0xE0, 0x00, 0xFC, 0x00, 0x7F, 0x80, 0x3C, 0xF0, 0x00, 0x00,
    0x00, 0x78, 0x00, 0x3F, 0x00, 0x0F, 0xE0, 0x07, 0xF8, 0x01, 0xFE, 0x00, 0x7F, 0xC0, 0x3F, 0xF0,
    0x0F, 0xBC, 0x03, 0xCF, 0x81, 0xF3, 0xE0, 0x7C, 0x78, 0x1F, 0x1F, 0x0F, 0xFF, 0xC3, 0xFF, 0xF0,
    0xFF, 0xFE, 0x7C, 0x0F, 0x9F, 0x01, 0xF7, 0x80, 0x7F, 0xE0, 0x1F, 0x00, 0xF0, 0x07, 0x80, 0x1C,
    0x00, 0xC0, 0x78, 0x07, 0xE0, 0x7F, 0x87, 0x9E, 0x00, 0x00, 0x7E, 0x0F, 0xFC, 0x7F, 0xF7, 0xCF,
    0xBC, 0x3C, 0x03, 0xE3, 0xFF, 0x7F, 0xFB, 0xFB, 0xFE, 0x1F, 0xF1, 0xF7, 0xFF, 0xBF, 0xFC, 0xFF,
    0xE1, 0xC0, 0x03, 0x9C, 0x01, 0xFF, 0x00, 0x7F, 0x80, 0x18, 0xC0, 0x01, 0xE0, 0x00, 0xFC, 0x00,
    0x7F, 0x80, 0x3C, 0xF0, 0x00, 0x00, 0x00, 0x78, 0x00, 0x3F, 0x00, 0x0F, 0xE0, 0x07, 0xF8, 0x01,
    0xFE, 0x00, 0x7F, 0xC0, 0x3F, 0xF0, 0x0F, 0xBC, 0x03, 0xCF, 0x81, 0xF3, 0xE0, 0x7C, 0x78, 0x1F,
    0x1F, 0x0F, 0xFF, 0xC3, 0xFF, 0xF0, 0xFF, 0xFE, 0x7C, 0x0F, 0x9F, 0x01, 0xF7, 0x80, 0x7F, 0xE0,
    0x1F, 0x0E, 0x70, 0xFF, 0x87, 0xF8, 0x31, 0x80, 0x78, 0x07, 0xE0, 0x7F, 0x87, 0x9E, 0x00, 0x00,
    0x7E, 0x0F, 0xFC, 0x7F, 0xF7, 0xCF, 0xBC, 0x3C, 0x03, 0xE3, 0xFF, 0x7F, 0xFB, 0xFB, 0xFE, 0x1F,
    0xF1, 0xF7, 0xFF, 0xBF, 0xFC, 0xFF, 0xE1, 0xC0, 0x01, 0xF0, 0x00, 0xFC, 0x00, 0x7F, 0x80, 0x3C,
    0xF0, 0x00, 0x00, 0x00, 0x78, 0x00, 0x3F, 0x00, 0x0F, 0xE0, 0x07, 0xF8, 0x01, 0xFE, 0x00, 0x7F,
    0xC0, 0x3F, 0xF0, 0x0F, 0xBC, 0x03, 0xCF, 0x81, 0xF3, 0xE0, 0x7C, 0x78, 0x1F, 0x1F, 0x0F, 0xFF,
    0xC3, 0xFF, 0xF0, 0xFF, 0xFE, 0x7C, 0x0F, 0x9F, 0x01, 0xF7, 0x80, 0x7F, 0xE0, 0x1F, 0x00, 0x00,
    0x00, 0x00, 0x00, 0x1E, 0x00, 0x07, 0xC0, 0x01, 0xF0, 0x00, 0x38, 0x00, 0x07, 0x80, 0x7E, 0x07,
    0xF8, 0x79, 0xE0, 0x00, 0x07, 0xE0, 0xFF, 0xC7, 0xFF, 0x7C, 0xFB, 0xC3, 0xC0, 0x3E, 0x3F, 0xF7,
    0xFF, 0xBF, 0xBF, 0xE1, 0xFF, 0x1F, 0x7F, 0xFB, 0xFF, 0xCF, 0xFE, 0x1C, 0x00, 0x00, 0x03, 0xC0,
    0x1E, 0x00, 0xF0, 0x07, 0x80, 0x00, 0x78, 0x00, 0x1C, 0x00, 0x0E, 0x00, 0x03, 0x80, 0x07, 0x1C,
    0x01, 0xCF, 0x00, 0x7F, 0x80, 0x0F, 0xC0, 0x00, 0x40, 0x00, 0x78, 0x00, 0x3F, 0x00, 0x0F, 0xE0,
    0x07, 0xF8, 0x01, 0xFE, 0x00, 0x7F, 0xC0, 0x3F, 0xF0, 0x0F, 0xBC, 0x03, 0xCF, 0x81, 0xF3, 0xE0,
    0x7C, 0x78, 0x1F, 0x1F, 0x0F, 0xFF, 0xC3, 0xFF, 0xF0, 0xFF, 0xFE, 0x7C, 0x0F, 0x9F, 0x01, 0xF7,
    0x80, 0x7F, 0xE0, 0x1F, 0x01, 0xE0, 0x0E, 0x00, 0xE0, 0x07, 0x01, 0x87, 0x0E, 0x78, 0x7F, 0x81,
    0xF8, 0x01, 0x00, 0x7E, 0x0F, 0xFC, 0x7F, 0xF7, 0xCF, 0xBC, 0x3C, 0x03, 0xE3, 0xFF, 0x7F, 0xFB,
    0xFB, 0xFE, 0x1F, 0xF1, 0xF7, 0xFF, 0xBF, 0xFC, 0xFF, 0xE1, 0xC0, 0x03, 0x80, 0x00, 0xF0, 0x00,
    0x1C, 0x00, 0x03, 0x00, 0x06, 0x1C, 0x01, 0xCF, 0x00, 0x7F, 0x80, 0x0F, 0xC0, 0x00, 0x40, 0x00,
    0x78, 0x00, 0x3F, 0x00, 0x0F, 0xE0, 0x07, 0xF8, 0x01, 0xFE, 0x00, 0x7F, 0xC0, 0x3F, 0xF0, 0x0F,
    0xBC, 0x03, 0xCF, 0x81, 0xF3, 0xE0, 0x7C, 0x78, 0x1F, 0x1F, 0x0F, 0xFF, 0xC3, 0xFF, 0xF0, 0xFF,
    0xFE, 0x7C, 0x0F, 0x9F, 0x01, 0xF7, 0x80, 0x7F, 0xE0, 0x1F, 0x0E, 0x00, 0x78, 0x01, 0xC0, 0x06,
    0x01, 0x87, 0x0E, 0x70, 0x7F, 0x81, 0xF8, 0x01, 0x00, 0x7E, 0x0F, 0xFC, 0x7F, 0xF7, 0xCF, 0xBC,
    0x3C, 0x03, 0xE3, 0xFF, 0x7F, 0xFB, 0xFB, 0xFE, 0x1F, 0xF1, 0xF7, 0xFF, 0xBF, 0xFC, 0xFF, 0xE1,
    0xC0, 0x01, 0xE0, 0x00, 0x7C, 0x00, 0x0E, 0x00, 0x03, 0x80, 0x07, 0x1C, 0x01, 0xCF, 0x00, 0x7F,
    0x80, 0x0F, 0xC0, 0x00, 0x40, 0x00, 0x78, 0x00, 0x3F, 0x00, 0x0F, 0xE0, 0x07, 0xF8, 0x01, 0xFE,
    0x00, 0x7F, 0xC0, 0x3F, 0xF0, 0x0F, 0xBC, 0x03, 0xCF, 0x81, 0xF3, 0xE0, 0x7C, 0x78, 0x1F, 0x1F,
    0x0F, 0xFF, 0xC3, 0xFF, 0xF0, 0xFF, 0xFE, 0x7C, 0x0F, 0x9F, 0x01, 0xF7, 0x80, 0x7F, 0xE0, 0x1F,
    0x07, 0x80, 0x3C, 0x00, 0xE0, 0x06, 0x01, 0x87, 0x0E, 0x78, 0x7F, 0x81, 0xF8, 0x01, 0x00, 0x7E,
    0x0F, 0xFC, 0x7F, 0xF7, 0xCF, 0xBC, 0x3C, 0x03, 0xE3, 0xFF, 0x7F, 0xFB, 0xFB, 0xFE, 0x1F, 0xF1,
    0xF7, 0xFF, 0xBF, 0xFC, 0xFF, 0xE1, 0xC0, 0x03, 0x9C, 0x01, 0xFF, 0x00, 0x7F, 0x80, 0x18, 0xC0,
    0x07, 0x1C, 0x01, 0xCF, 0x00, 0x7F, 0x80, 0x0F, 0xC0, 0x00, 0x00, 0x00, 0x78, 0x00, 0x3F, 0x00,
    0x0F, 0xE0, 0x07, 0xF8, 0x01, 0xFE, 0x00, 0x7F, 0xC0, 0x3F, 0xF0, 0x0F, 0xBC, 0x03, 0xCF, 0x81,
    0xF3, 0xE0, 0x7C, 0x78, 0x1F, 0x1F, 0x0F, 0xFF, 0xC3, 0xFF, 0xF0, 0xFF, 0xFE, 0x7C, 0x0F, 0x9F,
    0x01, 0xF7, 0x80, 0x7F, 0xE0, 0x1F, 0x0E, 0x70, 0xFF, 0x87, 0xF8, 0x31, 0x81, 0x87, 0x0E, 0x70,
    0x7F, 0x81, 0xF8, 0x00, 0x00, 0x7E, 0x0F, 0xFC, 0x7F, 0xF7, 0xCF, 0xBC, 0x3C, 0x03, 0xE3, 0xFF,
    0x7F, 0xFB, 0xFB, 0xFE, 0x1F, 0xF1, 0xF7, 0xFF, 0xBF, 0xFC, 0xFF, 0xE1, 0xC0, 0x07, 0x1C, 0x01,
    0xFF, 0x00, 0x3F, 0x80, 0x07, 0xC0, 0x00, 0x00, 0x00, 0x78, 0x00, 0x3F, 0x00, 0x0F, 0xE0, 0x07,
    0xF8, 0x01, 0xFE, 0x00, 0x7F, 0xC0, 0x3F, 0xF0, 0x0F, 0xBC, 0x03, 0xCF, 0x81, 0xF3, 0xE0, 0x7C,
    0x78, 0x1F, 0x1F, 0x0F, 0xFF, 0xC3, 0xFF, 0xF0, 0xFF, 0xFE, 0x7C, 0x0F, 0x9F, 0x01, 0xF7, 0x80,
    0x7F, 0xE0, 0x1F, 0x00, 0x00, 0x00, 0x00, 0x00, 0x1E, 0x00, 0x07, 0xC0, 0x01, 0xF0, 0x00, 0x38,
    0x00, 0x1C, 0x70, 0xFF, 0x07, 0xF8, 0x0F, 0x80, 0x00, 0x07, 0xE0, 0xFF, 0xC7, 0xFF, 0x7C, 0xFB,
    0xC3, 0xC0, 0x3E, 0x3F, 0xF7, 0xFF, 0xBF, 0xBF, 0xE1, 0xFF, 0x1F, 0x7F, 0xFB, 0xFF, 0xCF, 0xFE,
    0x1C, 0x00, 0x00, 0x03, 0xC0, 0x1E, 0x00, 0xF0, 0x07, 0x80, 0x00, 0x00, 0x00, 0x00, 0x00, 0x00,
    0x00, 0x00, 0x00, 0x00, 0x00, 0x00, 0x7F, 0xFC, 0x7F, 0xFC, 0x70, 0x00, 0x70, 0x00, 0x70, 0x00,
    0x70, 0x00, 0x70, 0x00, 0x70, 0x00, 0x70, 0x00, 0x7F, 0xE0, 0x7F, 0xE0, 0x70, 0x00, 0x70, 0x00,
    0x70, 0x00, 0x70, 0x00, 0x70, 0x00, 0x70, 0x00, 0x70, 0x00, 0x7F, 0xFC, 0x7F, 0xFC, 0x00, 0x00,
    0x03, 0x80, 0x03, 0x80, 0x03, 0x80, 0x03, 0x80, 0x00, 0x00, 0x00, 0x00, 0x00, 0x00, 0x00, 0x00,
    0x00, 0x00, 0x00, 0x00, 0x00, 0x00, 0x00, 0x00, 0x00, 0x00, 0x00, 0x00, 0x00, 0x00, 0x00, 0x00,
    0x00, 0x00, 0x1F, 0xF0, 0x3F, 0xF8, 0x78, 0x3C, 0x70, 0x1C, 0x70, 0x1C, 0x70, 0x1C, 0x7F, 0xFC,
    0x7F, 0xFC, 0x70, 0x00, 0x70, 0x00, 0x70, 0x00, 0x78, 0x1C, 0x3F, 0xFC, 0x1F, 0xF8, 0x00, 0x00,
    0x03, 0x80, 0x03, 0x80, 0x03, 0x80, 0x03, 0x80, 0x00, 0x00, 0x0F, 0x80, 0x7C, 0x00, 0xE0, 0x0E,
    0x00, 0x00, 0x3F, 0xFF, 0xFF, 0xFF, 0xFF, 0xFF, 0xFF, 0xC0, 0x3E, 0x01, 0xF0, 0x0F, 0x80, 0x7F,
    0xFF, 0xFF, 0xFF, 0xFF, 0xFF, 0xF7, 0xC0, 0x3E, 0x01, 0xF0, 0x0F, 0xFF, 0x7F, 0xFF, 0xFF, 0xFF,
    0xFF, 0x07, 0x80, 0x1F, 0x00, 0x1C, 0x00, 0xE0, 0x00, 0x00, 0x1F, 0x01, 0xFF, 0x0F, 0xFE, 0x7E,
    0xF9, 0xE0, 0xF7, 0x83, 0xDF, 0xFF, 0x7F, 0xFD, 0xFF, 0xF7, 0x80, 0x1F, 0x0F, 0x3F, 0xFC, 0xFF,
    0xE0, 0xFF, 0x00, 0xE0, 0x00, 0x00, 0x1F, 0x38, 0x3B, 0xB8, 0x3B, 0xB8, 0x39, 0xF0, 0x00, 0x00,
    0x7F, 0xFC, 0x7F, 0xFC, 0x70, 0x00, 0x70, 0x00, 0x70, 0x00, 0x70, 0x00, 0x70, 0x00, 0x70, 0x00,
    0x70, 0x00, 0x7F, 0xE0, 0x7F, 0xE0, 0x70, 0x00, 0x70, 0x00, 0x70, 0x00, 0x70, 0x00, 0x70, 0x00,
    0x70, 0x00, 0x70, 0x00, 0x7F, 0xFC, 0x7F, 0xFC, 0x00, 0x00, 0x00, 0x00, 0x00, 0x00, 0x00, 0x00,
    0x00, 0x00, 0x00, 0x00, 0x00, 0x00, 0x00, 0x00, 0x00, 0x00, 0x00, 0x00, 0x00, 0x00, 0x00, 0x00,
    0x1F, 0x38, 0x3B, 0xB8, 0x3B, 0xB8, 0x39, 0xF0, 0x00, 0x00, 0x00, 0x00, 0x1F, 0xF0, 0x3F, 0xF8,
    0x78, 0x3C, 0x70, 0x1C, 0x70, 0x1C, 0x70, 0x1C, 0x7F, 0xFC, 0x7F, 0xFC, 0x70, 0x00, 0x70, 0x00,
    0x70, 0x00, 0x78, 0x1C, 0x3F, 0xFC, 0x1F, 0xF8, 0x00, 0x00, 0x00, 0x00, 0x00, 0x00, 0x00, 0x00,
    0x00, 0x00, 0x00, 0x00, 0x00, 0x38, 0x01, 0xE0, 0x07, 0x00, 0x38, 0x07, 0x80, 0x3F, 0x01, 0xFE,
    0x0F, 0x3C, 0x00, 0x01, 0xFF, 0xEF, 0xFF, 0xBF, 0xFE, 0xFF, 0xFB, 0xE0, 0x0F, 0x80, 0x3E, 0x00,
    0xF8, 0x03, 0xFF, 0xEF, 0xFF, 0xBF, 0xFE, 0xFF, 0xF3, 0xE0, 0x0F, 0x80, 0x3E, 0x00, 0xFF, 0xF3,
    0xFF, 0xEF, 0xFF, 0xBF, 0xFE, 0x00, 0x3C, 0x00, 0xE0, 0x07, 0x80, 0x1C, 0x07, 0x80, 0x3F, 0x01,
    0xFE, 0x07, 0xBC, 0x00, 0x00, 0x1F, 0x01, 0xFF, 0x0F, 0xFE, 0x7E, 0xF9, 0xE0, 0xF7, 0x83, 0xDF,
    0xFF, 0x7F, 0xFD, 0xFF, 0xF7, 0x80, 0x1F, 0x0F, 0x3F, 0xFC, 0xFF, 0xE0, 0xFF, 0x00, 0xE0, 0x01,
    0xE0, 0x07, 0x00, 0x1C, 0x00, 0xE0, 0x78, 0x07, 0xE0, 0x7F, 0x87, 0x9E, 0x00, 0x03, 0xFF, 0xFF,
    0xFF, 0xFF, 0xFF, 0xFF, 0xFC, 0x03, 0xE0, 0x1F, 0x00, 0xF8, 0x07, 0xFF, 0xFF, 0xFF, 0xFF, 0xFF,
    0xFF, 0x7C, 0x03, 0xE0, 0x1F, 0x00, 0xFF, 0xF7, 0xFF, 0xFF, 0xFF, 0xFF, 0xF0, 0x00, 0xE0, 0x03,
    0xC0, 0x07, 0x00, 0x0E, 0x07, 0x80, 0x3F, 0x01, 0xFE, 0x07, 0xBC, 0x00, 0x00, 0x1F, 0x01, 0xFF,
    0x0F, 0xFE, 0x7E, 0xF9, 0xE0, 0xF7, 0x83, 0xDF, 0xFF, 0x7F, 0xFD, 0xFF, 0xF7, 0x80, 0x1F, 0x0F,
    0x3F, 0xFC, 0xFF, 0xE0, 0xFF, 0x00, 0xE0, 0x01, 0xE0, 0x0F, 0x80, 0x1C, 0x01, 0xC0, 0x78, 0x07,
    0xE0, 0x7F, 0x87, 0x9E, 0x00, 0x03, 0xFF, 0xFF, 0xFF, 0xFF, 0xFF, 0xFF, 0xFC, 0x03, 0xE0, 0x1F,
    0x00, 0xF8, 0x07, 0xFF, 0xFF, 0xFF, 0xFF, 0xFF, 0xFF, 0x7C, 0x03, 0xE0, 0x1F, 0x00, 0xFF, 0xF7,
    0xFF, 0xFF, 0xFF, 0xFF, 0xF0, 0x00, 0xF0, 0x03, 0xC0, 0x07, 0x00, 0x1C, 0x07, 0x80, 0x3F, 0x01,
    0xFE, 0x07, 0xBC, 0x00, 0x00, 0x1F, 0x01, 0xFF, 0x0F, 0xFE, 0x7E, 0xF9, 0xE0, 0xF7, 0x83, 0xDF,
    0xFF, 0x7F, 0xFD, 0xFF, 0xF7, 0x80, 0x1F, 0x0F, 0x3F, 0xFC, 0xFF, 0xE0, 0xFF, 0x00, 0xE0, 0x1E,
    0x60, 0xFF, 0x0F, 0xF8, 0x31, 0x00, 0x78, 0x07, 0xE0, 0x7F, 0x87, 0x9E, 0x00, 0x03, 0xFF, 0xFF,
    0xFF, 0xFF, 0xFF, 0xFF, 0xFC, 0x03, 0xE0, 0x1F, 0x00, 0xF8, 0x07, 0xFF, 0xFF, 0xFF, 0xFF, 0xFF,
    0xFF, 0x7C, 0x03, 0xE0, 0x1F, 0x00, 0xFF, 0xF7, 0xFF, 0xFF, 0xFF, 0xFF, 0xF0, 0x0F, 0x70, 0x7F,
    0xC1, 0xFE, 0x06, 0x30, 0x07, 0x80, 0x3F, 0x01, 0xFE, 0x07, 0xBC, 0x00, 0x00, 0x1F, 0x01, 0xFF,
    0x0F, 0xFE, 0x7E, 0xF9, 0xE0, 0xF7, 0x83, 0xDF, 0xFF, 0x7F, 0xFD, 0xFF, 0xF7, 0x80, 0x1F, 0x0F,
    0x3F, 0xFC, 0xFF, 0xE0, 0xFF, 0x00, 0xE0, 0x0F, 0x80, 0xFE, 0x07, 0xF8, 0x79, 0xE0, 0x00, 0x3F,
    0xFF, 0xFF, 0xFF, 0xFF, 0xFF, 0xFF, 0xC0, 0x3E, 0x01, 0xF0, 0x0F, 0x80, 0x7F, 0xFF, 0xFF, 0xFF,
    0xFF, 0xFF, 0xF7, 0xC0, 0x3E, 0x01, 0xF0, 0x0F, 0xFF, 0x7F, 0xFF, 0xFF, 0xFF, 0xFF, 0x00, 0x00,
    0x00, 0x01, 0xE0, 0x1F, 0x00, 0x78, 0x03, 0x80, 0x07, 0xC0, 0x3F, 0x81, 0xEF, 0x0F, 0x3C, 0x00,
    0x00, 0x1F, 0x01, 0xFF, 0x0F, 0xFE, 0x7E, 0xF9, 0xE0, 0xF7, 0x83, 0xDF, 0xFF, 0x7F, 0xFD, 0xFF,
    0xF7, 0x80, 0x1F, 0x0F, 0x3F, 0xFC, 0xFF, 0xE0, 0xFF, 0x00, 0xE0, 0x00, 0x00, 0x0E, 0x00, 0x7C,
    0x01, 0xF0, 0x03, 0x80, 0xFF, 0xCE, 0xE0, 0x3B, 0xFF, 0xFF, 0xFF, 0xFF, 0xFF, 0xFF, 0xFF, 0xFF,
    0xFF, 0xFF, 0xFF, 0x79, 0xF3, 0xCE, 0x01, 0xE7, 0xDF, 0x7D, 0xF7, 0xDF, 0x7D, 0xF7, 0xDF, 0x7D,
    0xF7, 0xC0, 0x00, 0x00, 0x00, 0x00, 0x00, 0x00, 0x00, 0x00, 0x00, 0x00, 0x00, 0x00, 0x0F, 0xE0,
    0x0F, 0xE0, 0x03, 0x80, 0x03, 0x80, 0x03, 0x80, 0x03, 0x80, 0x03, 0x80, 0x03, 0x80, 0x03, 0x80,
    0x03, 0x80, 0x03, 0x80, 0x03, 0x80, 0x03, 0x80, 0x03, 0x80, 0x03, 0x80, 0x03, 0x80, 0x03, 0x80,
    0x03, 0x80, 0x0F, 0xE0, 0x0F, 0xE0, 0x00, 0x00, 0x03, 0x80, 0x03, 0x80, 0x03, 0x80, 0x03, 0x80,
    0x00, 0x00, 0x00, 0x00, 0x00, 0x00, 0x00, 0x00, 0x00, 0x00, 0x00, 0x00, 0x00, 0x00, 0x03, 0x80,
    0x03, 0x80, 0x03, 0x80, 0x03, 0x80, 0x00, 0x00, 0x00, 0x00, 0x0F, 0x80, 0x0F, 0x80, 0x03, 0x80,
    0x03, 0x80, 0x03, 0x80, 0x03, 0x80, 0x03, 0x80, 0x03, 0x80, 0x03, 0x80, 0x03, 0x80, 0x03, 0x80,
    0x03, 0x80, 0x0F, 0xE0, 0x0F, 0xE0, 0x00, 0x00, 0x03, 0x80, 0x03, 0x80, 0x03, 0x80, 0x03, 0x80,
    0x00, 0x00, 0x00, 0x00, 0x00, 0x00, 0x00, 0x00, 0x00, 0x00, 0x00, 0x00, 0x00, 0x00, 0x1F, 0xF0,
    0x3F, 0xF8, 0x78, 0x3C, 0x70, 0x1C, 0x70, 0x1C, 0x70, 0x1C, 0x70, 0x1C, 0x70, 0x1C, 0x70, 0x1C,
    0x70, 0x1C, 0x70, 0x1C, 0x70, 0x1C, 0x70, 0x1C, 0x70, 0x1C, 0x70, 0x1C, 0x70, 0x1C, 0x70, 0x1C,
    0x78, 0x3C, 0x3F, 0xF8, 0x1F, 0xF0, 0x00, 0x00, 0x03, 0x80, 0x03, 0x80, 0x03, 0x80, 0x03, 0x80,
    0x00, 0x00, 0x00, 0x00, 0x00, 0x00, 0x00, 0x00, 0x00, 0x00, 0x00, 0x00, 0x00, 0x00, 0x00, 0x00,
    0x00, 0x00, 0x00, 0x00, 0x00, 0x00, 0x00, 0x00, 0x00, 0x00, 0x1F, 0xF0, 0x3F, 0xF8, 0x78, 0x3C,
    0x70, 0x1C, 0x70, 0x1C, 0x70, 0x1C, 0x70, 0x1C, 0x70, 0x1C, 0x70, 0x1C, 0x70, 0x1C, 0x70, 0x1C,
    0x78, 0x3C, 0x3F, 0xF8, 0x1F, 0xF0, 0x00, 0x00, 0x03, 0x80, 0x03, 0x80, 0x03, 0x80, 0x03, 0x80,
    0x00, 0x00, 0x03, 0xE0, 0x00, 0xF8, 0x00, 0x0E, 0x00, 0x07, 0x00, 0x00, 0x00, 0x00, 0xF8, 0x00,
    0xFF, 0x80, 0x7F, 0xF8, 0x3F, 0xFE, 0x1F, 0x8F, 0xCF, 0xC0, 0xFB, 0xE0, 0x3E, 0xF8, 0x07, 0xBC,
    0x01, 0xEF, 0x00, 0x7B, 0xC0, 0x1E, 0xF0, 0x07, 0xBE, 0x01, 0xEF, 0x80, 0xF9, 0xF0, 0x7E, 0x7F,
    0x7F, 0x0F, 0xFF, 0x81, 0xFF, 0xC0, 0x3F, 0xE0, 0x01, 0xC0, 0x00, 0x07, 0xC0, 0x0F, 0x80, 0x07,
    0x00, 0x1C, 0x00, 0x00, 0x00, 0xF8, 0x07, 0xFC, 0x1F, 0xFC, 0x7F, 0xFC, 0xF8, 0xF9, 0xE0, 0xF3,
    0xC1, 0xF7, 0x83, 0xEF, 0x07, 0xDE, 0x0F, 0x3E, 0x3E, 0x3F, 0xF8, 0x7F, 0xF0, 0x3F, 0xC0, 0x1C,
    0x00, 0x00, 0x1E, 0x00, 0x07, 0x00, 0x03, 0xC0, 0x00, 0xE0, 0x01, 0xE0, 0x00, 0xFC, 0x00, 0x7F,
    0x80, 0x3D, 0xE0, 0x00, 0x00, 0x00, 0xF8, 0x00, 0xFF, 0x80, 0x7F, 0xF8, 0x3F, 0xFE, 0x1F, 0x8F,
    0xCF, 0xC0, 0xFB, 0xE0, 0x3E, 0xF8, 0x07, 0xBC, 0x01, 0xEF, 0x00, 0x7B, 0xC0, 0x1E, 0xF0, 0x07,
    0xBE, 0x01, 0xEF, 0x80, 0xF9, 0xF0, 0x7E, 0x7F, 0x7F, 0x0F, 0xFF, 0x81, 0xFF, 0xC0, 0x3F, 0xE0,
    0x01, 0xC0, 0x00, 0x00, 0x3C, 0x00, 0x70, 0x01, 0xE0, 0x03, 0x80, 0x3C, 0x00, 0xFC, 0x03, 0xFC,
    0x0F, 0x78, 0x00, 0x00, 0x0F, 0x80, 0x7F, 0xC1, 0xFF, 0xC7, 0xFF, 0xCF, 0x8F, 0x9E, 0x0F, 0x3C,
    0x1F, 0x78, 0x3E, 0xF0, 0x7D, 0xE0, 0xF3, 0xE3, 0xE3, 0xFF, 0x87, 0xFF, 0x03, 0xFC, 0x01, 0xC0,
    0x00, 0x78, 0x00, 0x0E, 0x00, 0x03, 0xC0, 0x00, 0x70, 0x01, 0xE0, 0x00, 0xFC, 0x00, 0x7F, 0x80,
    0x3D, 0xE0, 0x00, 0x00, 0x00, 0xF8, 0x00, 0xFF, 0x80, 0x7F, 0xF8, 0x3F, 0xFE, 0x1F, 0x8F, 0xCF,
    0xC0, 0xFB, 0xE0, 0x3E, 0xF8, 0x07, 0xBC, 0x01, 0xEF, 0x00, 0x7B, 0xC0, 0x1E, 0xF0, 0x07, 0xBE,
    0x01, 0xEF, 0x80, 0xF9, 0xF0, 0x7E, 0x7F, 0x7F, 0x0F, 0xFF, 0x81, 0xFF, 0xC0, 0x3F, 0xE0, 0x01,
    0xC0, 0x00, 0x00, 0xF0, 0x00, 0xE0, 0x01, 0xE0, 0x01, 0xC0, 0x3C, 0x00, 0xFC, 0x03, 0xFC, 0x0F,
    0x78, 0x00, 0x00, 0x0F, 0x80, 0x7F, 0xC1, 0xFF, 0xC7, 0xFF, 0xCF, 0x8F, 0x9E, 0x0F, 0x3C, 0x1F,
    0x78, 0x3E, 0xF0, 0x7D, 0xE0, 0xF3, 0xE3, 0xE3, 0xFF, 0x87, 0xFF, 0x03, 0xFC, 0x01, 0xC0, 0x00,
    0x78, 0x00, 0x1F, 0x00, 0x01, 0x80, 0x00, 0xE0, 0x01, 0xE0, 0x00, 0xFC, 0x00, 0x7F, 0x80, 0x3D,
    0xE0, 0x00, 0x00, 0x00, 0xF8, 0x00, 0xFF, 0x80, 0x7F, 0xF8, 0x3F, 0xFE, 0x1F, 0x8F, 0xCF, 0xC0,
    0xFB, 0xE0, 0x3E, 0xF8, 0x07, 0xBC, 0x01, 0xEF, 0x00, 0x7B, 0xC0, 0x1E, 0xF0, 0x07, 0xBE, 0x01,
    0xEF, 0x80, 0xF9, 0xF0, 0x7E, 0x7F, 0x7F, 0x0F, 0xFF, 0x81, 0xFF, 0xC0, 0x3F, 0xE0, 0x01, 0xC0,
    0x00, 0x00, 0xF0, 0x01, 0xF0, 0x00, 0xC0, 0x03, 0x80, 0x3C, 0x00, 0xFC, 0x03, 0xFC, 0x0F, 0x78,
    0x00, 0x00, 0x0F, 0x80, 0x7F, 0xC1, 0xFF, 0xC7, 0xFF, 0xCF, 0x8F, 0x9E, 0x0F, 0x3C, 0x1F, 0x78,
    0x3E, 0xF0, 0x7D, 0xE0, 0xF3, 0xE3, 0xE3, 0xFF, 0x87, 0xFF, 0x03, 0xFC, 0x01, 0xC0, 0x07, 0xB8,
    0x03, 0xFE, 0x00, 0xFF, 0x80, 0x31, 0x80, 0x01, 0xE0, 0x00, 0xFC, 0x00, 0x7F, 0x80, 0x3D, 0xE0,
    0x00, 0x00, 0x00, 0xF8, 0x00, 0xFF, 0x80, 0x7F, 0xF8, 0x3F, 0xFE, 0x1F, 0x8F, 0xCF, 0xC0, 0xFB,
    0xE0, 0x3E, 0xF8, 0x07, 0xBC, 0x01, 0xEF, 0x00, 0x7B, 0xC0, 0x1E, 0xF0, 0x07, 0xBE, 0x01, 0xEF,
    0x80, 0xF9, 0xF0, 0x7E, 0x7F, 0x7F, 0x0F, 0xFF, 0x81, 0xFF, 0xC0, 0x3F, 0xE0, 0x01, 0xC0, 0x00,
    0x0F, 0x30, 0x3F, 0xE0, 0x7F, 0xC0, 0xC6, 0x00, 0x3C, 0x00, 0xFC, 0x03, 0xFC, 0x0F, 0x78, 0x00,
    0x00, 0x0F, 0x80, 0x7F, 0xC1, 0xFF, 0xC7, 0xFF, 0xCF, 0x8F, 0x9E, 0x0F, 0x3C, 0x1F, 0x78, 0x3E,
    0xF0, 0x7D, 0xE0, 0xF3, 0xE3, 0xE3, 0xFF, 0x87, 0xFF, 0x03, 0xFC, 0x01, 0xC0, 0x03, 0xE0, 0x01,
    0xFC, 0x00, 0xF7, 0x80, 0x38, 0xE0, 0x00, 0x00, 0x00, 0xF8, 0x00, 0xFF, 0x80, 0x7F, 0xF8, 0x3F,
    0xFE, 0x1F, 0x8F, 0xCF, 0xC0, 0xFB, 0xE0, 0x3E, 0xF8, 0x07, 0xBC, 0x01, 0xEF, 0x00, 0x7B, 0xC0,
    0x1E, 0xF0, 0x07, 0xBE, 0x01, 0xEF, 0x80, 0xF9, 0xF0, 0x7E, 0x7F, 0x7F, 0x0F, 0xFF, 0x81, 0xFF,
    0xC0, 0x3F, 0xE0, 0x01, 0xC0, 0x00, 0x00, 0x00, 0x1C, 0x00, 0x0F, 0x80, 0x03, 0xE0, 0x00, 0x70,
    0x00, 0x07, 0xC0, 0x1F, 0xC0, 0x7B, 0xC0, 0xE3, 0x80, 0x00, 0x00, 0xF8, 0x07, 0xFC, 0x1F, 0xFC,
    0x7F, 0xFC, 0xF8, 0xF9, 0xE0, 0xF3, 0xC1, 0xF7, 0x83, 0xEF, 0x07, 0xDE, 0x0F, 0x3E, 0x3E, 0x3F,
    0xF8, 0x7F, 0xF0, 0x3F, 0xC0, 0x1C, 0x00, 0x00, 0x00, 0x70, 0x01, 0xF0, 0x03, 0xE0, 0x03, 0x80,
    0x00, 0xF8, 0x00, 0x3C, 0x00, 0x1E, 0x00, 0x07, 0x0F, 0x00, 0x03, 0xC0, 0xFF, 0xF0, 0xFF, 0xF8,
    0x7F, 0xFE, 0x3F, 0xFF, 0x1F, 0x8F, 0xCF, 0xC0, 0xFB, 0xE0, 0x3E, 0xF8, 0x07, 0xBC, 0x01, 0xEF,
    0x00, 0x7B, 0xC0, 0x1E, 0xF0, 0x07, 0xBE, 0x01, 0xEF, 0x80, 0xF9, 0xF0, 0x7E, 0x7F, 0x7F, 0x0F,
    0xFF, 0x81, 0xFF, 0xC0, 0x3F, 0xE0, 0x01, 0xC0, 0x00, 0x01, 0xF0, 0x03, 0xC0, 0x0F, 0x38, 0x1C,
    0x70, 0x00, 0xE0, 0xFF, 0xC7, 0xFF, 0x9F, 0xFC, 0x7F, 0xFC, 0xF8, 0xF9, 0xE0, 0xF3, 0xC1, 0xF7,
    0x83, 0xEF, 0x07, 0xDE, 0x0F, 0x3E, 0x3E, 0x3F, 0xF8, 0x7F, 0xF0, 0x3F, 0xC0, 0x1C, 0x00, 0x07,
    0x80, 0x01, 0xE0, 0x00, 0x3C, 0x00, 0x07, 0x0F, 0x00, 0x03, 0xC0, 0xFF, 0xF0, 0xFF, 0xF8, 0x7F,
    0xFE, 0x3F, 0xFF, 0x1F, 0x8F, 0xCF, 0xC0, 0xFB, 0xE0, 0x3E, 0xF8, 0x07, 0xBC, 0x01, 0xEF, 0x00,
    0x7B, 0xC0, 0x1E, 0xF0, 0x07, 0xBE, 0x01, 0xEF, 0x80, 0xF9, 0xF0, 0x7E, 0x7F, 0x7F, 0x0F, 0xFF,
    0x81, 0xFF, 0xC0, 0x3F, 0xE0, 0x01, 0xC0, 0x00, 0x0F, 0x00, 0x1E, 0x00, 0x1E, 0x38, 0x1C, 0x70,
    0x00, 0xE0, 0xFF, 0xC7, 0xFF, 0x9F, 0xFC, 0x7F, 0xFC, 0xF8, 0xF9, 0xE0, 0xF3, 0xC1, 0xF7, 0x83,
    0xEF, 0x07, 0xDE, 0x0F, 0x3E, 0x3E, 0x3F, 0xF8, 0x7F, 0xF0, 0x3F, 0xC0, 0x1C, 0x00, 0x03, 0xE0,
    0x00, 0xF8, 0x00, 0x0E, 0x00, 0x07, 0x0F, 0x00, 0x03, 0xC0, 0xFF, 0xF0, 0xFF, 0xF8, 0x7F, 0xFE,
    0x3F, 0xFF, 0x1F, 0x8F, 0xCF, 0xC0, 0xFB, 0xE0, 0x3E, 0xF8, 0x07, 0xBC, 0x01, 0xEF, 0x00, 0x7B,
    0xC0, 0x1E, 0xF0, 0x07, 0xBE, 0x01, 0xEF, 0x80, 0xF9, 0xF0, 0x7E, 0x7F, 0x7F, 0x0F, 0xFF, 0x81,
    0xFF, 0xC0, 0x3F, 0xE0, 0x01, 0xC0, 0x00, 0x07, 0xC0, 0x0F, 0x80, 0x07, 0x38, 0x1C, 0x70, 0x00,
    0xE0, 0xFF, 0xC7, 0xFF, 0x9F, 0xFC, 0x7F, 0xFC, 0xF8, 0xF9, 0xE0, 0xF3, 0xC1, 0xF7, 0x83, 0xEF,
    0x07, 0xDE, 0x0F, 0x3E, 0x3E, 0x3F, 0xF8, 0x7F, 0xF0, 0x3F, 0xC0, 0x1C, 0x00, 0x07, 0xB8, 0x03,
    0xFE, 0x00, 0xFF, 0x80, 0x39, 0xCF, 0x00, 0x03, 0xC0, 0xFF, 0xF0, 0xFF, 0xF8, 0x7F, 0xFE, 0x3F,
    0xFF, 0x1F, 0x8F, 0xCF, 0xC0, 0xFB, 0xE0, 0x3E, 0xF8, 0x07, 0xBC, 0x01, 0xEF, 0x00, 0x7B, 0xC0,
    0x1E, 0xF0, 0x07, 0xBE, 0x01, 0xEF, 0x80, 0xF9, 0xF0, 0x7E, 0x7F, 0x7F, 0x0F, 0xFF, 0x81, 0xFF,
    0xC0, 0x3F, 0xE0, 0x01, 0xC0, 0x00, 0x06, 0x60, 0x1F, 0xC0, 0x3F, 0xB8, 0x66, 0x70, 0x00, 0xE0,
    0xFF, 0xC7, 0xFF, 0x9F, 0xFC, 0x7F, 0xFC, 0xF8, 0xF9, 0xE0, 0xF3, 0xC1, 0xF7, 0x83, 0xEF, 0x07,
    0xDE, 0x0F, 0x3E, 0x3E, 0x3F, 0xF8, 0x7F, 0xF0, 0x3F, 0xC0, 0x1C, 0x00, 0x00, 0x03, 0xC0, 0x00,
    0xF0, 0x3F, 0xFC, 0x3F, 0xFE, 0x1F, 0xFF, 0x8F, 0xFF, 0xC7, 0xE3, 0xF3, 0xF0, 0x3E, 0xF8, 0x0F,
    0xBE, 0x01, 0xEF, 0x00, 0x7B, 0xC0, 0x1E, 0xF0, 0x07, 0xBC, 0x01, 0xEF, 0x80, 0x7B, 0xE0, 0x3E,
    0x7C, 0x1F, 0x9F, 0xDF, 0xC3, 0xFF, 0xE0, 0x7F, 0xF0, 0x0F, 0xF8, 0x00, 0x70, 0x00, 0x00, 0x00,
    0x07, 0x00, 0x03, 0xE0, 0x00, 0xF8, 0x00, 0x1C, 0x00, 0x00, 0x0E, 0x00, 0x1C, 0x00, 0x38, 0x3F,
    0xF1, 0xFF, 0xE7, 0xFF, 0x1F, 0xFF, 0x3E, 0x3E, 0x78, 0x3C, 0xF0, 0x7D, 0xE0, 0xFB, 0xC1, 0xF7,
    0x83, 0xCF, 0x8F, 0x8F, 0xFE, 0x1F, 0xFC, 0x0F, 0xF0, 0x07, 0x00, 0x00, 0x00, 0x1C, 0x00, 0x7C,
    0x00, 0xF8, 0x00, 0xE0, 0x00, 0x00, 0x00, 0x00, 0x00, 0x00, 0x00, 0x00, 0x00, 0x00, 0x00, 0x00,
    0x00, 0x70, 0x1C, 0x70, 0x1C, 0x70, 0x1C, 0x70, 0x1C, 0x70, 0x1C, 0x70, 0x1C, 0x70, 0x1C, 0x70,
    0x1C, 0x70, 0x1C, 0x70, 0x1C, 0x70, 0x1C, 0x70, 0x1C, 0x70, 0x1C, 0x70, 0x1C, 0x70, 0x1C, 0x70,
    0x1C, 0x70, 0x1C, 0x78, 0x3C, 0x3F, 0xF8, 0x1F, 0xF0, 0x00, 0x00, 0x03, 0x80, 0x03, 0x80, 0x03,
    0x80, 0x03, 0x80, 0x00, 0x00, 0x00, 0x00, 0x00, 0x00, 0x00, 0x00, 0x00, 0x00, 0x00, 0x00, 0x00,
    0x00, 0x00, 0x00, 0x00, 0x00, 0x00, 0x00, 0x00, 0x00, 0x00, 0x00, 0x00, 0x00, 0x70, 0x1C, 0x70,
    0x1C, 0x70, 0x1C, 0x70, 0x1C, 0x70, 0x1C, 0x70, 0x1C, 0x70, 0x1C, 0x70, 0x1C, 0x70, 0x1C, 0x70,
    0x1C, 0x70, 0x1C, 0x78, 0x1C, 0x3F, 0xFC, 0x1F, 0xFC, 0x00, 0x00, 0x01, 0xC0, 0x01, 0xC0, 0x01,
    0xC0, 0x01, 0xC0, 0x00, 0x00, 0x07, 0xC0, 0x07, 0xE0, 0x01, 0xC0, 0x01, 0xC0, 0x00, 0x00, 0x70,
    0x0E, 0xF8, 0x1F, 0xF8, 0x1F, 0xF8, 0x1F, 0xF8, 0x1F, 0xF8, 0x1F, 0xF8, 0x1F, 0xF8, 0x1F, 0xF8,
    0x1F, 0xF8, 0x1F, 0xF8, 0x1F, 0xF8, 0x1F, 0xF8, 0x1F, 0xF8, 0x1F, 0xF8, 0x1F, 0x7E, 0x7E, 0x7F,
    0xFE, 0x3F, 0xFC, 0x0F, 0xF8, 0x03, 0xC0, 0x0F, 0x80, 0x7C, 0x00, 0xE0, 0x0E, 0x00, 0x00, 0x78,
    0x3F, 0xE1, 0xFF, 0x0F, 0xF8, 0x7F, 0xC3, 0xFE, 0x1F, 0xF0, 0xFF, 0x87, 0xFC, 0x3F, 0xE1, 0xFF,
    0x9F, 0x7F, 0xFB, 0xFF, 0xCF, 0xDE, 0x18, 0x00, 0x00, 0xF0, 0x00, 0x78, 0x00, 0x1E, 0x00, 0x07,
    0x0F, 0x00, 0x03, 0xDC, 0x03, 0xFF, 0x81, 0xFF, 0xE0, 0x7E, 0xF8, 0x1F, 0x3E, 0x07, 0xCF, 0x81,
    0xF3, 0xE0, 0x7C, 0xF8, 0x1F, 0x3E, 0x07, 0xCF, 0x81, 0xF3, 0xE0, 0x7C, 0xF8, 0x1F, 0x3E, 0x07,
    0xCF, 0x81, 0xF3, 0xE0, 0x7C, 0x7E, 0x7E, 0x1F, 0xFF, 0x83, 0xFF, 0xC0, 0x3F, 0xE0, 0x03, 0xC0,
    0x00, 0x03, 0xE0, 0x07, 0x80, 0x0E, 0x38, 0x3C, 0x70, 0x00, 0xFE, 0x0F, 0xFE, 0x1F, 0xFC, 0x3E,
    0xF8, 0x79, 0xF0, 0xF3, 0xE1, 0xE7, 0xC3, 0xCF, 0x87, 0x9F, 0x0F, 0x3E, 0x1E, 0x7E, 0x7C, 0x7F,
    0xF8, 0xFF, 0xF0, 0xFD, 0xE0, 0x60, 0x00, 0x0F, 0x00, 0x01, 0xE0, 0x00, 0x78, 0x00, 0x0F, 0x0F,
    0x00, 0x03, 0xDC, 0x03, 0xFF, 0x81, 0xFF, 0xE0, 0x7E, 0xF8, 0x1F, 0x3E, 0x07, 0xCF, 0x81, 0xF3,
    0xE0, 0x7C, 0xF8, 0x1F, 0x3E, 0x07, 0xCF, 0x81, 0xF3, 0xE0, 0x7C, 0xF8, 0x1F, 0x3E, 0x07, 0xCF,
    0x81, 0xF3, 0xE0, 0x7C, 0x7E, 0x7E, 0x1F, 0xFF, 0x83, 0xFF, 0xC0, 0x3F, 0xE0, 0x03, 0xC0, 0x00,
    0x1E, 0x00, 0x3C, 0x00, 0x3C, 0x38, 0x38, 0x70, 0x00, 0xFE, 0x0F, 0xFE, 0x1F, 0xFC, 0x3E, 0xF8,
    0x79, 0xF0, 0xF3, 0xE1, 0xE7, 0xC3, 0xCF, 0x87, 0x9F, 0x0F, 0x3E, 0x1E, 0x7E, 0x7C, 0x7F, 0xF8,
    0xFF, 0xF0, 0xFD, 0xE0, 0x60, 0x00, 0x07, 0xC0, 0x01, 0xF8, 0x00, 0x1C, 0x00, 0x07, 0x0F, 0x00,
    0x03, 0xDC, 0x03, 0xFF, 0x81, 0xFF, 0xE0, 0x7E, 0xF8, 0x1F, 0x3E, 0x07, 0xCF, 0x81, 0xF3, 0xE0,
    0x7C, 0xF8, 0x1F, 0x3E, 0x07, 0xCF, 0x81, 0xF3, 0xE0, 0x7C, 0xF8, 0x1F, 0x3E, 0x07, 0xCF, 0x81,
    0xF3, 0xE0, 0x7C, 0x7E, 0x7E, 0x1F, 0xFF, 0x83, 0xFF, 0xC0, 0x3F, 0xE0, 0x03, 0xC0, 0x00, 0x0F,
    0x80, 0x1F, 0x00, 0x0E, 0x38, 0x38, 0x70, 0x00, 0xFE, 0x0F, 0xFE, 0x1F, 0xFC, 0x3E, 0xF8, 0x79,
    0xF0, 0xF3, 0xE1, 0xE7, 0xC3, 0xCF, 0x87, 0x9F, 0x0F, 0x3E, 0x1E, 0x7E, 0x7C, 0x7F, 0xF8, 0xFF,
    0xF0, 0xFD, 0xE0, 0x60, 0x00, 0x07, 0x38, 0x03, 0xFE, 0x00, 0xFF, 0x00, 0x33, 0x8F, 0x00, 0x03,
    0xDC, 0x03, 0xFF, 0x81, 0xFF, 0xE0, 0x7E, 0xF8, 0x1F, 0x3E, 0x07, 0xCF, 0x81, 0xF3, 0xE0, 0x7C,
    0xF8, 0x1F, 0x3E, 0x07, 0xCF, 0x81, 0xF3, 0xE0, 0x7C, 0xF8, 0x1F, 0x3E, 0x07, 0xCF, 0x81, 0xF3,
    0xE0, 0x7C, 0x7E, 0x7E, 0x1F, 0xFF, 0x83, 0xFF, 0xC0, 0x3F, 0xE0, 0x03, 0xC0, 0x00, 0x1E, 0x60,
    0x7F, 0xC0, 0xFF, 0xB9, 0xCE, 0x70, 0x00, 0xFE, 0x0F, 0xFE, 0x1F, 0xFC, 0x3E, 0xF8, 0x79, 0xF0,
    0xF3, 0xE1, 0xE7, 0xC3, 0xCF, 0x87, 0x9F, 0x0F, 0x3E, 0x1E, 0x7E, 0x7C, 0x7F, 0xF8, 0xFF, 0xF0,
    0xFD, 0xE0, 0x60, 0x00, 0x00, 0x03, 0xC0, 0x00, 0xF7, 0x00, 0xFF, 0xE0, 0x7F, 0xF8, 0x1F, 0xBE,
    0x07, 0xCF, 0x81, 0xF3, 0xE0, 0x7C, 0xF8, 0x1F, 0x3E, 0x07, 0xCF, 0x81, 0xF3, 0xE0, 0x7C, 0xF8,
    0x1F, 0x3E, 0x07, 0xCF, 0x81, 0xF3, 0xE0, 0x7C, 0xF8, 0x1F, 0x1F, 0x9F, 0x87, 0xFF, 0xE0, 0xFF,
    0xF0, 0x0F, 0xF8, 0x00, 0xF0, 0x00, 0x00, 0x00, 0x0F, 0x00, 0x03, 0xC0, 0x00, 0xF0, 0x00, 0x3C,
    0x00, 0x00, 0x0E, 0x00, 0x1C, 0x00, 0x3F, 0x83, 0xFF, 0x87, 0xFF, 0x0F, 0xBE, 0x1E, 0x7C, 0x3C,
    0xF8, 0x79, 0xF0, 0xF3, 0xE1, 0xE7, 0xC3, 0xCF, 0x87, 0x9F, 0x9F, 0x1F, 0xFE, 0x3F, 0xFC, 0x3F,
    0x78, 0x18, 0x00, 0x00, 0x00, 0x3C, 0x00, 0xF8, 0x00, 0xF0, 0x01, 0xC0, 0x00, 0x07, 0x80, 0x00,
    0xF0, 0x00, 0x3C, 0x00, 0x07, 0x80, 0x00, 0x00, 0x1E, 0x01, 0xEF, 0xC0, 0xFD, 0xF0, 0x3E, 0x3E,
    0x1F, 0x0F, 0x87, 0xC1, 0xF3, 0xE0, 0x7C, 0xF8, 0x0F, 0xFC, 0x01, 0xFE, 0x00, 0x7F, 0x80, 0x0F,
    0xC0, 0x03, 0xF0, 0x00, 0x78, 0x00, 0x1E, 0x00, 0x07, 0x80, 0x01, 0xE0, 0x00, 0x78, 0x00, 0x1E,
    0x00, 0x07, 0x80, 0x1F, 0x00, 0x1E, 0x00, 0x1C, 0x00, 0x3C, 0x00, 0x00, 0x1F, 0x07, 0xFE, 0x0F,
    0x3C, 0x1E, 0x7C, 0x7C, 0xF8, 0xF0, 0xF1, 0xE1, 0xF7, 0xC1, 0xEF, 0x03, 0xDE, 0x07, 0xF8, 0x07,
    0xF0, 0x0F, 0xE0, 0x1F, 0x80, 0x1F, 0x00, 0x3E, 0x00, 0x78, 0x07, 0xF0, 0x1F, 0xC0, 0x3F, 0x00,
    0x18, 0x00, 0x78, 0x07, 0xBF, 0x03, 0xF7, 0xC0, 0xF8, 0xF8, 0x7C, 0x3E, 0x1F, 0x07, 0xCF, 0x81,
    0xF3, 0xE0, 0x3F, 0xF0, 0x07, 0xF8, 0x01, 0xFE, 0x00, 0x3F, 0x00, 0x0F, 0xC0, 0x01, 0xE0, 0x00,
    0x78, 0x00, 0x1E, 0x00, 0x07, 0x80, 0x01, 0xE0, 0x00, 0x78, 0x00, 0x1E, 0x00, 0x00, 0x00, 0x00,
    0x00, 0x00, 0x78, 0x00, 0x1E, 0x00, 0x07, 0x80, 0x01, 0xE0, 0x00, 0xF8, 0x3F, 0xF0, 0x79, 0xE0,
    0xF3, 0xE3, 0xE7, 0xC7, 0x87, 0x8F, 0x0F, 0xBE, 0x0F, 0x78, 0x1E, 0xF0, 0x3F, 0xC0, 0x3F, 0x80,
    0x7F, 0x00, 0xFC, 0x00, 0xF8, 0x01, 0xF0, 0x03, 0xC0, 0x3F, 0xB8, 0xFE, 0xF9, 0xF9, 0xF0, 0xC1,
    0xC0, 0x03, 0xE0, 0x00, 0xFC, 0x00, 0x0E, 0x00, 0x03, 0x80, 0x00, 0x00, 0x1E, 0x01, 0xEF, 0xC0,
    0xFD, 0xF0, 0x3E, 0x3E, 0x1F, 0x0F, 0x87, 0xC1, 0xF3, 0xE0, 0x7C, 0xF8, 0x0F, 0xFC, 0x01, 0xFE,
    0x00, 0x7F, 0x80, 0x0F, 0xC0, 0x03, 0xF0, 0x00, 0x78, 0x00, 0x1E, 0x00, 0x07, 0x80, 0x01, 0xE0,
    0x00, 0x78, 0x00, 0x1E, 0x00, 0x07, 0x80, 0x07, 0x80, 0x0F, 0x80, 0x07, 0x00, 0x1C, 0x00, 0x00,
    0x1F, 0x07, 0xFE, 0x0F, 0x3C, 0x1E, 0x7C, 0x7C, 0xF8, 0xF0, 0xF1, 0xE1, 0xF7, 0xC1, 0xEF, 0x03,
    0xDE, 0x07, 0xF8, 0x07, 0xF0, 0x0F, 0xE0, 0x1F, 0x80, 0x1F, 0x00, 0x3E, 0x00, 0x78, 0x07, 0xF0,
    0x1F, 0xC0, 0x3F, 0x00, 0x18, 0x00, 0x00, 0x00, 0x1F, 0x38, 0x3B, 0xB8, 0x3B, 0xB8, 0x39, 0xF0,
    0x00, 0x00, 0x70, 0x1C, 0x70, 0x1C, 0x70, 0x1C, 0x38, 0x38, 0x38, 0x38, 0x1C, 0x70, 0x1C, 0x70,
    0x0E, 0xE0, 0x0E, 0xE0, 0x07, 0xC0, 0x07, 0xC0, 0x03, 0x80, 0x03, 0x80, 0x03, 0x80, 0x03, 0x80,
    0x03, 0x80, 0x03, 0x80, 0x03, 0x80, 0x03, 0x80, 0x03, 0x80, 0x00, 0x00, 0x00, 0x00, 0x00, 0x00,
    0x00, 0x00, 0x00, 0x00, 0x00, 0x00, 0x00, 0x00, 0x00, 0x00, 0x00, 0x00, 0x00, 0x00, 0x00, 0x00,
    0x00, 0x00, 0x1F, 0x38, 0x3B, 0xB8, 0x3B, 0xB8, 0x39, 0xF0, 0x00, 0x00, 0x00, 0x00, 0x70, 0x1C,
    0x70, 0x1C, 0x70, 0x1C, 0x70, 0x1C, 0x70, 0x1C, 0x70, 0x1C, 0x70, 0x1C, 0x70, 0x1C, 0x70, 0x1C,
    0x70, 0x1C, 0x70, 0x1C, 0x78, 0x1C, 0x3F, 0xFC, 0x1F, 0xFC, 0x00, 0x1C, 0x00, 0x1C, 0x00, 0x3C,
    0x3F, 0xF8, 0x3F, 0xF0, 0x00, 0x00, 0x00, 0x00, 0x00, 0x00, 0x00, 0x00, 0x00, 0x00, 0x00, 0x00,
    0x00, 0x00, 0x00, 0x00, 0x00, 0x00, 0x00, 0x00, 0x00, 0x00, 0x00, 0x00, 0x00, 0x00, 0x00, 0x00,
    0x00, 0x00, 0x00, 0x00, 0x00, 0x00, 0x00, 0x00, 0x00, 0x00, 0x00, 0x00, 0x00, 0x00, 0x00, 0x00,
    0x00, 0x00, 0x00, 0x00, 0x00, 0x00, 0x00, 0x00, 0x00, 0x00, 0x00, 0x00, 0x00, 0x00, 0x00, 0x00,
    0x00, 0x00, 0x00, 0x00, 0x00, 0x00, 0x00, 0x00, 0x00, 0x00, 0x00, 0x00, 0x00, 0x00, 0x00, 0x00,
    0x00, 0x00, 0x00, 0x00, 0x00, 0x00, 0x00, 0x00, 0x00, 0x00, 0x00, 0x00, 0x00, 0x00, 0x00, 0x00,
    0x00, 0x00, 0x00, 0x00, 0x00, 0x00, 0x00, 0x00, 0x00, 0x00, 0x00, 0x00, 0x00, 0x00, 0x00, 0x00,
    0x00, 0x00, 0x00, 0x00, 0x00, 0x00, 0x00, 0x00, 0x00, 0x00, 0x00, 0x00, 0x00, 0x00, 0x00, 0x00,
    0x00, 0x00, 0x00, 0x00, 0x00, 0x00, 0x00, 0x00, 0x00, 0x00, 0x00, 0x00, 0x00, 0x00, 0x00, 0x00,
    0x00, 0x00, 0x00, 0x00, 0x00, 0x00, 0x00, 0x00, 0x00, 0x00, 0x00, 0x00, 0x00, 0x00, 0x00, 0x00,
    0x00, 0x00, 0x00, 0x00, 0x00, 0x00, 0x00, 0x00, 0x00, 0x00, 0x00, 0x00, 0x00, 0x00, 0x00, 0x00,
    0x00, 0x00, 0x00, 0x00, 0x00, 0x00, 0x00, 0x00, 0x00, 0x00, 0x00, 0x00, 0x00, 0x00, 0x00, 0x00,
    0x00, 0x00, 0x00, 0x00, 0x00, 0x00, 0x00, 0x00, 0x00, 0x00, 0x00, 0x00, 0x00, 0x00, 0x00, 0x00,
    0x00, 0x00, 0x00, 0x00, 0x00, 0x00, 0x00, 0x00, 0x00, 0x00, 0x00, 0x00, 0x00, 0x00, 0x00, 0x00,
    0x00, 0x00, 0x00, 0x00, 0x00, 0x00, 0x00, 0x00, 0x00, 0x00, 0x00, 0x00, 0x00, 0x00, 0x00, 0x00,
    0x00, 0x00, 0x00, 0x00, 0x00, 0x00, 0x00, 0x00, 0x00, 0x00, 0x00, 0x00, 0x00, 0x00, 0x00, 0x00,
    0x00, 0x00, 0x00, 0x00, 0x00, 0x00, 0x00, 0x00, 0x00, 0x00, 0x00, 0x00, 0x00, 0x00, 0x00, 0x00,
    0x00, 0x00, 0x00, 0x00, 0x00, 0x00, 0x00, 0x00, 0x00, 0x00, 0x00, 0x00, 0x00, 0x00, 0x00, 0x00,
    0x00, 0x00, 0x00, 0x00, 0x00, 0x00, 0x00, 0x00, 0x00, 0x00, 0x00, 0x00, 0x00, 0x00, 0x00, 0x00,
    0x00, 0x00, 0x00, 0x00, 0x00, 0x00, 0x00, 0x00, 0x00, 0x00, 0x00, 0x00, 0x00, 0x00, 0x00, 0x00,
    0x00, 0x00, 0x00, 0x00, 0x00, 0x00, 0x00, 0x00, 0x00, 0x00, 0x00, 0x00, 0x00, 0x00, 0x00, 0x00,
    0x00, 0x00, 0x00, 0x00, 0x00, 0x00, 0x00, 0x00, 0x00, 0x00, 0x00, 0x00, 0x00, 0x00, 0x00, 0x00,
    0x00, 0x00, 0x00, 0x00, 0x00, 0x00, 0x00, 0x00, 0x00, 0x00, 0x00, 0x00, 0x00, 0x00, 0x00, 0x00,
    0x00, 0x00, 0x00, 0x00, 0x00, 0x00, 0x00, 0x00, 0x00, 0x00, 0x00, 0x00, 0x00, 0x00, 0x00, 0x00,
    0x00, 0x00, 0x00, 0x00, 0x00, 0x00, 0x00, 0x00, 0x00, 0x00, 0x00, 0x00, 0x00, 0x00, 0x00, 0x00,
    0x00, 0x00, 0x00, 0x00, 0x00, 0x00, 0x00, 0x00, 0x00, 0x00, 0x00, 0x00, 0x00, 0x00, 0x00, 0x00,
    0x00, 0x00, 0x00, 0x00, 0x00, 0x00, 0x00, 0x00, 0x00, 0x00, 0x00, 0x00, 0x00, 0x00, 0x00, 0x00,
    0x00, 0x00, 0x00, 0x00, 0x00, 0x00, 0x00, 0x00, 0x00, 0x00, 0x00, 0x00, 0x00, 0x00, 0x00, 0x00,
    0x00, 0x00, 0x00, 0x00, 0x00, 0x00, 0x00, 0x00, 0x00, 0x00, 0x00, 0x00, 0x00, 0x00, 0x00, 0x00,
    0x00, 0x00, 0x00, 0x00, 0x00, 0x00, 0x00, 0x00, 0x00, 0x00, 0x00, 0x00, 0x00, 0x00, 0x00, 0x00,
    0x00, 0x00, 0x00, 0x00, 0x00, 0x00, 0x00, 0x00, 0x00, 0x00, 0x00, 0x00, 0x00, 0x00, 0x00, 0x00,
    0x00, 0x00, 0x00, 0x00, 0x00, 0x00, 0x00, 0x00, 0x00, 0x00, 0x00, 0x00, 0x00, 0x00, 0x00, 0x00,
    0x00, 0x00, 0x00, 0x00, 0x00, 0x00, 0x00, 0x00, 0x00, 0x00, 0x00, 0x00, 0x00, 0x00, 0x00, 0x00,
    0x00, 0x00, 0x00, 0x00, 0x00, 0x00, 0x00, 0x00, 0x00, 0x00, 0x00, 0x00, 0x00, 0x00, 0x00, 0x00,
    0x00, 0x00, 0x00, 0x00, 0x00, 0x00, 0x00, 0x00, 0x00, 0x00, 0x00, 0x00, 0x00, 0x00, 0x00, 0x00,
    0x00, 0x00, 0x00, 0x00, 0x00, 0x00, 0x00, 0x00, 0x00, 0x00, 0x00, 0x00, 0x00, 0x00, 0x00, 0x00,
    0x00, 0x00, 0x00, 0x00, 0x00, 0x00, 0x00, 0x00, 0x00, 0x00, 0x00, 0x00, 0x00, 0x00, 0x00, 0x00,
    0x00, 0x00, 0x00, 0x00, 0x00, 0x00, 0x00, 0x00, 0x00, 0x00, 0x00, 0x00, 0x00, 0x00, 0x00, 0x00,
    0x00, 0x00, 0x00, 0x00, 0x00, 0x00, 0x00, 0x00, 0x00, 0x00, 0x00, 0x00, 0x00, 0x00, 0x00, 0x00,
    0x00, 0x00, 0x00, 0x00, 0x00, 0x00, 0x00, 0x00, 0x00, 0x00, 0x00, 0x00, 0x00, 0x00, 0x00, 0x00,
    0x00, 0x00, 0x00, 0x00, 0x00, 0x00, 0x00, 0x00, 0x00, 0x00, 0x00, 0x00, 0x00, 0x00, 0x00, 0x00,
    0x00, 0x00, 0x00, 0x00, 0x00, 0x00, 0x00, 0x00, 0x00, 0x00, 0x00, 0x00, 0x00, 0x00, 0x00, 0x00,
    0x00, 0x00, 0x00, 0x00, 0x00, 0x00, 0x00, 0x00, 0x00, 0x00, 0x00, 0x00, 0x00, 0x00, 0x00, 0x00,
    0x00, 0x00, 0x00, 0x00, 0x00, 0x00, 0x00, 0x00, 0x00, 0x00, 0x00, 0x00, 0x00, 0x00, 0x00, 0x00,
    0x00, 0x00, 0x00, 0x00, 0x00, 0x00, 0x00, 0x00, 0x00, 0x00, 0x00, 0x00, 0x00, 0x00, 0x00, 0x00,
    0x00, 0x00, 0x00, 0x00, 0x00, 0x00, 0x00, 0x00, 0x00, 0x00, 0x00, 0x00, 0x00, 0x00, 0x00, 0x00,
    0x00, 0x00, 0x00, 0x00, 0x3F, 0xF8, 0x3F, 0xF8, 0x00, 0x00, 0x00, 0x00, 0x00, 0x00, 0x00, 0x00,
    0x00, 0x00, 0x00, 0x00, 0x00, 0x00, 0x00, 0x00, 0x00, 0x00, 0x00, 0x00, 0x00, 0x00, 0x00, 0x00,
    0x00, 0x00, 0x00, 0x00, 0x00, 0x00, 0x00, 0x00, 0x00, 0x00, 0x00, 0x00, 0x00, 0x00, 0x00, 0x00,
    0x00, 0x00, 0x00, 0x00, 0x00, 0x00, 0x00, 0x00, 0x00, 0x00, 0x00, 0x00, 0x00, 0x00, 0x00, 0x00,
    0x00, 0x00, 0x00, 0x00, 0x3F, 0xF8, 0x3F, 0xF8, 0x00, 0x00, 0x00, 0x00, 0x00, 0x00, 0x00, 0x00,
    0x00, 0x00, 0x00, 0x00, 0x00, 0x00, 0x00, 0x00, 0x00, 0x00, 0x00, 0x00, 0x00, 0x00, 0x00, 0x00,
    0x00, 0x00, 0x00, 0x00, 0x00, 0x00, 0x00, 0x00, 0x00, 0x00, 0x00, 0x00, 0x00, 0x00, 0x00, 0x00,
    0x00, 0x00, 0x00, 0x00, 0x00, 0x00, 0x00, 0x00, 0x00, 0x00, 0x00, 0x00, 0x00, 0x00, 0x00, 0x00,
    0x00, 0x00, 0x00, 0x00, 0x7F, 0xFC, 0x7F, 0xFC, 0x00, 0x00, 0x00, 0x00, 0x00, 0x00, 0x00, 0x00,
    0x00, 0x00, 0x00, 0x00, 0x00, 0x00, 0x00, 0x00, 0x00, 0x00, 0x00, 0x00, 0x00, 0x00, 0x00, 0x00,
    0x00, 0x00, 0x00, 0x00, 0x00, 0x00, 0x00, 0x00, 0x00, 0x00, 0x00, 0x00, 0x00, 0x00, 0x00, 0x00,
    0x00, 0x00, 0x00, 0x00, 0x00, 0x00, 0x00, 0x00, 0x00, 0x00, 0x00, 0x00, 0x00, 0x00, 0x00, 0x00,
    0x00, 0x00, 0x00, 0x00, 0x7F, 0xFC, 0x7F, 0xFC, 0x00, 0x00, 0x00, 0x00, 0x00, 0x00, 0x00, 0x00,
    0x00, 0x00, 0x00, 0x00, 0x00, 0x00, 0x00, 0x00, 0x00, 0x00, 0x00, 0x00, 0x00, 0x00, 0x00, 0x00,
    0x00, 0x00, 0x00, 0x00, 0x00, 0x00, 0x00, 0x00, 0x00, 0x00, 0x00, 0x00, 0x00, 0x00, 0x00, 0x00,
    0x00, 0x00, 0x00, 0x00, 0x00, 0x00, 0x00, 0x00, 0x00, 0x00, 0x00, 0x00, 0x00, 0x00, 0x00, 0x00,
    0x00, 0x00, 0x00, 0x00, 0x7F, 0xFE, 0x7F, 0xFE, 0x00, 0x00, 0x00, 0x00, 0x00, 0x00, 0x00, 0x00,
    0x00, 0x00, 0x00, 0x00, 0x00, 0x00, 0x00, 0x00, 0x00, 0x00, 0x00, 0x00, 0x00, 0x00, 0x00, 0x00,
    0x00, 0x00, 0x00, 0x00, 0x00, 0x00, 0x00, 0x00, 0x00, 0x00, 0x00, 0x00, 0x00, 0x00, 0x00, 0x00,
    0x00, 0x00, 0x00, 0x00, 0x00, 0x00, 0x00, 0x00, 0x00, 0x00, 0x00, 0x00, 0x00, 0x00, 0x00, 0x00,
    0x00, 0x00, 0x00, 0x00, 0x7F, 0xFE, 0x7F, 0xFE, 0x00, 0x00, 0x00, 0x00, 0x00, 0x00, 0x00, 0x00,
    0x00, 0x00, 0x00, 0x00, 0x00, 0x00, 0x00, 0x00, 0x00, 0x00, 0x00, 0x00, 0x00, 0x00, 0x00, 0x00,
    0x00, 0x00, 0x00, 0x00, 0x00, 0x00, 0x00, 0x00, 0x00, 0x00, 0x00, 0x00, 0x00, 0x00, 0x00, 0x00,
    0x00, 0x00, 0x0E, 0x70, 0x0E, 0x70, 0x0E, 0x70, 0x0E, 0x70, 0x0E, 0x70, 0x0E, 0x70, 0x0E, 0x70,
    0x0E, 0x70, 0x0E, 0x70, 0x0E, 0x70, 0x0E, 0x70, 0x0E, 0x70, 0x0E, 0x70, 0x0E, 0x70, 0x0E, 0x70,
    0x0E, 0x70, 0x0E, 0x70, 0x0E, 0x70, 0x0E, 0x70, 0x0E, 0x70, 0x00, 0x00, 0x00, 0x00, 0x00, 0x00,
    0x00, 0x00, 0x00, 0x00, 0x00, 0x00, 0x00, 0x00, 0x00, 0x00, 0x00, 0x00, 0x00, 0x00, 0x00, 0x00,
    0x00, 0x00, 0x00, 0x00, 0x00, 0x00, 0x00, 0x00, 0x00, 0x00, 0x00, 0x00, 0x00, 0x00, 0x00, 0x00,
    0x00, 0x00, 0x00, 0x00, 0x00, 0x00, 0x00, 0x00, 0x00, 0x00, 0x00, 0x00, 0x00, 0x00, 0x00, 0x00,
    0x00, 0x00, 0x00, 0x00, 0x00, 0x00, 0x00, 0x00, 0x00, 0x00, 0x7F, 0xFC, 0x7F, 0xFC, 0x00, 0x00,
    0x00, 0x00, 0x7F, 0xFC, 0x7F, 0xFC, 0x00, 0x00, 0x00, 0x00, 0x00, 0x00, 0x00, 0x00, 0x01, 0xC0,
    0x01, 0xC0, 0x03, 0x80, 0x03, 0x80, 0x03, 0x80, 0x03, 0x80, 0x00, 0x00, 0x00, 0x00, 0x00, 0x00,
    0x00, 0x00, 0x00, 0x00, 0x00, 0x00, 0x00, 0x00, 0x00, 0x00, 0x00, 0x00, 0x00, 0x00, 0x00, 0x00,
    0x00, 0x00, 0x00, 0x00, 0x00, 0x00, 0x00, 0x00, 0x00, 0x00, 0x00, 0x00, 0x00, 0x00, 0x00, 0x00,
    0x00, 0x00, 0x00, 0x00, 0x00, 0x00, 0x00, 0x00, 0x00, 0x00, 0x00, 0x00, 0x00, 0x00, 0x03, 0x80,
    0x03, 0x80, 0x03, 0x80, 0x03, 0x80, 0x07, 0x00, 0x07, 0x00, 0x00, 0x00, 0x00, 0x00, 0x00, 0x00,
    0x00, 0x00, 0x00, 0x00, 0x00, 0x00, 0x00, 0x00, 0x00, 0x00, 0x00, 0x00, 0x00, 0x00, 0x00, 0x00,
    0x00, 0x00, 0x00, 0x00, 0x00, 0x00, 0x00, 0x00, 0x00, 0x00, 0x00, 0x00, 0x00, 0x00, 0x00, 0x00,
    0x00, 0x00, 0x00, 0x00, 0x00, 0x00, 0x00, 0x00, 0x00, 0x00, 0x00, 0x00, 0x00, 0x00, 0x00, 0x00,
    0x00, 0x00, 0x00, 0x00, 0x00, 0x00, 0x00, 0x00, 0x00, 0x00, 0x00, 0x00, 0x00, 0x00, 0x00, 0x00,
    0x00, 0x00, 0x00, 0x00, 0x00, 0x00, 0x00, 0x00, 0x00, 0x00, 0x00, 0x00, 0x00, 0x00, 0x00, 0x00,
    0x00, 0x00, 0x03, 0x80, 0x03, 0x80, 0x03, 0x80, 0x03, 0x80, 0x07, 0x00, 0x07, 0x00, 0x00, 0x00,
    0x00, 0x00, 0x00, 0x00, 0x00, 0x00, 0x00, 0x00, 0x00, 0x00, 0x00, 0x00, 0x00, 0x00, 0x03, 0x80,
    0x03, 0x80, 0x03, 0x80, 0x03, 0x80, 0x01, 0xC0, 0x01, 0xC0, 0x00, 0x00, 0x00, 0x00, 0x00, 0x00,
    0x00, 0x00, 0x00, 0x00, 0x00, 0x00, 0x00, 0x00, 0x00, 0x00, 0x00, 0x00, 0x00, 0x00, 0x00, 0x00,
    0x00, 0x00, 0x00, 0x00, 0x00, 0x00, 0x00, 0x00, 0x00, 0x00, 0x00, 0x00, 0x00, 0x00, 0x00, 0x00,
    0x00, 0x00, 0x00, 0x00, 0x00, 0x00, 0x00, 0x00, 0x00, 0x00, 0x00, 0x00, 0x00, 0x00, 0x0E, 0x38,
    0x0E, 0x38, 0x1C, 0x70, 0x1C, 0x70, 0x1C, 0x70, 0x1C, 0x70, 0x00, 0x00, 0x00, 0x00, 0x00, 0x00,
    0x00, 0x00, 0x00, 0x00, 0x00, 0x00, 0x00, 0x00, 0x00, 0x00, 0x00, 0x00, 0x00, 0x00, 0x00, 0x00,
    0x00, 0x00, 0x00, 0x00, 0x00, 0x00, 0x00, 0x00, 0x00, 0x00, 0x00, 0x00, 0x00, 0x00, 0x00, 0x00,
    0x00, 0x00, 0x00, 0x00, 0x00, 0x00, 0x00, 0x00, 0x00, 0x00, 0x00, 0x00, 0x00, 0x00, 0x0E, 0x38,
    0x0E, 0x38, 0x0E, 0x38, 0x0E, 0x38, 0x1C, 0x70, 0x1C, 0x70, 0x00, 0x00, 0x00, 0x00, 0x00, 0x00,
    0x00, 0x00, 0x00, 0x00, 0x00, 0x00, 0x00, 0x00, 0x00, 0x00, 0x00, 0x00, 0x00, 0x00, 0x00, 0x00,
    0x00, 0x00, 0x00, 0x00, 0x00, 0x00, 0x00, 0x00, 0x00, 0x00, 0x00, 0x00, 0x00, 0x00, 0x00, 0x00,
    0x00, 0x00, 0x00, 0x00, 0x00, 0x00, 0x00, 0x00, 0x00, 0x00, 0x00, 0x00, 0x00, 0x00, 0x00, 0x00,
    0x00, 0x00, 0x00, 0x00, 0x00, 0x00, 0x00, 0x00, 0x00, 0x00, 0x00, 0x00, 0x00, 0x00, 0x00, 0x00,
    0x00, 0x00, 0x00, 0x00, 0x00, 0x00, 0x00, 0x00, 0x00, 0x00, 0x00, 0x00, 0x00, 0x00, 0x00, 0x00,
    0x00, 0x00, 0x1C, 0x70, 0x1C, 0x70, 0x1C, 0x70, 0x1C, 0x70, 0x38, 0xE0, 0x38, 0xE0, 0x00, 0x00,
    0x00, 0x00, 0x00, 0x00, 0x00, 0x00, 0x00, 0x00, 0x00, 0x00, 0x00, 0x00, 0x00, 0x00, 0x38, 0xE0,
    0x38, 0xE0, 0x38, 0xE0, 0x38, 0xE0, 0x1C, 0x70, 0x1C, 0x70, 0x00, 0x00, 0x00, 0x00, 0x00, 0x00,
    0x00, 0x00, 0x00, 0x00, 0x00, 0x00, 0x00, 0x00, 0x00, 0x00, 0x00, 0x00, 0x00, 0x00, 0x00, 0x00,
    0x00, 0x00, 0x00, 0x00, 0x00, 0x00, 0x00, 0x00, 0x00, 0x00, 0x00, 0x00, 0x00, 0x00, 0x00, 0x00,
    0x00, 0x00, 0x00, 0x00, 0x00, 0x00, 0x00, 0x00, 0x00, 0x00, 0x00, 0x00, 0x00, 0x00, 0x00, 0x00,
    0x00, 0x00, 0x03, 0x80, 0x03, 0x80, 0x03, 0x80, 0x03, 0x80, 0x3F, 0xF8, 0x3F, 0xF8, 0x03, 0x80,
    0x03, 0x80, 0x03, 0x80, 0x03, 0x80, 0x03, 0x80, 0x03, 0x80, 0x03, 0x80, 0x03, 0x80, 0x03, 0x80,
    0x03, 0x80, 0x03, 0x80, 0x03, 0x80, 0x03, 0x80, 0x03, 0x80, 0x00, 0x00, 0x00, 0x00, 0x00, 0x00,
    0x00, 0x00, 0x00, 0x00, 0x00, 0x00, 0x00, 0x00, 0x00, 0x00, 0x00, 0x00, 0x00, 0x00, 0x00, 0x00,
    0x00, 0x00, 0x03, 0x80, 0x03, 0x80, 0x03, 0x80, 0x03, 0x80, 0x3F, 0xF8, 0x3F, 0xF8, 0x03, 0x80,
    0x03, 0x80, 0x03, 0x80, 0x03, 0x80, 0x03, 0x80, 0x03, 0x80, 0x03, 0x80, 0x03, 0x80, 0x3F, 0xF8,
    0x3F, 0xF8, 0x03, 0x80, 0x03, 0x80, 0x03, 0x80, 0x03, 0x80, 0x00, 0x00, 0x00, 0x00, 0x00, 0x00,
    0x00, 0x00, 0x00, 0x00, 0x00, 0x00, 0x00, 0x00, 0x00, 0x00, 0x00, 0x00, 0x00, 0x00, 0x00, 0x00,
    0x00, 0x00, 0x00, 0x00, 0x00, 0x00, 0x00, 0x00, 0x00, 0x00, 0x00, 0x00, 0x00, 0x00, 0x03, 0xC0,
    0x07, 0xE0, 0x0F, 0xF0, 0x0F, 0xF0, 0x0F, 0xF0, 0x0F, 0xF0, 0x07, 0xE0, 0x03, 0xC0, 0x00, 0x00,
    0x00, 0x00, 0x00, 0x00, 0x00, 0x00, 0x00, 0x00, 0x00, 0x00, 0x00, 0x00, 0x00, 0x00, 0x00, 0x00,
    0x00, 0x00, 0x00, 0x00, 0x00, 0x00, 0x01, 0x83, 0xC7, 0xCF, 0xFF, 0xBC, 0x70, 0x80, 0x79, 0xEF,
    0x9E, 0x30, 0x78, 0x7B, 0xC7, 0xFE, 0x3E, 0xF0, 0xF3, 0x02, 0x00, 0x00, 0x00, 0x00, 0x00, 0x00,
    0x00, 0x00, 0x00, 0x00, 0x00, 0x00, 0x00, 0x00, 0x00, 0x00, 0x00, 0x00, 0x00, 0x00, 0x00, 0x00,
    0x00, 0x00, 0x00, 0x00, 0x00, 0x00, 0x00, 0x00, 0x00, 0x00, 0x00, 0x00, 0x00, 0x00, 0x00, 0x00,
    0x00, 0x00, 0x00, 0x00, 0x00, 0x00, 0x00, 0x73, 0x9C, 0x73, 0x9C, 0x73, 0x9C, 0x73, 0x9C, 0x00,
    0x00, 0x00, 0x00, 0x00, 0x00, 0x00, 0x00, 0x00, 0x00, 0x00, 0x00, 0x79, 0xEF, 0x9E, 0x30, 0x00,
    0x00, 0x00, 0x00, 0x00, 0x00, 0x00, 0x00, 0x00, 0x00, 0x00, 0x00, 0x38, 0x70, 0x7C, 0x70, 0x6C,
    0xE0, 0x6C, 0xE0, 0x7D, 0xC0, 0x39, 0xC0, 0x03, 0x80, 0x03, 0x80, 0x07, 0x00, 0x07, 0x00, 0x0E,
    0x00, 0x0E, 0x00, 0x1C, 0x00, 0x1C, 0x00, 0x39, 0xDC, 0x3B, 0xFE, 0x73, 0x76, 0x73, 0x76, 0xE3,
    0xFE, 0xE1, 0xDC, 0x00, 0x00, 0x00, 0x00, 0x00, 0x00, 0x00, 0x00, 0x00, 0x00, 0x00, 0x00, 0x3C,
    0x01, 0xC0, 0x00, 0x00, 0x7E, 0x03, 0xC0, 0x00, 0x00, 0xFF, 0x03, 0x80, 0x00, 0x00, 0xE7, 0x07,
    0x80, 0x00, 0x00, 0xE7, 0x8F, 0x00, 0x00, 0x00, 0xE7, 0x8E, 0x00, 0x00, 0x00, 0xE7, 0x1C, 0x00,
    0x00, 0x00, 0xFF, 0x3C, 0x00, 0x00, 0x00, 0x7E, 0x38, 0x00, 0x00, 0x00, 0x3C, 0x70, 0x00, 0x00,
    0x00, 0x00, 0xF1, 0xE0, 0xF0, 0x7C, 0x00, 0xE7, 0xF1, 0xFC, 0xFE, 0x01, 0xC7, 0xFB, 0xFD, 0xFE,
    0x03, 0xC7, 0x3B, 0x9D, 0xCF, 0x03, 0x8F, 0x3B, 0x9F, 0xC7, 0x07, 0x0F, 0x3B, 0x9D, 0xCF, 0x0F,
    0x07, 0x7B, 0x9D, 0xEF, 0x1E, 0x07, 0xFB, 0xFC, 0xFE, 0x1C, 0x03, 0xF1, 0xF8, 0xFC, 0x00, 0x00,
    0xC0, 0x60, 0x38, 0x00, 0x00, 0x00, 0x00, 0x00, 0x00, 0x00, 0x00, 0x03, 0xC0, 0x03, 0xC0, 0x03,
    0xC0, 0x03, 0x80, 0x03, 0x80, 0x03, 0x80, 0x03, 0x80, 0x03, 0x80, 0x00, 0x00, 0x00, 0x00, 0x00,
    0x00, 0x00, 0x00, 0x00, 0x00, 0x00, 0x00, 0x00, 0x00, 0x00, 0x00, 0x00, 0x00, 0x00, 0x00, 0x00,
    0x00, 0x00, 0x00, 0x00, 0x00, 0x00, 0x00, 0x00, 0x00, 0x00, 0x00, 0x00, 0x00, 0x00, 0x00, 0x00,
    0x00, 0x00, 0x00, 0x00, 0x00, 0x00, 0x00, 0x00, 0x00, 0x00, 0x00, 0x1E, 0x78, 0x1E, 0x78, 0x1E,
    0x78, 0x1C, 0x70, 0x1C, 0x70, 0x1C, 0x70, 0x1C, 0x70, 0x1C, 0x70, 0x00, 0x00, 0x00, 0x00, 0x00,
    0x00, 0x00, 0x00, 0x00, 0x00, 0x00, 0x00, 0x00, 0x00, 0x00, 0x00, 0x00, 0x00, 0x00, 0x00, 0x00,
    0x00, 0x00, 0x00, 0x00, 0x00, 0x00, 0x00, 0x00, 0x00, 0x00, 0x00, 0x00, 0x00, 0x00, 0x00, 0x00,
    0x00, 0x00, 0x00, 0x70, 0xE1, 0xDE, 0x78, 0xFF, 0x1E, 0x3F, 0xC7, 0x8F, 0xF1, 0xE3, 0xBC, 0x70,
    0xEF, 0x1C, 0x3B, 0x87, 0x1E, 0x77, 0xBC, 0xE7, 0x3D, 0xEF, 0x71, 0xCF, 0x1E, 0xF1, 0xE7, 0x1E,
    0x71, 0xE7, 0x8E, 0x78, 0xE7, 0x8E, 0x71, 0xC3, 0xBC, 0x78, 0xFF, 0x1E, 0x3D, 0xC7, 0x8F, 0x71,
    0xE3, 0xDE, 0x38, 0xF7, 0x8E, 0x1D, 0xE3, 0x87, 0x0F, 0x01, 0xF0, 0x3F, 0x83, 0xBC, 0x79, 0xEF,
    0x0E, 0x00, 0x00, 0x00, 0x00, 0x00, 0x00, 0x00, 0x00, 0x00, 0x00, 0x00, 0x00, 0x00, 0x00, 0x00,
    0x00, 0x00, 0x00, 0x00, 0x00, 0x00, 0x00, 0x00, 0x00, 0x00, 0x70, 0x00, 0xE0, 0x01, 0xC0, 0x03,
    0x80, 0x07, 0x00, 0x0E, 0x00, 0x1C, 0x00, 0x1C, 0x00, 0x0E, 0x00, 0x07, 0x00, 0x03, 0x80, 0x01,
    0xC0, 0x00, 0xE0, 0x00, 0x70, 0x00, 0x00, 0x00, 0x00, 0x00, 0x00, 0x00, 0x00, 0x00, 0x00, 0x00,
    0x00, 0x00, 0x00, 0x00, 0x00, 0x00, 0x00, 0x00, 0x00, 0x00, 0x00, 0x00, 0x00, 0x00, 0x00, 0x00,
    0x00, 0x00, 0x00, 0x00, 0x00, 0x00, 0x00, 0x00, 0x00, 0x1C, 0x00, 0x0E, 0x00, 0x07, 0x00, 0x03,
    0x80, 0x01, 0xC0, 0x00, 0xE0, 0x00, 0x70, 0x00, 0x70, 0x00, 0xE0, 0x01, 0xC0, 0x03, 0x80, 0x07,
    0x00, 0x0E, 0x00, 0x1C, 0x00, 0x00, 0x00, 0x00, 0x00, 0x00, 0x00, 0x00, 0x00, 0x00, 0x00, 0x00,
    0x00, 0x03, 0xC0, 0x01, 0xE0, 0x07, 0xF6, 0x07, 0xFF, 0x83, 0xF7, 0xC0, 0xFF, 0xC3, 0xFF, 0xFD,
    0xEF, 0xDE, 0xF7, 0xFF, 0x3F, 0xFF, 0x07, 0xFF, 0x07, 0xFF, 0x81, 0xFF, 0x80, 0x5E, 0x80, 0x0F,
    0x00, 0x03, 0x00, 0x00, 0x00, 0x00, 0x00, 0x00, 0x00, 0x00, 0x00, 0x00, 0x00, 0x00, 0x00, 0x1C,
    0x70, 0x1C, 0x70, 0x1C, 0x70, 0x1C, 0x70, 0x1C, 0x70, 0x1C, 0x70, 0x1C, 0x70, 0x1C, 0x70, 0x1C,
    0x70, 0x1C, 0x70, 0x1C, 0x70, 0x1C, 0x70, 0x1C, 0x70, 0x00, 0x00, 0x00, 0x00, 0x00, 0x00, 0x1C,
    0x70, 0x1C, 0x70, 0x1C, 0x70, 0x1C, 0x70, 0x00, 0x00, 0x00, 0x00, 0x00, 0x00, 0x00, 0x00, 0x00,
    0x00, 0x00, 0x00, 0x07, 0x80, 0xFF, 0x0F, 0xFC, 0xFF, 0xF7, 0x8F, 0xBC, 0x3C, 0x39, 0xE1, 0xDF,
    0x0F, 0xF0, 0x7F, 0x03, 0xF0, 0x0F, 0x00, 0x70, 0x03, 0x80, 0x00, 0x00, 0xE0, 0x0F, 0x80, 0x7C,
    0x03, 0xC0, 0x04, 0x00, 0x00, 0x00, 0x00, 0x00, 0x7F, 0xFC, 0x7F, 0xFC, 0x00, 0x00, 0x00, 0x00,
    0x00, 0x00, 0x00, 0x00, 0x00, 0x00, 0x00, 0x00, 0x00, 0x00, 0x00, 0x00, 0x00, 0x00, 0x00, 0x00,
    0x00, 0x00, 0x00, 0x00, 0x00, 0x00, 0x00, 0x00, 0x00, 0x00, 0x00, 0x00, 0x00, 0x00, 0x00, 0x00,
    0x00, 0x00, 0x00, 0x00, 0x00, 0x00, 0x00, 0x00, 0x00, 0x00, 0x00, 0x00, 0x00, 0x00, 0x00, 0x00,
    0x00, 0x00, 0x00, 0x00, 0x60, 0x00, 0x37, 0xE0, 0x0F, 0xDF, 0xFF, 0xFC, 0x7F, 0xFF, 0xC0, 0x7F,
    0xF0, 0x00, 0x07, 0xFF, 0x00, 0xFF, 0xFF, 0x1F, 0xFF, 0xFD, 0xF8, 0x03, 0xF6, 0x00, 0x03, 0x00,
    0x00, 0x80, 0x3C, 0x07, 0x81, 0xE0, 0x7C, 0x0F, 0x03, 0xC0, 0x78, 0x1F, 0x07, 0xE0, 0xFE, 0x3D,
    0xE7, 0xBC, 0x63, 0x00, 0x00, 0x00, 0x01, 0xF0, 0x01, 0xFC, 0x00, 0xFE, 0x00, 0x7F, 0x00, 0x3F,
    0x80, 0x1F, 0xC0, 0x07, 0xC0, 0x1C, 0x1C, 0x3F, 0x9F, 0x9F, 0xDF, 0xCF, 0xEF, 0xE7, 0xF7, 0xF3,
    0xFB, 0xF8, 0xF8, 0xF8, 0x38, 0x38, 0xFF, 0xFF, 0xFF, 0xFE, 0x00, 0x06, 0x00, 0x0E, 0x00, 0x1C,
    0x00, 0x3C, 0x00, 0x38, 0x00, 0x70, 0x00, 0xF0, 0x01, 0xE0, 0x01, 0xC0, 0x03, 0xC0, 0x07, 0x80,
    0x07, 0x00, 0x0E, 0x00, 0x1E, 0x00, 0x1C, 0x00, 0x38, 0x00, 0x78, 0x00, 0x70, 0x00, 0xE0, 0x00,
    0xFD, 0xFB, 0xF7, 0xEF, 0x1E, 0x3C, 0x78, 0xF1, 0xE3, 0xF7, 0xEF, 0xDF, 0xBC, 0x78, 0xF1, 0xE3,
    0xC7, 0x8F, 0xDF, 0xBF, 0x7E, 0xFD, 0xFB, 0xF7, 0xE3, 0xC7, 0x8F, 0x1E, 0x3C, 0x7B, 0xF7, 0xEF,
    0xDF, 0x8F, 0x1E, 0x3C, 0x78, 0xF1, 0xEF, 0xDF, 0xBF, 0x7E, 0x07, 0x80, 0x1E, 0x03, 0xFC, 0x0F,
    0xF0, 0xFF, 0xC3, 0xFF, 0x3F, 0xFC, 0xFF, 0xF7, 0x8F, 0x9E, 0x3E, 0xF0, 0xF3, 0xC3, 0xC0, 0x1E,
    0x00, 0x78, 0x07, 0xC0, 0x1F, 0x03, 0xF0, 0x0F, 0xC0, 0xFC, 0x03, 0xF0, 0x1F, 0x00, 0x7C, 0x03,
    0xC0, 0x0F, 0x00, 0xF8, 0x03, 0xE0, 0x0E, 0x00, 0x38, 0x00, 0x00, 0x00, 0x00, 0x38, 0x00, 0xE0,
    0x0F, 0x80, 0x3E, 0x01, 0xF0, 0x07, 0xC0, 0x3E, 0x00, 0xF8, 0x01, 0x00, 0x04, 0x00, 0x07, 0x80,
    0xF0, 0xFF, 0x07, 0x8F, 0xFC, 0x3C, 0xFF, 0xF1, 0xE7, 0x8F, 0x8F, 0x3C, 0x3C, 0x78, 0x01, 0xE3,
    0xC0, 0x1F, 0x1E, 0x03, 0xF0, 0xF0, 0x3F, 0x07, 0x81, 0xF0, 0x3C, 0x0F, 0x01, 0xE0, 0xF8, 0x0F,
    0x03, 0x80, 0x78, 0x00, 0x00, 0x00, 0xE0, 0x1E, 0x0F, 0x80, 0xF0, 0x7C, 0x07, 0x83, 0xE0, 0x3C,
    0x04, 0x00, 0xC0, 0x78, 0x0F, 0x07, 0x83, 0xFC, 0x78, 0x7F, 0xE7, 0x8F, 0xFF, 0x78, 0xF1, 0xF7,
    0x8F, 0x0F, 0x78, 0x00, 0xF7, 0x80, 0x1F, 0x78, 0x07, 0xE7, 0x80, 0xFC, 0x78, 0x0F, 0x87, 0x80,
    0xF0, 0x78, 0x1E, 0x07, 0x80, 0xE0, 0x00, 0x00, 0x07, 0x80, 0xE0, 0x78, 0x1F, 0x0F, 0x81, 0xF0,
    0x78, 0x1F, 0x03, 0x00, 0x40, 0x7F, 0xFF, 0xFF, 0xFF, 0xBF, 0xF0, 0x1E, 0x03, 0xC0, 0x70, 0x0E,
    0x03, 0xC0, 0x78, 0x0F, 0x01, 0xE0, 0x3C, 0x07, 0x80, 0xF0, 0x1C, 0x03, 0x80, 0xF0, 0x1E, 0x00,
    0x00, 0x7F, 0x07, 0xFF, 0x3F, 0xFD, 0xFF, 0xFF, 0x7F, 0xFB, 0xFF, 0xDF, 0xFE, 0xFF, 0xF7, 0xFF,
    0xBF, 0xFD, 0xFD, 0xEF, 0xCF, 0x30, 0x78, 0x03, 0xC0, 0x1E, 0x00, 0xF0, 0x07, 0x80, 0x3C, 0x00,
    0x0F, 0xF1, 0xFF, 0xDF, 0xFE, 0xFC, 0xFF, 0xE7, 0xFF, 0x3F, 0xF9, 0xEF, 0xCF, 0x7E, 0x79, 0xFF,
    0xC7, 0xFE, 0x7F, 0x83, 0xFF, 0x1F, 0xFC, 0xE7, 0xE7, 0x3F, 0xB9, 0xFD, 0xCF, 0xEE, 0x7E, 0x73,
    0xF3, 0xFF, 0x1F, 0xF0, 0x06, 0x01, 0xC0, 0xB9, 0x3F, 0xF7, 0xFE, 0x7F, 0x8F, 0xF3, 0xFF, 0x76,
    0xE5, 0xC8, 0x38, 0x00, 0x00, 0x79, 0xEF, 0x9E, 0x30, 0x00, 0x00, 0x00, 0x07, 0x9E, 0x78, 0xF3,
    0xCF, 0x1C, 0x70, 0x07, 0xFF, 0x01, 0xFF, 0xFF, 0x1F, 0xFF, 0xFD, 0xF8, 0x03, 0xF6, 0x00, 0x03,
    0x00, 0x00, 0x00, 0x00, 0x00, 0x00, 0x00, 0x00, 0x00, 0x00, 0x00, 0x00, 0x00, 0x00, 0x00, 0x00,
    0x00, 0x00, 0x00, 0x00, 0x00, 0x00, 0x00, 0x00, 0x00, 0x00, 0x00, 0x00, 0x00, 0x00, 0x00, 0x00,
    0x00, 0x00, 0x00, 0x00, 0x00, 0x00, 0x00, 0x06, 0x00, 0x03, 0x7E, 0x00, 0xFD, 0xFF, 0xFF, 0xC7,
    0xFF, 0xFC, 0x07, 0xFF, 0x00, 0x0C, 0x01, 0xC1, 0x3A, 0x7F, 0xEF, 0xFC, 0x7F, 0x1F, 0xE7, 0xFE,
    0xEF, 0xC9, 0xD0, 0x38, 0x00, 0x00, 0xC0, 0x1C, 0x13, 0xB7, 0xFE, 0xFF, 0xC7, 0xF1, 0xFE, 0x7F,
    0xEE, 0xFC, 0x9D, 0x03, 0x80, 0x00, 0x00, 0x03, 0x00, 0x01, 0xC3, 0x00, 0xF1, 0xE0, 0x38, 0xF8,
    0x1C, 0x3F, 0x0F, 0x0F, 0x83, 0x81, 0xC1, 0xC0, 0x00, 0xF0, 0x00, 0x78, 0x00, 0x1C, 0x00, 0x0F,
    0x00, 0x07, 0x87, 0x81, 0xC3, 0xF0, 0xE0, 0xFC, 0x78, 0x3F, 0x1C, 0x07, 0x8E, 0x00, 0x07, 0x80,
    0x00, 0x00, 0x00, 0x1F, 0x80, 0x3F, 0xF0, 0xDF, 0xFF, 0xE7, 0x3F, 0xF8, 0x07, 0xF8, 0x00, 0xF0,
    0x03, 0xFE, 0x00, 0xFF, 0xFE, 0x0F, 0xFF, 0xFD, 0xFF, 0xFF, 0xF7, 0x00, 0x07, 0x00, 0x07, 0x80,
    0xDF, 0xC7, 0xFF, 0x9F, 0xFC, 0x3F, 0xE3, 0xFF, 0xFF, 0xFF, 0xFF, 0xFF, 0x3F, 0xE1, 0xFF, 0xC7,
    0xFF, 0x8D, 0xFC, 0x07, 0x80, 0x70, 0xE1, 0xC7, 0x3C, 0xF1, 0xE3, 0xFC, 0x78, 0xF1, 0xDE, 0x3C,
    0x79, 0xEF, 0x1E, 0x38, 0xF7, 0x8E, 0x1C, 0x7B, 0xC7, 0x0E, 0x3D, 0xC3, 0x8F, 0x1C, 0x00, 0x00,
    0x00, 0x00, 0x00, 0x00, 0x07, 0xC0, 0x0F, 0xE0, 0x1C, 0x70, 0x1C, 0x70, 0x1C, 0x70, 0x1C, 0x70,
    0x1C, 0x70, 0x1C, 0x70, 0x1C, 0x70, 0x0F, 0xE0, 0x07, 0xC0, 0x00, 0x00, 0x00, 0x00, 0x00, 0x00,
    0x00, 0x00, 0x00, 0x00, 0x00, 0x00, 0x00, 0x00, 0x00, 0x00, 0x00, 0x00, 0x00, 0x00, 0x00, 0x00,
    0x00, 0x00, 0x00, 0x00, 0x00, 0x00, 0x00, 0x00, 0x00, 0x00, 0x00, 0x00, 0x00, 0x00, 0x01, 0xC0,
    0x01, 0xC0, 0x01, 0xC0, 0x00, 0x00, 0x07, 0xC0, 0x07, 0xC0, 0x01, 0xC0, 0x01, 0xC0, 0x01, 0xC0,
    0x01, 0xC0, 0x01, 0xC0, 0x01, 0xC0, 0x07, 0xF0, 0x07, 0xF0, 0x00, 0x00, 0x00, 0x00, 0x00, 0x00,
    0x00, 0x00, 0x00, 0x00, 0x00, 0x00, 0x00, 0x00, 0x00, 0x00, 0x00, 0x00, 0x00, 0x00, 0x00, 0x00,
    0x00, 0x00, 0x00, 0x00, 0x00, 0x00, 0x00, 0x00, 0x00, 0x00, 0x00, 0x00, 0x00, 0x00, 0x00, 0x00,
    0x00, 0x00, 0x00, 0x00, 0x00, 0x30, 0x00, 0x70, 0x00, 0xF0, 0x01, 0xF0, 0x03, 0xF0, 0x07, 0x70,
    0x0E, 0x70, 0x1F, 0xF0, 0x1F, 0xF0, 0x00, 0x70, 0x00, 0x70, 0x00, 0x00, 0x00, 0x00, 0x00, 0x00,
    0x00, 0x00, 0x00, 0x00, 0x00, 0x00, 0x00, 0x00, 0x00, 0x00, 0x00, 0x00, 0x00, 0x00, 0x00, 0x00,
    0x00, 0x00, 0x00, 0x00, 0x00, 0x00, 0x00, 0x00, 0x00, 0x00, 0x00, 0x00, 0x00, 0x00, 0x00, 0x00,
    0x00, 0x00, 0x00, 0x00, 0x1F, 0xE0, 0x1F, 0xE0, 0x1C, 0x00, 0x1C, 0x00, 0x1F, 0xE0, 0x1F, 0xF0,
    0x00, 0x70, 0x00, 0x70, 0x1C, 0x70, 0x1F, 0xF0, 0x0F, 0xE0, 0x00, 0x00, 0x00, 0x00, 0x00, 0x00,
    0x00, 0x00, 0x00, 0x00, 0x00, 0x00, 0x00, 0x00, 0x00, 0x00, 0x00, 0x00, 0x00, 0x00, 0x00, 0x00,
    0x00, 0x00, 0x00, 0x00, 0x00, 0x00, 0x00, 0x00, 0x00, 0x00, 0x00, 0x00, 0x00, 0x00, 0x00, 0x00,
    0x00, 0x00, 0x00, 0x00, 0x07, 0xE0, 0x0F, 0xE0, 0x1C, 0x00, 0x1C, 0x00, 0x1F, 0xE0, 0x1F, 0xF0,
    0x1C, 0x70, 0x1C, 0x70, 0x1C, 0x70, 0x1F, 0xF0, 0x0F, 0xE0, 0x00, 0x00, 0x00, 0x00, 0x00, 0x00,
    0x00, 0x00, 0x00, 0x00, 0x00, 0x00, 0x00, 0x00, 0x00, 0x00, 0x00, 0x00, 0x00, 0x00, 0x00, 0x00,
    0x00, 0x00, 0x00, 0x00, 0x00, 0x00, 0x00, 0x00, 0x00, 0x00, 0x00, 0x00, 0x00, 0x00, 0x00, 0x00,
    0x00, 0x00, 0x00, 0x00, 0x1F, 0xF0, 0x1F, 0xF0, 0x1C, 0x70, 0x00, 0x70, 0x00, 0xE0, 0x00, 0xE0,
    0x01, 0xC0, 0x01, 0xC0, 0x03, 0x80, 0x03, 0x80, 0x03, 0x80, 0x00, 0x00, 0x00, 0x00, 0x00, 0x00,
    0x00, 0x00, 0x00, 0x00, 0x00, 0x00, 0x00, 0x00, 0x00, 0x00, 0x00, 0x00, 0x00, 0x00, 0x00, 0x00,
    0x00, 0x00, 0x00, 0x00, 0x00, 0x00, 0x00, 0x00, 0x00, 0x00, 0x00, 0x00, 0x00, 0x00, 0x00, 0x00,
    0x00, 0x00, 0x00, 0x00, 0x0F, 0xE0, 0x1F, 0xF0, 0x1C, 0x70, 0x1C, 0x70, 0x1F, 0xF0, 0x0F, 0xE0,
    0x1C, 0x70, 0x1C, 0x70, 0x1C, 0x70, 0x1F, 0xF0, 0x0F, 0xE0, 0x00, 0x00, 0x00, 0x00, 0x00, 0x00,
    0x00, 0x00, 0x00, 0x00, 0x00, 0x00, 0x00, 0x00, 0x00, 0x00, 0x00, 0x00, 0x00, 0x00, 0x00, 0x00,
    0x00, 0x00, 0x00, 0x00, 0x00, 0x00, 0x00, 0x00, 0x00, 0x00, 0x00, 0x00, 0x00, 0x00, 0x00, 0x00,
    0x00, 0x00, 0x00, 0x00, 0x0F, 0xE0, 0x1F, 0xF0, 0x1C, 0x70, 0x1C, 0x70, 0x1C, 0x70, 0x1F, 0xF0,
    0x0F, 0xF0, 0x00, 0x70, 0x00, 0x70, 0x0F, 0xE0, 0x0F, 0xC0, 0x00, 0x00, 0x00, 0x00, 0x00, 0x00,
    0x00, 0x00, 0x00, 0x00, 0x00, 0x00, 0x00, 0x00, 0x00, 0x00, 0x00, 0x00, 0x00, 0x00, 0x00, 0x00,
    0x00, 0x00, 0x00, 0x00, 0x00, 0x00, 0x00, 0x00, 0x00, 0x00, 0x00, 0x00, 0x00, 0x00, 0x00, 0x00,
    0x00, 0x00, 0x00, 0x00, 0x00, 0x00, 0x00, 0x00, 0x03, 0x80, 0x03, 0x80, 0x03, 0x80, 0x1F, 0xF0,
    0x1F, 0xF0, 0x03, 0x80, 0x03, 0x80, 0x03, 0x80, 0x00, 0x00, 0x00, 0x00, 0x00, 0x00, 0x00, 0x00,
    0x00, 0x00, 0x00, 0x00, 0x00, 0x00, 0x00, 0x00, 0x00, 0x00, 0x00, 0x00, 0x00, 0x00, 0x00, 0x00,
    0x00, 0x00, 0x00, 0x00, 0x00, 0x00, 0x00, 0x00, 0x00, 0x00, 0x00, 0x00, 0x00, 0x00, 0x00, 0x00,
    0x00, 0x00, 0x00, 0x00, 0x00, 0x00, 0x00, 0x00, 0x00, 0x00, 0x00, 0x00, 0x00, 0x00, 0x1F, 0xF8,
    0x1F, 0xF8, 0x00, 0x00, 0x00, 0x00, 0x00, 0x00, 0x00, 0x00, 0x00, 0x00, 0x00, 0x00, 0x00, 0x00,
    0x00, 0x00, 0x00, 0x00, 0x00, 0x00, 0x00, 0x00, 0x00, 0x00, 0x00, 0x00, 0x00, 0x00, 0x00, 0x00,
    0x00, 0x00, 0x00, 0x00, 0x00, 0x00, 0x00, 0x00, 0x00, 0x00, 0x00, 0x00, 0x00, 0x00, 0x00, 0x00,
    0x00, 0x00, 0x00, 0x00, 0x00, 0x00, 0x00, 0x00, 0x1F, 0xF8, 0x1F, 0xF8, 0x00, 0x00, 0x00, 0x00,
    0x00, 0x00, 0x1F, 0xF8, 0x1F, 0xF8, 0x00, 0x00, 0x00, 0x00, 0x00, 0x00, 0x00, 0x00, 0x00, 0x00,
    0x00, 0x00, 0x00, 0x00, 0x00, 0x00, 0x00, 0x00, 0x00, 0x00, 0x00, 0x00, 0x00, 0x00, 0x00, 0x00,
    0x00, 0x00, 0x00, 0x00, 0x00, 0x00, 0x00, 0x00, 0x00, 0x00, 0x00, 0x00, 0x00, 0x00, 0x00, 0x00,
    0x00, 0x00, 0x00, 0x00, 0x01, 0xC0, 0x03, 0x80, 0x07, 0x00, 0x07, 0x00, 0x07, 0x00, 0x07, 0x00,
    0x07, 0x00, 0x07, 0x00, 0x07, 0x00, 0x03, 0x80, 0x01, 0xC0, 0x00, 0x00, 0x00, 0x00, 0x00, 0x00,
    0x00, 0x00, 0x00, 0x00, 0x00, 0x00, 0x00, 0x00, 0x00, 0x00, 0x00, 0x00, 0x00, 0x00, 0x00, 0x00,
    0x00, 0x00, 0x00, 0x00, 0x00, 0x00, 0x00, 0x00, 0x00, 0x00, 0x00, 0x00, 0x00, 0x00, 0x00, 0x00,
    0x00, 0x00, 0x00, 0x00, 0x07, 0x00, 0x03, 0x80, 0x01, 0xC0, 0x01, 0xC0, 0x01, 0xC0, 0x01, 0xC0,
    0x01, 0xC0, 0x01, 0xC0, 0x01, 0xC0, 0x03, 0x80, 0x07, 0x00, 0x00, 0x00, 0x00, 0x00, 0x00, 0x00,
    0x00, 0x00, 0x00, 0x00, 0x00, 0x00, 0x00, 0x00, 0x00, 0x00, 0x00, 0x00, 0x00, 0x00, 0x00, 0x00,
    0x00, 0x00, 0x00, 0x00, 0x00, 0x00, 0x00, 0x00, 0x00, 0x00, 0x00, 0x00, 0x00, 0x00, 0x00, 0x00,
    0x00, 0x00, 0x00, 0x00, 0x00, 0x00, 0x1F, 0xE0, 0x1F, 0xF0, 0x1C, 0x38, 0x1C, 0x38, 0x1C, 0x38,
    0x1C, 0x38, 0x1C, 0x38, 0x1C, 0x38, 0x1C, 0x38, 0x1C, 0x38, 0x00, 0x00, 0x00, 0x00, 0x00, 0x00,
    0x00, 0x00, 0x00, 0x00, 0x00, 0x00, 0x00, 0x00, 0x00, 0x00, 0x00, 0x00, 0x00, 0x00, 0x00, 0x00,
    0x00, 0x00, 0x00, 0x00, 0x00, 0x00, 0x00, 0x00, 0x00, 0x00, 0x00, 0x00, 0x00, 0x00, 0x00, 0x00,
    0x00, 0x00, 0x00, 0x00, 0x00, 0x00, 0x00, 0x00, 0x00, 0x00, 0x00, 0x00, 0x00, 0x00, 0x00, 0x00,
    0x00, 0x00, 0x00, 0x00, 0x00, 0x00, 0x00, 0x00, 0x00, 0x00, 0x00, 0x00, 0x00, 0x00, 0x00, 0x00,
    0x00, 0x00, 0x07, 0xC0, 0x0F, 0xE0, 0x1C, 0x70, 0x1C, 0x70, 0x1C, 0x70, 0x1C, 0x70, 0x1C, 0x70,
    0x1C, 0x70, 0x1C, 0x70, 0x0F, 0xE0, 0x07, 0xC0, 0x00, 0x00, 0x00, 0x00, 0x00, 0x00, 0x00, 0x00,
    0x00, 0x00, 0x00, 0x00, 0x00, 0x00, 0x00, 0x00, 0x00, 0x00, 0x00, 0x00, 0x00, 0x00, 0x00, 0x00,
    0x00, 0x00, 0x00, 0x00, 0x00, 0x00, 0x00, 0x00, 0x00, 0x00, 0x00, 0x00, 0x00, 0x00, 0x00, 0x00,
    0x00, 0x00, 0x03, 0x80, 0x07, 0x80, 0x0F, 0x80, 0x0F, 0x80, 0x03, 0x80, 0x03, 0x80, 0x03, 0x80,
    0x03, 0x80, 0x03, 0x80, 0x0F, 0xE0, 0x0F, 0xE0, 0x00, 0x00, 0x00, 0x00, 0x00, 0x00, 0x00, 0x00,
    0x00, 0x00, 0x00, 0x00, 0x00, 0x00, 0x00, 0x00, 0x00, 0x00, 0x00, 0x00, 0x00, 0x00, 0x00, 0x00,
    0x00, 0x00, 0x00, 0x00, 0x00, 0x00, 0x00, 0x00, 0x00, 0x00, 0x00, 0x00, 0x00, 0x00, 0x00, 0x00,
    0x00, 0x00, 0x0F, 0xE0, 0x1F, 0xF0, 0x1C, 0x70, 0x1C, 0x70, 0x00, 0xE0, 0x01, 0xC0, 0x03, 0x80,
    0x07, 0x00, 0x0E, 0x00, 0x1F, 0xF0, 0x1F, 0xF0, 0x00, 0x00, 0x00, 0x00, 0x00, 0x00, 0x00, 0x00,
    0x00, 0x00, 0x00, 0x00, 0x00, 0x00, 0x00, 0x00, 0x00, 0x00, 0x00, 0x00, 0x00, 0x00, 0x00, 0x00,
    0x00, 0x00, 0x00, 0x00, 0x00, 0x00, 0x00, 0x00, 0x00, 0x00, 0x00, 0x00, 0x00, 0x00, 0x00, 0x00,
    0x00, 0x00, 0x0F, 0xE0, 0x1F, 0xF0, 0x1C, 0x70, 0x00, 0x70, 0x03, 0xE0, 0x03, 0xE0, 0x00, 0x70,
    0x00, 0x70, 0x1C, 0x70, 0x1F, 0xF0, 0x0F, 0xE0, 0x00, 0x00, 0x00, 0x00, 0x00, 0x00, 0x00, 0x00,
    0x00, 0x00, 0x00, 0x00, 0x00, 0x00, 0x00, 0x00, 0x00, 0x00, 0x00, 0x00, 0x00, 0x00, 0x00, 0x00,
    0x00, 0x00, 0x00, 0x00, 0x00, 0x00, 0x00, 0x00, 0x00, 0x00, 0x00, 0x00, 0x00, 0x00, 0x00, 0x00,
    0x00, 0x00, 0x00, 0x30, 0x00, 0x70, 0x00, 0xF0, 0x01, 0xF0, 0x03, 0xF0, 0x07, 0x70, 0x0E, 0x70,
    0x1F, 0xF0, 0x1F, 0xF0, 0x00, 0x70, 0x00, 0x70, 0x00, 0x00, 0x00, 0x00, 0x00, 0x00, 0x00, 0x00,
    0x00, 0x00, 0x00, 0x00, 0x00, 0x00, 0x00, 0x00, 0x00, 0x00, 0x00, 0x00, 0x00, 0x00, 0x00, 0x00,
    0x00, 0x00, 0x00, 0x00, 0x00, 0x00, 0x00, 0x00, 0x00, 0x00, 0x00, 0x00, 0x00, 0x00, 0x00, 0x00,
    0x00, 0x00, 0x1F, 0xE0, 0x1F, 0xE0, 0x1C, 0x00, 0x1C, 0x00, 0x1F, 0xE0, 0x1F, 0xF0, 0x00, 0x70,
    0x00, 0x70, 0x1C, 0x70, 0x1F, 0xF0, 0x0F, 0xE0, 0x00, 0x00, 0x00, 0x00, 0x00, 0x00, 0x00, 0x00,
    0x00, 0x00, 0x00, 0x00, 0x00, 0x00, 0x00, 0x00, 0x00, 0x00, 0x00, 0x00, 0x00, 0x00, 0x00, 0x00,
    0x00, 0x00, 0x00, 0x00, 0x00, 0x00, 0x00, 0x00, 0x00, 0x00, 0x00, 0x00, 0x00, 0x00, 0x00, 0x00,
    0x00, 0x00, 0x07, 0xE0, 0x0F, 0xE0, 0x1C, 0x00, 0x1C, 0x00, 0x1F, 0xE0, 0x1F, 0xF0, 0x1C, 0x70,
    0x1C, 0x70, 0x1C, 0x70, 0x1F, 0xF0, 0x0F, 0xE0, 0x00, 0x00, 0x00, 0x00, 0x00, 0x00, 0x00, 0x00,
    0x00, 0x00, 0x00, 0x00, 0x00, 0x00, 0x00, 0x00, 0x00, 0x00, 0x00, 0x00, 0x00, 0x00, 0x00, 0x00,
    0x00, 0x00, 0x00, 0x00, 0x00, 0x00, 0x00, 0x00, 0x00, 0x00, 0x00, 0x00, 0x00, 0x00, 0x00, 0x00,
    0x00, 0x00, 0x1F, 0xF0, 0x1F, 0xF0, 0x1C, 0x70, 0x00, 0x70, 0x00, 0xE0, 0x00, 0xE0, 0x01, 0xC0,
    0x01, 0xC0, 0x03, 0x80, 0x03, 0x80, 0x03, 0x80, 0x00, 0x00, 0x00, 0x00, 0x00, 0x00, 0x00, 0x00,
    0x00, 0x00, 0x00, 0x00, 0x00, 0x00, 0x00, 0x00, 0x00, 0x00, 0x00, 0x00, 0x00, 0x00, 0x00, 0x00,
    0x00, 0x00, 0x00, 0x00, 0x00, 0x00, 0x00, 0x00, 0x00, 0x00, 0x00, 0x00, 0x00, 0x00, 0x00, 0x00,
    0x00, 0x00, 0x0F, 0xE0, 0x1F, 0xF0, 0x1C, 0x70, 0x1C, 0x70, 0x1F, 0xF0, 0x0F, 0xE0, 0x1C, 0x70,
    0x1C, 0x70, 0x1C, 0x70, 0x1F, 0xF0, 0x0F, 0xE0, 0x00, 0x00, 0x00, 0x00, 0x00, 0x00, 0x00, 0x00,
    0x00, 0x00, 0x00, 0x00, 0x00, 0x00, 0x00, 0x00, 0x00, 0x00, 0x00, 0x00, 0x00, 0x00, 0x00, 0x00,
    0x00, 0x00, 0x00, 0x00, 0x00, 0x00, 0x00, 0x00, 0x00, 0x00, 0x00, 0x00, 0x00, 0x00, 0x00, 0x00,
    0x00, 0x00, 0x0F, 0xE0, 0x1F, 0xF0, 0x1C, 0x70, 0x1C, 0x70, 0x1C, 0x70, 0x1F, 0xF0, 0x0F, 0xF0,
    0x00, 0x70, 0x00, 0x70, 0x0F, 0xE0, 0x0F, 0xC0, 0x00, 0x00, 0x00, 0x00, 0x00, 0x00, 0x00, 0x00,
    0x00, 0x00, 0x00, 0x00, 0x00, 0x00, 0x00, 0x00, 0x00, 0x00, 0x00, 0x00, 0x00, 0x00, 0x00, 0x00,
    0x00, 0x00, 0x00, 0x00, 0x00, 0x00, 0x00, 0x00, 0x00, 0x00, 0x00, 0x00, 0x00, 0x00, 0x00, 0x00,
    0x00, 0x00, 0x00, 0x00, 0x00, 0x00, 0x03, 0x80, 0x03, 0x80, 0x03, 0x80, 0x1F, 0xF0, 0x1F, 0xF0,
    0x03, 0x80, 0x03, 0x80, 0x03, 0x80, 0x00, 0x00, 0x00, 0x00, 0x00, 0x00, 0x00, 0x00, 0x00, 0x00,
    0x00, 0x00, 0x00, 0x00, 0x00, 0x00, 0x00, 0x00, 0x00, 0x00, 0x00, 0x00, 0x00, 0x00, 0x00, 0x00,
    0x00, 0x00, 0x00, 0x00, 0x00, 0x00, 0x00, 0x00, 0x00, 0x00, 0x00, 0x00, 0x00, 0x00, 0x00, 0x00,
    0x00, 0x00, 0x00, 0x00, 0x00, 0x00, 0x00, 0x00, 0x00, 0x00, 0x00, 0x00, 0x1F, 0xF8, 0x1F, 0xF8,
    0x00, 0x00, 0x00, 0x00, 0x00, 0x00, 0x00, 0x00, 0x00, 0x00, 0x00, 0x00, 0x00, 0x00, 0x00, 0x00,
    0x00, 0x00, 0x00, 0x00, 0x00, 0x00, 0x00, 0x00, 0x00, 0x00, 0x00, 0x00, 0x00, 0x00, 0x00, 0x00,
    0x00, 0x00, 0x00, 0x00, 0x00, 0x00, 0x00, 0x00, 0x00, 0x00, 0x00, 0x00, 0x00, 0x00, 0x00, 0x00,
    0x00, 0x00, 0x00, 0x00, 0x00, 0x00, 0x1F, 0xF8, 0x1F, 0xF8, 0x00, 0x00, 0x00, 0x00, 0x00, 0x00,
    0x1F, 0xF8, 0x1F, 0xF8, 0x00, 0x00, 0x00, 0x00, 0x00, 0x00, 0x00, 0x00, 0x00, 0x00, 0x00, 0x00,
    0x00, 0x00, 0x00, 0x00, 0x00, 0x00, 0x00, 0x00, 0x00, 0x00, 0x00, 0x00, 0x00, 0x00, 0x00, 0x00,
    0x00, 0x00, 0x00, 0x00, 0x00, 0x00, 0x00, 0x00, 0x00, 0x00, 0x00, 0x00, 0x00, 0x00, 0x00, 0x00,
    0x00, 0x00, 0x01, 0xC0, 0x03, 0x80, 0x07, 0x00, 0x07, 0x00, 0x07, 0x00, 0x07, 0x00, 0x07, 0x00,
    0x07, 0x00, 0x07, 0x00, 0x03, 0x80, 0x01, 0xC0, 0x00, 0x00, 0x00, 0x00, 0x00, 0x00, 0x00, 0x00,
    0x00, 0x00, 0x00, 0x00, 0x00, 0x00, 0x00, 0x00, 0x00, 0x00, 0x00, 0x00, 0x00, 0x00, 0x00, 0x00,
    0x00, 0x00, 0x00, 0x00, 0x00, 0x00, 0x00, 0x00, 0x00, 0x00, 0x00, 0x00, 0x00, 0x00, 0x00, 0x00,
    0x00, 0x00, 0x07, 0x00, 0x03, 0x80, 0x01, 0xC0, 0x01, 0xC0, 0x01, 0xC0, 0x01, 0xC0, 0x01, 0xC0,
    0x01, 0xC0, 0x01, 0xC0, 0x03, 0x80, 0x07, 0x00, 0x00, 0x00, 0x00, 0x00, 0x00, 0x00, 0x00, 0x00,
    0x00, 0x00, 0x00, 0x00, 0x00, 0x00, 0x00, 0x00, 0x00, 0x00, 0x00, 0x00, 0x00, 0x00, 0x00, 0x00,
    0x00, 0x00, 0x00, 0x00, 0x00, 0x00, 0x00, 0x00, 0x00, 0x00, 0x00, 0x00, 0x00, 0x00, 0x00, 0x00,
    0x00, 0x00, 0x00, 0x00, 0x0F, 0xE0, 0x0F, 0xF0, 0x00, 0x38, 0x00, 0x38, 0x0F, 0xF8, 0x1F, 0xF8,
    0x1C, 0x38, 0x1C, 0x38, 0x1F, 0xF8, 0x0F, 0xF8, 0x00, 0x00, 0x00, 0x00, 0x00, 0x00, 0x00, 0x00,
    0x00, 0x00, 0x00, 0x00, 0x00, 0x00, 0x00, 0x00, 0x00, 0x00, 0x00, 0x00, 0x00, 0x00, 0x00, 0x00,
    0x00, 0x00, 0x00, 0x00, 0x00, 0x00, 0x00, 0x00, 0x00, 0x00, 0x00, 0x00, 0x00, 0x00, 0x00, 0x00,
    0x00, 0x00, 0x00, 0x00, 0x07, 0xE0, 0x0F, 0xF0, 0x1C, 0x38, 0x1C, 0x38, 0x1F, 0xF8, 0x1F, 0xF8,
    0x1C, 0x00, 0x1C, 0x00, 0x0F, 0xF8, 0x07, 0xF0, 0x00, 0x00, 0x00, 0x00, 0x00, 0x00, 0x00, 0x00,
    0x00, 0x00, 0x00, 0x00, 0x00, 0x00, 0x00, 0x00, 0x00, 0x00, 0x00, 0x00, 0x00, 0x00, 0x00, 0x00,
    0x00, 0x00, 0x00, 0x00, 0x00, 0x00, 0x00, 0x00, 0x00, 0x00, 0x00, 0x00, 0x00, 0x00, 0x00, 0x00,
    0x00, 0x00, 0x00, 0x00, 0x07, 0xE0, 0x0F, 0xF0, 0x1C, 0x38, 0x1C, 0x38, 0x1C, 0x38, 0x1C, 0x38,
    0x1C, 0x38, 0x1C, 0x38, 0x0F, 0xF0, 0x07, 0xE0, 0x00, 0x00, 0x00, 0x00, 0x00, 0x00, 0x00, 0x00,
    0x00, 0x00, 0x00, 0x00, 0x00, 0x00, 0x00, 0x00, 0x00, 0x00, 0x00, 0x00, 0x00, 0x00, 0x00, 0x00,
    0x00, 0x00, 0x00, 0x00, 0x00, 0x00, 0x00, 0x00, 0x00, 0x00, 0x00, 0x00, 0x00, 0x00, 0x00, 0x00,
    0x00, 0x00, 0x00, 0x00, 0x1C, 0x38, 0x1C, 0x38, 0x0E, 0x70, 0x07, 0xE0, 0x03, 0xC0, 0x03, 0xC0,
    0x07, 0xE0, 0x0E, 0x70, 0x1C, 0x38, 0x1C, 0x38, 0x00, 0x00, 0x00, 0x00, 0x00, 0x00, 0x00, 0x00,
    0x00, 0x00, 0x00, 0x00, 0x00, 0x00, 0x00, 0x00, 0x00, 0x00, 0x00, 0x00, 0x00, 0x00, 0x00, 0x00,
    0x00, 0x00, 0x00, 0x00, 0x00, 0x00, 0x00, 0x00, 0x00, 0x00, 0x00, 0x00, 0x00, 0x00, 0x00, 0x00,
    0x00, 0x00, 0x00, 0x00, 0x0F, 0xE0, 0x1F, 0xF0, 0x00, 0x38, 0x00, 0x38, 0x1F, 0xF8, 0x1F, 0xF8,
    0x1C, 0x38, 0x1C, 0x38, 0x0F, 0xF0, 0x07, 0xE0, 0x00, 0x00, 0x00, 0x00, 0x00, 0x00, 0x00, 0x00,
    0x00, 0x00, 0x00, 0x00, 0x00, 0x00, 0x00, 0x00, 0x00, 0x00, 0x00, 0x00, 0x00, 0x00, 0x00, 0x00,
    0x00, 0x00, 0x00, 0x00, 0x00, 0x00, 0x00, 0x00, 0x00, 0x00, 0x00, 0x00, 0x1C, 0x00, 0x1C, 0x00,
    0x1C, 0x00, 0x1C, 0x00, 0x1F, 0xE0, 0x1F, 0xF0, 0x1C, 0x38, 0x1C, 0x38, 0x1C, 0x38, 0x1C, 0x38,
    0x1C, 0x38, 0x1C, 0x38, 0x1C, 0x38, 0x1C, 0x38, 0x00, 0x00, 0x00, 0x00, 0x00, 0x00, 0x00, 0x00,
    0x00, 0x00, 0x00, 0x00, 0x00, 0x00, 0x00, 0x00, 0x00, 0x00, 0x00, 0x00, 0x00, 0x00, 0x00, 0x00,
    0x00, 0x00, 0x00, 0x00, 0x00, 0x00, 0x00, 0x00, 0x00, 0x00, 0x00, 0x00, 0x1C, 0x00, 0x1C, 0x00,
    0x1C, 0x00, 0x1C, 0x00, 0x1C, 0x38, 0x1C, 0x70, 0x1C, 0xE0, 0x1D, 0xC0, 0x1F, 0x80, 0x1F, 0x80,
    0x1D, 0xC0, 0x1C, 0xE0, 0x1C, 0x70, 0x1C, 0x38, 0x00, 0x00, 0x00, 0x00, 0x00, 0x00, 0x00, 0x00,
    0x00, 0x00, 0x00, 0x00, 0x00, 0x00, 0x00, 0x00, 0x00, 0x00, 0x00, 0x00, 0x00, 0x00, 0x00, 0x00,
    0x00, 0x00, 0x00, 0x00, 0x00, 0x00, 0x00, 0x00, 0x00, 0x00, 0x00, 0x00, 0x0F, 0x80, 0x0F, 0x80,
    0x03, 0x80, 0x03, 0x80, 0x03, 0x80, 0x03, 0x80, 0x03, 0x80, 0x03, 0x80, 0x03, 0x80, 0x03, 0x80,
    0x03, 0x80, 0x03, 0x80, 0x0F, 0xE0, 0x0F, 0xE0, 0x00, 0x00, 0x00, 0x00, 0x00, 0x00, 0x00, 0x00,
    0x00, 0x00, 0x00, 0x00, 0x00, 0x00, 0x00, 0x00, 0x00, 0x00, 0x00, 0x00, 0x00, 0x00, 0x00, 0x00,
    0x00, 0x00, 0x00, 0x00, 0x00, 0x00, 0x00, 0x00, 0x00, 0x00, 0x00, 0x00, 0x00, 0x00, 0x00, 0x00,
    0x00, 0x00, 0x00, 0x00, 0x7F, 0xF0, 0x7F, 0xF8, 0x73, 0x9C, 0x73, 0x9C, 0x73, 0x9C, 0x73, 0x9C,
    0x73, 0x9C, 0x73, 0x9C, 0x73, 0x9C, 0x73, 0x9C, 0x00, 0x00, 0x00, 0x00, 0x00, 0x00, 0xEE, 0x7F,
    0xFF, 0xFE, 0x7E, 0x3F, 0x1F, 0x8F, 0xC7, 0xE3, 0x80, 0x00, 0x00, 0x00, 0x00, 0x00, 0x00, 0x00,
    0x00, 0x00, 0x00, 0x00, 0x00, 0x00, 0x00, 0x00, 0x00, 0x00, 0x00, 0x00, 0x00, 0x00, 0x00, 0x00,
    0x00, 0x00, 0x00, 0x00, 0x00, 0x00, 0x00, 0x00, 0x00, 0x00, 0x00, 0x00, 0x00, 0x00, 0x00, 0x1F,
    0xE0, 0x1F, 0xF0, 0x1C, 0x38, 0x1C, 0x38, 0x1C, 0x38, 0x1C, 0x38, 0x1C, 0x38, 0x1C, 0x38, 0x1F,
    0xF0, 0x1F, 0xE0, 0x1C, 0x00, 0x1C, 0x00, 0x1C, 0x00, 0x1F, 0x1F, 0xE7, 0xF1, 0xFC, 0x7F, 0x83,
    0xF7, 0xF9, 0xFE, 0x1E, 0x00, 0x30, 0xF3, 0xF7, 0xEF, 0xCF, 0x1E, 0x3C, 0x7C, 0x78, 0x70, 0x1F,
    0xC0, 0x1F, 0xF0, 0x1F, 0xFC, 0x1F, 0xBE, 0x0F, 0x0F, 0x87, 0x83, 0x83, 0xCF, 0xFF, 0xE7, 0xFF,
    0xF3, 0xFF, 0xF9, 0xFF, 0xFE, 0xF0, 0x0F, 0xFF, 0xE3, 0xFF, 0xF0, 0xFF, 0xF8, 0x0F, 0x00, 0x07,
    0x80, 0x03, 0xFF, 0x81, 0xFF, 0xC0, 0xFF, 0xE0, 0x00, 0x00, 0x00, 0x24, 0x00, 0x36, 0x00, 0xFB,
    0x01, 0xFF, 0x81, 0xFF, 0xE1, 0xFF, 0xF1, 0xFB, 0xFD, 0xFB, 0x7E, 0xF9, 0xBF, 0xFC, 0xD8, 0x3C,
    0xCC, 0x1E, 0x6C, 0x0F, 0x36, 0x07, 0xB3, 0x03, 0xFB, 0x1D, 0xFD, 0x9F, 0x7C, 0xDF, 0x3F, 0xFF,
    0x8F, 0xFF, 0x83, 0xFF, 0x81, 0xFF, 0x80, 0xDE, 0x00, 0x6C, 0x00, 0x24, 0x00, 0x03, 0xE0, 0x07,
    0xFC, 0x0F, 0xFF, 0x07, 0xFF, 0xC7, 0xE3, 0xF7, 0xC0, 0xFB, 0xE0, 0x3D, 0xE0, 0x00, 0xF3, 0xDE,
    0x79, 0xFF, 0x3C, 0xFF, 0x1E, 0x7F, 0x8F, 0x3E, 0x07, 0xDE, 0x79, 0xFF, 0x7C, 0xFF, 0xFE, 0x3F,
    0xFE, 0x0F, 0xFE, 0x03, 0xFE, 0x00, 0x38, 0x00, 0x1F, 0xFE, 0x1F, 0xFF, 0x1F, 0xFF, 0x1F, 0xFF,
    0x1E, 0x00, 0x1E, 0x00, 0x1E, 0x00, 0x1E, 0x00, 0x1F, 0xFC, 0x1F, 0xFE, 0x1F, 0xFE, 0x1F, 0xFE,
    0x1E, 0x00, 0x1E, 0x00, 0xFF, 0xC0, 0xFF, 0xC0, 0x1E, 0x00, 0x1E, 0x00, 0x1E, 0x00, 0x03, 0xC0,
    0x3F, 0xC1, 0xFF, 0x8F, 0xFE, 0x3C, 0x7D, 0xF0, 0xF7, 0xC0, 0x3F, 0xF0, 0xFF, 0xE3, 0xFF, 0x03,
    0xC0, 0x3F, 0xF8, 0xFF, 0xE0, 0xF0, 0x03, 0xC3, 0xFE, 0x0F, 0xFF, 0xFF, 0xFF, 0xFF, 0xFF, 0x80,
    0x00, 0x1C, 0x00, 0x03, 0xC0, 0xF7, 0xFF, 0xCF, 0xFF, 0xFE, 0xFF, 0xFF, 0xFF, 0xFF, 0xFF, 0xF8,
    0xF0, 0xFF, 0x0F, 0x0F, 0xF0, 0xF0, 0xFF, 0x1F, 0x0F, 0xF1, 0xF0, 0xFF, 0x3F, 0x0F, 0xF3, 0xF0,
    0xFF, 0x7F, 0x0F, 0xF7, 0xF0, 0xFF, 0xFF, 0x0F, 0x0F, 0x00, 0x00, 0xE0, 0x00, 0x3C, 0x03, 0x8F,
    0xC0, 0xF9, 0xF8, 0x1F, 0x3F, 0x83, 0xE7, 0xF8, 0x7C, 0xFF, 0x0F, 0x9F, 0xF1, 0xF7, 0xFF, 0xFF,
    0xFF, 0xFF, 0xFF, 0xFF, 0xF9, 0xF3, 0xDF, 0x7F, 0xFF, 0xFF, 0xFF, 0xFE, 0xF8, 0xFF, 0x9F, 0x0F,
    0xF3, 0xE0, 0xFE, 0x7C, 0x1F, 0xCF, 0x81, 0xF9, 0xF0, 0x1F, 0x00, 0x00, 0x00, 0x00, 0x00, 0x00,
    0x00, 0x00, 0x00, 0x00, 0x00, 0x00, 0x00, 0xFF, 0x00, 0xFF, 0x80, 0xE3, 0xC0, 0xE1, 0xC0, 0xE1,
    0xC0, 0xE1, 0xC0, 0xE1, 0xC0, 0xE1, 0xC0, 0xE3, 0xC0, 0xFF, 0xF0, 0xFF, 0x70, 0xE0, 0x70, 0xE3,
    0xFE, 0xE3, 0xFE, 0xE0, 0x70, 0xE0, 0x70, 0xE0, 0x70, 0xE0, 0x70, 0xE0, 0x7E, 0xE0, 0x3E, 0x00,
    0x00, 0x00, 0x00, 0x00, 0x00, 0x00, 0x00, 0x00, 0x00, 0x00, 0x00, 0x7F, 0x80, 0x00, 0x0F, 0xFF,
    0x00, 0x00, 0xFF, 0xF8, 0x00, 0x0F, 0xFF, 0xC0, 0x00, 0xF8, 0x7C, 0x00, 0x0F, 0x83, 0xE3, 0xF0,
    0xF8, 0x3E, 0x7F, 0xCF, 0x83, 0xEF, 0xFE, 0xF8, 0x7D, 0xF3, 0xEF, 0xFF, 0xDF, 0x1E, 0xFF, 0xF9,
    0xFC, 0x0F, 0xFF, 0x0F, 0xF8, 0xFF, 0xF0, 0x7F, 0xEF, 0x9F, 0x01, 0xFE, 0xF8, 0xF8, 0x21, 0xFF,
    0x8F, 0x9E, 0x1F, 0xF8, 0x7D, 0xFF, 0xEF, 0x83, 0xCF, 0xFE, 0xF8, 0x3E, 0x7F, 0xC0, 0x00, 0x00,
    0xE0, 0x70, 0x1E, 0x03, 0xBC, 0x0F, 0x03, 0xDE, 0x0F, 0x81, 0xEF, 0x07, 0xE1, 0xF7, 0xC3, 0xF0,
    0xF1, 0xE3, 0xF8, 0x79, 0xFF, 0xFF, 0xFE, 0xFF, 0xFF, 0xFF, 0x1E, 0x7F, 0x9E, 0x3F, 0xFF, 0xFF,
    0xDF, 0xFF, 0xFF, 0xEF, 0xFF, 0xFF, 0xF0, 0xFF, 0x3F, 0xC0, 0x7F, 0x1F, 0xE0, 0x3F, 0x87, 0xF0,
    0x1F, 0xC3, 0xF0, 0x07, 0xE1, 0xF8, 0x03, 0xE0, 0x7C, 0x01, 0xF0, 0x3E, 0x00, 0x00, 0x00, 0x00,
    0x00, 0x00, 0x00, 0x00, 0x00, 0x00, 0x00, 0x00, 0x00, 0x7F, 0x86, 0x7F, 0xC6, 0x60, 0xE6, 0x60,
    0x66, 0x60, 0x66, 0x60, 0x66, 0x66, 0x66, 0x66, 0x66, 0x66, 0x66, 0x66, 0x66, 0x66, 0x66, 0x66,
    0x66, 0x66, 0x66, 0x66, 0x66, 0x66, 0x06, 0x66, 0x06, 0x66, 0x06, 0x66, 0x0E, 0x67, 0xFC, 0x67,
    0xF8, 0x00, 0x00, 0x00, 0x00, 0x00, 0x00, 0x00, 0x00, 0x00, 0x00, 0x00, 0x00, 0x00, 0x1C, 0x01,
    0xFF, 0x03, 0xFF, 0x03, 0xFF, 0x00, 0x3C, 0x0F, 0xBC, 0x1F, 0xFC, 0x3F, 0xFC, 0x7F, 0xFC, 0x7C,
    0x7C, 0x78, 0x3C, 0x78, 0x3C, 0x78, 0x3C, 0x78, 0x3C, 0x78, 0x3C, 0x7C, 0x7C, 0x7F, 0xFC, 0x3F,
    0xFC, 0x1F, 0xFC, 0x07, 0x00, 0x00, 0x00, 0x7F, 0xFC, 0x7F, 0xFC, 0x7F, 0xFC, 0x00, 0x00, 0x00,
    0x00, 0x00, 0x00, 0x00, 0x00, 0x00, 0x00, 0x00, 0x00, 0x03, 0xF0, 0x07, 0xF8, 0x0E, 0x1C, 0x1C,
    0x0E, 0x38, 0x00, 0x38, 0x00, 0x38, 0x00, 0xFF, 0xE0, 0xFF, 0xE0, 0x38, 0x00, 0x38, 0x00, 0xFF,
    0xE0, 0xFF, 0xE0, 0x38, 0x00, 0x38, 0x00, 0x38, 0x00, 0x1C, 0x0E, 0x0E, 0x1C, 0x07, 0xF8, 0x03,
    0xF0, 0x00, 0x00, 0x00, 0x00, 0x00, 0x00, 0x00, 0x00, 0x00, 0x00, 0x00, 0x00, 0x1E, 0x01, 0xE1,
    0xE0, 0x3E, 0x1E, 0x07, 0xC1, 0xE0, 0xFC, 0x1E, 0x1F, 0x81, 0xE3, 0xF0, 0x1E, 0x7E, 0x07, 0xFF,
    0xFC, 0xFF, 0xFF, 0xCF, 0xFF, 0xFC, 0xFF, 0xFF, 0xC1, 0xFF, 0xC0, 0x1F, 0xFE, 0x01, 0xF3, 0xE0,
    0x1E, 0x1F, 0x01, 0xE0, 0xF8, 0x1E, 0x0F, 0xC1, 0xE0, 0x7C, 0x1E, 0x03, 0xE0, 0x00, 0x00, 0x00,
    0x00, 0x00, 0x00, 0x00, 0x00, 0x00, 0x00, 0x00, 0x00, 0x7F, 0xFC, 0x7F, 0xFC, 0x03, 0x80, 0x03,
    0x80, 0x03, 0x80, 0x03, 0x80, 0x03, 0xF8, 0x03, 0xF0, 0x07, 0xC0, 0x1F, 0x80, 0x3F, 0xF8, 0x03,
    0xF0, 0x07, 0xC0, 0x1F, 0x80, 0x3F, 0x80, 0x03, 0x80, 0x03, 0x80, 0x03, 0x80, 0x03, 0x80, 0x03,
    0x80, 0x00, 0x00, 0x00, 0x00, 0x00, 0x00, 0x00, 0x00, 0x00, 0x00, 0x00, 0x00, 0x03, 0xC0, 0x00,
    0x00, 0x00, 0x3C, 0x00, 0x00, 0x00, 0x03, 0xFC, 0x00, 0x00, 0x01, 0xFF, 0xF8, 0x00, 0x00, 0x3F,
    0xFF, 0xC0, 0x00, 0x01, 0xFF, 0xFE, 0x00, 0x00, 0x1B, 0xC3, 0xF0, 0x00, 0x00, 0x3C, 0x1F, 0x03,
    0xF0, 0x03, 0xC0, 0xF8, 0xFF, 0x80, 0x3C, 0x0F, 0x9F, 0xFC, 0x03, 0xC0, 0xF9, 0xFF, 0xE0, 0x3C,
    0x0F, 0xBE, 0x3E, 0x03, 0xC0, 0xFB, 0xC1, 0xE0, 0xFC, 0x0F, 0xBC, 0x1F, 0x3F, 0xC0, 0xFB, 0xC1,
    0xF7, 0xFC, 0x0F, 0xBC, 0x1F, 0x7F, 0xC0, 0xF3, 0xE1, 0xE7, 0x3F, 0x1F, 0x3E, 0x3E, 0x7F, 0xFF,
    0xE3, 0xFF, 0xE7, 0xFF, 0xFC, 0x3F, 0xFC, 0x3F, 0x3F, 0x83, 0xDF, 0x80, 0xC0, 0xE0, 0x3C, 0x60,
    0x00, 0x00, 0x03, 0xC0, 0x00, 0x00, 0x00, 0x3C, 0x00, 0x00, 0x00, 0x03, 0xC0, 0x00, 0x00, 0x00,
    0x3C, 0x00, 0x00, 0x00, 0x00, 0x00, 0x00, 0x1F, 0xC0, 0x0F, 0xFE, 0x03, 0xFF, 0xC0, 0xFF, 0xF8,
    0x3E, 0x3E, 0x1F, 0xFF, 0xE7, 0xFF, 0xF8, 0xF8, 0x7C, 0x7F, 0xFF, 0x9F, 0xFF, 0xE7, 0xFF, 0xF8,
    0xFF, 0xF8, 0x3F, 0xFE, 0x0F, 0xFF, 0x03, 0xFF, 0x00, 0xF8, 0x00, 0x3E, 0x00, 0x0F, 0x80, 0x03,
    0xE0, 0x00, 0x00, 0xC0, 0x00, 0xE0, 0x00, 0xF8, 0x01, 0xFF, 0x01, 0xFF, 0xE1, 0xFF, 0xF1, 0xFF,
    0xFC, 0xFB, 0x9E, 0xF9, 0xCF, 0xFC, 0xE0, 0x3C, 0x70, 0x1E, 0x3F, 0xFF, 0x1F, 0xFF, 0x8F, 0xFF,
    0xE7, 0xFF, 0xF3, 0x9F, 0x7D, 0xCF, 0x3F, 0xFF, 0x8F, 0xFF, 0x83, 0xFF, 0x80, 0xFF, 0x80, 0x0E,
    0x00, 0x07, 0x00, 0x01, 0x80, 0x01, 0xE0, 0x00, 0xFC, 0x00, 0x3F, 0x80, 0x1F, 0xE0, 0x07, 0xF8,
    0x01, 0xFF, 0x00, 0xFF, 0xC0, 0x3E, 0xF0, 0x0F, 0x3E, 0x3F, 0xFF, 0xFF, 0xFF, 0xFC, 0x78, 0x7C,
    0x7F, 0xFF, 0xBF, 0xFF, 0xFF, 0xFF, 0xFD, 0xF0, 0x3E, 0x7C, 0x07, 0xDE, 0x01, 0xFF, 0x80, 0x7C,
    0x07, 0xC0, 0x3F, 0xE0, 0xFF, 0xE3, 0xFF, 0xC7, 0xC7, 0x8F, 0x0F, 0x3F, 0xFF, 0x7F, 0xFF, 0xFF,
    0xFF, 0xFF, 0xFB, 0xFF, 0xFF, 0xFF, 0xFF, 0xFF, 0xEF, 0x80, 0x1E, 0x1F, 0x3E, 0x3E, 0x7F, 0xF8,
    0x7F, 0xF0, 0x7F, 0xC0, 0x3C, 0x00, 0x01, 0xC0, 0x00, 0xE0, 0x00, 0xF8, 0x01, 0xFF, 0x01, 0xFF,
    0xE1, 0xFF, 0xF1, 0xFF, 0xFD, 0xFB, 0x9E, 0xF9, 0xCF, 0xFC, 0xE0, 0x3C, 0x70, 0x1E, 0x38, 0x0F,
    0x1C, 0x07, 0x8E, 0x03, 0xE7, 0x1D, 0xF3, 0x9F, 0x7D, 0xDF, 0x3F, 0xFF, 0x8F, 0xFF, 0x83, 0xFF,
    0x80, 0xFF, 0x80, 0x0E, 0x00, 0x07, 0x00, 0x01, 0x80, 0x7F, 0xFF, 0xFF, 0xFF, 0xFF, 0xFF, 0x7F,
    0xFF, 0x00, 0x00, 0x7F, 0xFF, 0xFF, 0xFF, 0xFF, 0xFF, 0x7F, 0xFF, 0x03, 0xC0, 0x03, 0xC0, 0x03,
    0xC0, 0x03, 0xC0, 0x03, 0xC0, 0x03, 0xC0, 0x03, 0xC0, 0x03, 0xC0, 0x03, 0xC0, 0x03, 0xC0, 0x3F,
    0xF9, 0xFF, 0xF7, 0xFF, 0x9F, 0xFE, 0x03, 0xE1, 0xFF, 0xF7, 0xFF, 0x9F, 0xFE, 0x03, 0xE1, 0xFF,
    0x87, 0xFC, 0x1F, 0xE0, 0x7E, 0x00, 0xF8, 0x01, 0xF0, 0x03, 0xE0, 0x07, 0xC0, 0x0F, 0x80, 0x3E,
    0x00, 0x3C, 0x00, 0xF0, 0x03, 0xD8, 0x0F, 0xE0, 0xFF, 0x83, 0xFC, 0x0F, 0xD8, 0x3F, 0xE0, 0x7F,
    0x83, 0xFC, 0x0F, 0xC3, 0xFF, 0x0F, 0x3C, 0x7C, 0xF1, 0xF3, 0xC7, 0x8F, 0x7E, 0x3F, 0xF0, 0xFF,
    0x83, 0xFC, 0x07, 0x80, 0x03, 0xE0, 0x01, 0xF0, 0x00, 0xF8, 0x00, 0xFE, 0x01, 0xFF, 0x81, 0xFF,
    0xF0, 0xFF, 0xF8, 0xFF, 0xFE, 0x7B, 0xEF, 0x7D, 0xF7, 0xFE, 0xFB, 0xFF, 0x7D, 0xFF, 0x3E, 0xFF,
    0x9F, 0x7C, 0x1F, 0xE0, 0x1F, 0xFE, 0x0F, 0xFF, 0x87, 0xFF, 0xE3, 0xE1, 0xF1, 0xF0, 0x7C, 0xF8,
    0x3E, 0x7C, 0x1F, 0x3E, 0x0F, 0xFF, 0xFF, 0xBF, 0xFF, 0x9F, 0xFF, 0x8F, 0xFF, 0x07, 0xFE, 0x03,
    0xFF, 0x81, 0xFF, 0xC0, 0xFF, 0xE0, 0x1F, 0x00, 0x0F, 0x80, 0x00, 0x03, 0x60, 0x03, 0xB8, 0x01,
    0xFC, 0x01, 0xFF, 0x03, 0xFF, 0xC1, 0xFF, 0xF1, 0xFD, 0xFC, 0xFE, 0xFE, 0xFF, 0x7F, 0x7F, 0xBF,
    0xFF, 0xDF, 0xFF, 0x00, 0x07, 0x80, 0x03, 0xC0, 0x01, 0xF0, 0x00, 0x7C, 0x00, 0xFF, 0xFF, 0xFF,
    0xFF, 0xFF, 0xFF, 0xE0, 0x0D, 0x80, 0x1B, 0x01, 0xFE, 0x07, 0xFF, 0x8F, 0xFF, 0x9F, 0xFF, 0xBE,
    0x1F, 0x7C, 0x1E, 0xF8, 0x3D, 0xF0, 0xFB, 0xFF, 0xE7, 0xFF, 0x8F, 0xFF, 0xDF, 0x1F, 0xBE, 0x0F,
    0xFC, 0x1F, 0xF8, 0x3F, 0xF1, 0xFF, 0xFF, 0xF7, 0xFF, 0xEF, 0xFF, 0x01, 0xB0, 0x03, 0x60, 0x06,
    0xC0, 0x00, 0x00, 0x00, 0x00, 0x00, 0x00, 0x00, 0x00, 0x00, 0x00, 0x00, 0x00, 0x00, 0x00, 0x00,
    0x00, 0x00, 0x00, 0x03, 0x00, 0x07, 0x00, 0x0E, 0x00, 0x1C, 0x00, 0x38, 0x00, 0x7F, 0xFE, 0x7F,
    0xFE, 0x7F, 0xFE, 0x38, 0x00, 0x1C, 0x00, 0x0E, 0x00, 0x07, 0x00, 0x03, 0x00, 0x00, 0x00, 0x00,
    0x00, 0x00, 0x00, 0x00, 0x00, 0x00, 0x00, 0x00, 0x00, 0x00, 0x00, 0x00, 0x00, 0x00, 0x00, 0x00,
    0x00, 0x00, 0x00, 0x00, 0x00, 0x00, 0x00, 0x00, 0x00, 0x00, 0x00, 0x00, 0x00, 0x03, 0x80, 0x07,
    0xC0, 0x0F, 0xE0, 0x1F, 0xF0, 0x3B, 0xB8, 0x73, 0x9C, 0x63, 0x8C, 0x03, 0x80, 0x03, 0x80, 0x03,
    0x80, 0x03, 0x80, 0x03, 0x80, 0x03, 0x80, 0x03, 0x80, 0x03, 0x80, 0x03, 0x80, 0x03, 0x80, 0x03,
    0x80, 0x03, 0x80, 0x03, 0x80, 0x00, 0x00, 0x00, 0x00, 0x00, 0x00, 0x00, 0x00, 0x00, 0x00, 0x00,
    0x00, 0x00, 0x00, 0x00, 0x00, 0x00, 0x00, 0x00, 0x00, 0x00, 0x00, 0x00, 0x00, 0x00, 0x00, 0x00,
    0x00, 0x00, 0x00, 0x00, 0xC0, 0x00, 0xE0, 0x00, 0x70, 0x00, 0x38, 0x00, 0x1C, 0x7F, 0xFE, 0x7F,
    0xFE, 0x7F, 0xFE, 0x00, 0x1C, 0x00, 0x38, 0x00, 0x70, 0x00, 0xE0, 0x00, 0xC0, 0x00, 0x00, 0x00,
    0x00, 0x00, 0x00, 0x00, 0x00, 0x00, 0x00, 0x00, 0x00, 0x00, 0x00, 0x00, 0x00, 0x00, 0x00, 0x00,
    0x00, 0x00, 0x00, 0x00, 0x00, 0x00, 0x00, 0x00, 0x00, 0x00, 0x00, 0x00, 0x00, 0x03, 0x80, 0x03,
    0x80, 0x03, 0x80, 0x03, 0x80, 0x03, 0x80, 0x03, 0x80, 0x03, 0x80, 0x03, 0x80, 0x03, 0x80, 0x03,
    0x80, 0x03, 0x80, 0x03, 0x80, 0x03, 0x80, 0x63, 0x8C, 0x73, 0x9C, 0x3B, 0xB8, 0x1F, 0xF0, 0x0F,
    0xE0, 0x07, 0xC0, 0x03, 0x80, 0x00, 0x00, 0x00, 0x00, 0x00, 0x00, 0x00, 0x00, 0x00, 0x00, 0x00,
    0x00, 0x00, 0x00, 0x00, 0x00, 0x00, 0x00, 0x00, 0x00, 0x00, 0x00, 0x00, 0x00, 0x00, 0x00, 0x00,
    0x00, 0x00, 0x00, 0x06, 0x60, 0x0E, 0x70, 0x1C, 0x38, 0x38, 0x1C, 0x70, 0x0E, 0xFF, 0xFF, 0xFF,
    0xFF, 0xFF, 0xFF, 0x70, 0x0E, 0x38, 0x1C, 0x1C, 0x38, 0x0E, 0x70, 0x06, 0x60, 0x00, 0x00, 0x00,
    0x00, 0x00, 0x00, 0x00, 0x00, 0x00, 0x00, 0x00, 0x00, 0x00, 0x00, 0x00, 0x00, 0x00, 0x00, 0x00,
    0x00, 0x00, 0x00, 0x00, 0x00, 0x00, 0x00, 0x00, 0x00, 0x00, 0x00, 0x00, 0x00, 0x03, 0x80, 0x07,
    0xC0, 0x0F, 0xE0, 0x1F, 0xF0, 0x3B, 0xB8, 0x73, 0x9C, 0x63, 0x8C, 0x03, 0x80, 0x03, 0x80, 0x03,
    0x80, 0x03, 0x80, 0x03, 0x80, 0x03, 0x80, 0x63, 0x8C, 0x73, 0x9C, 0x3B, 0xB8, 0x1F, 0xF0, 0x0F,
    0xE0, 0x07, 0xC0, 0x03, 0x80, 0x00, 0x00, 0x00, 0x00, 0x00, 0x00, 0x00, 0x00, 0x00, 0x00, 0x00,
    0x00, 0x7F, 0xFC, 0xFF, 0xF9, 0xFF, 0xF3, 0xFF, 0xE7, 0xE0, 0x0F, 0xE0, 0x1F, 0xE0, 0x3B, 0xE0,
    0x73, 0xE0, 0xE3, 0xE1, 0xC3, 0xE3, 0x83, 0xE7, 0x03, 0xE0, 0x03, 0x80, 0x00, 0x00, 0x3F, 0xFE,
    0xFF, 0xFD, 0xFF, 0xF9, 0xFF, 0xF0, 0x0F, 0xE0, 0x3F, 0xC0, 0xFF, 0x83, 0xEF, 0x0F, 0x9E, 0x3E,
    0x3C, 0xF8, 0x7B, 0xE0, 0xF7, 0x81, 0xE6, 0x00, 0x00, 0x00, 0x00, 0x20, 0x00, 0xE0, 0x3B, 0xE0,
    0x7B, 0xE0, 0xF3, 0xE1, 0xE3, 0xE3, 0xC3, 0xE7, 0x83, 0xEF, 0x03, 0xFE, 0x03, 0xFC, 0x03, 0xFB,
    0xFF, 0xF7, 0xFF, 0xEF, 0xFF, 0xC0, 0x00, 0x08, 0xE0, 0x39, 0xC0, 0xFB, 0x83, 0xE7, 0x0F, 0x8E,
    0x3E, 0x1C, 0xF8, 0x3B, 0xE0, 0x7F, 0x80, 0xFE, 0x01, 0xF8, 0x03, 0xFF, 0xE7, 0xFF, 0xCF, 0xFF,
    0x80, 0x00, 0x00, 0x00, 0x00, 0x00, 0x00, 0x00, 0x00, 0x00, 0x00, 0x00, 0x00, 0x00, 0x00, 0x00,
    0x00, 0x00, 0x00, 0x03, 0x06, 0x07, 0x06, 0x0E, 0x06, 0x1C, 0x06, 0x38, 0x06, 0x7F, 0xFE, 0x7F,
    0xFE, 0x7F, 0xFE, 0x38, 0x06, 0x1C, 0x06, 0x0E, 0x06, 0x07, 0x06, 0x03, 0x06, 0x00, 0x00, 0x00,
    0x00, 0x00, 0x00, 0x00, 0x00, 0x00, 0x00, 0x00, 0x00, 0x00, 0x00, 0x00, 0x00, 0x00, 0x00, 0x00,
    0x00, 0x00, 0x00, 0x00, 0x00, 0x00, 0x00, 0x00, 0x00, 0x00, 0x00, 0x00, 0x00, 0x00, 0x00, 0x00,
    0x00, 0x00, 0x00, 0x60, 0xC0, 0x60, 0xE0, 0x60, 0x70, 0x60, 0x38, 0x60, 0x1C, 0x7F, 0xFE, 0x7F,
    0xFE, 0x7F, 0xFE, 0x60, 0x1C, 0x60, 0x38, 0x60, 0x70, 0x60, 0xE0, 0x60, 0xC0, 0x00, 0x00, 0x00,
    0x00, 0x00, 0x00, 0x00, 0x00, 0x00, 0x00, 0x00, 0x00, 0x00, 0x00, 0x00, 0x00, 0x00, 0x00, 0x00,
    0x00, 0x00, 0x00, 0x00, 0x00, 0x00, 0x00, 0x00, 0x00, 0x00, 0x00, 0x00, 0x00, 0x03, 0x80, 0x07,
    0xC0, 0x0F, 0xE0, 0x1F, 0xF0, 0x3B, 0xB8, 0x73, 0x9C, 0x63, 0x8C, 0x03, 0x80, 0x03, 0x80, 0x03,
    0x80, 0x03, 0x80, 0x63, 0x8C, 0x73, 0x9C, 0x3B, 0xB8, 0x1F, 0xF0, 0x0F, 0xE0, 0x07, 0xC0, 0x03,
    0x80, 0x7F, 0xFC, 0x7F, 0xFC, 0x00, 0x00, 0x00, 0x00, 0x00, 0x00, 0x00, 0x00, 0x00, 0x00, 0x00,
    0x00, 0x00, 0x00, 0x78, 0x00, 0x00, 0x3F, 0x00, 0x30, 0x1F, 0xC0, 0x3C, 0x0F, 0xE0, 0x3E, 0x00,
    0x78, 0x3E, 0x00, 0x3C, 0x3E, 0x00, 0x1E, 0x3E, 0x00, 0x0F, 0x3E, 0x00, 0x0F, 0xBF, 0xFF, 0xFF,
    0xBF, 0xFF, 0xFF, 0xDF, 0xFF, 0xFF, 0xC7, 0xFF, 0xFF, 0x81, 0xF0, 0x00, 0x00, 0x7C, 0x00, 0x00,
    0x1F, 0x00, 0x00, 0x07, 0xC0, 0x00, 0x01, 0xF0, 0x00, 0x00, 0x78, 0x00, 0x00, 0x18, 0x00, 0x00,
    0x0F, 0x00, 0x00, 0x1F, 0x80, 0x00, 0x1F, 0xC0, 0x40, 0x1F, 0xC0, 0x70, 0x0F, 0x00, 0x7C, 0x07,
    0x80, 0x1F, 0x03, 0xC0, 0x07, 0xC1, 0xE0, 0x01, 0xF0, 0xF0, 0x00, 0x7C, 0x3F, 0xFF, 0xFF, 0x1F,
    0xFF, 0xFF, 0xC7, 0xFF, 0xFF, 0xE0, 0xFF, 0xFF, 0xE0, 0x00, 0x01, 0xE0, 0x00, 0x03, 0xE0, 0x00,
    0x03, 0xE0, 0x00, 0x03, 0xE0, 0x00, 0x03, 0xE0, 0x00, 0x00, 0xE0, 0x00, 0x00, 0x20, 0x00, 0x02,
    0x00, 0x00, 0x30, 0x00, 0x03, 0x80, 0x00, 0x3C, 0x00, 0x03, 0xFF, 0xFF, 0xBF, 0xFF, 0xFF, 0xFF,
    0xFF, 0xEF, 0xFF, 0xFF, 0x3E, 0x00, 0x78, 0xF0, 0x03, 0xC3, 0x80, 0x1E, 0x0C, 0x00, 0xF0, 0x00,
    0x07, 0x80, 0x00, 0x3C, 0x00, 0x01, 0xE0, 0x00, 0x0F, 0x00, 0x00, 0x78, 0x00, 0x03, 0xC0, 0x00,
    0x1E, 0x00, 0x02, 0x00, 0x00, 0x18, 0x00, 0x00, 0xE0, 0x00, 0x07, 0xCF, 0xFF, 0xFF, 0x7F, 0xFF,
    0xFF, 0xFF, 0xFF, 0xFF, 0xFF, 0xFE, 0xF0, 0x03, 0xE7, 0x80, 0x1E, 0x3C, 0x00, 0xE1, 0xE0, 0x06,
    0x0F, 0x00, 0x00, 0x78, 0x00, 0x03, 0xC0, 0x00, 0x1E, 0x00, 0x00, 0xF0, 0x00, 0x07, 0x80, 0x00,
    0x3C, 0x00, 0x00, 0x00, 0x00, 0x00, 0x00, 0x00, 0x00, 0x00, 0x00, 0x00, 0x00, 0x00, 0x00, 0x00,
    0x0E, 0x00, 0x0E, 0x00, 0x0E, 0x00, 0x0E, 0x00, 0x0E, 0x00, 0x0E, 0x00, 0x0E, 0x03, 0x0E, 0x07,
    0x0E, 0x0E, 0x0E, 0x1C, 0x0E, 0x38, 0x0E, 0x7F, 0xFE, 0x7F, 0xFE, 0x7F, 0xFE, 0x38, 0x00, 0x1C,
    0x00, 0x0E, 0x00, 0x07, 0x00, 0x03, 0x00, 0x00, 0x00, 0x00, 0x00, 0x00, 0x00, 0x00, 0x00, 0x00,
    0x00, 0x00, 0x00, 0x00, 0x00, 0x00, 0x00, 0x00, 0x00, 0x00, 0x00, 0x00, 0x00, 0x00, 0x00, 0x70,
    0x00, 0x70, 0x00, 0x70, 0x00, 0x70, 0x00, 0x70, 0x00, 0x70, 0x00, 0x70, 0x00, 0x70, 0xC0, 0x70,
    0xE0, 0x70, 0x70, 0x70, 0x38, 0x70, 0x1C, 0x7F, 0xFE, 0x7F, 0xFE, 0x7F, 0xFE, 0x00, 0x1C, 0x00,
    0x38, 0x00, 0x70, 0x00, 0xE0, 0x00, 0xC0, 0x00, 0x00, 0x00, 0x00, 0x00, 0x00, 0x00, 0x00, 0x00,
    0x00, 0x00, 0x00, 0x7F, 0xF8, 0x3F, 0xFF, 0x0F, 0xFF, 0xC3, 0xFF, 0xF0, 0x00, 0x3C, 0x00, 0x0F,
    0x00, 0x03, 0xC0, 0x00, 0xF0, 0x00, 0x3C, 0x00, 0x0F, 0x00, 0x03, 0xC0, 0x00, 0xF0, 0x00, 0x3C,
    0x00, 0xFF, 0xF0, 0x1F, 0xF8, 0x03, 0xFC, 0x00, 0x7E, 0x00, 0x0F, 0x00, 0x01, 0x80, 0x00, 0x00,
    0x00, 0x00, 0x00, 0x00, 0x00, 0x00, 0x00, 0x00, 0x00, 0x00, 0x00, 0x00, 0x00, 0x00, 0x00, 0x00,
    0x00, 0x00, 0x00, 0x0E, 0x00, 0x0E, 0x00, 0x0E, 0x00, 0x0E, 0x03, 0x0E, 0x07, 0x0E, 0x0E, 0x0E,
    0x1C, 0x0E, 0x38, 0x0E, 0x7F, 0xFE, 0x7F, 0xFE, 0x7F, 0xFE, 0x38, 0x00, 0x1C, 0x00, 0x0E, 0x00,
    0x07, 0x00, 0x03, 0x00, 0x00, 0x00, 0x00, 0x00, 0x00, 0x00, 0x00, 0x00, 0x00, 0x00, 0x00, 0x00,
    0x00, 0x00, 0x00, 0x0C, 0x00, 0x03, 0x80, 0x00, 0xF0, 0x00, 0x3E, 0x00, 0x0F, 0xF8, 0x03, 0xFF,
    0xC0, 0x3F, 0xFC, 0x03, 0xEF, 0xC0, 0x3C, 0x78, 0x03, 0x87, 0x80, 0x30, 0xF0, 0x00, 0x1E, 0x00,
    0x01, 0xFC, 0x00, 0x3B, 0x80, 0x0F, 0x78, 0x01, 0xEF, 0x00, 0x7C, 0xF0, 0x1F, 0x1F, 0x8F, 0xC1,
    0xFF, 0xF8, 0x1F, 0xFC, 0x00, 0xFF, 0x00, 0x00, 0x00, 0x00, 0x00, 0x00, 0x00, 0x00, 0x00, 0x00,
    0x00, 0x00, 0x00, 0x00, 0x00, 0x00, 0x00, 0x00, 0x00, 0x7F, 0x80, 0x7F, 0x80, 0x1F, 0x80, 0x3F,
    0x8C, 0x3B, 0x8C, 0x73, 0x8E, 0x70, 0x0E, 0x70, 0x0E, 0x70, 0x0E, 0x70, 0x0E, 0x38, 0x1C, 0x3C,
    0x3C, 0x1F, 0xF8, 0x07, 0xE0, 0x00, 0x00, 0x00, 0x00, 0x00, 0x00, 0x00, 0x00, 0x00, 0x00, 0x00,
    0x00, 0x00, 0x00, 0x00, 0x00, 0x00, 0x00, 0x00, 0x00, 0x00, 0x00, 0x00, 0x00, 0x00, 0x00, 0x00,
    0x00, 0x00, 0x00, 0x00, 0x00, 0x00, 0x00, 0x08, 0x00, 0x18, 0x00, 0x38, 0x00, 0x70, 0x00, 0xFF,
    0xFE, 0xFF, 0xFE, 0xFF, 0xFE, 0x00, 0x00, 0x00, 0x00, 0xFF, 0xFE, 0xFF, 0xFE, 0xFF, 0xFE, 0x00,
    0x1C, 0x00, 0x38, 0x00, 0x30, 0x00, 0x20, 0x00, 0x00, 0x00, 0x00, 0x00, 0x00, 0x00, 0x00, 0x00,
    0x00, 0x00, 0x00, 0x00, 0x00, 0x00, 0x00, 0x00, 0x00, 0x00, 0x00, 0x00, 0x00, 0x00, 0x00, 0x00,
    0x00, 0x00, 0x00, 0x00, 0x00, 0x00, 0x00, 0x00, 0x20, 0x00, 0x30, 0x00, 0x38, 0x00, 0x1C, 0xFF,
    0xFE, 0xFF, 0xFE, 0xFF, 0xFE, 0x00, 0x00, 0x00, 0x00, 0xFF, 0xFE, 0xFF, 0xFE, 0xFF, 0xFE, 0x70,
    0x00, 0x38, 0x00, 0x18, 0x00, 0x08, 0x00, 0x00, 0x00, 0x00, 0x00, 0x00, 0x00, 0x00, 0x00, 0x00,
    0x00, 0x00, 0x00, 0x00, 0x00, 0x00, 0x00, 0x00, 0x00, 0x00, 0x00, 0x00, 0x00, 0x00, 0x00, 0x00,
    0x00, 0x00, 0x00, 0x00, 0x00, 0x00, 0x00, 0x00, 0x00, 0x00, 0x00, 0x06, 0x00, 0x0E, 0x00, 0x1F,
    0xFE, 0x3F, 0xFE, 0x7F, 0xFE, 0xF8, 0x00, 0xF8, 0x00, 0x7F, 0xFE, 0x3F, 0xFE, 0x1F, 0xFE, 0x0E,
    0x00, 0x06, 0x00, 0x00, 0x00, 0x00, 0x00, 0x00, 0x00, 0x00, 0x00, 0x00, 0x00, 0x00, 0x00, 0x00,
    0x00, 0x00, 0x00, 0x00, 0x00, 0x00, 0x00, 0x00, 0x00, 0x00, 0x00, 0x00, 0x00, 0x00, 0x00, 0x00,
    0x00, 0x00, 0x00, 0x01, 0x80, 0x03, 0xC0, 0x07, 0xE0, 0x0F, 0xF0, 0x1F, 0xF8, 0x3E, 0x7C, 0x3E,
    0x7C, 0x0E, 0x70, 0x0E, 0x70, 0x0E, 0x70, 0x0E, 0x70, 0x0E, 0x70, 0x0E, 0x70, 0x0E, 0x70, 0x0E,
    0x70, 0x0E, 0x70, 0x0E, 0x70, 0x0E, 0x70, 0x0E, 0x70, 0x0E, 0x70, 0x00, 0x00, 0x00, 0x00, 0x00,
    0x00, 0x00, 0x00, 0x00, 0x00, 0x00, 0x00, 0x00, 0x00, 0x00, 0x00, 0x00, 0x00, 0x00, 0x00, 0x00,
    0x00, 0x00, 0x00, 0x00, 0x00, 0x00, 0x00, 0x00, 0x00, 0x00, 0x00, 0x00, 0xC0, 0x00, 0xE0, 0xFF,
    0xF0, 0xFF, 0xF8, 0xFF, 0xFC, 0x00, 0x3E, 0x00, 0x3E, 0xFF, 0xFC, 0xFF, 0xF8, 0xFF, 0xF0, 0x00,
    0xE0, 0x00, 0xC0, 0x00, 0x00, 0x00, 0x00, 0x00, 0x00, 0x00, 0x00, 0x00, 0x00, 0x00, 0x00, 0x00,
    0x00, 0x00, 0x00, 0x00, 0x00, 0x00, 0x00, 0x00, 0x00, 0x00, 0x00, 0x00, 0x00, 0x00, 0x00, 0x00,
    0x00, 0x00, 0x00, 0x0E, 0x70, 0x0E, 0x70, 0x0E, 0x70, 0x0E, 0x70, 0x0E, 0x70, 0x0E, 0x70, 0x0E,
    0x70, 0x0E, 0x70, 0x0E, 0x70, 0x0E, 0x70, 0x0E, 0x70, 0x0E, 0x70, 0x0E, 0x70, 0x3E, 0x7C, 0x3E,
    0x7C, 0x1F, 0xF8, 0x0F, 0xF0, 0x07, 0xE0, 0x03, 0xC0, 0x01, 0x80, 0x00, 0x00, 0x00, 0x00, 0x00,
    0x00, 0x00, 0x00, 0x00, 0x00, 0x00, 0x00, 0x00, 0x00, 0x00, 0x00, 0x00, 0x00, 0x00, 0x00, 0x00,
    0x00, 0x00, 0x00, 0x00, 0x00, 0x00, 0x00, 0x00, 0x00, 0x00, 0x00, 0x06, 0x60, 0x0E, 0x70, 0x1F,
    0xF8, 0x3F, 0xFC, 0x7F, 0xFE, 0xF8, 0x1F, 0xF8, 0x1F, 0x7F, 0xFE, 0x3F, 0xFC, 0x1F, 0xF8, 0x0E,
    0x70, 0x06, 0x60, 0x00, 0x00, 0x00, 0x00, 0x00, 0x00, 0x00, 0x00, 0x00, 0x00, 0x00, 0x00, 0x00,
    0x00, 0x00, 0x00, 0x00, 0x00, 0x00, 0x00, 0x00, 0x00, 0x00, 0x00, 0x00, 0x00, 0x00, 0x00, 0x00,
    0x00, 0x00, 0x00, 0x01, 0x80, 0x03, 0xC0, 0x07, 0xE0, 0x0F, 0xF0, 0x1F, 0xF8, 0x3E, 0x7C, 0x3E,
    0x7C, 0x0E, 0x70, 0x0E, 0x70, 0x0E, 0x70, 0x0E, 0x70, 0x0E, 0x70, 0x0E, 0x70, 0x3E, 0x7C, 0x3E,
    0x7C, 0x1F, 0xF8, 0x0F, 0xF0, 0x07, 0xE0, 0x03, 0xC0, 0x01, 0x80, 0x00, 0x00, 0x00, 0x00, 0x00,
    0x00, 0x00, 0x00, 0x00, 0x00, 0x00, 0x00, 0x03, 0x00, 0x3C, 0x03, 0xF0, 0x3F, 0xC3, 0xFF, 0x3F,
    0xFD, 0xFF, 0xC0, 0xF0, 0x3F, 0xE1, 0xFF, 0x0F, 0xF8, 0x0F, 0x01, 0xFE, 0x1F, 0xF0, 0xFF, 0x87,
    0xFC, 0x07, 0x80, 0x3C, 0x01, 0xE0, 0x07, 0x00, 0x3C, 0x01, 0xE0, 0x0F, 0x03, 0xFE, 0x1F, 0xF0,
    0xFF, 0x80, 0xF0, 0x3F, 0xE1, 0xFF, 0x0F, 0xF8, 0x3F, 0xC0, 0x78, 0x3F, 0xFD, 0xFF, 0xC7, 0xFC,
    0x1F, 0xC0, 0x7C, 0x01, 0xC0, 0x04, 0x00, 0x00, 0x00, 0x03, 0x80, 0x80, 0x0E, 0x06, 0x00, 0x38,
    0x38, 0x00, 0xE1, 0xE0, 0x03, 0x8F, 0xFF, 0xFE, 0x7F, 0xFF, 0xF9, 0xFF, 0xFF, 0xE3, 0xFF, 0xFF,
    0x87, 0x80, 0x0E, 0x0E, 0x00, 0x38, 0x18, 0x00, 0xE0, 0x20, 0x00, 0x00, 0x00, 0x00, 0x00, 0x40,
    0x70, 0x01, 0x81, 0xC0, 0x07, 0x07, 0x00, 0x1E, 0x1F, 0xFF, 0xFC, 0x7F, 0xFF, 0xF9, 0xFF, 0xFF,
    0xE7, 0xFF, 0xFF, 0x1C, 0x00, 0x78, 0x70, 0x01, 0xC1, 0xC0, 0x06, 0x07, 0x00, 0x10, 0x1C, 0x00,
    0x08, 0x00, 0x00, 0x0E, 0x00, 0x00, 0x0F, 0x80, 0x00, 0x0F, 0xE0, 0x00, 0x0F, 0xF8, 0x00, 0x0F,
    0x9E, 0x00, 0x0F, 0x87, 0x80, 0x0F, 0x81, 0xE0, 0x0F, 0x80, 0x78, 0x0F, 0x80, 0x1E, 0x0F, 0xF0,
    0x7F, 0x8F, 0xF8, 0x3F, 0xE7, 0xFC, 0x1F, 0xF0, 0x1E, 0x0F, 0x00, 0x0F, 0x07, 0x80, 0x07, 0x83,
    0xC0, 0x03, 0xC1, 0xE0, 0x01, 0xFF, 0xF0, 0x00, 0xFF, 0xF8, 0x00, 0x7F, 0xFC, 0x00, 0x00, 0x08,
    0x00, 0x00, 0x0E, 0x00, 0x00, 0x0F, 0x80, 0x00, 0x0F, 0xE0, 0x00, 0x0F, 0xF8, 0x00, 0x0F, 0x9E,
    0x00, 0x0F, 0x87, 0x80, 0x0F, 0x81, 0xE0, 0x0F, 0x80, 0x78, 0x0F, 0x80, 0x1E, 0x0F, 0xF0, 0x7F,
    0x8F, 0xF8, 0x3F, 0xE7, 0xFC, 0x1F, 0xF0, 0x1E, 0x0F, 0x00, 0x0F, 0xFF, 0x80, 0x07, 0xFF, 0xC0,
    0x03, 0xFF, 0xE0, 0x00, 0x00, 0x00, 0x00, 0x7F, 0xF8, 0x00, 0x7F, 0xFC, 0x00, 0x3F, 0xFE, 0x00,
    0x1E, 0x0F, 0x00, 0x0F, 0xFF, 0x80, 0x07, 0xFF, 0xC0, 0x03, 0xFF, 0xE0, 0x00, 0x00, 0x00, 0x00,
    0x00, 0x00, 0x00, 0x00, 0x00, 0x00, 0x00, 0x00, 0x00, 0x70, 0x0E, 0x70, 0x0E, 0x70, 0x0E, 0x70,
    0x0E, 0x38, 0x1C, 0x38, 0x1C, 0x3F, 0xFC, 0x3F, 0xFC, 0x1C, 0x38, 0x1C, 0x38, 0x1C, 0x38, 0x0C,
    0x30, 0x0E, 0x70, 0x0E, 0x70, 0x06, 0x60, 0x06, 0x60, 0x07, 0xE0, 0x03, 0xC0, 0x03, 0xC0, 0x03,
    0xC0, 0x00, 0x00, 0x00, 0x00, 0x00, 0x00, 0x00, 0x00, 0x00, 0x00, 0x00, 0x00, 0x0F, 0x80, 0xFF,
    0x83, 0xFF, 0x07, 0xFC, 0x00, 0xF8, 0x01, 0xE0, 0xFB, 0xC7, 0xFF, 0x3F, 0xFD, 0xFF, 0xF7, 0x87,
    0xDE, 0x0F, 0x78, 0x3D, 0xE0, 0xF7, 0x87, 0xDF, 0x1E, 0x3F, 0xF8, 0xFF, 0xC1, 0xFE, 0x00, 0xE0,
    0x00, 0x00, 0x00, 0x00, 0x00, 0x00, 0x00, 0x00, 0x00, 0x00, 0x00, 0x00, 0x7F, 0xFC, 0x7F, 0xFC,
    0x00, 0x1C, 0x00, 0x1C, 0x00, 0x1C, 0x00, 0x1C, 0x00, 0x1C, 0x00, 0x1C, 0x00, 0x1C, 0x7F, 0xFC,
    0x7F, 0xFC, 0x00, 0x1C, 0x00, 0x1C, 0x00, 0x1C, 0x00, 0x1C, 0x00, 0x1C, 0x00, 0x1C, 0x00, 0x1C,
    0x7F, 0xFC, 0x7F, 0xFC, 0x00, 0x00, 0x00, 0x00, 0x00, 0x00, 0x00, 0x00, 0x00, 0x00, 0x00, 0x00,
    0x00, 0x00, 0x00, 0x00, 0x00, 0x00, 0x00, 0x1C, 0x00, 0x1C, 0x00, 0x3C, 0x7F, 0xFC, 0x7F, 0xFC,
    0x00, 0x7C, 0x00, 0xFC, 0x00, 0xDC, 0x01, 0xDC, 0x01, 0xDC, 0x03, 0x9C, 0x03, 0x9C, 0x7F, 0xFC,
    0x7F, 0xFC, 0x07, 0x1C, 0x07, 0x1C, 0x0E, 0x1C, 0x0E, 0x1C, 0x1C, 0x1C, 0x1C, 0x1C, 0x38, 0x1C,
    0x7F, 0xFC, 0x7F, 0xFC, 0x70, 0x00, 0xE0, 0x00, 0xE0, 0x00, 0x00, 0x00, 0x00, 0x00, 0x00, 0x00,
    0x00, 0x00, 0x00, 0x00, 0x00, 0x00, 0x00, 0x00, 0x00, 0x00, 0x00, 0x00, 0x00, 0x1C, 0x00, 0x1C,
    0x00, 0x38, 0x00, 0x38, 0x0F, 0xF0, 0x1F, 0xF8, 0x38, 0xFC, 0x38, 0xFC, 0x39, 0xDC, 0x39, 0xDC,
    0x3B, 0x9C, 0x3B, 0x9C, 0x3F, 0x1C, 0x3F, 0x1C, 0x1F, 0xF8, 0x0F, 0xF0, 0x1C, 0x00, 0x1C, 0x00,
    0x38, 0x00, 0x38, 0x00, 0x00, 0x00, 0x00, 0x00, 0x00, 0x00, 0x00, 0x00, 0x00, 0x00, 0x00, 0x00,
    0x00, 0x00, 0x00, 0x00, 0x00, 0x00, 0x00, 0x00, 0x00, 0x00, 0x00, 0x00, 0x03, 0x80, 0x03, 0x80,
    0x03, 0x80, 0x07, 0xC0, 0x07, 0xC0, 0x07, 0xC0, 0x0E, 0xE0, 0x0E, 0xE0, 0x0E, 0xE0, 0x1C, 0x70,
    0x1C, 0x70, 0x1C, 0x70, 0x38, 0x38, 0x38, 0x38, 0x38, 0x38, 0x70, 0x1C, 0x70, 0x1C, 0x70, 0x1C,
    0x7F, 0xFC, 0x7F, 0xFC, 0x00, 0x00, 0x00, 0x00, 0x00, 0x00, 0x00, 0x00, 0x00, 0x00, 0x00, 0x00,
    0x00, 0x00, 0x00, 0x00, 0x00, 0x00, 0x00, 0x00, 0x00, 0x00, 0x00, 0x00, 0x7F, 0xFC, 0x7F, 0xFC,
    0x70, 0x1C, 0x70, 0x1C, 0x70, 0x1C, 0x38, 0x38, 0x38, 0x38, 0x38, 0x38, 0x1C, 0x70, 0x1C, 0x70,
    0x1C, 0x70, 0x0E, 0xE0, 0x0E, 0xE0, 0x0E, 0xE0, 0x07, 0xC0, 0x07, 0xC0, 0x07, 0xC0, 0x03, 0x80,
    0x03, 0x80, 0x03, 0x80, 0x00, 0x00, 0x00, 0x00, 0x00, 0x00, 0x00, 0x00, 0x00, 0x00, 0x00, 0x00,
    0x00, 0x00, 0x00, 0x00, 0x00, 0x00, 0x00, 0x00, 0x00, 0x00, 0x00, 0x00, 0x03, 0xFC, 0x0F, 0xFC,
    0x1E, 0x00, 0x38, 0x00, 0x38, 0x00, 0x70, 0x00, 0x70, 0x00, 0x70, 0x00, 0x70, 0x00, 0x7F, 0xFC,
    0x7F, 0xFC, 0x70, 0x00, 0x70, 0x00, 0x70, 0x00, 0x70, 0x00, 0x38, 0x00, 0x38, 0x00, 0x1E, 0x00,
    0x0F, 0xFC, 0x03, 0xFC, 0x00, 0x00, 0x00, 0x00, 0x00, 0x00, 0x00, 0x00, 0x00, 0x00, 0x00, 0x00,
    0x00, 0x00, 0x00, 0x00, 0x00, 0x00, 0x00, 0x0E, 0x00, 0x0E, 0x00, 0x1C, 0x03, 0xFC, 0x0F, 0xFC,
    0x1E, 0x38, 0x38, 0x70, 0x38, 0x70, 0x70, 0xE0, 0x70, 0xE0, 0x71, 0xC0, 0x71, 0xC0, 0x7F, 0xFC,
    0x7F, 0xFC, 0x73, 0x80, 0x73, 0x80, 0x77, 0x00, 0x77, 0x00, 0x3E, 0x00, 0x3E, 0x00, 0x1E, 0x00,
    0x1F, 0xFC, 0x3B, 0xFC, 0x38, 0x00, 0x70, 0x00, 0x70, 0x00, 0x00, 0x00, 0x00, 0x00, 0x00, 0x00,
    0x00, 0x00, 0x00, 0x00, 0x00, 0x00, 0x00, 0x00, 0x00, 0x00, 0x00, 0x00, 0x00, 0x00, 0x00, 0x00,
    0x00, 0x00, 0x07, 0xFC, 0x1F, 0xFC, 0x3C, 0x00, 0x38, 0x00, 0x70, 0x00, 0x70, 0x00, 0x7F, 0xFC,
    0x7F, 0xFC, 0x70, 0x00, 0x70, 0x00, 0x38, 0x00, 0x3C, 0x00, 0x1F, 0xFC, 0x07, 0xFC, 0x00, 0x00,
    0x00, 0x00, 0x00, 0x00, 0x00, 0x00, 0x00, 0x00, 0x00, 0x00, 0x00, 0x00, 0x00, 0x00, 0x00, 0x00,
    0x00, 0x00, 0x00, 0x00, 0x00, 0x00, 0x00, 0x00, 0x00, 0x00, 0x00, 0x00, 0x7F, 0x80, 0x7F, 0xE0,
    0x00, 0xF0, 0x00, 0x38, 0x00, 0x38, 0x00, 0x1C, 0x00, 0x1C, 0x00, 0x1C, 0x00, 0x1C, 0x7F, 0xFC,
    0x7F, 0xFC, 0x00, 0x1C, 0x00, 0x1C, 0x00, 0x1C, 0x00, 0x1C, 0x00, 0x38, 0x00, 0x38, 0x00, 0xF0,
    0x7F, 0xE0, 0x7F, 0x80, 0x00, 0x00, 0x00, 0x00, 0x00, 0x00, 0x00, 0x00, 0x00, 0x00, 0x00, 0x00,
    0x00, 0x00, 0x00, 0x00, 0x00, 0x00, 0xE0, 0x00, 0xE0, 0x00, 0x70, 0x00, 0x7F, 0x80, 0x7F, 0xE0,
    0x38, 0xF0, 0x1C, 0x38, 0x1C, 0x38, 0x0E, 0x1C, 0x0E, 0x1C, 0x07, 0x1C, 0x07, 0x1C, 0x7F, 0xFC,
    0x7F, 0xFC, 0x03, 0x9C, 0x03, 0x9C, 0x01, 0xDC, 0x01, 0xDC, 0x00, 0xF8, 0x00, 0xF8, 0x00, 0xF0,
    0x7F, 0xF0, 0x7F, 0xB8, 0x00, 0x38, 0x00, 0x1C, 0x00, 0x1C, 0x00, 0x00, 0x00, 0x00, 0x00, 0x00,
    0x00, 0x00, 0x00, 0x00, 0x00, 0x00, 0x00, 0x00, 0x00, 0x00, 0x00, 0x00, 0x00, 0x00, 0x00, 0x00,
    0x00, 0x00, 0x7F, 0xC0, 0x7F, 0xF0, 0x00, 0x78, 0x00, 0x38, 0x00, 0x1C, 0x00, 0x1C, 0x7F, 0xFC,
    0x7F, 0xFC, 0x00, 0x1C, 0x00, 0x1C, 0x00, 0x38, 0x00, 0x78, 0x7F, 0xF0, 0x7F, 0xC0, 0x00, 0x00,
    0x00, 0x00, 0x00, 0x00, 0x00, 0x00, 0x00, 0x00, 0x00, 0x00, 0x00, 0x00, 0x00, 0x00, 0x00, 0x00,
    0x7F, 0xFD, 0xFF, 0xFF, 0xFF, 0xFF, 0xFF, 0xFF, 0x83, 0xFF, 0x07, 0xFE, 0x0F, 0xFC, 0x1F, 0xF8,
    0x3F, 0xF0, 0x7F, 0xE0, 0xFF, 0xC1, 0xFF, 0x83, 0xFF, 0x07, 0xFE, 0x0F, 0xFC, 0x1F, 0xF8, 0x3F,
    0xF0, 0x7F, 0xE0, 0xFF, 0xC1, 0xFF, 0x83, 0xFF, 0x07, 0xDC, 0x07, 0x00, 0x7F, 0xFE, 0xFF, 0xFF,
    0xFF, 0xFF, 0x7F, 0xFE, 0x3E, 0x00, 0x1F, 0x00, 0x1F, 0x80, 0x0F, 0x80, 0x07, 0xC0, 0x03, 0xE0,
    0x01, 0xF0, 0x01, 0xF0, 0x01, 0xF0, 0x03, 0xE0, 0x07, 0xC0, 0x0F, 0x80, 0x0F, 0x80, 0x1F, 0x00,
    0x3E, 0x00, 0x7F, 0xFF, 0xFF, 0xFF, 0xFF, 0xFF, 0x7F, 0xFF, 0x00, 0x00, 0x00, 0x00, 0x00, 0x00,
    0x00, 0x00, 0x00, 0x00, 0x00, 0x00, 0x00, 0x00, 0x00, 0x00, 0x00, 0x00, 0x00, 0x00, 0x00, 0x00,
    0x00, 0x00, 0x00, 0x00, 0x00, 0x00, 0x00, 0x00, 0x7F, 0xFC, 0x7F, 0xFC, 0x00, 0x00, 0x00, 0x00,
    0x00, 0x00, 0x00, 0x00, 0x00, 0x00, 0x00, 0x00, 0x00, 0x00, 0x00, 0x00, 0x00, 0x00, 0x00, 0x00,
    0x00, 0x00, 0x00, 0x00, 0x00, 0x00, 0x00, 0x00, 0x00, 0x00, 0x00, 0x00, 0x00, 0x00, 0x00, 0x00,
    0x00, 0x00, 0x00, 0x00, 0x00, 0x00, 0x00, 0x00, 0x00, 0x00, 0x00, 0x00, 0x00, 0x00, 0x7F, 0xFC,
    0x7F, 0xFC, 0x00, 0x00, 0x00, 0x00, 0x03, 0x80, 0x03, 0x80, 0x03, 0x80, 0x03, 0x80, 0x03, 0x80,
    0x7F, 0xFC, 0x7F, 0xFC, 0x03, 0x80, 0x03, 0x80, 0x03, 0x80, 0x03, 0x80, 0x03, 0x80, 0x00, 0x00,
    0x00, 0x00, 0x00, 0x00, 0x00, 0x00, 0x00, 0x00, 0x00, 0x00, 0x00, 0x00, 0x00, 0x00, 0x00, 0x00,
    0x00, 0x00, 0x00, 0x00, 0x00, 0x00, 0x00, 0x00, 0x00, 0x00, 0x03, 0x80, 0x03, 0x80, 0x03, 0x80,
    0x03, 0x80, 0x00, 0x00, 0x00, 0x00, 0x03, 0x80, 0x03, 0x80, 0x03, 0x80, 0x03, 0x80, 0x03, 0x80,
    0x7F, 0xFC, 0x7F, 0xFC, 0x03, 0x80, 0x03, 0x80, 0x03, 0x80, 0x03, 0x80, 0x03, 0x80, 0x00, 0x00,
    0x00, 0x00, 0x00, 0x00, 0x00, 0x00, 0x00, 0x00, 0x00, 0x00, 0x00, 0x00, 0x00, 0x00, 0x00, 0x00,
    0x00, 0x00, 0x00, 0x00, 0x00, 0x00, 0x00, 0x00, 0x00, 0x00, 0x00, 0x00, 0x00, 0x06, 0x00, 0x0E,
    0x00, 0x1C, 0x00, 0x38, 0x00, 0x70, 0x00, 0xE0, 0x01, 0xC0, 0x03, 0x80, 0x07, 0x00, 0x0E, 0x00,
    0x1C, 0x00, 0x38, 0x00, 0x70, 0x00, 0x60, 0x00, 0x00, 0x00, 0x00, 0x00, 0x00, 0x00, 0x00, 0x00,
    0x00, 0x00, 0x00, 0x00, 0x00, 0x00, 0x00, 0x00, 0x00, 0x00, 0x00, 0x00, 0x00, 0x00, 0x00, 0x00,
    0x00, 0x00, 0x00, 0x00, 0x00, 0x00, 0x00, 0x00, 0x00, 0x00, 0x00, 0x00, 0x60, 0x00, 0x70, 0x00,
    0x38, 0x00, 0x1C, 0x00, 0x0E, 0x00, 0x07, 0x00, 0x03, 0x80, 0x01, 0xC0, 0x00, 0xE0, 0x00, 0x70,
    0x00, 0x38, 0x00, 0x1C, 0x00, 0x0E, 0x00, 0x06, 0x00, 0x00, 0x00, 0x00, 0x00, 0x00, 0x00, 0x00,
    0x00, 0x00, 0x00, 0x00, 0x00, 0x00, 0x00, 0x00, 0x00, 0x00, 0x00, 0x00, 0x00, 0x00, 0x00, 0x00,
    0x00, 0x00, 0x00, 0x00, 0x00, 0x00, 0x00, 0x00, 0x00, 0x00, 0x00, 0x00, 0x00, 0x00, 0x00, 0x00,
    0x00, 0x00, 0x00, 0x00, 0x03, 0xC0, 0x07, 0xE0, 0x07, 0xE0, 0x07, 0xE0, 0x07, 0xE0, 0x03, 0xC0,
    0x00, 0x00, 0x00, 0x00, 0x00, 0x00, 0x00, 0x00, 0x00, 0x00, 0x00, 0x00, 0x00, 0x00, 0x00, 0x00,
    0x00, 0x00, 0x00, 0x00, 0x00, 0x00, 0x00, 0x00, 0x00, 0x00, 0x00, 0x00, 0x00, 0x00, 0x00, 0x00,
    0x00, 0x3E, 0x00, 0x3E, 0x00, 0x38, 0x00, 0x38, 0x00, 0x38, 0x00, 0x38, 0x00, 0x38, 0x00, 0x38,
    0x00, 0x38, 0x00, 0x38, 0x00, 0x38, 0x00, 0x38, 0x70, 0x38, 0x70, 0x38, 0x70, 0x38, 0x78, 0x38,
    0x3C, 0x38, 0x1E, 0x38, 0x0F, 0x38, 0x07, 0xB8, 0x03, 0xF8, 0x01, 0xF8, 0x00, 0xF8, 0x00, 0x00,
    0x00, 0x00, 0x00, 0x00, 0x00, 0x00, 0x00, 0x00, 0x00, 0x00, 0x00, 0x00, 0x00, 0x00, 0x00, 0x00,
    0x00, 0x00, 0x00, 0x00, 0x00, 0x00, 0x00, 0x00, 0x00, 0x00, 0x00, 0x00, 0x00, 0x00, 0x00, 0x00,
    0x3E, 0xF8, 0x7F, 0xFC, 0xE7, 0xCE, 0xE3, 0x8E, 0xE3, 0x8E, 0xE3, 0x8E, 0xE3, 0x8E, 0xE7, 0xCE,
    0x7F, 0xFC, 0x3E, 0xF8, 0x00, 0x00, 0x00, 0x00, 0x00, 0x00, 0x00, 0x00, 0x00, 0x00, 0x00, 0x00,
    0x00, 0x00, 0x00, 0x00, 0x00, 0x00, 0x00, 0x00, 0x00, 0x00, 0x00, 0x00, 0x00, 0x00, 0x00, 0x00,
    0x00, 0x00, 0x00, 0x00, 0x00, 0x00, 0x00, 0x00, 0x00, 0x00, 0x00, 0x00, 0x00, 0x00, 0x70, 0x00,
    0x70, 0x00, 0x70, 0x00, 0x70, 0x00, 0x70, 0x00, 0x70, 0x00, 0x70, 0x00, 0x70, 0x00, 0x70, 0x00,
    0x70, 0x00, 0x7F, 0xFC, 0x7F, 0xFC, 0x00, 0x00, 0x00, 0x00, 0x00, 0x00, 0x00, 0x00, 0x00, 0x00,
    0x00, 0x00, 0x00, 0x00, 0x00, 0x00, 0x00, 0x00, 0x00, 0x00, 0x00, 0x00, 0x00, 0x00, 0x00, 0x00,
    0x00, 0x00, 0x00, 0x00, 0x00, 0x00, 0x0E, 0x70, 0x0E, 0x70, 0x0E, 0x70, 0x0E, 0x70, 0x0E, 0x70,
    0x0E, 0x70, 0x0E, 0x70, 0x0E, 0x70, 0x0E, 0x70, 0x0E, 0x70, 0x0E, 0x70, 0x0E, 0x70, 0x0E, 0x70,
    0x0E, 0x70, 0x0E, 0x70, 0x0E, 0x70, 0x0E, 0x70, 0x0E, 0x70, 0x0E, 0x70, 0x0E, 0x70, 0x00, 0x00,
    0x00, 0x00, 0x00, 0x00, 0x00, 0x00, 0x00, 0x00, 0x00, 0x00, 0x00, 0x00, 0x00, 0x00, 0x00, 0x00,
    0x00, 0x00, 0x00, 0x00, 0x00, 0x00, 0x00, 0x00, 0x00, 0x00, 0x00, 0x00, 0x00, 0x00, 0x00, 0x00,
    0x00, 0x00, 0x03, 0x80, 0x03, 0x80, 0x07, 0xC0, 0x07, 0xC0, 0x0E, 0xE0, 0x0E, 0xE0, 0x1C, 0x70,
    0x1C, 0x70, 0x1C, 0x70, 0x38, 0x38, 0x38, 0x38, 0x38, 0x38, 0x70, 0x1C, 0x70, 0x1C, 0x00, 0x00,
    0x00, 0x00, 0x00, 0x00, 0x00, 0x00, 0x00, 0x00, 0x00, 0x00, 0x00, 0x00, 0x00, 0x00, 0x00, 0x00,
    0x00, 0x00, 0x00, 0x00, 0x00, 0x00, 0x00, 0x00, 0x00, 0x00, 0x00, 0x00, 0x00, 0x00, 0x00, 0x00,
    0x00, 0x00, 0x70, 0x1C, 0x70, 0x1C, 0x38, 0x38, 0x38, 0x38, 0x38, 0x38, 0x1C, 0x70, 0x1C, 0x70,
    0x1C, 0x70, 0x0E, 0xE0, 0x0E, 0xE0, 0x07, 0xC0, 0x07, 0xC0, 0x03, 0x80, 0x03, 0x80, 0x00, 0x00,
    0x00, 0x00, 0x00, 0x00, 0x00, 0x00, 0x00, 0x00, 0x00, 0x00, 0x00, 0x00, 0x00, 0x00, 0x00, 0x00,
    0x00, 0x00, 0x00, 0x00, 0x00, 0x00, 0x00, 0x00, 0x00, 0x00, 0x00, 0x00, 0x00, 0x00, 0x07, 0xC0,
    0x1F, 0xF0, 0x3C, 0x78, 0x38, 0x38, 0x70, 0x1C, 0x70, 0x1C, 0x70, 0x1C, 0x70, 0x1C, 0x70, 0x1C,
    0x70, 0x1C, 0x70, 0x1C, 0x70, 0x1C, 0x70, 0x1C, 0x70, 0x1C, 0x70, 0x1C, 0x70, 0x1C, 0x00, 0x00,
    0x00, 0x00, 0x00, 0x00, 0x00, 0x00, 0x00, 0x00, 0x00, 0x00, 0x00, 0x00, 0x00, 0x00, 0x00, 0x00,
    0x00, 0x00, 0x00, 0x00, 0x00, 0x00, 0x00, 0x00, 0x00, 0x00, 0x00, 0x00, 0x00, 0x00, 0x70, 0x1C,
    0x70, 0x1C, 0x70, 0x1C, 0x70, 0x1C, 0x70, 0x1C, 0x70, 0x1C, 0x70, 0x1C, 0x70, 0x1C, 0x70, 0x1C,
    0x70, 0x1C, 0x70, 0x1C, 0x70, 0x1C, 0x38, 0x38, 0x3C, 0x78, 0x1F, 0xF0, 0x07, 0xC0, 0x00, 0x00,
    0x00, 0x00, 0x00, 0x00, 0x00, 0x00, 0x00, 0x00, 0x00, 0x00, 0x03, 0xC1, 0xFC, 0x3F, 0x0F, 0xE1,
    0xE0, 0x3C, 0x07, 0x80, 0xF0, 0x1E, 0x03, 0xC0, 0x78, 0x0F, 0x01, 0xE0, 0x3C, 0x07, 0x80, 0xF0,
    0x1E, 0x03, 0xC0, 0x78, 0x0F, 0x01, 0xE0, 0x3C, 0x0F, 0x87, 0xF0, 0xFC, 0x1F, 0x00, 0x79, 0xEF,
    0x9E, 0x30, 0x00, 0x00, 0x01, 0xE7, 0xBE, 0x78, 0xC0, 0x00, 0x00, 0x00, 0x00, 0x00, 0x00, 0x00,
    0x00, 0x00, 0x00, 0x00, 0x00, 0x00, 0x00, 0x00, 0x00, 0x00, 0x00, 0x00, 0x00, 0x00, 0x00, 0x3E,
    0x1C, 0x7F, 0xBC, 0x7B, 0xFC, 0x70, 0xF8, 0x00, 0x00, 0x00, 0x00, 0x3E, 0x1C, 0x7F, 0xBC, 0x7B,
    0xFC, 0x70, 0xF8, 0x00, 0x00, 0x00, 0x00, 0x00, 0x00, 0x00, 0x00, 0x00, 0x00, 0x00, 0x00, 0x00,
    0x00, 0x00, 0x00, 0x00, 0x00, 0x00, 0x00, 0x00, 0x00, 0x00, 0x00, 0x00, 0x00, 0x00, 0x00, 0x00,
    0x00, 0x00, 0x00, 0x00, 0x00, 0x00, 0x00, 0x00, 0x00, 0x00, 0x00, 0x00, 0x00, 0x00, 0x0E, 0x00,
    0x1C, 0x7F, 0xFE, 0x7F, 0xFE, 0x00, 0xE0, 0x01, 0xC0, 0x03, 0x80, 0x07, 0x00, 0x7F, 0xFE, 0x7F,
    0xFE, 0x38, 0x00, 0x70, 0x00, 0x00, 0x00, 0x00, 0x00, 0x00, 0x00, 0x00, 0x00, 0x00, 0x00, 0x00,
    0x00, 0x00, 0x00, 0x00, 0x00, 0x00, 0x00, 0x00, 0x00, 0x00, 0x00, 0x00, 0x00, 0x00, 0x00, 0x00,
    0x00, 0x00, 0x00, 0x00, 0x00, 0x00, 0x00, 0x00, 0x00, 0x00, 0x00, 0x7F, 0xFC, 0x7F, 0xFC, 0x00,
    0x00, 0x00, 0x00, 0x00, 0x00, 0x00, 0x00, 0x7F, 0xFC, 0x7F, 0xFC, 0x00, 0x00, 0x00, 0x00, 0x00,
    0x00, 0x00, 0x00, 0x7F, 0xFC, 0x7F, 0xFC, 0x00, 0x00, 0x00, 0x00, 0x00, 0x00, 0x00, 0x00, 0x00,
    0x00, 0x00, 0x00, 0x00, 0x00, 0x00, 0x00, 0x00, 0x00, 0x00, 0x00, 0x00, 0x00, 0x00, 0x00, 0x00,
    0x00, 0x00, 0x00, 0x00, 0x00, 0x00, 0x38, 0x00, 0x70, 0x00, 0xE0, 0x01, 0xC0, 0x03, 0x80, 0x07,
    0x00, 0x0E, 0x00, 0x1C, 0x00, 0x1C, 0x00, 0x0E, 0x00, 0x07, 0x00, 0x03, 0x80, 0x01, 0xC0, 0x00,
    0xE0, 0x00, 0x70, 0x00, 0x38, 0x00, 0x00, 0x00, 0x00, 0x3F, 0xFC, 0x3F, 0xFC, 0x00, 0x00, 0x00,
    0x00, 0x00, 0x00, 0x00, 0x00, 0x00, 0x00, 0x00, 0x00, 0x00, 0x00, 0x00, 0x00, 0x00, 0x00, 0x00,
    0x00, 0x00, 0x00, 0x00, 0x00, 0x1C, 0x00, 0x0E, 0x00, 0x07, 0x00, 0x03, 0x80, 0x01, 0xC0, 0x00,
    0xE0, 0x00, 0x70, 0x00, 0x38, 0x00, 0x38, 0x00, 0x70, 0x00, 0xE0, 0x01, 0xC0, 0x03, 0x80, 0x07,
    0x00, 0x0E, 0x00, 0x1C, 0x00, 0x00, 0x00, 0x00, 0x00, 0x3F, 0xFC, 0x3F, 0xFC, 0x00, 0x00, 0x00,
    0x00, 0x00, 0x00, 0x00, 0x00, 0x00, 0x00, 0x00, 0x00, 0x00, 0x00, 0x00, 0x00, 0x00, 0x00, 0x00,
    0x00, 0x00, 0x00, 0x00, 0x00, 0x00, 0x00, 0x00, 0xC3, 0x01, 0xC7, 0x03, 0x8E, 0x07, 0x1C, 0x0E,
    0x38, 0x1C, 0x70, 0x38, 0xE0, 0x71, 0xC0, 0xE3, 0x80, 0xE3, 0x80, 0x71, 0xC0, 0x38, 0xE0, 0x1C,
    0x70, 0x0E, 0x38, 0x07, 0x1C, 0x03, 0x8E, 0x01, 0xC7, 0x00, 0xC3, 0x00, 0x00, 0x00, 0x00, 0x00,
    0x00, 0x00, 0x00, 0x00, 0x00, 0x00, 0x00, 0x00, 0x00, 0x00, 0x00, 0x00, 0x00, 0x00, 0x00, 0x00,
    0x00, 0x00, 0x00, 0x00, 0x00, 0x00, 0x00, 0xC3, 0x00, 0xE3, 0x80, 0x71, 0xC0, 0x38, 0xE0, 0x1C,
    0x70, 0x0E, 0x38, 0x07, 0x1C, 0x03, 0x8E, 0x01, 0xC7, 0x01, 0xC7, 0x03, 0x8E, 0x07, 0x1C, 0x0E,
    0x38, 0x1C, 0x70, 0x38, 0xE0, 0x71, 0xC0, 0xE3, 0x80, 0xC3, 0x00, 0x00, 0x00, 0x00, 0x00, 0x00,
    0x00, 0x00, 0x00, 0x00, 0x00, 0x00, 0x00, 0x00, 0x00, 0x00, 0x00, 0x00, 0x00, 0x00, 0x00, 0x00,
    0x00, 0x00, 0x00, 0x00, 0x00, 0x00, 0x00, 0x00, 0x00, 0x00, 0x00, 0x07, 0xFE, 0x1F, 0xFE, 0x3C,
    0x00, 0x38, 0x00, 0x70, 0x00, 0x70, 0x00, 0x70, 0x00, 0x70, 0x00, 0x70, 0x00, 0x70, 0x00, 0x38,
    0x00, 0x3C, 0x00, 0x1F, 0xFE, 0x07, 0xFE, 0x00, 0x00, 0x00, 0x00, 0x00, 0x00, 0x00, 0x00, 0x00,
    0x00, 0x00, 0x00, 0x00, 0x00, 0x00, 0x00, 0x00, 0x00, 0x00, 0x00, 0x00, 0x00, 0x00, 0x00, 0x00,
    0x00, 0x00, 0x00, 0x00, 0x00, 0x00, 0x00, 0x00, 0x00, 0x00, 0x00, 0x7F, 0xE0, 0x7F, 0xF8, 0x00,
    0x3C, 0x00, 0x1C, 0x00, 0x0E, 0x00, 0x0E, 0x00, 0x0E, 0x00, 0x0E, 0x00, 0x0E, 0x00, 0x0E, 0x00,
    0x1C, 0x00, 0x3C, 0x7F, 0xF8, 0x7F, 0xE0, 0x00, 0x00, 0x00, 0x00, 0x00, 0x00, 0x00, 0x00, 0x00,
    0x00, 0x00, 0x00, 0x00, 0x00, 0x00, 0x00, 0x00, 0x00, 0x00, 0x00, 0x00, 0x00, 0x00, 0x00, 0x00,
    0x00, 0x00, 0x00, 0x00, 0x00, 0x00, 0x00, 0x07, 0xFE, 0x1F, 0xFE, 0x3C, 0x00, 0x38, 0x00, 0x70,
    0x00, 0x70, 0x00, 0x70, 0x00, 0x70, 0x00, 0x70, 0x00, 0x70, 0x00, 0x38, 0x00, 0x3C, 0x00, 0x1F,
    0xFE, 0x07, 0xFE, 0x00, 0x00, 0x00, 0x00, 0x7F, 0xFE, 0x7F, 0xFE, 0x00, 0x00, 0x00, 0x00, 0x00,
    0x00, 0x00, 0x00, 0x00, 0x00, 0x00, 0x00, 0x00, 0x00, 0x00, 0x00, 0x00, 0x00, 0x00, 0x00, 0x00,
    0x00, 0x00, 0x00, 0x00, 0x00, 0x00, 0x00, 0x7F, 0xE0, 0x7F, 0xF8, 0x00, 0x3C, 0x00, 0x1C, 0x00,
    0x0E, 0x00, 0x0E, 0x00, 0x0E, 0x00, 0x0E, 0x00, 0x0E, 0x00, 0x0E, 0x00, 0x1C, 0x00, 0x3C, 0x7F,
    0xF8, 0x7F, 0xE0, 0x00, 0x00, 0x00, 0x00, 0x7F, 0xFE, 0x7F, 0xFE, 0x00, 0x00, 0x00, 0x00, 0x00,
    0x00, 0x00, 0x00, 0x00, 0x00, 0x00, 0x00, 0x00, 0x00, 0x00, 0x00, 0xE0, 0x00, 0x00, 0x03, 0xFF,
    0xC0, 0x00, 0x01, 0xFF, 0xFF, 0x00, 0x00, 0x7F, 0xFF, 0xF0, 0x00, 0x3F, 0x80, 0x3F, 0x80, 0x0F,
    0xC0, 0x01, 0xF8, 0x03, 0xE0, 0x00, 0x0F, 0x80, 0xF8, 0x00, 0x00, 0xF0, 0x1E, 0x00, 0x00, 0x0F,
    0x07, 0x80, 0x1C, 0x00, 0xF0, 0xE0, 0x07, 0x80, 0x1E, 0x3C, 0x00, 0xF0, 0x01, 0xE7, 0x00, 0x1E,
    0x00, 0x3D, 0xE0, 0x03, 0xC0, 0x03, 0xBC, 0x00, 0x78, 0x00, 0x77, 0x80, 0x0F, 0x00, 0x0F, 0xE0,
    0x7F, 0xFF, 0xC1, 0xFC, 0x0F, 0xFF, 0xF8, 0x3F, 0x81, 0xFF, 0xFF, 0x07, 0xF0, 0x3F, 0xFF, 0xE0,
    0xFF, 0x00, 0x1E, 0x00, 0x1F, 0xE0, 0x03, 0xC0, 0x03, 0x9C, 0x00, 0x78, 0x00, 0x73, 0xC0, 0x0F,
    0x00, 0x1E, 0x78, 0x01, 0xE0, 0x03, 0xC7, 0x80, 0x3C, 0x00, 0xF0, 0xF0, 0x03, 0x80, 0x3E, 0x0F,
    0x00, 0x00, 0x07, 0x80, 0xF0, 0x00, 0x01, 0xE0, 0x1F, 0x00, 0x00, 0xF8, 0x01, 0xF8, 0x00, 0x3E,
    0x00, 0x1F, 0xE0, 0x3F, 0x80, 0x00, 0xFF, 0xFF, 0xE0, 0x00, 0x07, 0xFF, 0xF0, 0x00, 0x00, 0x3F,
    0xF8, 0x00, 0x00, 0x00, 0x00, 0xE0, 0x00, 0x00, 0x03, 0xFF, 0xC0, 0x00, 0x01, 0xFF, 0xFF, 0x00,
    0x00, 0x7F, 0xFF, 0xF0, 0x00, 0x3F, 0x80, 0x3F, 0x80, 0x0F, 0xC0, 0x01, 0xF8, 0x03, 0xE0, 0x00,
    0x0F, 0x80, 0xF8, 0x00, 0x00, 0xF0, 0x1E, 0x00, 0x00, 0x0F, 0x07, 0x80, 0x00, 0x00, 0xF0, 0xE0,
    0x00, 0x00, 0x1E, 0x3C, 0x00, 0x00, 0x01, 0xE7, 0x00, 0x00, 0x00, 0x3D, 0xE0, 0x00, 0x00, 0x03,
    0xBC, 0x00, 0x00, 0x00, 0x77, 0x80, 0x00, 0x00, 0x0F, 0xE0, 0x1F, 0xFF, 0x01, 0xFC, 0x03, 0xFF,
    0xE0, 0x3F, 0x80, 0x7F, 0xFC, 0x07, 0xF0, 0x0F, 0xFF, 0x80, 0xFF, 0x00, 0x00, 0x00, 0x1F, 0xE0,
    0x00, 0x00, 0x03, 0x9C, 0x00, 0x00, 0x00, 0x73, 0xC0, 0x00, 0x00, 0x1E, 0x78, 0x00, 0x00, 0x03,
    0xC7, 0x80, 0x00, 0x00, 0xF0, 0xF0, 0x00, 0x00, 0x3E, 0x0F, 0x00, 0x00, 0x07, 0x80, 0xF0, 0x00,
    0x01, 0xE0, 0x1F, 0x00, 0x00, 0xF8, 0x01, 0xF8, 0x00, 0x3E, 0x00, 0x1F, 0xE0, 0x3F, 0x80, 0x00,
    0xFF, 0xFF, 0xE0, 0x00, 0x07, 0xFF, 0xF0, 0x00, 0x00, 0x3F, 0xF8, 0x00, 0x00, 0x00, 0x00, 0xE0,
    0x00, 0x00, 0x03, 0xFF, 0xC0, 0x00, 0x01, 0xFF, 0xFF, 0x00, 0x00, 0x7F, 0xFF, 0xF0, 0x00, 0x3F,
    0x80, 0x3F, 0x80, 0x0F, 0xC0, 0x01, 0xF8, 0x03, 0xE0, 0x00, 0x0F, 0x80, 0xF8, 0x00, 0x00, 0xF0,
    0x1E, 0x00, 0x00, 0x0F, 0x07, 0x80, 0x00, 0x00, 0xF0, 0xE0, 0x00, 0x00, 0x1E, 0x3C, 0x02, 0x02,
    0x01, 0xE7, 0x00, 0xE0, 0xE0, 0x3D, 0xE0, 0x3E, 0x3E, 0x03, 0xBC, 0x07, 0xEF, 0x80, 0x77, 0x80,
    0x7F, 0xE0, 0x0F, 0xE0, 0x07, 0xF8, 0x01, 0xFC, 0x00, 0x7E, 0x00, 0x3F, 0x80, 0x0F, 0xE0, 0x07,
    0xF0, 0x03, 0xFE, 0x00, 0xFF, 0x00, 0xFF, 0xE0, 0x1F, 0xE0, 0x3E, 0x7E, 0x03, 0x9C, 0x07, 0x87,
    0xC0, 0x73, 0xC0, 0x60, 0x70, 0x1E, 0x78, 0x00, 0x00, 0x03, 0xC7, 0x80, 0x00, 0x00, 0xF0, 0xF0,
    0x00, 0x00, 0x3E, 0x0F, 0x00, 0x00, 0x07, 0x80, 0xF0, 0x00, 0x01, 0xE0, 0x1F, 0x00, 0x00, 0xF8,
    0x01, 0xF8, 0x00, 0x3E, 0x00, 0x1F, 0xE0, 0x3F, 0x80, 0x00, 0xFF, 0xFF, 0xE0, 0x00, 0x07, 0xFF,
    0xF0, 0x00, 0x00, 0x3F, 0xF8, 0x00, 0x00, 0x00, 0x00, 0xE0, 0x00, 0x00, 0x03, 0xFF, 0xC0, 0x00,
    0x01, 0xFF, 0xFF, 0x00, 0x00, 0x7F, 0xFF, 0xF0, 0x00, 0x3F, 0x80, 0x3F, 0x80, 0x0F, 0xC0, 0x01,
    0xF8, 0x03, 0xE0, 0x00, 0x0F, 0x80, 0xF8, 0x00, 0x00, 0xF0, 0x1E, 0x00, 0x00, 0x0F, 0x07, 0x80,
    0x00, 0x00, 0xF0, 0xE0, 0x00, 0x18, 0x1E, 0x3C, 0x00, 0x07, 0x81, 0xE7, 0x00, 0x01, 0xF0, 0x3D,
    0xE0, 0x00, 0x3E, 0x03, 0xBC, 0x00, 0x0F, 0x80, 0x77, 0x80, 0x03, 0xE0, 0x0F, 0xE0, 0x00, 0xF8,
    0x01, 0xFC, 0x00, 0x3E, 0x00, 0x3F, 0x80, 0x0F, 0x80, 0x07, 0xF0, 0x03, 0xF0, 0x00, 0xFF, 0x00,
    0x7C, 0x00, 0x1F, 0xE0, 0x1F, 0x00, 0x03, 0x9C, 0x07, 0xC0, 0x00, 0x73, 0xC1, 0xF0, 0x00, 0x1E,
    0x78, 0x1C, 0x00, 0x03, 0xC7, 0x81, 0x80, 0x00, 0xF0, 0xF0, 0x00, 0x00, 0x3E, 0x0F, 0x00, 0x00,
    0x07, 0x80, 0xF0, 0x00, 0x01, 0xE0, 0x1F, 0x00, 0x00, 0xF8, 0x01, 0xF8, 0x00, 0x3E, 0x00, 0x1F,
    0xE0, 0x3F, 0x80, 0x00, 0xFF, 0xFF, 0xE0, 0x00, 0x07, 0xFF, 0xF0, 0x00, 0x00, 0x3F, 0xF8, 0x00,
    0x00, 0x00, 0x00, 0x00, 0x00, 0x00, 0x00, 0x00, 0x00, 0x00, 0x00, 0x00, 0x00, 0x00, 0x00, 0x00,
    0x00, 0x00, 0x00, 0x00, 0x00, 0x03, 0x80, 0x03, 0x80, 0x03, 0x80, 0x03, 0x80, 0x03, 0x80, 0x03,
    0x80, 0x03, 0x80, 0x03, 0x80, 0x03, 0x80, 0x03, 0x80, 0x03, 0x80, 0x03, 0x80, 0x03, 0x80, 0x03,
    0x80, 0x7F, 0xFC, 0x7F, 0xFC, 0x00, 0x00, 0x00, 0x00, 0x00, 0x00, 0x00, 0x00, 0x00, 0x00, 0x00,
    0x00, 0x00, 0x00, 0x00, 0x00, 0x00, 0x00, 0x00, 0x00, 0x00, 0x00, 0x00, 0x00, 0x07, 0xC0, 0x1F,
    0xF0, 0x3C, 0x78, 0x38, 0x38, 0x70, 0x1C, 0x70, 0x1C, 0x70, 0x1C, 0x70, 0x1C, 0x70, 0x1C, 0x70,
    0x1C, 0x70, 0x1C, 0x70, 0x1C, 0x70, 0x1C, 0x70, 0x1C, 0x70, 0x1C, 0x70, 0x1C, 0x70, 0x1C, 0x70,
    0x1C, 0x70, 0x1C, 0x70, 0x1C, 0x00, 0x00, 0x00, 0x00, 0x00, 0x00, 0x00, 0x00, 0x00, 0x00, 0x00,
    0x00, 0x00, 0x00, 0x00, 0x00, 0x00, 0x00, 0x00, 0x00, 0x00, 0x00, 0x00, 0x00, 0x70, 0x1C, 0x70,
    0x1C, 0x70, 0x1C, 0x70, 0x1C, 0x70, 0x1C, 0x70, 0x1C, 0x70, 0x1C, 0x70, 0x1C, 0x70, 0x1C, 0x70,
    0x1C, 0x70, 0x1C, 0x70, 0x1C, 0x70, 0x1C, 0x70, 0x1C, 0x70, 0x1C, 0x70, 0x1C, 0x38, 0x38, 0x3C,
    0x78, 0x1F, 0xF0, 0x07, 0xC0, 0x00, 0x00, 0x00, 0x00, 0x00, 0x00, 0x00, 0x00, 0x00, 0x00, 0x00,
    0x00, 0x00, 0x00, 0x00, 0x00, 0x00, 0x00, 0x00, 0x00, 0x00, 0x00, 0x00, 0x00, 0x7F, 0xFC, 0x7F,
    0xFC, 0x70, 0x1C, 0x70, 0x1C, 0x70, 0x1C, 0x70, 0x1C, 0x70, 0x1C, 0x70, 0x1C, 0x70, 0x1C, 0x70,
    0x1C, 0x70, 0x1C, 0x70, 0x1C, 0x70, 0x1C, 0x70, 0x1C, 0x70, 0x1C, 0x70, 0x1C, 0x70, 0x1C, 0x70,
    0x1C, 0x7F, 0xFC, 0x7F, 0xFC, 0x00, 0x00, 0x00, 0x00, 0x00, 0x00, 0x00, 0x00, 0x00, 0x00, 0x00,
    0x00,
};

static const EpdGlyph inter_12_boldGlyphs[] = {
    { 0, 0, 0, 0, 0, 0, 0 }, // U+0000
    { 0, 0, 0, 0, 0, 0, 0 }, // U+0001
    { 0, 0, 0, 0, 0, 0, 0 }, // U+0002
    { 0, 0, 0, 0, 0, 0, 0 }, // U+0003
    { 0, 0, 0, 0, 0, 0, 0 }, // U+0004
    { 0, 0, 0, 0, 0, 0, 0 }, // U+0005
    { 0, 0, 0, 0, 0, 0, 0 }, // U+0006
    { 0, 0, 0, 0, 0, 0, 0 }, // U+0007
    { 0, 0, 0, 0, 0, 0, 0 }, // U+0008
    { 0, 0, 0, 0, 0, 0, 0 }, // U+0009
    { 0, 0, 0, 0, 0, 0, 0 }, // U+000A
    { 0, 0, 0, 0, 0, 0, 0 }, // U+000B
    { 0, 0, 0, 0, 0, 0, 0 }, // U+000C
    { 0, 0, 0, 0, 0, 0, 0 }, // U+000D
    { 0, 0, 0, 0, 0, 0, 0 }, // U+000E
    { 0, 0, 0, 0, 0, 0, 0 }, // U+000F
    { 0, 0, 0, 0, 0, 0, 0 }, // U+0010
    { 0, 0, 0, 0, 0, 0, 0 }, // U+0011
    { 0, 0, 0, 0, 0, 0, 0 }, // U+0012
    { 0, 0, 0, 0, 0, 0, 0 }, // U+0013
    { 0, 0, 0, 0, 0, 0, 0 }, // U+0014
    { 0, 0, 0, 0, 0, 0, 0 }, // U+0015
    { 0, 0, 0, 0, 0, 0, 0 }, // U+0016
    { 0, 0, 0, 0, 0, 0, 0 }, // U+0017
    { 0, 0, 0, 0, 0, 0, 0 }, // U+0018
    { 0, 0, 0, 0, 0, 0, 0 }, // U+0019
    { 0, 0, 0, 0, 0, 0, 0 }, // U+001A
    { 0, 0, 0, 0, 0, 0, 0 }, // U+001B
    { 0, 0, 0, 0, 0, 0, 0 }, // U+001C
    { 0, 0, 0, 0, 0, 0, 0 }, // U+001D
    { 0, 0, 0, 0, 0, 0, 0 }, // U+001E
    { 0, 0, 0, 0, 0, 0, 0 }, // U+001F
    { 16, 32, 256, 0, 26, 64, 0 }, // U+0020
    { 16, 32, 256, 0, 26, 64, 64 }, // !
    { 16, 32, 256, 0, 26, 64, 128 }, // "
    { 16, 32, 256, 0, 26, 64, 192 }, // #
    { 16, 32, 256, 0, 26, 64, 256 }, // $
    { 16, 32, 256, 0, 26, 64, 320 }, // %
    { 16, 32, 256, 0, 26, 64, 384 }, // &
    { 16, 32, 256, 0, 26, 64, 448 }, // '
    { 16, 32, 256, 0, 26, 64, 512 }, // (
    { 16, 32, 256, 0, 26, 64, 576 }, // )
    { 16, 32, 256, 0, 26, 64, 640 }, // *
    { 16, 32, 256, 0, 26, 64, 704 }, // +
    { 16, 32, 256, 0, 26, 64, 768 }, // ,
    { 16, 32, 256, 0, 26, 64, 832 }, // -
    { 16, 32, 256, 0, 26, 64, 896 }, // .
    { 16, 32, 256, 0, 26, 64, 960 }, // /
    { 16, 32, 256, 0, 26, 64, 1024 }, // 0
    { 16, 32, 256, 0, 26, 64, 1088 }, // 1
    { 16, 32, 256, 0, 26, 64, 1152 }, // 2
    { 16, 32, 256, 0, 26, 64, 1216 }, // 3
    { 16, 32, 256, 0, 26, 64, 1280 }, // 4
    { 16, 32, 256, 0, 26, 64, 1344 }, // 5
    { 16, 32, 256, 0, 26, 64, 1408 }, // 6
    { 16, 32, 256, 0, 26, 64, 1472 }, // 7
    { 16, 32, 256, 0, 26, 64, 1536 }, // 8
    { 16, 32, 256, 0, 26, 64, 1600 }, // 9
    { 16, 32, 256, 0, 26, 64, 1664 }, // :
    { 16, 32, 256, 0, 26, 64, 1728 }, // ;
    { 16, 32, 256, 0, 26, 64, 1792 }, // <
    { 16, 32, 256, 0, 26, 64, 1856 }, // =
    { 16, 32, 256, 0, 26, 64, 1920 }, // >
    { 16, 32, 256, 0, 26, 64, 1984 }, // ?
    { 16, 32, 256, 0, 26, 64, 2048 }, // @
    { 16, 32, 256, 0, 26, 64, 2112 }, // A
    { 16, 32, 256, 0, 26, 64, 2176 }, // B
    { 16, 32, 256, 0, 26, 64, 2240 }, // C
    { 16, 32, 256, 0, 26, 64, 2304 }, // D
    { 16, 32, 256, 0, 26, 64, 2368 }, // E
    { 16, 32, 256, 0, 26, 64, 2432 }, // F
    { 16, 32, 256, 0, 26, 64, 2496 }, // G
    { 16, 32, 256, 0, 26, 64, 2560 }, // H
    { 16, 32, 256, 0, 26, 64, 2624 }, // I
    { 16, 32, 256, 0, 26, 64, 2688 }, // J
    { 16, 32, 256, 0, 26, 64, 2752 }, // K
    { 16, 32, 256, 0, 26, 64, 2816 }, // L
    { 16, 32, 256, 0, 26, 64, 2880 }, // M
    { 16, 32, 256, 0, 26, 64, 2944 }, // N
    { 16, 32, 256, 0, 26, 64, 3008 }, // O
    { 16, 32, 256, 0, 26, 64, 3072 }, // P
    { 16, 32, 256, 0, 26, 64, 3136 }, // Q
    { 16, 32, 256, 0, 26, 64, 3200 }, // R
    { 16, 32, 256, 0, 26, 64, 3264 }, // S
    { 16, 32, 256, 0, 26, 64, 3328 }, // T
    { 16, 32, 256, 0, 26, 64, 3392 }, // U
    { 16, 32, 256, 0, 26, 64, 3456 }, // V
    { 16, 32, 256, 0, 26, 64, 3520 }, // W
    { 16, 32, 256, 0, 26, 64, 3584 }, // X
    { 16, 32, 256, 0, 26, 64, 3648 }, // Y
    { 16, 32, 256, 0, 26, 64, 3712 }, // Z
    { 16, 32, 256, 0, 26, 64, 3776 }, // [
    { 16, 32, 256, 0, 26, 64, 3840 }, // <backslash>
    { 16, 32, 256, 0, 26, 64, 3904 }, // ]
    { 16, 32, 256, 0, 26, 64, 3968 }, // ^
    { 16, 32, 256, 0, 26, 64, 4032 }, // _
    { 16, 32, 256, 0, 26, 64, 4096 }, // `
    { 16, 32, 256, 0, 26, 64, 4160 }, // a
    { 16, 32, 256, 0, 26, 64, 4224 }, // b
    { 16, 32, 256, 0, 26, 64, 4288 }, // c
    { 16, 32, 256, 0, 26, 64, 4352 }, // d
    { 16, 32, 256, 0, 26, 64, 4416 }, // e
    { 16, 32, 256, 0, 26, 64, 4480 }, // f
    { 16, 32, 256, 0, 26, 64, 4544 }, // g
    { 16, 32, 256, 0, 26, 64, 4608 }, // h
    { 16, 32, 256, 0, 26, 64, 4672 }, // i
    { 16, 32, 256, 0, 26, 64, 4736 }, // j
    { 16, 32, 256, 0, 26, 64, 4800 }, // k
    { 16, 32, 256, 0, 26, 64, 4864 }, // l
    { 16, 32, 256, 0, 26, 64, 4928 }, // m
    { 16, 32, 256, 0, 26, 64, 4992 }, // n
    { 16, 32, 256, 0, 26, 64, 5056 }, // o
    { 16, 32, 256, 0, 26, 64, 5120 }, // p
    { 16, 32, 256, 0, 26, 64, 5184 }, // q
    { 16, 32, 256, 0, 26, 64, 5248 }, // r
    { 16, 32, 256, 0, 26, 64, 5312 }, // s
    { 16, 32, 256, 0, 26, 64, 5376 }, // t
    { 16, 32, 256, 0, 26, 64, 5440 }, // u
    { 16, 32, 256, 0, 26, 64, 5504 }, // v
    { 16, 32, 256, 0, 26, 64, 5568 }, // w
    { 16, 32, 256, 0, 26, 64, 5632 }, // x
    { 16, 32, 256, 0, 26, 64, 5696 }, // y
    { 16, 32, 256, 0, 26, 64, 5760 }, // z
    { 16, 32, 256, 0, 26, 64, 5824 }, // {
    { 16, 32, 256, 0, 26, 64, 5888 }, // |
    { 16, 32, 256, 0, 26, 64, 5952 }, // }
    { 16, 32, 256, 0, 26, 64, 6016 }, // ~
    { 0, 0, 0, 0, 0, 0, 6080 }, // U+007F
    { 0, 0, 0, 0, 0, 0, 6080 }, // U+0080
    { 0, 0, 0, 0, 0, 0, 6080 }, // U+0081
    { 0, 0, 0, 0, 0, 0, 6080 }, // U+0082
    { 0, 0, 0, 0, 0, 0, 6080 }, // U+0083
    { 0, 0, 0, 0, 0, 0, 6080 }, // U+0084
    { 0, 0, 0, 0, 0, 0, 6080 }, // U+0085
    { 0, 0, 0, 0, 0, 0, 6080 }, // U+0086
    { 0, 0, 0, 0, 0, 0, 6080 }, // U+0087
    { 0, 0, 0, 0, 0, 0, 6080 }, // U+0088
    { 0, 0, 0, 0, 0, 0, 6080 }, // U+0089
    { 0, 0, 0, 0, 0, 0, 6080 }, // U+008A
    { 0, 0, 0, 0, 0, 0, 6080 }, // U+008B
    { 0, 0, 0, 0, 0, 0, 6080 }, // U+008C
    { 0, 0, 0, 0, 0, 0, 6080 }, // U+008D
    { 0, 0, 0, 0, 0, 0, 6080 }, // U+008E
    { 0, 0, 0, 0, 0, 0, 6080 }, // U+008F
    { 0, 0, 0, 0, 0, 0, 6080 }, // U+0090
    { 0, 0, 0, 0, 0, 0, 6080 }, // U+0091
    { 0, 0, 0, 0, 0, 0, 6080 }, // U+0092
    { 0, 0, 0, 0, 0, 0, 6080 }, // U+0093
    { 0, 0, 0, 0, 0, 0, 6080 }, // U+0094
    { 0, 0, 0, 0, 0, 0, 6080 }, // U+0095
    { 0, 0, 0, 0, 0, 0, 6080 }, // U+0096
    { 0, 0, 0, 0, 0, 0, 6080 }, // U+0097
    { 0, 0, 0, 0, 0, 0, 6080 }, // U+0098
    { 0, 0, 0, 0, 0, 0, 6080 }, // U+0099
    { 0, 0, 0, 0, 0, 0, 6080 }, // U+009A
    { 0, 0, 0, 0, 0, 0, 6080 }, // U+009B
    { 0, 0, 0, 0, 0, 0, 6080 }, // U+009C
    { 0, 0, 0, 0, 0, 0, 6080 }, // U+009D
    { 0, 0, 0, 0, 0, 0, 6080 }, // U+009E
    { 0, 0, 0, 0, 0, 0, 6080 }, // U+009F
    { 16, 32, 256, 0, 26, 64, 6080 }, // U+00A0
    { 16, 32, 256, 0, 26, 64, 6144 }, // U+00A1
    { 16, 32, 256, 0, 26, 64, 6208 }, // U+00A2
    { 16, 32, 256, 0, 26, 64, 6272 }, // U+00A3
    { 16, 32, 256, 0, 26, 64, 6336 }, // U+00A4
    { 16, 32, 256, 0, 26, 64, 6400 }, // U+00A5
    { 16, 32, 256, 0, 26, 64, 6464 }, // U+00A6
    { 16, 32, 256, 0, 26, 64, 6528 }, // U+00A7
    { 16, 32, 256, 0, 26, 64, 6592 }, // U+00A8
    { 16, 32, 256, 0, 26, 64, 6656 }, // U+00A9
    { 16, 32, 256, 0, 26, 64, 6720 }, // U+00AA
    { 16, 32, 256, 0, 26, 64, 6784 }, // U+00AB
    { 16, 32, 256, 0, 26, 64, 6848 }, // U+00AC
    { 0, 0, 0, 0, 0, 0, 6912 }, // U+00AD
    { 16, 32, 256, 0, 26, 64, 6912 }, // U+00AE
    { 16, 32, 256, 0, 26, 64, 6976 }, // U+00AF
    { 16, 32, 256, 0, 26, 64, 7040 }, // U+00B0
    { 16, 32, 256, 0, 26, 64, 7104 }, // U+00B1
    { 16, 32, 256, 0, 26, 64, 7168 }, // U+00B2
    { 16, 32, 256, 0, 26, 64, 7232 }, // U+00B3
    { 16, 32, 256, 0, 26, 64, 7296 }, // U+00B4
    { 16, 32, 256, 0, 26, 64, 7360 }, // U+00B5
    { 16, 32, 256, 0, 26, 64, 7424 }, // U+00B6
    { 16, 32, 256, 0, 26, 64, 7488 }, // U+00B7
    { 16, 32, 256, 0, 26, 64, 7552 }, // U+00B8
    { 16, 32, 256, 0, 26, 64, 7616 }, // U+00B9
    { 16, 32, 256, 0, 26, 64, 7680 }, // U+00BA
    { 16, 32, 256, 0, 26, 64, 7744 }, // U+00BB
    { 16, 32, 256, 0, 26, 64, 7808 }, // U+00BC
    { 16, 32, 256, 0, 26, 64, 7872 }, // U+00BD
    { 16, 32, 256, 0, 26, 64, 7936 }, // U+00BE
    { 16, 32, 256, 0, 26, 64, 8000 }, // U+00BF
    { 16, 32, 256, 0, 26, 64, 8064 }, // U+00C0
    { 16, 32, 256, 0, 26, 64, 8128 }, // U+00C1
    { 16, 32, 256, 0, 26, 64, 8192 }, // U+00C2
    { 16, 32, 256, 0, 26, 64, 8256 }, // U+00C3
    { 16, 32, 256, 0, 26, 64, 8320 }, // U+00C4
    { 16, 32, 256, 0, 26, 64, 8384 }, // U+00C5
    { 16, 32, 256, 0, 26, 64, 8448 }, // U+00C6
    { 16, 32, 256, 0, 26, 64, 8512 }, // U+00C7
    { 16, 32, 256, 0, 26, 64, 8576 }, // U+00C8
    { 16, 32, 256, 0, 26, 64, 8640 }, // U+00C9
    { 16, 32, 256, 0, 26, 64, 8704 }, // U+00CA
    { 16, 32, 256, 0, 26, 64, 8768 }, // U+00CB
    { 16, 32, 256, 0, 26, 64, 8832 }, // U+00CC
    { 16, 32, 256, 0, 26, 64, 8896 }, // U+00CD
    { 16, 32, 256, 0, 26, 64, 8960 }, // U+00CE
    { 16, 32, 256, 0, 26, 64, 9024 }, // U+00CF
    { 16, 32, 256, 0, 26, 64, 9088 }, // U+00D0
    { 16, 32, 256, 0, 26, 64, 9152 }, // U+00D1
    { 16, 32, 256, 0, 26, 64, 9216 }, // U+00D2
    { 16, 32, 256, 0, 26, 64, 9280 }, // U+00D3
    { 16, 32, 256, 0, 26, 64, 9344 }, // U+00D4
    { 16, 32, 256, 0, 26, 64, 9408 }, // U+00D5
    { 16, 32, 256, 0, 26, 64, 9472 }, // U+00D6
    { 16, 32, 256, 0, 26, 64, 9536 }, // U+00D7
    { 16, 32, 256, 0, 26, 64, 9600 }, // U+00D8
    { 16, 32, 256, 0, 26, 64, 9664 }, // U+00D9
    { 16, 32, 256, 0, 26, 64, 9728 }, // U+00DA
    { 16, 32, 256, 0, 26, 64, 9792 }, // U+00DB
    { 16, 32, 256, 0, 26, 64, 9856 }, // U+00DC
    { 16, 32, 256, 0, 26, 64, 9920 }, // U+00DD
    { 16, 32, 256, 0, 26, 64, 9984 }, // U+00DE
    { 16, 32, 256, 0, 26, 64, 10048 }, // U+00DF
    { 16, 32, 256, 0, 26, 64, 10112 }, // U+00E0
    { 16, 32, 256, 0, 26, 64, 10176 }, // U+00E1
    { 16, 32, 256, 0, 26, 64, 10240 }, // U+00E2
    { 16, 32, 256, 0, 26, 64, 10304 }, // U+00E3
    { 16, 32, 256, 0, 26, 64, 10368 }, // U+00E4
    { 16, 32, 256, 0, 26, 64, 10432 }, // U+00E5
    { 16, 32, 256, 0, 26, 64, 10496 }, // U+00E6
    { 16, 32, 256, 0, 26, 64, 10560 }, // U+00E7
    { 16, 32, 256, 0, 26, 64, 10624 }, // U+00E8
    { 16, 32, 256, 0, 26, 64, 10688 }, // U+00E9
    { 16, 32, 256, 0, 26, 64, 10752 }, // U+00EA
    { 16, 32, 256, 0, 26, 64, 10816 }, // U+00EB
    { 16, 32, 256, 0, 26, 64, 10880 }, // U+00EC
    { 16, 32, 256, 0, 26, 64, 10944 }, // U+00ED
    { 16, 32, 256, 0, 26, 64, 11008 }, // U+00EE
    { 16, 32, 256, 0, 26, 64, 11072 }, // U+00EF
    { 16, 32, 256, 0, 26, 64, 11136 }, // U+00F0
    { 16, 32, 256, 0, 26, 64, 11200 }, // U+00F1
    { 16, 32, 256, 0, 26, 64, 11264 }, // U+00F2
    { 16, 32, 256, 0, 26, 64, 11328 }, // U+00F3
    { 16, 32, 256, 0, 26, 64, 11392 }, // U+00F4
    { 16, 32, 256, 0, 26, 64, 11456 }, // U+00F5
    { 16, 32, 256, 0, 26, 64, 11520 }, // U+00F6
    { 16, 32, 256, 0, 26, 64, 11584 }, // U+00F7
    { 16, 32, 256, 0, 26, 64, 11648 }, // U+00F8
    { 16, 32, 256, 0, 26, 64, 11712 }, // U+00F9
    { 16, 32, 256, 0, 26, 64, 11776 }, // U+00FA
    { 16, 32, 256, 0, 26, 64, 11840 }, // U+00FB
    { 16, 32, 256, 0, 26, 64, 11904 }, // U+00FC
    { 16, 32, 256, 0, 26, 64, 11968 }, // U+00FD
    { 16, 32, 256, 0, 26, 64, 12032 }, // U+00FE
    { 16, 32, 256, 0, 26, 64, 12096 }, // U+00FF
    { 16, 32, 256, 0, 26, 64, 12160 }, // U+0100
    { 16, 32, 256, 0, 26, 64, 12224 }, // U+0101
    { 16, 32, 256, 0, 26, 64, 12288 }, // U+0102
    { 16, 32, 256, 0, 26, 64, 12352 }, // U+0103
    { 16, 32, 256, 0, 26, 64, 12416 }, // U+0104
    { 16, 32, 256, 0, 26, 64, 12480 }, // U+0105
    { 16, 32, 256, 0, 26, 64, 12544 }, // U+0106
    { 16, 32, 256, 0, 26, 64, 12608 }, // U+0107
    { 16, 32, 256, 0, 26, 64, 12672 }, // U+0108
    { 16, 32, 256, 0, 26, 64, 12736 }, // U+0109
    { 16, 32, 256, 0, 26, 64, 12800 }, // U+010A
    { 16, 32, 256, 0, 26, 64, 12864 }, // U+010B
    { 16, 32, 256, 0, 26, 64, 12928 }, // U+010C
    { 16, 32, 256, 0, 26, 64, 12992 }, // U+010D
    { 16, 32, 256, 0, 26, 64, 13056 }, // U+010E
    { 16, 32, 256, 0, 26, 64, 13120 }, // U+010F
    { 16, 32, 256, 0, 26, 64, 13184 }, // U+0110
    { 16, 32, 256, 0, 26, 64, 13248 }, // U+0111
    { 16, 32, 256, 0, 26, 64, 13312 }, // U+0112
    { 16, 32, 256, 0, 26, 64, 13376 }, // U+0113
    { 16, 32, 256, 0, 26, 64, 13440 }, // U+0114
    { 16, 32, 256, 0, 26, 64, 13504 }, // U+0115
    { 16, 32, 256, 0, 26, 64, 13568 }, // U+0116
    { 16, 32, 256, 0, 26, 64, 13632 }, // U+0117
    { 16, 32, 256, 0, 26, 64, 13696 }, // U+0118
    { 16, 32, 256, 0, 26, 64, 13760 }, // U+0119
    { 16, 32, 256, 0, 26, 64, 13824 }, // U+011A
    { 16, 32, 256, 0, 26, 64, 13888 }, // U+011B
    { 16, 32, 256, 0, 26, 64, 13952 }, // U+011C
    { 16, 32, 256, 0, 26, 64, 14016 }, // U+011D
    { 16, 32, 256, 0, 26, 64, 14080 }, // U+011E
    { 16, 32, 256, 0, 26, 64, 14144 }, // U+011F
    { 16, 32, 256, 0, 26, 64, 14208 }, // U+0120
    { 16, 32, 256, 0, 26, 64, 14272 }, // U+0121
    { 16, 32, 256, 0, 26, 64, 14336 }, // U+0122
    { 16, 32, 256, 0, 26, 64, 14400 }, // U+0123
    { 16, 32, 256, 0, 26, 64, 14464 }, // U+0124
    { 16, 32, 256, 0, 26, 64, 14528 }, // U+0125
    { 16, 32, 256, 0, 26, 64, 14592 }, // U+0126
    { 16, 32, 256, 0, 26, 64, 14656 }, // U+0127
    { 16, 32, 256, 0, 26, 64, 14720 }, // U+0128
    { 16, 32, 256, 0, 26, 64, 14784 }, // U+0129
    { 16, 32, 256, 0, 26, 64, 14848 }, // U+012A
    { 16, 32, 256, 0, 26, 64, 14912 }, // U+012B
    { 16, 32, 256, 0, 26, 64, 14976 }, // U+012C
    { 16, 32, 256, 0, 26, 64, 15040 }, // U+012D
    { 16, 32, 256, 0, 26, 64, 15104 }, // U+012E
    { 16, 32, 256, 0, 26, 64, 15168 }, // U+012F
    { 16, 32, 256, 0, 26, 64, 15232 }, // U+0130
    { 16, 32, 256, 0, 26, 64, 15296 }, // U+0131
    { 16, 32, 256, 0, 26, 64, 15360 }, // U+0132
    { 16, 32, 256, 0, 26, 64, 15424 }, // U+0133
    { 16, 32, 256, 0, 26, 64, 15488 }, // U+0134
    { 16, 32, 256, 0, 26, 64, 15552 }, // U+0135
    { 16, 32, 256, 0, 26, 64, 15616 }, // U+0136
    { 16, 32, 256, 0, 26, 64, 15680 }, // U+0137
    { 16, 32, 256, 0, 26, 64, 15744 }, // U+0138
    { 16, 32, 256, 0, 26, 64, 15808 }, // U+0139
    { 16, 32, 256, 0, 26, 64, 15872 }, // U+013A
    { 16, 32, 256, 0, 26, 64, 15936 }, // U+013B
    { 16, 32, 256, 0, 26, 64, 16000 }, // U+013C
    { 16, 32, 256, 0, 26, 64, 16064 }, // U+013D
    { 16, 32, 256, 0, 26, 64, 16128 }, // U+013E
    { 16, 32, 256, 0, 26, 64, 16192 }, // U+013F
    { 16, 32, 256, 0, 26, 64, 16256 }, // U+0140
    { 16, 32, 256, 0, 26, 64, 16320 }, // U+0141
    { 16, 32, 256, 0, 26, 64, 16384 }, // U+0142
    { 16, 32, 256, 0, 26, 64, 16448 }, // U+0143
    { 16, 32, 256, 0, 26, 64, 16512 }, // U+0144
    { 16, 32, 256, 0, 26, 64, 16576 }, // U+0145
    { 16, 32, 256, 0, 26, 64, 16640 }, // U+0146
    { 16, 32, 256, 0, 26, 64, 16704 }, // U+0147
    { 16, 32, 256, 0, 26, 64, 16768 }, // U+0148
    { 16, 32, 256, 0, 26, 64, 16832 }, // U+0149
    { 16, 32, 256, 0, 26, 64, 16896 }, // U+014A
    { 16, 32, 256, 0, 26, 64, 16960 }, // U+014B
    { 16, 32, 256, 0, 26, 64, 17024 }, // U+014C
    { 16, 32, 256, 0, 26, 64, 17088 }, // U+014D
    { 16, 32, 256, 0, 26, 64, 17152 }, // U+014E
    { 16, 32, 256, 0, 26, 64, 17216 }, // U+014F
    { 16, 32, 256, 0, 26, 64, 17280 }, // U+0150
    { 16, 32, 256, 0, 26, 64, 17344 }, // U+0151
    { 16, 32, 256, 0, 26, 64, 17408 }, // U+0152
    { 16, 32, 256, 0, 26, 64, 17472 }, // U+0153
    { 16, 32, 256, 0, 26, 64, 17536 }, // U+0154
    { 16, 32, 256, 0, 26, 64, 17600 }, // U+0155
    { 16, 32, 256, 0, 26, 64, 17664 }, // U+0156
    { 16, 32, 256, 0, 26, 64, 17728 }, // U+0157
    { 16, 32, 256, 0, 26, 64, 17792 }, // U+0158
    { 16, 32, 256, 0, 26, 64, 17856 }, // U+0159
    { 16, 32, 256, 0, 26, 64, 17920 }, // U+015A
    { 16, 32, 256, 0, 26, 64, 17984 }, // U+015B
    { 16, 32, 256, 0, 26, 64, 18048 }, // U+015C
    { 16, 32, 256, 0, 26, 64, 18112 }, // U+015D
    { 16, 32, 256, 0, 26, 64, 18176 }, // U+015E
    { 16, 32, 256, 0, 26, 64, 18240 }, // U+015F
    { 16, 32, 256, 0, 26, 64, 18304 }, // U+0160
    { 16, 32, 256, 0, 26, 64, 18368 }, // U+0161
    { 16, 32, 256, 0, 26, 64, 18432 }, // U+0162
    { 16, 32, 256, 0, 26, 64, 18496 }, // U+0163
    { 16, 32, 256, 0, 26, 64, 18560 }, // U+0164
    { 16, 32, 256, 0, 26, 64, 18624 }, // U+0165
    { 16, 32, 256, 0, 26, 64, 18688 }, // U+0166
    { 16, 32, 256, 0, 26, 64, 18752 }, // U+0167
    { 16, 32, 256, 0, 26, 64, 18816 }, // U+0168
    { 16, 32, 256, 0, 26, 64, 18880 }, // U+0169
    { 16, 32, 256, 0, 26, 64, 18944 }, // U+016A
    { 16, 32, 256, 0, 26, 64, 19008 }, // U+016B
    { 16, 32, 256, 0, 26, 64, 19072 }, // U+016C
    { 16, 32, 256, 0, 26, 64, 19136 }, // U+016D
    { 16, 32, 256, 0, 26, 64, 19200 }, // U+016E
    { 16, 32, 256, 0, 26, 64, 19264 }, // U+016F
    { 16, 32, 256, 0, 26, 64, 19328 }, // U+0170
    { 16, 32, 256, 0, 26, 64, 19392 }, // U+0171
    { 16, 32, 256, 0, 26, 64, 19456 }, // U+0172
    { 16, 32, 256, 0, 26, 64, 19520 }, // U+0173
    { 16, 32, 256, 0, 26, 64, 19584 }, // U+0174
    { 16, 32, 256, 0, 26, 64, 19648 }, // U+0175
    { 16, 32, 256, 0, 26, 64, 19712 }, // U+0176
    { 16, 32, 256, 0, 26, 64, 19776 }, // U+0177
    { 16, 32, 256, 0, 26, 64, 19840 }, // U+0178
    { 16, 32, 256, 0, 26, 64, 19904 }, // U+0179
    { 16, 32, 256, 0, 26, 64, 19968 }, // U+017A
    { 16, 32, 256, 0, 26, 64, 20032 }, // U+017B
    { 16, 32, 256, 0, 26, 64, 20096 }, // U+017C
    { 16, 32, 256, 0, 26, 64, 20160 }, // U+017D
    { 16, 32, 256, 0, 26, 64, 20224 }, // U+017E
    { 16, 32, 256, 0, 26, 64, 20288 }, // U+017F
    { 18, 22, 309, 1, 21, 50, 20352 }, // U+01A0
    { 15, 18, 242, 0, 17, 34, 20402 }, // U+01A1
    { 18, 22, 290, 1, 21, 50, 20436 }, // U+01AF
    { 15, 18, 263, 1, 17, 34, 20486 }, // U+01B0
    { 30, 19, 512, 1, 19, 72, 20520 }, // U+01C5
    { 29, 20, 474, 0, 19, 73, 20592 }, // U+01C6
    { 27, 20, 457, 1, 19, 68, 20665 }, // U+01C7
    { 19, 25, 332, 1, 19, 60, 20733 }, // U+01C8
    { 11, 25, 213, 1, 19, 35, 20793 }, // U+01C9
    { 31, 20, 533, 1, 19, 78, 20828 }, // U+01CA
    { 24, 25, 408, 1, 19, 75, 20906 }, // U+01CB
    { 20, 25, 352, 1, 19, 63, 20981 }, // U+01CC
    { 16, 32, 256, 0, 26, 64, 21044 }, // U+01CD
    { 16, 32, 256, 0, 26, 64, 21108 }, // U+01CE
    { 16, 32, 256, 0, 26, 64, 21172 }, // U+01CF
    { 16, 32, 256, 0, 26, 64, 21236 }, // U+01D0
    { 16, 32, 256, 0, 26, 64, 21300 }, // U+01D1
    { 16, 32, 256, 0, 26, 64, 21364 }, // U+01D2
    { 16, 32, 256, 0, 26, 64, 21428 }, // U+01D3
    { 16, 32, 256, 0, 26, 64, 21492 }, // U+01D4
    { 16, 29, 290, 1, 28, 58, 21556 }, // U+01D5
    { 13, 24, 246, 1, 23, 39, 21614 }, // U+01D6
    { 16, 29, 290, 1, 28, 58, 21653 }, // U+01D7
    { 13, 24, 246, 1, 23, 39, 21711 }, // U+01D8
    { 16, 29, 290, 1, 28, 58, 21750 }, // U+01D9
    { 13, 24, 246, 1, 23, 39, 21808 }, // U+01DA
    { 16, 29, 290, 1, 28, 58, 21847 }, // U+01DB
    { 13, 24, 246, 1, 23, 39, 21905 }, // U+01DC
    { 14, 15, 235, 0, 14, 27, 21944 }, // U+01DD
    { 18, 28, 296, 0, 28, 63, 21971 }, // U+01DE
    { 13, 24, 230, 0, 23, 39, 22034 }, // U+01DF
    { 18, 28, 296, 0, 28, 63, 22073 }, // U+01E0
    { 13, 24, 230, 0, 23, 39, 22136 }, // U+01E1
    { 16, 32, 256, 0, 26, 64, 22175 }, // U+01E2
    { 16, 32, 256, 0, 26, 64, 22239 }, // U+01E3
    { 16, 32, 256, 0, 26, 64, 22303 }, // U+01E4
    { 16, 32, 256, 0, 26, 64, 22367 }, // U+01E5
    { 16, 32, 256, 0, 26, 64, 22431 }, // U+01E6
    { 16, 32, 256, 0, 26, 64, 22495 }, // U+01E7
    { 16, 32, 256, 0, 26, 64, 22559 }, // U+01E8
    { 16, 32, 256, 0, 26, 64, 22623 }, // U+01E9
    { 16, 32, 256, 0, 26, 64, 22687 }, // U+01EA
    { 16, 32, 256, 0, 26, 64, 22751 }, // U+01EB
    { 16, 32, 256, 0, 26, 64, 22815 }, // U+01EC
    { 16, 32, 256, 0, 26, 64, 22879 }, // U+01ED
    { 16, 32, 256, 0, 26, 64, 22943 }, // U+01EE
    { 16, 32, 256, 0, 26, 64, 23007 }, // U+01EF
    { 16, 32, 256, 0, 26, 64, 23071 }, // U+01F0
    { 33, 19, 550, 1, 19, 79, 23135 }, // U+01F1
    { 30, 19, 512, 1, 19, 72, 23214 }, // U+01F2
    { 29, 20, 474, 0, 19, 73, 23286 }, // U+01F3
    { 16, 32, 256, 0, 26, 64, 23359 }, // U+01F4
    { 16, 32, 256, 0, 26, 64, 23423 }, // U+01F5
    { 26, 20, 444, 1, 19, 65, 23487 }, // U+01F6
    { 16, 25, 293, 1, 19, 50, 23552 }, // U+01F7
    { 17, 24, 302, 1, 24, 51, 23602 }, // U+01F8
    { 13, 19, 246, 1, 19, 31, 23653 }, // U+01F9
    { 18, 28, 296, 0, 28, 63, 23684 }, // U+01FA
    { 13, 25, 230, 0, 24, 41, 23747 }, // U+01FB
    { 16, 32, 256, 0, 26, 64, 23788 }, // U+01FC
    { 16, 32, 256, 0, 26, 64, 23852 }, // U+01FD
    { 16, 32, 256, 0, 26, 64, 23916 }, // U+01FE
    { 16, 32, 256, 0, 26, 64, 23980 }, // U+01FF
    { 18, 24, 296, 0, 24, 54, 24044 }, // U+0200
    { 13, 20, 230, 0, 19, 33, 24098 }, // U+0201
    { 18, 25, 296, 0, 25, 57, 24131 }, // U+0202
    { 13, 21, 230, 0, 20, 35, 24188 }, // U+0203
    { 13, 24, 243, 1, 24, 39, 24223 }, // U+0204
    { 14, 20, 235, 0, 19, 35, 24262 }, // U+0205
    { 13, 25, 243, 1, 25, 41, 24297 }, // U+0206
    { 14, 21, 235, 0, 20, 37, 24338 }, // U+0207
    { 10, 24, 110, -3, 24, 30, 24375 }, // U+0208
    { 11, 19, 106, -4, 19, 27, 24405 }, // U+0209
    { 9, 25, 110, -1, 25, 29, 24432 }, // U+020A
    { 9, 20, 106, -1, 20, 23, 24461 }, // U+020B
    { 18, 25, 306, 1, 24, 57, 24484 }, // U+020C
    { 15, 20, 242, 0, 19, 38, 24541 }, // U+020D
    { 18, 26, 306, 1, 25, 59, 24579 }, // U+020E
    { 15, 21, 242, 0, 20, 40, 24638 }, // U+020F
    { 15, 24, 262, 1, 24, 45, 24678 }, // U+0210
    { 11, 19, 160, -1, 19, 27, 24723 }, // U+0211
    { 15, 25, 262, 1, 25, 47, 24750 }, // U+0212
    { 9, 20, 160, 1, 20, 23, 24797 }, // U+0213
    { 16, 25, 290, 1, 24, 50, 24820 }, // U+0214
    { 13, 20, 246, 1, 19, 33, 24870 }, // U+0215
    { 16, 26, 290, 1, 25, 52, 24903 }, // U+0216
    { 13, 21, 246, 1, 20, 35, 24955 }, // U+0217
    { 16, 32, 256, 0, 26, 64, 24990 }, // U+0218
    { 16, 32, 256, 0, 26, 64, 25054 }, // U+0219
    { 16, 32, 256, 0, 26, 64, 25118 }, // U+021A
    { 16, 32, 256, 0, 26, 64, 25182 }, // U+021B
    { 15, 25, 265, 1, 19, 47, 25246 }, // U+021C
    { 12, 20, 228, 1, 14, 30, 25293 }, // U+021D
    { 16, 24, 296, 1, 24, 48, 25323 }, // U+021E
    { 16, 24, 246, -2, 24, 48, 25371 }, // U+021F
    { 16, 32, 256, 0, 26, 64, 25419 }, // U+0300
    { 16, 32, 256, 0, 26, 64, 25483 }, // U+0301
    { 16, 32, 256, 0, 26, 64, 25547 }, // U+0302
    { 16, 32, 256, 0, 26, 64, 25611 }, // U+0303
    { 16, 32, 256, 0, 26, 64, 25675 }, // U+0304
    { 16, 32, 256, 0, 26, 64, 25739 }, // U+0305
    { 16, 32, 256, 0, 26, 64, 25803 }, // U+0306
    { 16, 32, 256, 0, 26, 64, 25867 }, // U+0307
    { 16, 32, 256, 0, 26, 64, 25931 }, // U+0308
    { 5, 4, 0, 1, 19, 3, 25995 }, // U+0309
    { 16, 32, 256, 0, 26, 64, 25998 }, // U+030A
    { 16, 32, 256, 0, 26, 64, 26062 }, // U+030B
    { 16, 32, 256, 0, 26, 64, 26126 }, // U+030C
    { 11, 4, 0, 1, 19, 6, 26190 }, // U+030F
    { 5, 9, 0, 5, 13, 6, 26196 }, // U+0313
    { 5, 9, 0, 5, 13, 6, 26202 }, // U+0315
    { 5, 7, 0, -6, 19, 5, 26208 }, // U+031B
    { 5, 4, 113, 1, -2, 3, 26213 }, // U+0323
    { 4, 6, 0, -10, -1, 3, 26216 }, // U+0326
    { 6, 7, 0, 2, 1, 6, 26219 }, // U+0327
    { 7, 7, 0, 0, 1, 7, 26225 }, // U+0328
    { 16, 32, 256, 0, 26, 64, 26232 }, // U+0329
    { 11, 4, 0, 0, -2, 6, 26296 }, // U+032C
    { 12, 17, 0, -14, 15, 26, 26302 }, // U+0337
    { 15, 20, 0, -15, 19, 38, 26328 }, // U+0338
    { 10, 4, 0, -13, 19, 5, 26366 }, // U+0342
    { 5, 5, 0, 0, 15, 4, 26371 }, // U+0343
    { 10, 6, 0, -13, 20, 8, 26375 }, // U+0346
    { 9, 7, 0, -12, -2, 8, 26383 }, // U+0347
    { 7, 7, 0, -11, 0, 7, 26391 }, // U+0348
    { 6, 6, 0, -10, -1, 5, 26398 }, // U+0349
    { 11, 6, 0, -14, 20, 9, 26403 }, // U+034A
    { 10, 11, 0, -13, 25, 14, 26412 }, // U+034B
    { 10, 7, 0, -13, 22, 9, 26426 }, // U+034C
    { 12, 6, 0, -14, -1, 9, 26435 }, // U+034D
    { 6, 7, 0, -11, 0, 6, 26444 }, // U+034E
    { 0, 0, 0, 0, 0, 0, 26450 }, // U+034F
    { 10, 10, 0, -12, 25, 13, 26450 }, // U+0350
    { 4, 6, 0, -10, 19, 3, 26463 }, // U+0351
    { 10, 8, 0, -13, 22, 10, 26466 }, // U+0352
    { 7, 7, 0, -11, 0, 7, 26476 }, // U+0353
    { 7, 7, 0, -11, 0, 7, 26483 }, // U+0354
    { 7, 7, 0, -11, 0, 7, 26490 }, // U+0355
    { 15, 7, 0, -14, 0, 14, 26497 }, // U+0356
    { 4, 7, 0, 0, 21, 4, 26511 }, // U+0357
    { 5, 4, 0, 1, 19, 3, 26515 }, // U+0358
    { 6, 7, 0, -11, 0, 6, 26518 }, // U+0359
    { 11, 6, 0, -13, 0, 9, 26524 }, // U+035A
    { 6, 7, 0, -11, 21, 6, 26533 }, // U+035B
    { 20, 5, 0, -11, -1, 13, 26539 }, // U+035C
    { 19, 5, 0, -10, 19, 12, 26552 }, // U+035D
    { 15, 3, 0, -15, 19, 6, 26564 }, // U+035E
    { 15, 3, 0, -15, -2, 6, 26570 }, // U+035F
    { 26, 5, 0, -14, 19, 17, 26576 }, // U+0360
    { 19, 6, 0, -10, 19, 15, 26593 }, // U+0361
    { 22, 6, 0, -11, -1, 17, 26608 }, // U+0362
    { 7, 8, 0, -11, 22, 7, 26625 }, // U+0363
    { 7, 8, 0, -11, 22, 7, 26632 }, // U+0364
    { 3, 11, 0, -9, 25, 5, 26639 }, // U+0365
    { 8, 8, 0, -12, 22, 8, 26644 }, // U+0366
    { 7, 8, 0, -11, 22, 7, 26652 }, // U+0367
    { 7, 8, 0, -11, 22, 7, 26659 }, // U+0368
    { 8, 11, 0, -12, 25, 11, 26666 }, // U+0369
    { 7, 11, 0, -11, 25, 10, 26677 }, // U+036A
    { 12, 8, 0, -14, 22, 12, 26687 }, // U+036B
    { 5, 8, 0, -10, 22, 5, 26699 }, // U+036C
    { 5, 10, 0, 0, 24, 7, 26704 }, // U+036D
    { 8, 8, 0, -12, 22, 8, 26711 }, // U+036E
    { 7, 8, 0, -11, 22, 7, 26719 }, // U+036F
    { 16, 32, 256, 0, 26, 64, 26726 }, // U+0400
    { 16, 32, 256, 0, 26, 64, 26790 }, // U+0401
    { 16, 32, 256, 0, 26, 64, 26854 }, // U+0402
    { 16, 32, 256, 0, 26, 64, 26918 }, // U+0403
    { 16, 32, 256, 0, 26, 64, 26982 }, // U+0404
    { 16, 32, 256, 0, 26, 64, 27046 }, // U+0405
    { 16, 32, 256, 0, 26, 64, 27110 }, // U+0406
    { 16, 32, 256, 0, 26, 64, 27174 }, // U+0407
    { 16, 32, 256, 0, 26, 64, 27238 }, // U+0408
    { 16, 32, 256, 0, 26, 64, 27302 }, // U+0409
    { 16, 32, 256, 0, 26, 64, 27366 }, // U+040A
    { 16, 32, 256, 0, 26, 64, 27430 }, // U+040B
    { 16, 32, 256, 0, 26, 64, 27494 }, // U+040C
    { 16, 32, 256, 0, 26, 64, 27558 }, // U+040D
    { 16, 32, 256, 0, 26, 64, 27622 }, // U+040E
    { 16, 32, 256, 0, 26, 64, 27686 }, // U+040F
    { 16, 32, 256, 0, 26, 64, 27750 }, // U+0410
    { 16, 32, 256, 0, 26, 64, 27814 }, // U+0411
    { 16, 32, 256, 0, 26, 64, 27878 }, // U+0412
    { 16, 32, 256, 0, 26, 64, 27942 }, // U+0413
    { 16, 32, 256, 0, 26, 64, 28006 }, // U+0414
    { 16, 32, 256, 0, 26, 64, 28070 }, // U+0415
    { 16, 32, 256, 0, 26, 64, 28134 }, // U+0416
    { 16, 32, 256, 0, 26, 64, 28198 }, // U+0417
    { 16, 32, 256, 0, 26, 64, 28262 }, // U+0418
    { 16, 32, 256, 0, 26, 64, 28326 }, // U+0419
    { 16, 32, 256, 0, 26, 64, 28390 }, // U+041A
    { 16, 32, 256, 0, 26, 64, 28454 }, // U+041B
    { 16, 32, 256, 0, 26, 64, 28518 }, // U+041C
    { 16, 32, 256, 0, 26, 64, 28582 }, // U+041D
    { 16, 32, 256, 0, 26, 64, 28646 }, // U+041E
    { 16, 32, 256, 0, 26, 64, 28710 }, // U+041F
    { 16, 32, 256, 0, 26, 64, 28774 }, // U+0420
    { 16, 32, 256, 0, 26, 64, 28838 }, // U+0421
    { 16, 32, 256, 0, 26, 64, 28902 }, // U+0422
    { 16, 32, 256, 0, 26, 64, 28966 }, // U+0423
    { 16, 32, 256, 0, 26, 64, 29030 }, // U+0424
    { 16, 32, 256, 0, 26, 64, 29094 }, // U+0425
    { 16, 32, 256, 0, 26, 64, 29158 }, // U+0426
    { 16, 32, 256, 0, 26, 64, 29222 }, // U+0427
    { 16, 32, 256, 0, 26, 64, 29286 }, // U+0428
    { 16, 32, 256, 0, 26, 64, 29350 }, // U+0429
    { 16, 32, 256, 0, 26, 64, 29414 }, // U+042A
    { 16, 32, 256, 0, 26, 64, 29478 }, // U+042B
    { 16, 32, 256, 0, 26, 64, 29542 }, // U+042C
    { 16, 32, 256, 0, 26, 64, 29606 }, // U+042D
    { 16, 32, 256, 0, 26, 64, 29670 }, // U+042E
    { 16, 32, 256, 0, 26, 64, 29734 }, // U+042F
    { 16, 32, 256, 0, 26, 64, 29798 }, // U+0430
    { 16, 32, 256, 0, 26, 64, 29862 }, // U+0431
    { 16, 32, 256, 0, 26, 64, 29926 }, // U+0432
    { 16, 32, 256, 0, 26, 64, 29990 }, // U+0433
    { 16, 32, 256, 0, 26, 64, 30054 }, // U+0434
    { 16, 32, 256, 0, 26, 64, 30118 }, // U+0435
    { 16, 32, 256, 0, 26, 64, 30182 }, // U+0436
    { 16, 32, 256, 0, 26, 64, 30246 }, // U+0437
    { 16, 32, 256, 0, 26, 64, 30310 }, // U+0438
    { 16, 32, 256, 0, 26, 64, 30374 }, // U+0439
    { 16, 32, 256, 0, 26, 64, 30438 }, // U+043A
    { 16, 32, 256, 0, 26, 64, 30502 }, // U+043B
    { 16, 32, 256, 0, 26, 64, 30566 }, // U+043C
    { 16, 32, 256, 0, 26, 64, 30630 }, // U+043D
    { 16, 32, 256, 0, 26, 64, 30694 }, // U+043E
    { 16, 32, 256, 0, 26, 64, 30758 }, // U+043F
    { 16, 32, 256, 0, 26, 64, 30822 }, // U+0440
    { 16, 32, 256, 0, 26, 64, 30886 }, // U+0441
    { 16, 32, 256, 0, 26, 64, 30950 }, // U+0442
    { 16, 32, 256, 0, 26, 64, 31014 }, // U+0443
    { 16, 32, 256, 0, 26, 64, 31078 }, // U+0444
    { 16, 32, 256, 0, 26, 64, 31142 }, // U+0445
    { 16, 32, 256, 0, 26, 64, 31206 }, // U+0446
    { 16, 32, 256, 0, 26, 64, 31270 }, // U+0447
    { 16, 32, 256, 0, 26, 64, 31334 }, // U+0448
    { 16, 32, 256, 0, 26, 64, 31398 }, // U+0449
    { 16, 32, 256, 0, 26, 64, 31462 }, // U+044A
    { 16, 32, 256, 0, 26, 64, 31526 }, // U+044B
    { 16, 32, 256, 0, 26, 64, 31590 }, // U+044C
    { 16, 32, 256, 0, 26, 64, 31654 }, // U+044D
    { 16, 32, 256, 0, 26, 64, 31718 }, // U+044E
    { 16, 32, 256, 0, 26, 64, 31782 }, // U+044F
    { 16, 32, 256, 0, 26, 64, 31846 }, // U+0450
    { 16, 32, 256, 0, 26, 64, 31910 }, // U+0451
    { 16, 32, 256, 0, 26, 64, 31974 }, // U+0452
    { 16, 32, 256, 0, 26, 64, 32038 }, // U+0453
    { 16, 32, 256, 0, 26, 64, 32102 }, // U+0454
    { 16, 32, 256, 0, 26, 64, 32166 }, // U+0455
    { 16, 32, 256, 0, 26, 64, 32230 }, // U+0456
    { 16, 32, 256, 0, 26, 64, 32294 }, // U+0457
    { 16, 32, 256, 0, 26, 64, 32358 }, // U+0458
    { 16, 32, 256, 0, 26, 64, 32422 }, // U+0459
    { 16, 32, 256, 0, 26, 64, 32486 }, // U+045A
    { 16, 32, 256, 0, 26, 64, 32550 }, // U+045B
    { 16, 32, 256, 0, 26, 64, 32614 }, // U+045C
    { 16, 32, 256, 0, 26, 64, 32678 }, // U+045D
    { 16, 32, 256, 0, 26, 64, 32742 }, // U+045E
    { 16, 32, 256, 0, 26, 64, 32806 }, // U+045F
    { 22, 20, 389, 1, 19, 55, 32870 }, // U+0460
    { 20, 15, 350, 1, 14, 38, 32925 }, // U+0461
    { 16, 32, 256, 0, 26, 64, 32963 }, // U+0462
    { 16, 32, 256, 0, 26, 64, 33027 }, // U+0463
    { 23, 20, 398, 1, 19, 58, 33091 }, // U+0464
    { 19, 15, 329, 1, 14, 36, 33149 }, // U+0465
    { 18, 19, 296, 0, 19, 43, 33185 }, // U+0466
    { 15, 14, 235, 0, 14, 27, 33228 }, // U+0467
    { 24, 19, 395, 1, 19, 57, 33255 }, // U+0468
    { 20, 14, 331, 1, 14, 35, 33312 }, // U+0469
    { 16, 32, 256, 0, 26, 64, 33347 }, // U+046A
    { 16, 32, 256, 0, 26, 64, 33411 }, // U+046B
    { 27, 19, 471, 1, 19, 65, 33475 }, // U+046C
    { 24, 14, 406, 1, 14, 42, 33540 }, // U+046D
    { 12, 30, 226, 1, 24, 45, 33582 }, // U+046E
    { 12, 25, 215, 0, 19, 38, 33627 }, // U+046F
    { 20, 19, 356, 1, 19, 48, 33665 }, // U+0470
    { 19, 23, 330, 1, 17, 55, 33713 }, // U+0471
    { 18, 20, 306, 1, 19, 45, 33768 }, // U+0472
    { 15, 15, 242, 0, 14, 29, 33813 }, // U+0473
    { 19, 19, 300, 0, 19, 46, 33842 }, // U+0474
    { 15, 14, 244, 0, 14, 27, 33888 }, // U+0475
    { 19, 24, 300, 0, 24, 57, 33915 }, // U+0476
    { 15, 19, 244, 0, 19, 36, 33972 }, // U+0477
    { 33, 25, 543, 1, 19, 104, 34008 }, // U+0478
    { 30, 20, 472, 0, 14, 75, 34112 }, // U+0479
    { 16, 19, 286, 1, 19, 38, 34187 }, // U+0480
    { 14, 19, 232, 0, 14, 34, 34225 }, // U+0481
    { 14, 17, 265, 1, 17, 30, 34259 }, // U+0482
    { 10, 5, 0, -13, 19, 7, 34289 }, // U+0483
    { 11, 4, 0, -13, 19, 6, 34296 }, // U+0484
    { 4, 6, 0, -9, 21, 3, 34302 }, // U+0485
    { 5, 6, 0, -9, 21, 4, 34305 }, // U+0486
    { 12, 4, 0, -14, 19, 6, 34309 }, // U+0487
    { 25, 22, 0, -20, 18, 69, 34315 }, // U+0488
    { 24, 25, 0, -19, 19, 75, 34384 }, // U+0489
    { 19, 28, 302, 1, 24, 67, 34459 }, // U+048A
    { 16, 23, 247, 1, 19, 46, 34526 }, // U+048B
    { 17, 19, 283, 0, 19, 41, 34572 }, // U+048C
    { 15, 17, 254, 0, 17, 32, 34613 }, // U+048D
    { 15, 19, 261, 1, 19, 36, 34645 }, // U+048E
    { 14, 20, 243, 1, 14, 35, 34681 }, // U+048F
    { 16, 32, 256, 0, 26, 64, 34716 }, // U+0490
    { 16, 32, 256, 0, 26, 64, 34780 }, // U+0491
    { 16, 32, 256, 0, 26, 64, 34844 }, // U+0492
    { 16, 32, 256, 0, 26, 64, 34908 }, // U+0493
    { 16, 32, 256, 0, 26, 64, 34972 }, // U+0494
    { 16, 32, 256, 0, 26, 64, 35036 }, // U+0495
    { 16, 32, 256, 0, 26, 64, 35100 }, // U+0496
    { 16, 32, 256, 0, 26, 64, 35164 }, // U+0497
    { 16, 32, 256, 0, 26, 64, 35228 }, // U+0498
    { 16, 32, 256, 0, 26, 64, 35292 }, // U+0499
    { 16, 32, 256, 0, 26, 64, 35356 }, // U+049A
    { 16, 32, 256, 0, 26, 64, 35420 }, // U+049B
    { 16, 32, 256, 0, 26, 64, 35484 }, // U+049C
    { 16, 32, 256, 0, 26, 64, 35548 }, // U+049D
    { 16, 32, 256, 0, 26, 64, 35612 }, // U+04A0
    { 16, 32, 256, 0, 26, 64, 35676 }, // U+04A1
    { 16, 32, 256, 0, 26, 64, 35740 }, // U+04A2
    { 16, 32, 256, 0, 26, 64, 35804 }, // U+04A3
    { 16, 32, 256, 0, 26, 64, 35868 }, // U+04A4
    { 16, 32, 256, 0, 26, 64, 35932 }, // U+04A5
    { 27, 21, 448, 1, 19, 71, 35996 }, // U+04A6
    { 22, 18, 375, 1, 14, 50, 36067 }, // U+04A7
    { 25, 20, 417, 1, 19, 63, 36117 }, // U+04A8
    { 21, 15, 334, 0, 14, 40, 36180 }, // U+04A9
    { 16, 32, 256, 0, 26, 64, 36220 }, // U+04AA
    { 16, 32, 256, 0, 26, 64, 36284 }, // U+04AB
    { 16, 23, 264, 0, 19, 46, 36348 }, // U+04AC
    { 13, 18, 204, 0, 14, 30, 36394 }, // U+04AD
    { 16, 32, 256, 0, 26, 64, 36424 }, // U+04AE
    { 16, 32, 256, 0, 26, 64, 36488 }, // U+04AF
    { 16, 32, 256, 0, 26, 64, 36552 }, // U+04B0
    { 16, 32, 256, 0, 26, 64, 36616 }, // U+04B1
    { 16, 32, 256, 0, 26, 64, 36680 }, // U+04B2
    { 16, 32, 256, 0, 26, 64, 36744 }, // U+04B3
    { 24, 23, 379, 0, 19, 69, 36808 }, // U+04B4
    { 18, 18, 283, 0, 14, 41, 36877 }, // U+04B5
    { 16, 32, 256, 0, 26, 64, 36918 }, // U+04B6
    { 16, 32, 256, 0, 26, 64, 36982 }, // U+04B7
    { 16, 32, 256, 0, 26, 64, 37046 }, // U+04B8
    { 16, 32, 256, 0, 26, 64, 37110 }, // U+04B9
    { 16, 32, 256, 0, 26, 64, 37174 }, // U+04BA
    { 16, 32, 256, 0, 26, 64, 37238 }, // U+04BB
    { 22, 20, 355, 0, 19, 55, 37302 }, // U+04BC
    { 18, 15, 299, 0, 14, 34, 37357 }, // U+04BD
    { 22, 23, 355, 0, 19, 64, 37391 }, // U+04BE
    { 18, 20, 299, 0, 14, 45, 37455 }, // U+04BF
    { 16, 32, 256, 0, 26, 64, 37500 }, // U+04C0
    { 16, 32, 256, 0, 26, 64, 37564 }, // U+04C1
    { 16, 32, 256, 0, 26, 64, 37628 }, // U+04C2
    { 16, 24, 276, 1, 19, 48, 37692 }, // U+04C3
    { 14, 18, 246, 1, 14, 32, 37740 }, // U+04C4
    { 20, 23, 297, 0, 19, 58, 37772 }, // U+04C5
    { 16, 18, 240, 0, 14, 36, 37830 }, // U+04C6
    { 16, 25, 296, 1, 19, 50, 37866 }, // U+04C7
    { 13, 20, 246, 1, 14, 33, 37916 }, // U+04C8
    { 19, 23, 296, 1, 19, 55, 37949 }, // U+04C9
    { 16, 18, 246, 1, 14, 36, 38004 }, // U+04CA
    { 17, 23, 292, 1, 19, 49, 38040 }, // U+04CB
    { 15, 18, 249, 1, 14, 34, 38089 }, // U+04CC
    { 23, 23, 369, 1, 19, 67, 38123 }, // U+04CD
    { 20, 18, 322, 1, 14, 45, 38190 }, // U+04CE
    { 16, 32, 256, 0, 26, 64, 38235 }, // U+04CF
    { 16, 32, 256, 0, 26, 64, 38299 }, // U+04D0
    { 16, 32, 256, 0, 26, 64, 38363 }, // U+04D1
    { 16, 32, 256, 0, 26, 64, 38427 }, // U+04D2
    { 16, 32, 256, 0, 26, 64, 38491 }, // U+04D3
    { 16, 32, 256, 0, 26, 64, 38555 }, // U+04D4
    { 16, 32, 256, 0, 26, 64, 38619 }, // U+04D5
    { 16, 32, 256, 0, 26, 64, 38683 }, // U+04D6
    { 16, 32, 256, 0, 26, 64, 38747 }, // U+04D7
    { 16, 32, 256, 0, 26, 64, 38811 }, // U+04D8
    { 16, 32, 256, 0, 26, 64, 38875 }, // U+04D9
    { 16, 32, 256, 0, 26, 64, 38939 }, // U+04DA
    { 16, 32, 256, 0, 26, 64, 39003 }, // U+04DB
    { 16, 32, 256, 0, 26, 64, 39067 }, // U+04DC
    { 16, 32, 256, 0, 26, 64, 39131 }, // U+04DD
    { 16, 32, 256, 0, 26, 64, 39195 }, // U+04DE
    { 16, 32, 256, 0, 26, 64, 39259 }, // U+04DF
    { 14, 20, 256, 1, 19, 35, 39323 }, // U+04E0
    { 14, 20, 256, 1, 14, 35, 39358 }, // U+04E1
    { 16, 32, 256, 0, 26, 64, 39393 }, // U+04E2
    { 16, 32, 256, 0, 26, 64, 39457 }, // U+04E3
    { 16, 32, 256, 0, 26, 64, 39521 }, // U+04E4
    { 16, 32, 256, 0, 26, 64, 39585 }, // U+04E5
    { 16, 32, 256, 0, 26, 64, 39649 }, // U+04E6
    { 16, 32, 256, 0, 26, 64, 39713 }, // U+04E7
    { 16, 32, 256, 0, 26, 64, 39777 }, // U+04E8
    { 16, 32, 256, 0, 26, 64, 39841 }, // U+04E9
    { 16, 32, 256, 0, 26, 64, 39905 }, // U+04EA
    { 16, 32, 256, 0, 26, 64, 39969 }, // U+04EB
    { 16, 32, 256, 0, 26, 64, 40033 }, // U+04EC
    { 16, 32, 256, 0, 26, 64, 40097 }, // U+04ED
    { 16, 32, 256, 0, 26, 64, 40161 }, // U+04EE
    { 16, 32, 256, 0, 26, 64, 40225 }, // U+04EF
    { 16, 32, 256, 0, 26, 64, 40289 }, // U+04F0
    { 16, 32, 256, 0, 26, 64, 40353 }, // U+04F1
    { 16, 32, 256, 0, 26, 64, 40417 }, // U+04F2
    { 16, 32, 256, 0, 26, 64, 40481 }, // U+04F3
    { 16, 32, 256, 0, 26, 64, 40545 }, // U+04F4
    { 16, 32, 256, 0, 26, 64, 40609 }, // U+04F5
    { 13, 23, 230, 1, 19, 38, 40673 }, // U+04F6
    { 10, 18, 180, 1, 14, 23, 40711 }, // U+04F7
    { 16, 32, 256, 0, 26, 64, 40734 }, // U+04F8
    { 16, 32, 256, 0, 26, 64, 40798 }, // U+04F9
    { 15, 25, 246, 0, 19, 47, 40862 }, // U+04FA
    { 12, 20, 180, -1, 14, 30, 40909 }, // U+04FB
    { 19, 25, 313, 0, 19, 60, 40939 }, // U+04FC
    { 13, 20, 214, 0, 14, 33, 40999 }, // U+04FD
    { 18, 19, 292, 0, 19, 43, 41032 }, // U+04FE
    { 14, 14, 228, 0, 14, 25, 41075 }, // U+04FF
    { 18, 25, 296, 0, 19, 57, 41100 }, // U+1EA0
    { 13, 20, 230, 0, 14, 33, 41157 }, // U+1EA1
    { 18, 24, 296, 0, 24, 54, 41190 }, // U+1EA2
    { 13, 20, 230, 0, 19, 33, 41244 }, // U+1EA3
    { 18, 28, 296, 0, 28, 63, 41277 }, // U+1EA4
    { 14, 24, 230, 0, 23, 42, 41340 }, // U+1EA5
    { 18, 28, 296, 0, 28, 63, 41382 }, // U+1EA6
    { 13, 24, 230, 0, 23, 39, 41445 }, // U+1EA7
    { 18, 28, 296, 0, 28, 63, 41484 }, // U+1EA8
    { 13, 24, 230, 0, 23, 39, 41547 }, // U+1EA9
    { 18, 28, 296, 0, 28, 63, 41586 }, // U+1EAA
    { 13, 24, 230, 0, 23, 39, 41649 }, // U+1EAB
    { 18, 30, 296, 0, 24, 68, 41688 }, // U+1EAC
    { 13, 25, 230, 0, 19, 41, 41756 }, // U+1EAD
    { 18, 28, 296, 0, 28, 63, 41797 }, // U+1EAE
    { 13, 24, 230, 0, 23, 39, 41860 }, // U+1EAF
    { 18, 28, 296, 0, 28, 63, 41899 }, // U+1EB0
    { 13, 24, 230, 0, 23, 39, 41962 }, // U+1EB1
    { 18, 28, 296, 0, 28, 63, 42001 }, // U+1EB2
    { 13, 24, 230, 0, 23, 39, 42064 }, // U+1EB3
    { 18, 28, 296, 0, 28, 63, 42103 }, // U+1EB4
    { 13, 24, 230, 0, 23, 39, 42166 }, // U+1EB5
    { 18, 30, 296, 0, 24, 68, 42205 }, // U+1EB6
    { 13, 25, 230, 0, 19, 41, 42273 }, // U+1EB7
    { 16, 32, 256, 0, 26, 64, 42314 }, // U+1EB8
    { 16, 32, 256, 0, 26, 64, 42378 }, // U+1EB9
    { 13, 24, 243, 1, 24, 39, 42442 }, // U+1EBA
    { 14, 20, 235, 0, 19, 35, 42481 }, // U+1EBB
    { 16, 32, 256, 0, 26, 64, 42516 }, // U+1EBC
    { 16, 32, 256, 0, 26, 64, 42580 }, // U+1EBD
    { 14, 28, 243, 1, 28, 49, 42644 }, // U+1EBE
    { 14, 24, 235, 0, 23, 42, 42693 }, // U+1EBF
    { 13, 28, 243, 1, 28, 46, 42735 }, // U+1EC0
    { 14, 24, 235, 0, 23, 42, 42781 }, // U+1EC1
    { 13, 28, 243, 1, 28, 46, 42823 }, // U+1EC2
    { 14, 24, 235, 0, 23, 42, 42869 }, // U+1EC3
    { 13, 28, 243, 1, 28, 46, 42911 }, // U+1EC4
    { 14, 24, 235, 0, 23, 42, 42957 }, // U+1EC5
    { 13, 30, 243, 1, 24, 49, 42999 }, // U+1EC6
    { 14, 25, 235, 0, 19, 44, 43048 }, // U+1EC7
    { 5, 24, 110, 1, 24, 15, 43092 }, // U+1EC8
    { 6, 19, 106, 0, 19, 15, 43107 }, // U+1EC9
    { 16, 32, 256, 0, 26, 64, 43122 }, // U+1ECA
    { 16, 32, 256, 0, 26, 64, 43186 }, // U+1ECB
    { 16, 32, 256, 0, 26, 64, 43250 }, // U+1ECC
    { 16, 32, 256, 0, 26, 64, 43314 }, // U+1ECD
    { 18, 25, 306, 1, 24, 57, 43378 }, // U+1ECE
    { 15, 20, 242, 0, 19, 38, 43435 }, // U+1ECF
    { 18, 29, 306, 1, 28, 66, 43473 }, // U+1ED0
    { 15, 24, 242, 0, 23, 45, 43539 }, // U+1ED1
    { 18, 29, 306, 1, 28, 66, 43584 }, // U+1ED2
    { 15, 24, 242, 0, 23, 45, 43650 }, // U+1ED3
    { 18, 29, 306, 1, 28, 66, 43695 }, // U+1ED4
    { 15, 24, 242, 0, 23, 45, 43761 }, // U+1ED5
    { 18, 29, 306, 1, 28, 66, 43806 }, // U+1ED6
    { 15, 24, 242, 0, 23, 45, 43872 }, // U+1ED7
    { 18, 30, 306, 1, 24, 68, 43917 }, // U+1ED8
    { 15, 25, 242, 0, 19, 47, 43985 }, // U+1ED9
    { 18, 25, 309, 1, 24, 57, 44032 }, // U+1EDA
    { 15, 20, 242, 0, 19, 38, 44089 }, // U+1EDB
    { 18, 25, 309, 1, 24, 57, 44127 }, // U+1EDC
    { 15, 20, 242, 0, 19, 38, 44184 }, // U+1EDD
    { 18, 25, 309, 1, 24, 57, 44222 }, // U+1EDE
    { 15, 20, 242, 0, 19, 38, 44279 }, // U+1EDF
    { 18, 25, 309, 1, 24, 57, 44317 }, // U+1EE0
    { 15, 20, 242, 0, 19, 38, 44374 }, // U+1EE1
    { 18, 27, 309, 1, 21, 61, 44412 }, // U+1EE2
    { 15, 23, 242, 0, 17, 44, 44473 }, // U+1EE3
    { 16, 32, 256, 0, 26, 64, 44517 }, // U+1EE4
    { 16, 32, 256, 0, 26, 64, 44581 }, // U+1EE5
    { 16, 25, 290, 1, 24, 50, 44645 }, // U+1EE6
    { 13, 20, 246, 1, 19, 33, 44695 }, // U+1EE7
    { 18, 25, 290, 1, 24, 57, 44728 }, // U+1EE8
    { 15, 20, 263, 1, 19, 38, 44785 }, // U+1EE9
    { 18, 25, 290, 1, 24, 57, 44823 }, // U+1EEA
    { 15, 20, 263, 1, 19, 38, 44880 }, // U+1EEB
    { 18, 25, 290, 1, 24, 57, 44918 }, // U+1EEC
    { 15, 20, 263, 1, 19, 38, 44975 }, // U+1EED
    { 18, 25, 290, 1, 24, 57, 45013 }, // U+1EEE
    { 15, 20, 263, 1, 19, 38, 45070 }, // U+1EEF
    { 18, 27, 290, 1, 21, 61, 45108 }, // U+1EF0
    { 15, 23, 263, 1, 17, 44, 45169 }, // U+1EF1
    { 18, 24, 289, 0, 24, 54, 45213 }, // U+1EF2
    { 15, 25, 237, 0, 19, 47, 45267 }, // U+1EF3
    { 18, 25, 289, 0, 19, 57, 45314 }, // U+1EF4
    { 15, 20, 237, 0, 14, 38, 45371 }, // U+1EF5
    { 18, 24, 289, 0, 24, 54, 45409 }, // U+1EF6
    { 15, 25, 237, 0, 19, 47, 45463 }, // U+1EF7
    { 16, 32, 256, 0, 26, 64, 45510 }, // U+1EF8
    { 16, 32, 256, 0, 26, 64, 45574 }, // U+1EF9
    { 16, 32, 256, 0, 26, 64, 45638 }, // U+2000
    { 16, 32, 256, 0, 26, 64, 45702 }, // U+2001
    { 16, 32, 256, 0, 26, 64, 45766 }, // U+2002
    { 16, 32, 256, 0, 26, 64, 45830 }, // U+2003
    { 16, 32, 256, 0, 26, 64, 45894 }, // U+2004
    { 16, 32, 256, 0, 26, 64, 45958 }, // U+2005
    { 16, 32, 256, 0, 26, 64, 46022 }, // U+2006
    { 16, 32, 256, 0, 26, 64, 46086 }, // U+2007
    { 16, 32, 256, 0, 26, 64, 46150 }, // U+2008
    { 16, 32, 256, 0, 26, 64, 46214 }, // U+2009
    { 16, 32, 256, 0, 26, 64, 46278 }, // U+200A
    { 0, 0, 0, 0, 0, 0, 46342 }, // U+200B
    { 0, 0, 0, 0, 0, 0, 46342 }, // U+200C
    { 0, 0, 0, 0, 0, 0, 46342 }, // U+200D
    { 0, 0, 0, 0, 0, 0, 46342 }, // U+200E
    { 0, 0, 0, 0, 0, 0, 46342 }, // U+200F
    { 16, 32, 256, 0, 26, 64, 46342 }, // U+2010
    { 16, 32, 256, 0, 26, 64, 46406 }, // U+2011
    { 16, 32, 256, 0, 26, 64, 46470 }, // U+2012
    { 16, 32, 256, 0, 26, 64, 46534 }, // U+2013
    { 16, 32, 256, 0, 26, 64, 46598 }, // U+2014
    { 16, 32, 256, 0, 26, 64, 46662 }, // U+2015
    { 16, 32, 256, 0, 26, 64, 46726 }, // U+2016
    { 16, 32, 256, 0, 26, 64, 46790 }, // U+2017
    { 16, 32, 256, 0, 26, 64, 46854 }, // U+2018
    { 16, 32, 256, 0, 26, 64, 46918 }, // U+2019
    { 16, 32, 256, 0, 26, 64, 46982 }, // U+201A
    { 16, 32, 256, 0, 26, 64, 47046 }, // U+201B
    { 16, 32, 256, 0, 26, 64, 47110 }, // U+201C
    { 16, 32, 256, 0, 26, 64, 47174 }, // U+201D
    { 16, 32, 256, 0, 26, 64, 47238 }, // U+201E
    { 16, 32, 256, 0, 26, 64, 47302 }, // U+201F
    { 16, 32, 256, 0, 26, 64, 47366 }, // U+2020
    { 16, 32, 256, 0, 26, 64, 47430 }, // U+2021
    { 16, 32, 256, 0, 26, 64, 47494 }, // U+2022
    { 7, 9, 186, 3, 12, 8, 47558 }, // U+2023
    { 6, 5, 126, 1, 4, 4, 47566 }, // U+2024
    { 13, 5, 251, 1, 4, 9, 47570 }, // U+2025
    { 16, 32, 256, 0, 26, 64, 47579 }, // U+2026
    { 6, 5, 126, 1, 11, 4, 47643 }, // U+2027
    { 0, 0, 0, 0, 0, 0, 47647 }, // U+202A
    { 0, 0, 0, 0, 0, 0, 47647 }, // U+202B
    { 0, 0, 0, 0, 0, 0, 47647 }, // U+202C
    { 0, 0, 0, 0, 0, 0, 47647 }, // U+202D
    { 0, 0, 0, 0, 0, 0, 47647 }, // U+202E
    { 0, 0, 61, 0, 0, 0, 47647 }, // U+202F
    { 16, 32, 256, 0, 26, 64, 47647 }, // U+2030
    { 40, 20, 697, 2, 19, 100, 47711 }, // U+2031
    { 16, 32, 256, 0, 26, 64, 47811 }, // U+2032
    { 16, 32, 256, 0, 26, 64, 47875 }, // U+2033
    { 18, 8, 322, 1, 19, 18, 47939 }, // U+2034
    { 5, 8, 108, 1, 19, 5, 47957 }, // U+2035
    { 12, 8, 215, 1, 19, 12, 47962 }, // U+2036
    { 18, 8, 322, 1, 19, 18, 47974 }, // U+2037
    { 12, 6, 217, 1, -1, 9, 47992 }, // U+2038
    { 16, 32, 256, 0, 26, 64, 48001 }, // U+2039
    { 16, 32, 256, 0, 26, 64, 48065 }, // U+203A
    { 17, 16, 321, 2, 16, 34, 48129 }, // U+203B
    { 16, 32, 256, 0, 26, 64, 48163 }, // U+203C
    { 13, 20, 222, 0, 19, 33, 48227 }, // U+203D
    { 16, 32, 256, 0, 26, 64, 48260 }, // U+203E
    { 21, 5, 338, 0, -1, 14, 48324 }, // U+203F
    { 21, 5, 338, 0, 19, 14, 48338 }, // U+2040
    { 11, 14, 189, 0, 8, 20, 48352 }, // U+2041
    { 17, 16, 303, 1, 17, 34, 48372 }, // U+2042
    { 8, 4, 186, 2, 9, 4, 48406 }, // U+2043
    { 16, 19, 82, -5, 19, 38, 48410 }, // U+2044
    { 7, 24, 147, 2, 20, 21, 48448 }, // U+2045
    { 7, 24, 147, 1, 20, 21, 48469 }, // U+2046
    { 27, 20, 449, 0, 19, 68, 48490 }, // U+2047
    { 21, 20, 352, 0, 19, 53, 48558 }, // U+2048
    { 20, 20, 352, 1, 19, 50, 48611 }, // U+2049
    { 11, 20, 184, 0, 14, 28, 48661 }, // U+204A
    { 13, 19, 237, 1, 19, 31, 48689 }, // U+204B
    { 13, 11, 241, 1, 13, 18, 48720 }, // U+204C
    { 13, 11, 241, 1, 13, 18, 48738 }, // U+204D
    { 11, 12, 221, 1, 9, 17, 48756 }, // U+204E
    { 6, 18, 129, 1, 13, 14, 48773 }, // U+204F
    { 21, 25, 337, 0, 19, 66, 48787 }, // U+2050
    { 11, 24, 228, 3, 19, 33, 48853 }, // U+2051
    { 18, 19, 318, 1, 19, 43, 48886 }, // U+2052
    { 17, 7, 302, 1, 12, 15, 48929 }, // U+2053
    { 21, 5, 338, 0, -1, 14, 48944 }, // U+2054
    { 14, 13, 284, 2, 13, 23, 48958 }, // U+2055
    { 25, 8, 429, 1, 19, 25, 48981 }, // U+2057
    { 0, 0, 116, 0, 0, 0, 49006 }, // U+205F
    { 0, 0, 0, 0, 0, 0, 49006 }, // U+2060
    { 0, 0, 0, 0, 0, 0, 49006 }, // U+2061
    { 0, 0, 0, 0, 0, 0, 49006 }, // U+2062
    { 0, 0, 0, 0, 0, 0, 49006 }, // U+2063
    { 0, 0, 0, 0, 0, 0, 49006 }, // U+2064
    { 0, 0, 0, 0, 0, 0, 49006 }, // U+2066
    { 0, 0, 0, 0, 0, 0, 49006 }, // U+2067
    { 0, 0, 0, 0, 0, 0, 49006 }, // U+2068
    { 0, 0, 0, 0, 0, 0, 49006 }, // U+2069
    { 0, 0, 0, 0, 0, 0, 49006 }, // U+206A
    { 0, 0, 0, 0, 0, 0, 49006 }, // U+206B
    { 0, 0, 0, 0, 0, 0, 49006 }, // U+206C
    { 0, 0, 0, 0, 0, 0, 49006 }, // U+206D
    { 0, 0, 0, 0, 0, 0, 49006 }, // U+206E
    { 0, 0, 0, 0, 0, 0, 49006 }, // U+206F
    { 16, 32, 256, 0, 26, 64, 49006 }, // U+2070
    { 16, 32, 256, 0, 26, 64, 49070 }, // U+2071
    { 16, 32, 256, 0, 26, 64, 49134 }, // U+2074
    { 16, 32, 256, 0, 26, 64, 49198 }, // U+2075
    { 16, 32, 256, 0, 26, 64, 49262 }, // U+2076
    { 16, 32, 256, 0, 26, 64, 49326 }, // U+2077
    { 16, 32, 256, 0, 26, 64, 49390 }, // U+2078
    { 16, 32, 256, 0, 26, 64, 49454 }, // U+2079
    { 16, 32, 256, 0, 26, 64, 49518 }, // U+207A
    { 16, 32, 256, 0, 26, 64, 49582 }, // U+207B
    { 16, 32, 256, 0, 26, 64, 49646 }, // U+207C
    { 16, 32, 256, 0, 26, 64, 49710 }, // U+207D
    { 16, 32, 256, 0, 26, 64, 49774 }, // U+207E
    { 16, 32, 256, 0, 26, 64, 49838 }, // U+207F
    { 16, 32, 256, 0, 26, 64, 49902 }, // U+2080
    { 16, 32, 256, 0, 26, 64, 49966 }, // U+2081
    { 16, 32, 256, 0, 26, 64, 50030 }, // U+2082
    { 16, 32, 256, 0, 26, 64, 50094 }, // U+2083
    { 16, 32, 256, 0, 26, 64, 50158 }, // U+2084
    { 16, 32, 256, 0, 26, 64, 50222 }, // U+2085
    { 16, 32, 256, 0, 26, 64, 50286 }, // U+2086
    { 16, 32, 256, 0, 26, 64, 50350 }, // U+2087
    { 16, 32, 256, 0, 26, 64, 50414 }, // U+2088
    { 16, 32, 256, 0, 26, 64, 50478 }, // U+2089
    { 16, 32, 256, 0, 26, 64, 50542 }, // U+208A
    { 16, 32, 256, 0, 26, 64, 50606 }, // U+208B
    { 16, 32, 256, 0, 26, 64, 50670 }, // U+208C
    { 16, 32, 256, 0, 26, 64, 50734 }, // U+208D
    { 16, 32, 256, 0, 26, 64, 50798 }, // U+208E
    { 16, 32, 256, 0, 26, 64, 50862 }, // U+2090
    { 16, 32, 256, 0, 26, 64, 50926 }, // U+2091
    { 16, 32, 256, 0, 26, 64, 50990 }, // U+2092
    { 16, 32, 256, 0, 26, 64, 51054 }, // U+2093
    { 16, 32, 256, 0, 26, 64, 51118 }, // U+2094
    { 16, 32, 256, 0, 26, 64, 51182 }, // U+2095
    { 16, 32, 256, 0, 26, 64, 51246 }, // U+2096
    { 16, 32, 256, 0, 26, 64, 51310 }, // U+2097
    { 16, 32, 256, 0, 26, 64, 51374 }, // U+2098
    { 9, 9, 178, 1, 4, 11, 51438 }, // U+2099
    { 16, 32, 256, 0, 26, 64, 51449 }, // U+209A
    { 10, 9, 161, 0, 4, 12, 51513 }, // U+209B
    { 7, 11, 109, 0, 6, 10, 51525 }, // U+209C
    { 17, 20, 302, 1, 19, 43, 51535 }, // U+20A0
    { 17, 24, 295, 1, 21, 51, 51578 }, // U+20A1
    { 17, 20, 288, 1, 19, 43, 51629 }, // U+20A2
    { 16, 19, 245, -1, 19, 38, 51672 }, // U+20A3
    { 14, 19, 253, 1, 19, 34, 51710 }, // U+20A4
    { 20, 18, 343, 1, 16, 45, 51744 }, // U+20A5
    { 19, 19, 301, 0, 19, 46, 51789 }, // U+20A6
    { 16, 32, 256, 0, 26, 64, 51835 }, // U+20A7
    { 28, 20, 466, 1, 19, 70, 51899 }, // U+20A8
    { 25, 19, 414, 0, 19, 60, 51969 }, // U+20A9
    { 16, 32, 256, 0, 26, 64, 52029 }, // U+20AA
    { 16, 24, 249, 0, 19, 48, 52093 }, // U+20AB
    { 16, 32, 256, 0, 26, 64, 52141 }, // U+20AC
    { 20, 19, 318, 0, 19, 48, 52205 }, // U+20AD
    { 16, 32, 256, 0, 26, 64, 52253 }, // U+20AE
    { 36, 27, 580, 0, 21, 122, 52317 }, // U+20AF
    { 18, 19, 283, 0, 19, 43, 52439 }, // U+20B1
    { 17, 24, 299, 1, 21, 51, 52482 }, // U+20B2
    { 18, 19, 296, 0, 19, 43, 52533 }, // U+20B3
    { 15, 20, 293, 2, 19, 38, 52576 }, // U+20B4
    { 17, 24, 295, 1, 21, 51, 52614 }, // U+20B5
    { 16, 19, 265, 0, 19, 38, 52665 }, // U+20B8
    { 14, 19, 226, 0, 19, 34, 52703 }, // U+20B9
    { 14, 20, 256, 1, 19, 35, 52737 }, // U+20BA
    { 17, 14, 302, 1, 14, 30, 52772 }, // U+20BC
    { 17, 19, 294, 1, 19, 41, 52802 }, // U+20BD
    { 17, 19, 302, 1, 19, 41, 52843 }, // U+20BE
    { 15, 24, 263, 1, 21, 45, 52884 }, // U+20BF
    { 16, 32, 256, 0, 26, 64, 52929 }, // U+2190
    { 16, 32, 256, 0, 26, 64, 52993 }, // U+2191
    { 16, 32, 256, 0, 26, 64, 53057 }, // U+2192
    { 16, 32, 256, 0, 26, 64, 53121 }, // U+2193
    { 16, 32, 256, 0, 26, 64, 53185 }, // U+2194
    { 16, 32, 256, 0, 26, 64, 53249 }, // U+2195
    { 15, 15, 307, 2, 14, 29, 53313 }, // U+2196
    { 15, 15, 307, 2, 14, 29, 53342 }, // U+2197
    { 15, 14, 307, 2, 14, 27, 53371 }, // U+2198
    { 15, 14, 307, 2, 14, 27, 53398 }, // U+2199
    { 16, 32, 256, 0, 26, 64, 53425 }, // U+21A4
    { 16, 32, 256, 0, 26, 64, 53489 }, // U+21A6
    { 16, 32, 256, 0, 26, 64, 53553 }, // U+21A8
    { 25, 20, 461, 2, 19, 63, 53617 }, // U+21A9
    { 25, 20, 461, 2, 19, 63, 53680 }, // U+21AA
    { 21, 19, 403, 2, 19, 50, 53743 }, // U+21B0
    { 21, 19, 403, 2, 19, 50, 53793 }, // U+21B1
    { 16, 32, 256, 0, 26, 64, 53843 }, // U+21B2
    { 16, 32, 256, 0, 26, 64, 53907 }, // U+21B3
    { 18, 20, 356, 2, 19, 45, 53971 }, // U+21B4
    { 16, 32, 256, 0, 26, 64, 54016 }, // U+21B5
    { 19, 23, 380, 2, 23, 55, 54080 }, // U+21BA
    { 16, 32, 256, 0, 26, 64, 54135 }, // U+21BB
    { 16, 32, 256, 0, 26, 64, 54199 }, // U+21CB
    { 16, 32, 256, 0, 26, 64, 54263 }, // U+21CC
    { 16, 32, 256, 0, 26, 64, 54327 }, // U+21D0
    { 16, 32, 256, 0, 26, 64, 54391 }, // U+21D1
    { 16, 32, 256, 0, 26, 64, 54455 }, // U+21D2
    { 16, 32, 256, 0, 26, 64, 54519 }, // U+21D3
    { 16, 32, 256, 0, 26, 64, 54583 }, // U+21D4
    { 16, 32, 256, 0, 26, 64, 54647 }, // U+21D5
    { 13, 19, 252, 1, 19, 31, 54711 }, // U+21DE
    { 13, 20, 252, 1, 19, 33, 54742 }, // U+21DF
    { 22, 13, 418, 2, 16, 36, 54775 }, // U+21E4
    { 22, 13, 418, 2, 16, 36, 54811 }, // U+21E5
    { 25, 20, 438, 1, 20, 63, 54847 }, // U+21E7
    { 25, 25, 438, 1, 20, 79, 54910 }, // U+21EA
    { 16, 32, 256, 0, 26, 64, 54989 }, // U+2200
    { 14, 20, 266, 1, 19, 35, 55053 }, // U+2202
    { 16, 32, 256, 0, 26, 64, 55088 }, // U+2203
    { 16, 32, 256, 0, 26, 64, 55152 }, // U+2204
    { 16, 32, 256, 0, 26, 64, 55216 }, // U+2205
    { 16, 32, 256, 0, 26, 64, 55280 }, // U+2206
    { 16, 32, 256, 0, 26, 64, 55344 }, // U+2207
    { 16, 32, 256, 0, 26, 64, 55408 }, // U+2208
    { 16, 32, 256, 0, 26, 64, 55472 }, // U+2209
    { 16, 32, 256, 0, 26, 64, 55536 }, // U+220A
    { 16, 32, 256, 0, 26, 64, 55600 }, // U+220B
    { 16, 32, 256, 0, 26, 64, 55664 }, // U+220C
    { 16, 32, 256, 0, 26, 64, 55728 }, // U+220D
    { 15, 23, 304, 2, 19, 44, 55792 }, // U+220F
    { 16, 23, 294, 1, 19, 46, 55836 }, // U+2211
    { 16, 32, 256, 0, 26, 64, 55882 }, // U+2212
    { 16, 32, 256, 0, 26, 64, 55946 }, // U+2213
    { 16, 32, 256, 0, 26, 64, 56010 }, // U+2214
    { 16, 32, 256, 0, 26, 64, 56074 }, // U+2215
    { 16, 32, 256, 0, 26, 64, 56138 }, // U+2216
    { 16, 32, 256, 0, 26, 64, 56202 }, // U+2219
    { 16, 32, 256, 0, 26, 64, 56266 }, // U+221A
    { 16, 32, 256, 0, 26, 64, 56330 }, // U+221E
    { 16, 32, 256, 0, 26, 64, 56394 }, // U+221F
    { 16, 32, 256, 0, 26, 64, 56458 }, // U+2225
    { 16, 32, 256, 0, 26, 64, 56522 }, // U+2227
    { 16, 32, 256, 0, 26, 64, 56586 }, // U+2228
    { 16, 32, 256, 0, 26, 64, 56650 }, // U+2229
    { 16, 32, 256, 0, 26, 64, 56714 }, // U+222A
    { 11, 26, 152, -1, 20, 36, 56778 }, // U+222B
    { 6, 14, 126, 1, 16, 11, 56814 }, // U+2236
    { 16, 32, 256, 0, 26, 64, 56825 }, // U+2248
    { 16, 32, 256, 0, 26, 64, 56889 }, // U+2260
    { 16, 32, 256, 0, 26, 64, 56953 }, // U+2261
    { 16, 32, 256, 0, 26, 64, 57017 }, // U+2264
    { 16, 32, 256, 0, 26, 64, 57081 }, // U+2265
    { 16, 32, 256, 0, 26, 64, 57145 }, // U+226A
    { 16, 32, 256, 0, 26, 64, 57209 }, // U+226B
    { 16, 32, 256, 0, 26, 64, 57273 }, // U+2282
    { 16, 32, 256, 0, 26, 64, 57337 }, // U+2283
    { 16, 32, 256, 0, 26, 64, 57401 }, // U+2286
    { 16, 32, 256, 0, 26, 64, 57465 }, // U+2287
    { 35, 35, 556, 0, 27, 154, 57529 }, // U+2295
    { 35, 35, 556, 0, 27, 154, 57683 }, // U+2296
    { 35, 35, 556, 0, 27, 154, 57837 }, // U+2297
    { 35, 35, 556, 0, 27, 154, 57991 }, // U+2298
    { 16, 32, 256, 0, 26, 64, 58145 }, // U+22A5
    { 16, 32, 256, 0, 26, 64, 58209 }, // U+22C2
    { 16, 32, 256, 0, 26, 64, 58273 }, // U+22C3
    { 16, 32, 256, 0, 26, 64, 58337 }, // U+FFFD
};

static const EpdUnicodeInterval inter_12_boldIntervals[] = {
    { 0x0, 0x17F, 0x0 },
    { 0x1A0, 0x1A1, 0x180 },
    { 0x1AF, 0x1B0, 0x182 },
    { 0x1C5, 0x21F, 0x184 },
    { 0x300, 0x30C, 0x1DF },
    { 0x30F, 0x30F, 0x1EC },
    { 0x313, 0x313, 0x1ED },
    { 0x315, 0x315, 0x1EE },
    { 0x31B, 0x31B, 0x1EF },
    { 0x323, 0x323, 0x1F0 },
    { 0x326, 0x329, 0x1F1 },
    { 0x32C, 0x32C, 0x1F5 },
    { 0x337, 0x338, 0x1F6 },
    { 0x342, 0x343, 0x1F8 },
    { 0x346, 0x36F, 0x1FA },
    { 0x400, 0x479, 0x224 },
    { 0x480, 0x49D, 0x29E },
    { 0x4A0, 0x4FF, 0x2BC },
    { 0x1EA0, 0x1EF9, 0x31C },
    { 0x2000, 0x2027, 0x376 },
    { 0x202A, 0x2055, 0x39E },
    { 0x2057, 0x2057, 0x3CA },
    { 0x205F, 0x2064, 0x3CB },
    { 0x2066, 0x2071, 0x3D1 },
    { 0x2074, 0x208E, 0x3DD },
    { 0x2090, 0x209C, 0x3F8 },
    { 0x20A0, 0x20AF, 0x405 },
    { 0x20B1, 0x20B5, 0x415 },
    { 0x20B8, 0x20BA, 0x41A },
    { 0x20BC, 0x20BF, 0x41D },
    { 0x2190, 0x2199, 0x421 },
    { 0x21A4, 0x21A4, 0x42B },
    { 0x21A6, 0x21A6, 0x42C },
    { 0x21A8, 0x21AA, 0x42D },
    { 0x21B0, 0x21B5, 0x430 },
    { 0x21BA, 0x21BB, 0x436 },
    { 0x21CB, 0x21CC, 0x438 },
    { 0x21D0, 0x21D5, 0x43A },
    { 0x21DE, 0x21DF, 0x440 },
    { 0x21E4, 0x21E5, 0x442 },
    { 0x21E7, 0x21E7, 0x444 },
    { 0x21EA, 0x21EA, 0x445 },
    { 0x2200, 0x2200, 0x446 },
    { 0x2202, 0x220D, 0x447 },
    { 0x220F, 0x220F, 0x453 },
    { 0x2211, 0x2216, 0x454 },
    { 0x2219, 0x221A, 0x45A },
    { 0x221E, 0x221F, 0x45C },
    { 0x2225, 0x2225, 0x45E },
    { 0x2227, 0x222B, 0x45F },
    { 0x2236, 0x2236, 0x464 },
    { 0x2248, 0x2248, 0x465 },
    { 0x2260, 0x2261, 0x466 },
    { 0x2264, 0x2265, 0x468 },
    { 0x226A, 0x226B, 0x46A },
    { 0x2282, 0x2283, 0x46C },
    { 0x2286, 0x2287, 0x46E },
    { 0x2295, 0x2298, 0x470 },
    { 0x22A5, 0x22A5, 0x474 },
    { 0x22C2, 0x22C3, 0x475 },
    { 0xFFFD, 0xFFFD, 0x477 },
};

static const EpdKernClassEntry inter_12_boldKernLeftClasses[] = {
    { 0x01A0, 1 }, // U+01A0
    { 0x01AF, 2 }, // U+01AF
    { 0x01B0, 3 }, // U+01B0
    { 0x01C5, 4 }, // U+01C5
    { 0x01C6, 5 }, // U+01C6
    { 0x01C8, 6 }, // U+01C8
    { 0x01C9, 6 }, // U+01C9
    { 0x01CB, 6 }, // U+01CB
    { 0x01CC, 6 }, // U+01CC
    { 0x01D5, 7 }, // U+01D5
    { 0x01D6, 8 }, // U+01D6
    { 0x01D7, 7 }, // U+01D7
    { 0x01D8, 8 }, // U+01D8
    { 0x01D9, 7 }, // U+01D9
    { 0x01DA, 8 }, // U+01DA
    { 0x01DB, 7 }, // U+01DB
    { 0x01DC, 8 }, // U+01DC
    { 0x01DD, 9 }, // U+01DD
    { 0x01DE, 10 }, // U+01DE
    { 0x01DF, 11 }, // U+01DF
    { 0x01E0, 10 }, // U+01E0
    { 0x01E1, 11 }, // U+01E1
    { 0x01F1, 12 }, // U+01F1
    { 0x01F2, 5 }, // U+01F2
    { 0x01F3, 5 }, // U+01F3
    { 0x01F6, 13 }, // U+01F6
    { 0x01F8, 14 }, // U+01F8
    { 0x01F9, 11 }, // U+01F9
    { 0x01FA, 10 }, // U+01FA
    { 0x01FB, 11 }, // U+01FB
    { 0x0200, 10 }, // U+0200
    { 0x0201, 11 }, // U+0201
    { 0x0202, 10 }, // U+0202
    { 0x0203, 11 }, // U+0203
    { 0x0204, 15 }, // U+0204
    { 0x0205, 16 }, // U+0205
    { 0x0206, 15 }, // U+0206
    { 0x0207, 16 }, // U+0207
    { 0x0208, 17 }, // U+0208
    { 0x0209, 18 }, // U+0209
    { 0x020A, 19 }, // U+020A
    { 0x020B, 20 }, // U+020B
    { 0x020C, 21 }, // U+020C
    { 0x020D, 16 }, // U+020D
    { 0x020E, 21 }, // U+020E
    { 0x020F, 16 }, // U+020F
    { 0x0210, 22 }, // U+0210
    { 0x0211, 23 }, // U+0211
    { 0x0212, 22 }, // U+0212
    { 0x0213, 23 }, // U+0213
    { 0x0214, 7 }, // U+0214
    { 0x0215, 8 }, // U+0215
    { 0x0216, 7 }, // U+0216
    { 0x0217, 8 }, // U+0217
    { 0x021E, 14 }, // U+021E
    { 0x021F, 11 }, // U+021F
    { 0x0460, 14 }, // U+0460
    { 0x0464, 24 }, // U+0464
    { 0x0465, 16 }, // U+0465
    { 0x0466, 10 }, // U+0466
    { 0x0467, 10 }, // U+0467
    { 0x0468, 10 }, // U+0468
    { 0x046E, 25 }, // U+046E
    { 0x0472, 21 }, // U+0472
    { 0x0473, 16 }, // U+0473
    { 0x0474, 26 }, // U+0474
    { 0x0475, 27 }, // U+0475
    { 0x0476, 26 }, // U+0476
    { 0x0477, 27 }, // U+0477
    { 0x0479, 28 }, // U+0479
    { 0x0481, 16 }, // U+0481
    { 0x048A, 14 }, // U+048A
    { 0x048B, 29 }, // U+048B
    { 0x048C, 16 }, // U+048C
    { 0x048D, 16 }, // U+048D
    { 0x048E, 30 }, // U+048E
    { 0x048F, 16 }, // U+048F
    { 0x04A6, 16 }, // U+04A6
    { 0x04A7, 31 }, // U+04A7
    { 0x04A9, 32 }, // U+04A9
    { 0x04AC, 33 }, // U+04AC
    { 0x04AD, 23 }, // U+04AD
    { 0x04B5, 34 }, // U+04B5
    { 0x04BD, 16 }, // U+04BD
    { 0x04BF, 32 }, // U+04BF
    { 0x04C3, 25 }, // U+04C3
    { 0x04C4, 11 }, // U+04C4
    { 0x04C6, 29 }, // U+04C6
    { 0x04C7, 14 }, // U+04C7
    { 0x04C8, 11 }, // U+04C8
    { 0x04C9, 29 }, // U+04C9
    { 0x04CA, 29 }, // U+04CA
    { 0x04CC, 11 }, // U+04CC
    { 0x04CD, 14 }, // U+04CD
    { 0x04CE, 29 }, // U+04CE
    { 0x04E0, 35 }, // U+04E0
    { 0x04F6, 33 }, // U+04F6
    { 0x04F7, 23 }, // U+04F7
    { 0x04FA, 33 }, // U+04FA
    { 0x04FB, 23 }, // U+04FB
    { 0x04FC, 36 }, // U+04FC
    { 0x04FD, 37 }, // U+04FD
    { 0x04FE, 36 }, // U+04FE
    { 0x04FF, 37 }, // U+04FF
    { 0x1EA0, 10 }, // U+1EA0
    { 0x1EA1, 11 }, // U+1EA1
    { 0x1EA2, 10 }, // U+1EA2
    { 0x1EA3, 11 }, // U+1EA3
    { 0x1EA4, 10 }, // U+1EA4
    { 0x1EA5, 11 }, // U+1EA5
    { 0x1EA6, 10 }, // U+1EA6
    { 0x1EA7, 11 }, // U+1EA7
    { 0x1EA8, 10 }, // U+1EA8
    { 0x1EA9, 11 }, // U+1EA9
    { 0x1EAA, 10 }, // U+1EAA
    { 0x1EAB, 11 }, // U+1EAB
    { 0x1EAC, 10 }, // U+1EAC
    { 0x1EAD, 11 }, // U+1EAD
    { 0x1EAE, 10 }, // U+1EAE
    { 0x1EAF, 11 }, // U+1EAF
    { 0x1EB0, 10 }, // U+1EB0
    { 0x1EB1, 11 }, // U+1EB1
    { 0x1EB2, 10 }, // U+1EB2
    { 0x1EB3, 11 }, // U+1EB3
    { 0x1EB4, 10 }, // U+1EB4
    { 0x1EB5, 11 }, // U+1EB5
    { 0x1EB6, 10 }, // U+1EB6
    { 0x1EB7, 11 }, // U+1EB7
    { 0x1EBA, 15 }, // U+1EBA
    { 0x1EBB, 16 }, // U+1EBB
    { 0x1EBE, 15 }, // U+1EBE
    { 0x1EBF, 16 }, // U+1EBF
    { 0x1EC0, 15 }, // U+1EC0
    { 0x1EC1, 16 }, // U+1EC1
    { 0x1EC2, 15 }, // U+1EC2
    { 0x1EC3, 16 }, // U+1EC3
    { 0x1EC4, 15 }, // U+1EC4
    { 0x1EC5, 16 }, // U+1EC5
    { 0x1EC6, 15 }, // U+1EC6
    { 0x1EC7, 16 }, // U+1EC7
    { 0x1EC8, 14 }, // U+1EC8
    { 0x1EC9, 18 }, // U+1EC9
    { 0x1ECE, 21 }, // U+1ECE
    { 0x1ECF, 16 }, // U+1ECF
    { 0x1ED0, 21 }, // U+1ED0
    { 0x1ED1, 16 }, // U+1ED1
    { 0x1ED2, 21 }, // U+1ED2
    { 0x1ED3, 16 }, // U+1ED3
    { 0x1ED4, 21 }, // U+1ED4
    { 0x1ED5, 38 }, // U+1ED5
    { 0x1ED6, 21 }, // U+1ED6
    { 0x1ED7, 16 }, // U+1ED7
    { 0x1ED8, 21 }, // U+1ED8
    { 0x1ED9, 16 }, // U+1ED9
    { 0x1EDA, 21 }, // U+1EDA
    { 0x1EDB, 16 }, // U+1EDB
    { 0x1EDC, 21 }, // U+1EDC
    { 0x1EDD, 16 }, // U+1EDD
    { 0x1EDE, 21 }, // U+1EDE
    { 0x1EDF, 16 }, // U+1EDF
    { 0x1EE0, 21 }, // U+1EE0
    { 0x1EE1, 16 }, // U+1EE1
    { 0x1EE2, 21 }, // U+1EE2
    { 0x1EE3, 16 }, // U+1EE3
    { 0x1EE6, 7 }, // U+1EE6
    { 0x1EE7, 8 }, // U+1EE7
    { 0x1EE8, 39 }, // U+1EE8
    { 0x1EE9, 8 }, // U+1EE9
    { 0x1EEA, 39 }, // U+1EEA
    { 0x1EEB, 8 }, // U+1EEB
    { 0x1EEC, 39 }, // U+1EEC
    { 0x1EED, 3 }, // U+1EED
    { 0x1EEE, 39 }, // U+1EEE
    { 0x1EEF, 8 }, // U+1EEF
    { 0x1EF0, 39 }, // U+1EF0
    { 0x1EF1, 8 }, // U+1EF1
    { 0x1EF2, 40 }, // U+1EF2
    { 0x1EF3, 27 }, // U+1EF3
    { 0x1EF4, 40 }, // U+1EF4
    { 0x1EF5, 27 }, // U+1EF5
    { 0x1EF6, 40 }, // U+1EF6
    { 0x1EF7, 27 }, // U+1EF7
    { 0x2023, 41 }, // U+2023
    { 0x2034, 42 }, // U+2034
    { 0x203D, 43 }, // U+203D
    { 0x2043, 41 }, // U+2043
    { 0x204B, 30 }, // U+204B
    { 0x204C, 11 }, // U+204C
    { 0x204D, 41 }, // U+204D
    { 0x204F, 44 }, // U+204F
    { 0x2099, 45 }, // U+2099
    { 0x209B, 45 }, // U+209B
    { 0x209C, 45 }, // U+209C
    { 0x20A1, 24 }, // U+20A1
    { 0x20A8, 46 }, // U+20A8
    { 0x20A9, 39 }, // U+20A9
    { 0x20AF, 16 }, // U+20AF
    { 0x20B2, 47 }, // U+20B2
    { 0x20B5, 24 }, // U+20B5
    { 0x20BF, 25 }, // U+20BF
};

static const EpdKernClassEntry inter_12_boldKernRightClasses[] = {
    { 0x01A0, 1 }, // U+01A0
    { 0x01A1, 2 }, // U+01A1
    { 0x01AF, 3 }, // U+01AF
    { 0x01B0, 4 }, // U+01B0
    { 0x01C5, 5 }, // U+01C5
    { 0x01C6, 2 }, // U+01C6
    { 0x01C8, 6 }, // U+01C8
    { 0x01C9, 6 }, // U+01C9
    { 0x01CB, 6 }, // U+01CB
    { 0x01CC, 7 }, // U+01CC
    { 0x01D5, 3 }, // U+01D5
    { 0x01D6, 4 }, // U+01D6
    { 0x01D7, 3 }, // U+01D7
    { 0x01D8, 4 }, // U+01D8
    { 0x01D9, 3 }, // U+01D9
    { 0x01DA, 4 }, // U+01DA
    { 0x01DB, 3 }, // U+01DB
    { 0x01DC, 4 }, // U+01DC
    { 0x01DD, 8 }, // U+01DD
    { 0x01DE, 9 }, // U+01DE
    { 0x01DF, 10 }, // U+01DF
    { 0x01E0, 9 }, // U+01E0
    { 0x01E1, 10 }, // U+01E1
    { 0x01F2, 6 }, // U+01F2
    { 0x01F3, 8 }, // U+01F3
    { 0x01F6, 5 }, // U+01F6
    { 0x01F8, 6 }, // U+01F8
    { 0x01F9, 7 }, // U+01F9
    { 0x01FA, 9 }, // U+01FA
    { 0x01FB, 10 }, // U+01FB
    { 0x0200, 9 }, // U+0200
    { 0x0201, 10 }, // U+0201
    { 0x0202, 9 }, // U+0202
    { 0x0203, 10 }, // U+0203
    { 0x0204, 6 }, // U+0204
    { 0x0205, 2 }, // U+0205
    { 0x0206, 6 }, // U+0206
    { 0x0207, 2 }, // U+0207
    { 0x0208, 11 }, // U+0208
    { 0x0209, 12 }, // U+0209
    { 0x020A, 11 }, // U+020A
    { 0x020B, 13 }, // U+020B
    { 0x020C, 1 }, // U+020C
    { 0x020D, 2 }, // U+020D
    { 0x020E, 1 }, // U+020E
    { 0x020F, 2 }, // U+020F
    { 0x0210, 6 }, // U+0210
    { 0x0211, 7 }, // U+0211
    { 0x0212, 6 }, // U+0212
    { 0x0213, 7 }, // U+0213
    { 0x0214, 3 }, // U+0214
    { 0x0215, 4 }, // U+0215
    { 0x0216, 3 }, // U+0216
    { 0x0217, 4 }, // U+0217
    { 0x021E, 6 }, // U+021E
    { 0x021F, 6 }, // U+021F
    { 0x0460, 6 }, // U+0460
    { 0x0464, 6 }, // U+0464
    { 0x0465, 7 }, // U+0465
    { 0x0466, 9 }, // U+0466
    { 0x0467, 9 }, // U+0467
    { 0x0468, 6 }, // U+0468
    { 0x046C, 6 }, // U+046C
    { 0x046E, 6 }, // U+046E
    { 0x0472, 1 }, // U+0472
    { 0x0473, 2 }, // U+0473
    { 0x0474, 14 }, // U+0474
    { 0x0475, 15 }, // U+0475
    { 0x0476, 14 }, // U+0476
    { 0x0477, 15 }, // U+0477
    { 0x0478, 1 }, // U+0478
    { 0x0479, 2 }, // U+0479
    { 0x0481, 2 }, // U+0481
    { 0x048A, 5 }, // U+048A
    { 0x048B, 7 }, // U+048B
    { 0x048D, 16 }, // U+048D
    { 0x048E, 6 }, // U+048E
    { 0x048F, 7 }, // U+048F
    { 0x04A6, 6 }, // U+04A6
    { 0x04A7, 7 }, // U+04A7
    { 0x04A9, 2 }, // U+04A9
    { 0x04AC, 17 }, // U+04AC
    { 0x04AD, 16 }, // U+04AD
    { 0x04B4, 17 }, // U+04B4
    { 0x04B5, 16 }, // U+04B5
    { 0x04BD, 16 }, // U+04BD
    { 0x04C3, 6 }, // U+04C3
    { 0x04C4, 7 }, // U+04C4
    { 0x04C6, 18 }, // U+04C6
    { 0x04C7, 5 }, // U+04C7
    { 0x04C8, 7 }, // U+04C8
    { 0x04C9, 6 }, // U+04C9
    { 0x04CA, 7 }, // U+04CA
    { 0x04CD, 6 }, // U+04CD
    { 0x04CE, 7 }, // U+04CE
    { 0x04E1, 16 }, // U+04E1
    { 0x04F7, 7 }, // U+04F7
    { 0x04FB, 16 }, // U+04FB
    { 0x04FC, 19 }, // U+04FC
    { 0x04FD, 20 }, // U+04FD
    { 0x04FE, 19 }, // U+04FE
    { 0x04FF, 20 }, // U+04FF
    { 0x1EA0, 9 }, // U+1EA0
    { 0x1EA1, 10 }, // U+1EA1
    { 0x1EA2, 9 }, // U+1EA2
    { 0x1EA3, 10 }, // U+1EA3
    { 0x1EA4, 9 }, // U+1EA4
    { 0x1EA5, 10 }, // U+1EA5
    { 0x1EA6, 9 }, // U+1EA6
    { 0x1EA7, 10 }, // U+1EA7
    { 0x1EA8, 9 }, // U+1EA8
    { 0x1EA9, 10 }, // U+1EA9
    { 0x1EAA, 9 }, // U+1EAA
    { 0x1EAB, 10 }, // U+1EAB
    { 0x1EAC, 9 }, // U+1EAC
    { 0x1EAD, 10 }, // U+1EAD
    { 0x1EAE, 9 }, // U+1EAE
    { 0x1EAF, 10 }, // U+1EAF
    { 0x1EB0, 9 }, // U+1EB0
    { 0x1EB1, 10 }, // U+1EB1
    { 0x1EB2, 9 }, // U+1EB2
    { 0x1EB3, 10 }, // U+1EB3
    { 0x1EB4, 9 }, // U+1EB4
    { 0x1EB5, 10 }, // U+1EB5
    { 0x1EB6, 9 }, // U+1EB6
    { 0x1EB7, 10 }, // U+1EB7
    { 0x1EBA, 6 }, // U+1EBA
    { 0x1EBB, 2 }, // U+1EBB
    { 0x1EBE, 6 }, // U+1EBE
    { 0x1EBF, 2 }, // U+1EBF
    { 0x1EC0, 6 }, // U+1EC0
    { 0x1EC1, 2 }, // U+1EC1
    { 0x1EC2, 6 }, // U+1EC2
    { 0x1EC3, 2 }, // U+1EC3
    { 0x1EC4, 6 }, // U+1EC4
    { 0x1EC5, 2 }, // U+1EC5
    { 0x1EC6, 6 }, // U+1EC6
    { 0x1EC7, 2 }, // U+1EC7
    { 0x1EC8, 6 }, // U+1EC8
    { 0x1EC9, 21 }, // U+1EC9
    { 0x1ECE, 1 }, // U+1ECE
    { 0x1ECF, 2 }, // U+1ECF
    { 0x1ED0, 1 }, // U+1ED0
    { 0x1ED1, 2 }, // U+1ED1
    { 0x1ED2, 1 }, // U+1ED2
    { 0x1ED3, 2 }, // U+1ED3
    { 0x1ED4, 1 }, // U+1ED4
    { 0x1ED5, 2 }, // U+1ED5
    { 0x1ED6, 1 }, // U+1ED6
    { 0x1ED7, 2 }, // U+1ED7
    { 0x1ED8, 1 }, // U+1ED8
    { 0x1ED9, 2 }, // U+1ED9
    { 0x1EDA, 1 }, // U+1EDA
    { 0x1EDB, 2 }, // U+1EDB
    { 0x1EDC, 1 }, // U+1EDC
    { 0x1EDD, 2 }, // U+1EDD
    { 0x1EDE, 1 }, // U+1EDE
    { 0x1EDF, 2 }, // U+1EDF
    { 0x1EE0, 1 }, // U+1EE0
    { 0x1EE1, 2 }, // U+1EE1
    { 0x1EE2, 1 }, // U+1EE2
    { 0x1EE3, 2 }, // U+1EE3
    { 0x1EE6, 3 }, // U+1EE6
    { 0x1EE7, 4 }, // U+1EE7
    { 0x1EE8, 3 }, // U+1EE8
    { 0x1EE9, 4 }, // U+1EE9
    { 0x1EEA, 3 }, // U+1EEA
    { 0x1EEB, 4 }, // U+1EEB
    { 0x1EEC, 3 }, // U+1EEC
    { 0x1EED, 4 }, // U+1EED
    { 0x1EEE, 3 }, // U+1EEE
    { 0x1EEF, 4 }, // U+1EEF
    { 0x1EF0, 3 }, // U+1EF0
    { 0x1EF1, 4 }, // U+1EF1
    { 0x1EF2, 22 }, // U+1EF2
    { 0x1EF3, 15 }, // U+1EF3
    { 0x1EF4, 22 }, // U+1EF4
    { 0x1EF5, 15 }, // U+1EF5
    { 0x1EF6, 22 }, // U+1EF6
    { 0x1EF7, 15 }, // U+1EF7
    { 0x2023, 23 }, // U+2023
    { 0x2034, 24 }, // U+2034
    { 0x203D, 25 }, // U+203D
    { 0x2043, 23 }, // U+2043
    { 0x2044, 26 }, // U+2044
    { 0x204A, 16 }, // U+204A
    { 0x204B, 6 }, // U+204B
    { 0x204C, 23 }, // U+204C
    { 0x204D, 7 }, // U+204D
    { 0x204F, 27 }, // U+204F
    { 0x2099, 28 }, // U+2099
    { 0x209B, 28 }, // U+209B
    { 0x209C, 28 }, // U+209C
    { 0x20A1, 1 }, // U+20A1
    { 0x20A8, 6 }, // U+20A8
    { 0x20A9, 29 }, // U+20A9
    { 0x20AB, 2 }, // U+20AB
    { 0x20B2, 1 }, // U+20B2
    { 0x20B4, 30 }, // U+20B4
    { 0x20B5, 1 }, // U+20B5
    { 0x20B8, 31 }, // U+20B8
    { 0x20BF, 6 }, // U+20BF
    { 0x222B, 32 }, // U+222B
    { 0x2236, 27 }, // U+2236
};

static const int8_t inter_12_boldKernMatrix[] = {
       0,    0,    0,    0,    0,    0,    0,    0,  -14,    0,    0,    0,    0,    0,    0,    0,    0,    0,    0,    0,    0,    0,    0,    0,    0,    0,    0,    0,    0,    0,    0,    0,
       0,    0,    0,    0,    0,    0,    0,    0,    0,    0,    0,    0,    0,    0,    0,    0,   20,    0,    0,    0,    0,    0,    0,    0,    0,    0,    0,    0,    0,    0,    0,    0,
       0,  -22,    0,    0,    0,    0,    0,  -22,    0,    0,    0,    0,    0,    0,    7,   12,    0,    0,    0,    0,    0,    0,    0,    0,    0,    0,    0,    0,    0,    0,    0,    0,
       0,   -8,    0,    0,    0,    0,    0,   -8,    0,    0,    0,    0,    0,    0,    0,    0,  -29,    0,    0,    0,    0,    0,    0,    0,    0,    0,    0,    0,    0,    0,    0,    0,
       0,   -8,    0,    0,    0,    0,    0,   -8,    0,    0,    0,    0,    0,    0,    0,    0,  -13,    0,    0,    0,    0,    0,    0,    0,    0,    0,    0,    0,    0,    0,    0,    0,
       0,    0,    0,    0,    0,    0,    0,    0,    0,    0,    0,   35,   40,    0,    0,    1,    0,    0,    0,    0,    0,    0,    0,    0,    0,    0,    0,    0,    1,    0,    0,    0,
       0,    0,    0,    0,    0,    0,    0,    0,  -10,    0,    0,   16,    0,    0,    0,    0,    0,    0,    0,    0,    0,    0,    0,    0,    0,    0,    0,    0,    0,    0,    0,    0,
       0,    0,    0,    0,    0,    0,    0,    0,    0,    0,    0,    0,    0,    0,    0,    0,  -20,    0,    0,    0,    0,  -23,    0,    6,    0,    0,    0,    0,    0,    0,    0,    0,
       0,    0,    0,    0,    0,    0,    0,    0,  -13,    4,    0,   16,    0,  -26,   -7,    0,  -66,    0,  -11,   -9,    0,  -46,    0,   -9,    0,    0,    0,    0,    0,    0,    0,    0,
     -17,   -9,  -10,    0,    0,    0,    0,   -9,    6,    0,    0,    0,    0,  -34,  -27,  -12,  -36,    0,    0,    0,    1,  -34,  -13,  -41,  -25,   -5,    0,    0,    0,    0,  -20,    0,
       0,    0,    0,    0,    0,    0,    0,    0,    0,    0,    0,    2,    0,  -20,   -7,    0,  -31,    0,    0,    0,    0,  -39,    0,  -11,    0,    0,    0,    0,    0,    0,    0,    0,
       0,    0,    0,    0,    0,    0,    0,    0,    0,    0,    0,   13,    0,    0,    0,    0,    0,    0,    0,    0,    0,    0,    0,    0,    0,    0,    0,    0,    0,    0,    0,    0,
       0,    0,    0,    0,    0,    0,    0,    0,    0,    0,    0,    0,    0,    0,    0,    0,  -38,    0,    0,    0,    0,  -23,    0,    6,    0,    0,    0,    0,    0,    0,    0,    0,
       0,    0,    0,    0,    0,    0,    0,    0,    0,    0,    0,   16,   27,    0,    4,    5,    0,    0,    0,    0,    0,    0,    0,    0,    0,    0,    0,    0,    0,    0,    0,    0,
       0,    0,    0,    0,    0,    0,    0,    0,    0,    0,    0,   18,   29,    0,    0,    0,    0,    0,    0,    0,    0,    0,    0,    0,    0,    0,    0,    0,    0,    0,    0,    0,
       0,    0,    0,    0,    0,    0,    0,    0,  -13,    4,    0,   16,    0,  -26,   -7,    0,  -35,    0,  -11,   -9,    0,  -46,    0,   -9,    0,    0,    0,    0,    0,    0,    0,    0,
       0,    0,    0,    0,    0,    0,    0,    0,    0,    0,    0,   29,   16,    0,    0,    0,    0,    0,    0,    0,    0,    0,    0,    0,    0,    0,    0,    0,    0,    0,    0,    0,
       0,    0,    0,    0,    0,    0,    0,    0,    0,    0,    0,   35,   41,    0,    0,    1,    0,    0,    0,    0,    0,    0,    0,    0,    0,    0,    0,    0,    1,    0,    0,    0,
       0,    0,    0,    0,    0,    0,    0,    0,    0,    0,    0,   16,   16,    0,    0,    0,    0,    0,    0,    0,    0,    0,    0,    0,    0,    0,    0,    0,    0,    0,    0,    0,
       0,    0,    0,    0,   56,   27,    5,    0,    0,    0,   16,   38,   81,   34,    0,   20,   36,    0,    0,    0,   39,    0,    0,    0,    0,    0,    0,    0,    0,    0,    0,   43,
       0,    0,    0,    0,    0,    0,    0,    0,  -17,    0,    0,   10,    0,  -16,    0,    0,  -13,    0,  -22,    0,    0,  -18,    0,    0,    0,    0,    0,  -16,    0,    0,    0,    0,
       0,   -6,    0,    0,    0,    0,    0,   -6,    0,   -3,    0,    0,   18,   -8,    0,    0,   -2,    0,    0,    0,    0,  -12,    0,    0,    0,    0,    0,    0,    0,    0,    0,    0,
       0,   -8,    0,    0,    5,    5,    3,   -8,  -16,   -5,    0,   14,    5,    0,    6,    8,  -23,   -9,    0,    6,    2,    0,    0,    6,    0,    0,    0,    0,    0,    0,    0,    5,
       0,    0,    0,    0,    0,    0,    0,    0,  -11,    0,    0,    0,   13,    0,    2,    0,    0,    0,   -6,    0,    0,    0,    0,    0,    0,    0,    0,    0,    0,    0,    0,    0,
       0,    0,    0,    0,    0,    0,    0,    0,    0,    0,    0,    0,   13,    0,    0,    0,  -20,    0,    0,    0,    0,    0,    0,    0,    0,    0,    0,    0,    0,    0,    0,    0,
     -16,  -26,    0,    0,    0,    0,   -6,  -26,  -34,  -25,    0,   16,   34,    6,    0,    0,    0,    0,    0,    0,    0,    0,  -16,    0,    0,    0,  -25,  -57,    0,    0,    0,    0,
       0,   -7,    0,    0,    1,    1,    0,   -7,  -27,   -5,    0,    1,    8,    0,    0,    7,  -13,  -18,    0,    0,    0,  -13,    0,    3,    0,    0,    0,    0,    0,    0,    0,    0,
       0,   -8,    0,    0,    0,    0,    0,   -8,  -13,   -8,    0,   18,   54,    0,    0,  -16,    0,    0,    0,    0,    3,    2,   -7,    0,    0,    0,    0,    0,    0,    0,    0,    2,
       0,   -4,    0,    0,    1,    1,    0,   -4,    0,    2,    0,   18,    0,   -2,    9,   -7,  -13,    0,    0,    0,    0,   -3,   -2,    6,    0,    0,    0,    0,    0,    0,    0,    3,
       0,   -5,    0,    0,    0,    0,    0,   -5,  -33,   -6,    0,    0,    0,    0,    0,    0,   -1,    0,    0,    0,    0,    0,    0,    0,    0,    0,    0,    0,    0,    0,    0,    0,
       0,    0,    0,    0,    0,    0,    0,    0,    0,    0,    0,    0,    0,  -43,  -14,  -13,  -43,    0,  -11,   -7,    0,  -68,    0,    0,    0,    0,    0,    0,    0,    0,    0,    0,
       0,    0,    0,    0,    0,    0,    0,    0,    0,    0,    0,    0,    0,    0,    0,    0,  -32,    0,    0,    0,    0,    0,    0,    0,    0,    0,    0,    0,    0,    0,    0,    0,
     -13,  -35,    0,  -32,    0,    0,  -24,  -35,  -36,  -32,    0,   57,   36,    0,  -27,  -37,    0,    0,    0,  -14,    0,    3,  -13,    0,    0,    0,  -13,    0,    0,    0,    0,    0,
       0,   -8,    0,    0,    0,    0,    0,   -8,    0,    0,    0,    0,    0,    0,  -11,  -12,    0,    0,    0,    0,    0,    0,    0,  -13,    0,    0,    0,    0,    0,    0,    0,    0,
       0,    0,    0,    0,    0,    0,    0,    0,    0,    0,    0,    0,    0,    0,    0,    0,    0,    0,   -9,    0,    0,    0,    0,    0,    0,    0,    0,    0,    0,    0,    0,    0,
     -22,  -11,    0,    0,    0,    0,    0,  -11,    0,  -23,    0,   34,    0,    0,    0,    0,  -12,    0,    0,    0,    0,    0,  -18,    0,    0,    0,    0,    0,    0,  -13,    0,    0,
       0,   -9,    0,    0,    0,    0,    0,   -9,    0,   -2,    0,    0,    0,    0,    0,    6,  -13,    0,    0,    0,    0,    0,    0,    0,    0,    0,    0,    0,    0,    0,    0,    0,
       0,    0,    0,    0,    0,    0,    0,    0,  -13,    4,    0,   32,    0,  -26,   -7,    0,  -35,    0,  -11,   -9,    0,  -46,    0,   -9,    0,    0,    0,    0,    0,    0,    0,    0,
       0,    0,    0,    0,    0,    0,    0,    0,    0,    0,    0,   16,    0,    0,    0,    0,    0,    0,    0,    0,    0,    0,    0,    0,    0,    0,    0,    0,    0,    0,    0,    0,
     -18,  -45,    0,  -16,    0,    0,  -19,  -67,  -34,  -42,    0,   34,    0,    0,    0,    0,    3,    0,    0,    0,   -8,    0,  -16,    0,    0,    0,  -25,  -70,    0,    0,    0,    0,
       0,    0,    0,    0,    0,    0,    0,    0,  -13,    0,    0,    0,    0,  -16,    0,    0,  -13,    0,  -18,    0,    0,  -18,    0,    0,    0,    0,    0,    0,    0,    0,  -13,    0,
     -23,  -25,    0,  -16,    0,    0,  -12,  -25,  -55,  -23,    0,    0,    0,    0,    4,    4,    0,  -25,    0,    0,    0,    0,    0,    0,    0,    0,  -23,    0,    0,    0,    0,    0,
       0,    0,    0,    0,    0,    0,    0,    0,  -25,    0,    0,    0,    0,    0,    0,    0,    0,    0,    0,    0,    0,    0,    0,    0,    0,    0,    0,    0,    0,    0,    0,    0,
       0,    0,    0,    0,    0,    0,    0,    0,    0,    0,    0,    0,    0,  -25,    0,    0,  -13,    0,    0,    0,    0,    0,    0,    0,    0,    0,    0,    0,    0,    0,    0,    0,
     -16,    0,    0,    0,    0,    0,    0,    0,    0,    0,    0,    0,    0,  -57,   -9,    0,  -23,    0,    0,    0,    0,  -70,    0,    0,    0,    0,    0,    0,    0,    0,    0,    3,
       0,    0,    0,    0,    0,    0,    0,    0,    0,    0,    0,    2,    0,  -18,   -1,    1,  -29,    0,    0,    0,    0,  -29,    0,    0,    0,    0,    0,    0,    0,    0,    0,    0,
       0,    0,    0,    0,    0,    0,    0,    0,  -12,    0,    0,   14,   13,   -9,    0,    0,  -12,    0,   -6,    0,    0,  -11,    0,    0,    0,    0,    0,    0,    0,    0,    0,    0,
};

static constexpr EpdFontData inter_12_bold = {
    inter_12_boldBitmaps,
    inter_12_boldGlyphs,
    inter_12_boldIntervals,
    61,
    32,
    26,
    -6,
    false,
    nullptr,
    0,
    nullptr,
    inter_12_boldKernLeftClasses,
    inter_12_boldKernRightClasses,
    inter_12_boldKernMatrix,
    200,
    204,
    47,
    32,
    nullptr,
    0,
};
