/**
 * generated by fontconvert.py
 * name: inter_12_regular
 * size: 12
 * mode: 1-bit
 * Command used: fontconvert.py inter_12_regular 12 downloaded_fonts/terminus-font-4.49.1/ter-u32n.bdf ../builtinFonts/source/Inter/Inter-Regular.ttf
 */
#pragma once
#include "EpdFontData.h"

static const uint8_t inter_12_regularBitmaps[57347] = {
    0x00, 0x00, 0x00, 0x00, 0x00, 0x00, 0x00, 0x00, 0x00, 0x00, 0x00, 0x00, 0x00, 0x00, 0x00, 0x00,
    0x00, 0x00, 0x00, 0x00, 0x00, 0x00, 0x00, 0x00, 0x00, 0x00, 0x00, 0x00, 0x00, 0x00, 0x00, 0x00,
    0x00, 0x00, 0x00, 0x00, 0x00, 0x00, 0x00, 0x00, 0x00, 0x00, 0x00, 0x00, 0x00, 0x00, 0x00, 0x00,
    0x00, 0x00, 0x00, 0x00, 0x00, 0x00, 0x00, 0x00, 0x00, 0x00, 0x00, 0x00, 0x00, 0x00, 0x00, 0x00,
    0x00, 0x00, 0x00, 0x00, 0x00, 0x00, 0x00, 0x00, 0x00, 0x00, 0x00, 0x00, 0x01, 0x80, 0x01, 0x80,
    0x01, 0x80, 0x01, 0x80, 0x01, 0x80, 0x01, 0x80, 0x01, 0x80, 0x01, 0x80, 0x01, 0x80, 0x01, 0x80,
    0x01, 0x80, 0x01, 0x80, 0x01, 0x80, 0x00, 0x00, 0x00, 0x00, 0x00, 0x00, 0x01, 0x80, 0x01, 0x80,
    0x01, 0x80, 0x01, 0x80, 0x00, 0x00, 0x00, 0x00, 0x00, 0x00, 0x00, 0x00, 0x00, 0x00, 0x00, 0x00,
    0x00, 0x00, 0x00, 0x00, 0x00, 0x00, 0x00, 0x00, 0x0C, 0x30, 0x0C, 0x30, 0x0C, 0x30, 0x0C, 0x30,
    0x0C, 0x30, 0x0C, 0x30, 0x00, 0x00, 0x00, 0x00, 0x00, 0x00, 0x00, 0x00, 0x00, 0x00, 0x00, 0x00,
    0x00, 0x00, 0x00, 0x00, 0x00, 0x00, 0x00, 0x00, 0x00, 0x00, 0x00, 0x00, 0x00, 0x00, 0x00, 0x00,
    0x00, 0x00, 0x00, 0x00, 0x00, 0x00, 0x00, 0x00, 0x00, 0x00, 0x00, 0x00, 0x00, 0x00, 0x00, 0x00,
    0x00, 0x00, 0x00, 0x00, 0x00, 0x00, 0x00, 0x00, 0x00, 0x00, 0x00, 0x00, 0x0C, 0x30, 0x0C, 0x30,
    0x0C, 0x30, 0x0C, 0x30, 0x0C, 0x30, 0x3F, 0xFC, 0x3F, 0xFC, 0x0C, 0x30, 0x0C, 0x30, 0x0C, 0x30,
    0x0C, 0x30, 0x0C, 0x30, 0x0C, 0x30, 0x3F, 0xFC, 0x3F, 0xFC, 0x0C, 0x30, 0x0C, 0x30, 0x0C, 0x30,
    0x0C, 0x30, 0x0C, 0x30, 0x00, 0x00, 0x00, 0x00, 0x00, 0x00, 0x00, 0x00, 0x00, 0x00, 0x00, 0x00,
    0x00, 0x00, 0x00, 0x00, 0x00, 0x00, 0x00, 0x00, 0x01, 0x80, 0x01, 0x80, 0x01, 0x80, 0x0F, 0xF0,
    0x1F, 0xF8, 0x39, 0x9C, 0x31, 0x8C, 0x31, 0x80, 0x31, 0x80, 0x31, 0x80, 0x39, 0x80, 0x1F, 0xF0,
    0x0F, 0xF8, 0x01, 0x9C, 0x01, 0x8C, 0x01, 0x8C, 0x01, 0x8C, 0x31, 0x8C, 0x39, 0x9C, 0x1F, 0xF8,
    0x0F, 0xF0, 0x01, 0x80, 0x01, 0x80, 0x01, 0x80, 0x00, 0x00, 0x00, 0x00, 0x00, 0x00, 0x00, 0x00,
    0x00, 0x00, 0x00, 0x00, 0x00, 0x00, 0x00, 0x00, 0x00, 0x00, 0x00, 0x00, 0x1E, 0x18, 0x3F, 0x18,
    0x33, 0x30, 0x33, 0x30, 0x3F, 0x60, 0x1E, 0x60, 0x00, 0xC0, 0x00, 0xC0, 0x01, 0x80, 0x01, 0x80,
    0x03, 0x00, 0x03, 0x00, 0x06, 0x00, 0x06, 0x00, 0x0C, 0xF0, 0x0D, 0xF8, 0x19, 0x98, 0x19, 0x98,
    0x31, 0xF8, 0x30, 0xF0, 0x00, 0x00, 0x00, 0x00, 0x00, 0x00, 0x00, 0x00, 0x00, 0x00, 0x00, 0x00,
    0x00, 0x00, 0x00, 0x00, 0x00, 0x00, 0x00, 0x00, 0x00, 0x00, 0x00, 0x00, 0x0F, 0x80, 0x1F, 0xC0,
    0x38, 0xE0, 0x30, 0x60, 0x30, 0x60, 0x30, 0x60, 0x38, 0xE0, 0x1D, 0xC0, 0x0F, 0x80, 0x0F, 0x00,
    0x1F, 0x8C, 0x39, 0xDC, 0x70, 0xF8, 0x60, 0x70, 0x60, 0x30, 0x60, 0x30, 0x60, 0x70, 0x70, 0xF8,
    0x3F, 0xDC, 0x1F, 0x8C, 0x00, 0x00, 0x00, 0x00, 0x00, 0x00, 0x00, 0x00, 0x00, 0x00, 0x00, 0x00,
    0x00, 0x00, 0x00, 0x00, 0x00, 0x00, 0x00, 0x00, 0x01, 0x80, 0x01, 0x80, 0x01, 0x80, 0x01, 0x80,
    0x01, 0x80, 0x01, 0x80, 0x00, 0x00, 0x00, 0x00, 0x00, 0x00, 0x00, 0x00, 0x00, 0x00, 0x00, 0x00,
    0x00, 0x00, 0x00, 0x00, 0x00, 0x00, 0x00, 0x00, 0x00, 0x00, 0x00, 0x00, 0x00, 0x00, 0x00, 0x00,
    0x00, 0x00, 0x00, 0x00, 0x00, 0x00, 0x00, 0x00, 0x00, 0x00, 0x00, 0x00, 0x00, 0x00, 0x00, 0x00,
    0x00, 0x00, 0x00, 0x00, 0x00, 0x00, 0x00, 0x00, 0x00, 0x00, 0x00, 0x00, 0x00, 0x60, 0x00, 0xE0,
    0x01, 0xC0, 0x03, 0x80, 0x03, 0x00, 0x07, 0x00, 0x06, 0x00, 0x06, 0x00, 0x06, 0x00, 0x06, 0x00,
    0x06, 0x00, 0x06, 0x00, 0x06, 0x00, 0x06, 0x00, 0x07, 0x00, 0x03, 0x00, 0x03, 0x80, 0x01, 0xC0,
    0x00, 0xE0, 0x00, 0x60, 0x00, 0x00, 0x00, 0x00, 0x00, 0x00, 0x00, 0x00, 0x00, 0x00, 0x00, 0x00,
    0x00, 0x00, 0x00, 0x00, 0x00, 0x00, 0x00, 0x00, 0x00, 0x00, 0x00, 0x00, 0x06, 0x00, 0x07, 0x00,
    0x03, 0x80, 0x01, 0xC0, 0x00, 0xC0, 0x00, 0xE0, 0x00, 0x60, 0x00, 0x60, 0x00, 0x60, 0x00, 0x60,
    0x00, 0x60, 0x00, 0x60, 0x00, 0x60, 0x00, 0x60, 0x00, 0xE0, 0x00, 0xC0, 0x01, 0xC0, 0x03, 0x80,
    0x07, 0x00, 0x06, 0x00, 0x00, 0x00, 0x00, 0x00, 0x00, 0x00, 0x00, 0x00, 0x00, 0x00, 0x00, 0x00,
    0x00, 0x00, 0x00, 0x00, 0x00, 0x00, 0x00, 0x00, 0x00, 0x00, 0x00, 0x00, 0x00, 0x00, 0x00, 0x00,
    0x00, 0x00, 0x00, 0x00, 0x38, 0x38, 0x1C, 0x70, 0x0E, 0xE0, 0x07, 0xC0, 0x03, 0x80, 0x7F, 0xFC,
    0x7F, 0xFC, 0x03, 0x80, 0x07, 0xC0, 0x0E, 0xE0, 0x1C, 0x70, 0x38, 0x38, 0x00, 0x00, 0x00, 0x00,
    0x00, 0x00, 0x00, 0x00, 0x00, 0x00, 0x00, 0x00, 0x00, 0x00, 0x00, 0x00, 0x00, 0x00, 0x00, 0x00,
    0x00, 0x00, 0x00, 0x00, 0x00, 0x00, 0x00, 0x00, 0x00, 0x00, 0x00, 0x00, 0x00, 0x00, 0x00, 0x00,
    0x00, 0x00, 0x00, 0x00, 0x01, 0x80, 0x01, 0x80, 0x01, 0x80, 0x01, 0x80, 0x01, 0x80, 0x3F, 0xFC,
    0x3F, 0xFC, 0x01, 0x80, 0x01, 0x80, 0x01, 0x80, 0x01, 0x80, 0x01, 0x80, 0x00, 0x00, 0x00, 0x00,
    0x00, 0x00, 0x00, 0x00, 0x00, 0x00, 0x00, 0x00, 0x00, 0x00, 0x00, 0x00, 0x00, 0x00, 0x00, 0x00,
    0x00, 0x00, 0x00, 0x00, 0x00, 0x00, 0x00, 0x00, 0x00, 0x00, 0x00, 0x00, 0x00, 0x00, 0x00, 0x00,
    0x00, 0x00, 0x00, 0x00, 0x00, 0x00, 0x00, 0x00, 0x00, 0x00, 0x00, 0x00, 0x00, 0x00, 0x00, 0x00,
    0x00, 0x00, 0x00, 0x00, 0x00, 0x00, 0x00, 0x00, 0x00, 0x00, 0x00, 0x00, 0x01, 0x80, 0x01, 0x80,
    0x01, 0x80, 0x03, 0x80, 0x03, 0x00, 0x06, 0x00, 0x00, 0x00, 0x00, 0x00, 0x00, 0x00, 0x00, 0x00,
    0x00, 0x00, 0x00, 0x00, 0x00, 0x00, 0x00, 0x00, 0x00, 0x00, 0x00, 0x00, 0x00, 0x00, 0x00, 0x00,
    0x00, 0x00, 0x00, 0x00, 0x00, 0x00, 0x00, 0x00, 0x00, 0x00, 0x00, 0x00, 0x00, 0x00, 0x3F, 0xFC,
    0x3F, 0xFC, 0x00, 0x00, 0x00, 0x00, 0x00, 0x00, 0x00, 0x00, 0x00, 0x00, 0x00, 0x00, 0x00, 0x00,
    0x00, 0x00, 0x00, 0x00, 0x00, 0x00, 0x00, 0x00, 0x00, 0x00, 0x00, 0x00, 0x00, 0x00, 0x00, 0x00,
    0x00, 0x00, 0x00, 0x00, 0x00, 0x00, 0x00, 0x00, 0x00, 0x00, 0x00, 0x00, 0x00, 0x00, 0x00, 0x00,
    0x00, 0x00, 0x00, 0x00, 0x00, 0x00, 0x00, 0x00, 0x00, 0x00, 0x00, 0x00, 0x00, 0x00, 0x00, 0x00,
    0x00, 0x00, 0x00, 0x00, 0x00, 0x00, 0x00, 0x00, 0x00, 0x00, 0x00, 0x00, 0x01, 0x80, 0x01, 0x80,
    0x01, 0x80, 0x01, 0x80, 0x00, 0x00, 0x00, 0x00, 0x00, 0x00, 0x00, 0x00, 0x00, 0x00, 0x00, 0x00,
    0x00, 0x00, 0x00, 0x00, 0x00, 0x00, 0x00, 0x00, 0x00, 0x00, 0x00, 0x00, 0x00, 0x18, 0x00, 0x18,
    0x00, 0x30, 0x00, 0x30, 0x00, 0x60, 0x00, 0x60, 0x00, 0xC0, 0x00, 0xC0, 0x01, 0x80, 0x01, 0x80,
    0x03, 0x00, 0x03, 0x00, 0x06, 0x00, 0x06, 0x00, 0x0C, 0x00, 0x0C, 0x00, 0x18, 0x00, 0x18, 0x00,
    0x30, 0x00, 0x30, 0x00, 0x00, 0x00, 0x00, 0x00, 0x00, 0x00, 0x00, 0x00, 0x00, 0x00, 0x00, 0x00,
    0x00, 0x00, 0x00, 0x00, 0x00, 0x00, 0x00, 0x00, 0x00, 0x00, 0x00, 0x00, 0x0F, 0xF0, 0x1F, 0xF8,
    0x38, 0x1C, 0x30, 0x0C, 0x30, 0x0C, 0x30, 0x1C, 0x30, 0x3C, 0x30, 0x7C, 0x30, 0xEC, 0x31, 0xCC,
    0x33, 0x8C, 0x37, 0x0C, 0x3E, 0x0C, 0x3C, 0x0C, 0x38, 0x0C, 0x30, 0x0C, 0x30, 0x0C, 0x38, 0x1C,
    0x1F, 0xF8, 0x0F, 0xF0, 0x00, 0x00, 0x00, 0x00, 0x00, 0x00, 0x00, 0x00, 0x00, 0x00, 0x00, 0x00,
    0x00, 0x00, 0x00, 0x00, 0x00, 0x00, 0x00, 0x00, 0x00, 0x00, 0x00, 0x00, 0x01, 0x80, 0x03, 0x80,
    0x07, 0x80, 0x0F, 0x80, 0x0D, 0x80, 0x01, 0x80, 0x01, 0x80, 0x01, 0x80, 0x01, 0x80, 0x01, 0x80,
    0x01, 0x80, 0x01, 0x80, 0x01, 0x80, 0x01, 0x80, 0x01, 0x80, 0x01, 0x80, 0x01, 0x80, 0x01, 0x80,
    0x0F, 0xF0, 0x0F, 0xF0, 0x00, 0x00, 0x00, 0x00, 0x00, 0x00, 0x00, 0x00, 0x00, 0x00, 0x00, 0x00,
    0x00, 0x00, 0x00, 0x00, 0x00, 0x00, 0x00, 0x00, 0x00, 0x00, 0x00, 0x00, 0x0F, 0xF0, 0x1F, 0xF8,
    0x38, 0x1C, 0x30, 0x0C, 0x30, 0x0C, 0x30, 0x0C, 0x30, 0x0C, 0x00, 0x0C, 0x00, 0x1C, 0x00, 0x38,
    0x00, 0x70, 0x00, 0xE0, 0x01, 0xC0, 0x03, 0x80, 0x07, 0x00, 0x0E, 0x00, 0x1C, 0x00, 0x38, 0x00,
    0x3F, 0xFC, 0x3F, 0xFC, 0x00, 0x00, 0x00, 0x00, 0x00, 0x00, 0x00, 0x00, 0x00, 0x00, 0x00, 0x00,
    0x00, 0x00, 0x00, 0x00, 0x00, 0x00, 0x00, 0x00, 0x00, 0x00, 0x00, 0x00, 0x0F, 0xF0, 0x1F, 0xF8,
    0x38, 0x1C, 0x30, 0x0C, 0x30, 0x0C, 0x00, 0x0C, 0x00, 0x0C, 0x00, 0x0C, 0x00, 0x1C, 0x07, 0xF8,
    0x07, 0xF8, 0x00, 0x1C, 0x00, 0x0C, 0x00, 0x0C, 0x00, 0x0C, 0x30, 0x0C, 0x30, 0x0C, 0x38, 0x1C,
    0x1F, 0xF8, 0x0F, 0xF0, 0x00, 0x00, 0x00, 0x00, 0x00, 0x00, 0x00, 0x00, 0x00, 0x00, 0x00, 0x00,
    0x00, 0x00, 0x00, 0x00, 0x00, 0x00, 0x00, 0x00, 0x00, 0x00, 0x00, 0x00, 0x00, 0x0C, 0x00, 0x1C,
    0x00, 0x3C, 0x00, 0x7C, 0x00, 0xEC, 0x01, 0xCC, 0x03, 0x8C, 0x07, 0x0C, 0x0E, 0x0C, 0x1C, 0x0C,
    0x38, 0x0C, 0x30, 0x0C, 0x30, 0x0C, 0x3F, 0xFC, 0x3F, 0xFC, 0x00, 0x0C, 0x00, 0x0C, 0x00, 0x0C,
    0x00, 0x0C, 0x00, 0x0C, 0x00, 0x00, 0x00, 0x00, 0x00, 0x00, 0x00, 0x00, 0x00, 0x00, 0x00, 0x00,
    0x00, 0x00, 0x00, 0x00, 0x00, 0x00, 0x00, 0x00, 0x00, 0x00, 0x00, 0x00, 0x3F, 0xFC, 0x3F, 0xFC,
    0x30, 0x00, 0x30, 0x00, 0x30, 0x00, 0x30, 0x00, 0x30, 0x00, 0x30, 0x00, 0x3F, 0xF0, 0x3F, 0xF8,
    0x00, 0x1C, 0x00, 0x0C, 0x00, 0x0C, 0x00, 0x0C, 0x00, 0x0C, 0x00, 0x0C, 0x30, 0x0C, 0x38, 0x0C,
    0x1F, 0xF8, 0x0F, 0xF0, 0x00, 0x00, 0x00, 0x00, 0x00, 0x00, 0x00, 0x00, 0x00, 0x00, 0x00, 0x00,
    0x00, 0x00, 0x00, 0x00, 0x00, 0x00, 0x00, 0x00, 0x00, 0x00, 0x00, 0x00, 0x0F, 0xF8, 0x1F, 0xF8,
    0x38, 0x00, 0x30, 0x00, 0x30, 0x00, 0x30, 0x00, 0x30, 0x00, 0x30, 0x00, 0x3F, 0xF0, 0x3F, 0xF8,
    0x30, 0x1C, 0x30, 0x0C, 0x30, 0x0C, 0x30, 0x0C, 0x30, 0x0C, 0x30, 0x0C, 0x30, 0x0C, 0x38, 0x1C,
    0x1F, 0xF8, 0x0F, 0xF0, 0x00, 0x00, 0x00, 0x00, 0x00, 0x00, 0x00, 0x00, 0x00, 0x00, 0x00, 0x00,
    0x00, 0x00, 0x00, 0x00, 0x00, 0x00, 0x00, 0x00, 0x00, 0x00, 0x00, 0x00, 0x3F, 0xFC, 0x3F, 0xFC,
    0x30, 0x0C, 0x30, 0x0C, 0x30, 0x0C, 0x30, 0x18, 0x00, 0x18, 0x00, 0x30, 0x00, 0x30, 0x00, 0x60,
    0x00, 0x60, 0x00, 0xC0, 0x00, 0xC0, 0x01, 0x80, 0x01, 0x80, 0x01, 0x80, 0x01, 0x80, 0x01, 0x80,
    0x01, 0x80, 0x01, 0x80, 0x00, 0x00, 0x00, 0x00, 0x00, 0x00, 0x00, 0x00, 0x00, 0x00, 0x00, 0x00,
    0x00, 0x00, 0x00, 0x00, 0x00, 0x00, 0x00, 0x00, 0x00, 0x00, 0x00, 0x00, 0x0F, 0xF0, 0x1F, 0xF8,
    0x38, 0x1C, 0x30, 0x0C, 0x30, 0x0C, 0x30, 0x0C, 0x30, 0x0C, 0x30, 0x0C, 0x38, 0x1C, 0x1F, 0xF8,
    0x1F, 0xF8, 0x38, 0x1C, 0x30, 0x0C, 0x30, 0x0C, 0x30, 0x0C, 0x30, 0x0C, 0x30, 0x0C, 0x38, 0x1C,
    0x1F, 0xF8, 0x0F, 0xF0, 0x00, 0x00, 0x00, 0x00, 0x00, 0x00, 0x00, 0x00, 0x00, 0x00, 0x00, 0x00,
    0x00, 0x00, 0x00, 0x00, 0x00, 0x00, 0x00, 0x00, 0x00, 0x00, 0x00, 0x00, 0x0F, 0xF0, 0x1F, 0xF8,
    0x38, 0x1C, 0x30, 0x0C, 0x30, 0x0C, 0x30, 0x0C, 0x30, 0x0C, 0x30, 0x0C, 0x30, 0x0C, 0x38, 0x0C,
    0x1F, 0xFC, 0x0F, 0xFC, 0x00, 0x0C, 0x00, 0x0C, 0x00, 0x0C, 0x00, 0x0C, 0x00, 0x0C, 0x00, 0x1C,
    0x1F, 0xF8, 0x1F, 0xF0, 0x00, 0x00, 0x00, 0x00, 0x00, 0x00, 0x00, 0x00, 0x00, 0x00, 0x00, 0x00,
    0x00, 0x00, 0x00, 0x00, 0x00, 0x00, 0x00, 0x00, 0x00, 0x00, 0x00, 0x00, 0x00, 0x00, 0x00, 0x00,
    0x00, 0x00, 0x00, 0x00, 0x00, 0x00, 0x00, 0x00, 0x01, 0x80, 0x01, 0x80, 0x01, 0x80, 0x01, 0x80,
    0x00, 0x00, 0x00, 0x00, 0x00, 0x00, 0x00, 0x00, 0x00, 0x00, 0x00, 0x00, 0x01, 0x80, 0x01, 0x80,
    0x01, 0x80, 0x01, 0x80, 0x00, 0x00, 0x00, 0x00, 0x00, 0x00, 0x00, 0x00, 0x00, 0x00, 0x00, 0x00,
    0x00, 0x00, 0x00, 0x00, 0x00, 0x00, 0x00, 0x00, 0x00, 0x00, 0x00, 0x00, 0x00, 0x00, 0x00, 0x00,
    0x00, 0x00, 0x00, 0x00, 0x00, 0x00, 0x00, 0x00, 0x01, 0x80, 0x01, 0x80, 0x01, 0x80, 0x01, 0x80,
    0x00, 0x00, 0x00, 0x00, 0x00, 0x00, 0x00, 0x00, 0x00, 0x00, 0x00, 0x00, 0x01, 0x80, 0x01, 0x80,
    0x01, 0x80, 0x03, 0x80, 0x03, 0x00, 0x06, 0x00, 0x00, 0x00, 0x00, 0x00, 0x00, 0x00, 0x00, 0x00,
    0x00, 0x00, 0x00, 0x00, 0x00, 0x00, 0x00, 0x00, 0x00, 0x00, 0x00, 0x00, 0x00, 0x1C, 0x00, 0x38,
    0x00, 0x70, 0x00, 0xE0, 0x01, 0xC0, 0x03, 0x80, 0x07, 0x00, 0x0E, 0x00, 0x1C, 0x00, 0x38, 0x00,
    0x38, 0x00, 0x1C, 0x00, 0x0E, 0x00, 0x07, 0x00, 0x03, 0x80, 0x01, 0xC0, 0x00, 0xE0, 0x00, 0x70,
    0x00, 0x38, 0x00, 0x1C, 0x00, 0x00, 0x00, 0x00, 0x00, 0x00, 0x00, 0x00, 0x00, 0x00, 0x00, 0x00,
    0x00, 0x00, 0x00, 0x00, 0x00, 0x00, 0x00, 0x00, 0x00, 0x00, 0x00, 0x00, 0x00, 0x00, 0x00, 0x00,
    0x00, 0x00, 0x00, 0x00, 0x00, 0x00, 0x00, 0x00, 0x3F, 0xFC, 0x3F, 0xFC, 0x00, 0x00, 0x00, 0x00,
    0x00, 0x00, 0x00, 0x00, 0x3F, 0xFC, 0x3F, 0xFC, 0x00, 0x00, 0x00, 0x00, 0x00, 0x00, 0x00, 0x00,
    0x00, 0x00, 0x00, 0x00, 0x00, 0x00, 0x00, 0x00, 0x00, 0x00, 0x00, 0x00, 0x00, 0x00, 0x00, 0x00,
    0x00, 0x00, 0x00, 0x00, 0x00, 0x00, 0x00, 0x00, 0x00, 0x00, 0x00, 0x00, 0x38, 0x00, 0x1C, 0x00,
    0x0E, 0x00, 0x07, 0x00, 0x03, 0x80, 0x01, 0xC0, 0x00, 0xE0, 0x00, 0x70, 0x00, 0x38, 0x00, 0x1C,
    0x00, 0x1C, 0x00, 0x38, 0x00, 0x70, 0x00, 0xE0, 0x01, 0xC0, 0x03, 0x80, 0x07, 0x00, 0x0E, 0x00,
    0x1C, 0x00, 0x38, 0x00, 0x00, 0x00, 0x00, 0x00, 0x00, 0x00, 0x00, 0x00, 0x00, 0x00, 0x00, 0x00,
    0x00, 0x00, 0x00, 0x00, 0x00, 0x00, 0x00, 0x00, 0x00, 0x00, 0x00, 0x00, 0x0F, 0xF0, 0x1F, 0xF8,
    0x38, 0x1C, 0x30, 0x0C, 0x30, 0x0C, 0x30, 0x0C, 0x30, 0x0C, 0x00, 0x1C, 0x00, 0x38, 0x00, 0x70,
    0x00, 0xE0, 0x01, 0xC0, 0x01, 0x80, 0x01, 0x80, 0x00, 0x00, 0x00, 0x00, 0x01, 0x80, 0x01, 0x80,
    0x01, 0x80, 0x01, 0x80, 0x00, 0x00, 0x00, 0x00, 0x00, 0x00, 0x00, 0x00, 0x00, 0x00, 0x00, 0x00,
    0x00, 0x00, 0x00, 0x00, 0x00, 0x00, 0x00, 0x00, 0x00, 0x00, 0x00, 0x00, 0x1F, 0xF0, 0x3F, 0xF8,
    0x70, 0x1C, 0x60, 0x0C, 0x61, 0xFC, 0x63, 0xFC, 0x67, 0x0C, 0x66, 0x0C, 0x66, 0x0C, 0x66, 0x0C,
    0x66, 0x0C, 0x66, 0x0C, 0x66, 0x0C, 0x67, 0x1C, 0x63, 0xFC, 0x61, 0xEC, 0x60, 0x00, 0x70, 0x00,
    0x3F, 0xFC, 0x1F, 0xFC, 0x00, 0x00, 0x00, 0x00, 0x00, 0x00, 0x00, 0x00, 0x00, 0x00, 0x00, 0x00,
    0x00, 0x00, 0x00, 0x00, 0x00, 0x00, 0x00, 0x00, 0x00, 0x00, 0x00, 0x00, 0x0F, 0xF0, 0x1F, 0xF8,
    0x38, 0x1C, 0x30, 0x0C, 0x30, 0x0C, 0x30, 0x0C, 0x30, 0x0C, 0x30, 0x0C, 0x30, 0x0C, 0x30, 0x0C,
    0x3F, 0xFC, 0x3F, 0xFC, 0x30, 0x0C, 0x30, 0x0C, 0x30, 0x0C, 0x30, 0x0C, 0x30, 0x0C, 0x30, 0x0C,
    0x30, 0x0C, 0x30, 0x0C, 0x00, 0x00, 0x00, 0x00, 0x00, 0x00, 0x00, 0x00, 0x00, 0x00, 0x00, 0x00,
    0x00, 0x00, 0x00, 0x00, 0x00, 0x00, 0x00, 0x00, 0x00, 0x00, 0x00, 0x00, 0x3F, 0xF0, 0x3F, 0xF8,
    0x30, 0x1C, 0x30, 0x0C, 0x30, 0x0C, 0x30, 0x0C, 0x30, 0x0C, 0x30, 0x18, 0x3F, 0xF0, 0x3F, 0xF0,
    0x30, 0x38, 0x30, 0x1C, 0x30, 0x0C, 0x30, 0x0C, 0x30, 0x0C, 0x30, 0x0C, 0x30, 0x0C, 0x30, 0x1C,
    0x3F, 0xF8, 0x3F, 0xF0, 0x00, 0x00, 0x00, 0x00, 0x00, 0x00, 0x00, 0x00, 0x00, 0x00, 0x00, 0x00,
    0x00, 0x00, 0x00, 0x00, 0x00, 0x00, 0x00, 0x00, 0x00, 0x00, 0x00, 0x00, 0x0F, 0xF0, 0x1F, 0xF8,
    0x38, 0x1C, 0x30, 0x0C, 0x30, 0x0C, 0x30, 0x00, 0x30, 0x00, 0x30, 0x00, 0x30, 0x00, 0x30, 0x00,
    0x30, 0x00, 0x30, 0x00, 0x30, 0x00, 0x30, 0x00, 0x30, 0x00, 0x30, 0x0C, 0x30, 0x0C, 0x38, 0x1C,
    0x1F, 0xF8, 0x0F, 0xF0, 0x00, 0x00, 0x00, 0x00, 0x00, 0x00, 0x00, 0x00, 0x00, 0x00, 0x00, 0x00,
    0x00, 0x00, 0x00, 0x00, 0x00, 0x00, 0x00, 0x00, 0x00, 0x00, 0x00, 0x00, 0x3F, 0xC0, 0x3F, 0xF0,
    0x30, 0x38, 0x30, 0x18, 0x30, 0x0C, 0x30, 0x0C, 0x30, 0x0C, 0x30, 0x0C, 0x30, 0x0C, 0x30, 0x0C,
    0x30, 0x0C, 0x30, 0x0C, 0x30, 0x0C, 0x30, 0x0C, 0x30, 0x0C, 0x30, 0x0C, 0x30, 0x18, 0x30, 0x38,
    0x3F, 0xF0, 0x3F, 0xC0, 0x00, 0x00, 0x00, 0x00, 0x00, 0x00, 0x00, 0x00, 0x00, 0x00, 0x00, 0x00,
    0x00, 0x00, 0x00, 0x00, 0x00, 0x00, 0x00, 0x00, 0x00, 0x00, 0x00, 0x00, 0x3F, 0xFC, 0x3F, 0xFC,
    0x30, 0x00, 0x30, 0x00, 0x30, 0x00, 0x30, 0x00, 0x30, 0x00, 0x30, 0x00, 0x30, 0x00, 0x3F, 0xE0,
    0x3F, 0xE0, 0x30, 0x00, 0x30, 0x00, 0x30, 0x00, 0x30, 0x00, 0x30, 0x00, 0x30, 0x00, 0x30, 0x00,
    0x3F, 0xFC, 0x3F, 0xFC, 0x00, 0x00, 0x00, 0x00, 0x00, 0x00, 0x00, 0x00, 0x00, 0x00, 0x00, 0x00,
    0x00, 0x00, 0x00, 0x00, 0x00, 0x00, 0x00, 0x00, 0x00, 0x00, 0x00, 0x00, 0x3F, 0xFC, 0x3F, 0xFC,
    0x30, 0x00, 0x30, 0x00, 0x30, 0x00, 0x30, 0x00, 0x30, 0x00, 0x30, 0x00, 0x30, 0x00, 0x3F, 0xE0,
    0x3F, 0xE0, 0x30, 0x00, 0x30, 0x00, 0x30, 0x00, 0x30, 0x00, 0x30, 0x00, 0x30, 0x00, 0x30, 0x00,
    0x30, 0x00, 0x30, 0x00, 0x00, 0x00, 0x00, 0x00, 0x00, 0x00, 0x00, 0x00, 0x00, 0x00, 0x00, 0x00,
    0x00, 0x00, 0x00, 0x00, 0x00, 0x00, 0x00, 0x00, 0x00, 0x00, 0x00, 0x00, 0x0F, 0xF0, 0x1F, 0xF8,
    0x38, 0x1C, 0x30, 0x0C, 0x30, 0x0C, 0x30, 0x00, 0x30, 0x00, 0x30, 0x00, 0x30, 0x00, 0x30, 0xFC,
    0x30, 0xFC, 0x30, 0x0C, 0x30, 0x0C, 0x30, 0x0C, 0x30, 0x0C, 0x30, 0x0C, 0x30, 0x0C, 0x38, 0x1C,
    0x1F, 0xF8, 0x0F, 0xF0, 0x00, 0x00, 0x00, 0x00, 0x00, 0x00, 0x00, 0x00, 0x00, 0x00, 0x00, 0x00,
    0x00, 0x00, 0x00, 0x00, 0x00, 0x00, 0x00, 0x00, 0x00, 0x00, 0x00, 0x00, 0x30, 0x0C, 0x30, 0x0C,
    0x30, 0x0C, 0x30, 0x0C, 0x30, 0x0C, 0x30, 0x0C, 0x30, 0x0C, 0x30, 0x0C, 0x30, 0x0C, 0x3F, 0xFC,
    0x3F, 0xFC, 0x30, 0x0C, 0x30, 0x0C, 0x30, 0x0C, 0x30, 0x0C, 0x30, 0x0C, 0x30, 0x0C, 0x30, 0x0C,
    0x30, 0x0C, 0x30, 0x0C, 0x00, 0x00, 0x00, 0x00, 0x00, 0x00, 0x00, 0x00, 0x00, 0x00, 0x00, 0x00,
    0x00, 0x00, 0x00, 0x00, 0x00, 0x00, 0x00, 0x00, 0x00, 0x00, 0x00, 0x00, 0x07, 0xE0, 0x07, 0xE0,
    0x01, 0x80, 0x01, 0x80, 0x01, 0x80, 0x01, 0x80, 0x01, 0x80, 0x01, 0x80, 0x01, 0x80, 0x01, 0x80,
    0x01, 0x80, 0x01, 0x80, 0x01, 0x80, 0x01, 0x80, 0x01, 0x80, 0x01, 0x80, 0x01, 0x80, 0x01, 0x80,
    0x07, 0xE0, 0x07, 0xE0, 0x00, 0x00, 0x00, 0x00, 0x00, 0x00, 0x00, 0x00, 0x00, 0x00, 0x00, 0x00,
    0x00, 0x00, 0x00, 0x00, 0x00, 0x00, 0x00, 0x00, 0x00, 0x00, 0x00, 0x00, 0x00, 0x7E, 0x00, 0x7E,
    0x00, 0x18, 0x00, 0x18, 0x00, 0x18, 0x00, 0x18, 0x00, 0x18, 0x00, 0x18, 0x00, 0x18, 0x00, 0x18,
    0x00, 0x18, 0x00, 0x18, 0x00, 0x18, 0x00, 0x18, 0x30, 0x18, 0x30, 0x18, 0x30, 0x18, 0x38, 0x38,
    0x1F, 0xF0, 0x0F, 0xE0, 0x00, 0x00, 0x00, 0x00, 0x00, 0x00, 0x00, 0x00, 0x00, 0x00, 0x00, 0x00,
    0x00, 0x00, 0x00, 0x00, 0x00, 0x00, 0x00, 0x00, 0x00, 0x00, 0x00, 0x00, 0x30, 0x0C, 0x30, 0x1C,
    0x30, 0x38, 0x30, 0x70, 0x30, 0xE0, 0x31, 0xC0, 0x33, 0x80, 0x37, 0x00, 0x3E, 0x00, 0x3C, 0x00,
    0x3C, 0x00, 0x3E, 0x00, 0x37, 0x00, 0x33, 0x80, 0x31, 0xC0, 0x30, 0xE0, 0x30, 0x70, 0x30, 0x38,
    0x30, 0x1C, 0x30, 0x0C, 0x00, 0x00, 0x00, 0x00, 0x00, 0x00, 0x00, 0x00, 0x00, 0x00, 0x00, 0x00,
    0x00, 0x00, 0x00, 0x00, 0x00, 0x00, 0x00, 0x00, 0x00, 0x00, 0x00, 0x00, 0x30, 0x00, 0x30, 0x00,
    0x30, 0x00, 0x30, 0x00, 0x30, 0x00, 0x30, 0x00, 0x30, 0x00, 0x30, 0x00, 0x30, 0x00, 0x30, 0x00,
    0x30, 0x00, 0x30, 0x00, 0x30, 0x00, 0x30, 0x00, 0x30, 0x00, 0x30, 0x00, 0x30, 0x00, 0x30, 0x00,
    0x3F, 0xFC, 0x3F, 0xFC, 0x00, 0x00, 0x00, 0x00, 0x00, 0x00, 0x00, 0x00, 0x00, 0x00, 0x00, 0x00,
    0x00, 0x00, 0x00, 0x00, 0x00, 0x00, 0x00, 0x00, 0x00, 0x00, 0x00, 0x00, 0x60, 0x0C, 0x60, 0x0C,
    0x70, 0x1C, 0x78, 0x3C, 0x6C, 0x6C, 0x6C, 0x6C, 0x67, 0xCC, 0x63, 0x8C, 0x63, 0x8C, 0x61, 0x0C,
    0x60, 0x0C, 0x60, 0x0C, 0x60, 0x0C, 0x60, 0x0C, 0x60, 0x0C, 0x60, 0x0C, 0x60, 0x0C, 0x60, 0x0C,
    0x60, 0x0C, 0x60, 0x0C, 0x00, 0x00, 0x00, 0x00, 0x00, 0x00, 0x00, 0x00, 0x00, 0x00, 0x00, 0x00,
    0x00, 0x00, 0x00, 0x00, 0x00, 0x00, 0x00, 0x00, 0x00, 0x00, 0x00, 0x00, 0x30, 0x0C, 0x30, 0x0C,
    0x30, 0x0C, 0x30, 0x0C, 0x30, 0x0C, 0x38, 0x0C, 0x3C, 0x0C, 0x3E, 0x0C, 0x37, 0x0C, 0x33, 0x8C,
    0x31, 0xCC, 0x30, 0xEC, 0x30, 0x7C, 0x30, 0x3C, 0x30, 0x1C, 0x30, 0x0C, 0x30, 0x0C, 0x30, 0x0C,
    0x30, 0x0C, 0x30, 0x0C, 0x00, 0x00, 0x00, 0x00, 0x00, 0x00, 0x00, 0x00, 0x00, 0x00, 0x00, 0x00,
    0x00, 0x00, 0x00, 0x00, 0x00, 0x00, 0x00, 0x00, 0x00, 0x00, 0x00, 0x00, 0x0F, 0xF0, 0x1F, 0xF8,
    0x38, 0x1C, 0x30, 0x0C, 0x30, 0x0C, 0x30, 0x0C, 0x30, 0x0C, 0x30, 0x0C, 0x30, 0x0C, 0x30, 0x0C,
    0x30, 0x0C, 0x30, 0x0C, 0x30, 0x0C, 0x30, 0x0C, 0x30, 0x0C, 0x30, 0x0C, 0x30, 0x0C, 0x38, 0x1C,
    0x1F, 0xF8, 0x0F, 0xF0, 0x00, 0x00, 0x00, 0x00, 0x00, 0x00, 0x00, 0x00, 0x00, 0x00, 0x00, 0x00,
    0x00, 0x00, 0x00, 0x00, 0x00, 0x00, 0x00, 0x00, 0x00, 0x00, 0x00, 0x00, 0x3F, 0xF0, 0x3F, 0xF8,
    0x30, 0x1C, 0x30, 0x0C, 0x30, 0x0C, 0x30, 0x0C, 0x30, 0x0C, 0x30, 0x0C, 0x30, 0x0C, 0x30, 0x1C,
    0x3F, 0xF8, 0x3F, 0xF0, 0x30, 0x00, 0x30, 0x00, 0x30, 0x00, 0x30, 0x00, 0x30, 0x00, 0x30, 0x00,
    0x30, 0x00, 0x30, 0x00, 0x00, 0x00, 0x00, 0x00, 0x00, 0x00, 0x00, 0x00, 0x00, 0x00, 0x00, 0x00,
    0x00, 0x00, 0x00, 0x00, 0x00, 0x00, 0x00, 0x00, 0x00, 0x00, 0x00, 0x00, 0x0F, 0xF0, 0x1F, 0xF8,
    0x38, 0x1C, 0x30, 0x0C, 0x30, 0x0C, 0x30, 0x0C, 0x30, 0x0C, 0x30, 0x0C, 0x30, 0x0C, 0x30, 0x0C,
    0x30, 0x0C, 0x30, 0x0C, 0x30, 0x0C, 0x30, 0x0C, 0x30, 0x0C, 0x30, 0x0C, 0x31, 0xCC, 0x38, 0xFC,
    0x1F, 0xF8, 0x0F, 0xF8, 0x00, 0x1C, 0x00, 0x0E, 0x00, 0x00, 0x00, 0x00, 0x00, 0x00, 0x00, 0x00,
    0x00, 0x00, 0x00, 0x00, 0x00, 0x00, 0x00, 0x00, 0x00, 0x00, 0x00, 0x00, 0x3F, 0xF0, 0x3F, 0xF8,
    0x30, 0x1C, 0x30, 0x0C, 0x30, 0x0C, 0x30, 0x0C, 0x30, 0x0C, 0x30, 0x0C, 0x30, 0x0C, 0x30, 0x1C,
    0x3F, 0xF8, 0x3F, 0xF0, 0x37, 0x00, 0x33, 0x80, 0x31, 0xC0, 0x30, 0xE0, 0x30, 0x70, 0x30, 0x38,
    0x30, 0x1C, 0x30, 0x0C, 0x00, 0x00, 0x00, 0x00, 0x00, 0x00, 0x00, 0x00, 0x00, 0x00, 0x00, 0x00,
    0x00, 0x00, 0x00, 0x00, 0x00, 0x00, 0x00, 0x00, 0x00, 0x00, 0x00, 0x00, 0x0F, 0xF0, 0x1F, 0xF8,
    0x38, 0x1C, 0x30, 0x0C, 0x30, 0x0C, 0x30, 0x00, 0x30, 0x00, 0x30, 0x00, 0x38, 0x00, 0x1F, 0xF0,
    0x0F, 0xF8, 0x00, 0x1C, 0x00, 0x0C, 0x00, 0x0C, 0x00, 0x0C, 0x30, 0x0C, 0x30, 0x0C, 0x38, 0x1C,
    0x1F, 0xF8, 0x0F, 0xF0, 0x00, 0x00, 0x00, 0x00, 0x00, 0x00, 0x00, 0x00, 0x00, 0x00, 0x00, 0x00,
    0x00, 0x00, 0x00, 0x00, 0x00, 0x00, 0x00, 0x00, 0x00, 0x00, 0x00, 0x00, 0x3F, 0xFC, 0x3F, 0xFC,
    0x01, 0x80, 0x01, 0x80, 0x01, 0x80, 0x01, 0x80, 0x01, 0x80, 0x01, 0x80, 0x01, 0x80, 0x01, 0x80,
    0x01, 0x80, 0x01, 0x80, 0x01, 0x80, 0x01, 0x80, 0x01, 0x80, 0x01, 0x80, 0x01, 0x80, 0x01, 0x80,
    0x01, 0x80, 0x01, 0x80, 0x00, 0x00, 0x00, 0x00, 0x00, 0x00, 0x00, 0x00, 0x00, 0x00, 0x00, 0x00,
    0x00, 0x00, 0x00, 0x00, 0x00, 0x00, 0x00, 0x00, 0x00, 0x00, 0x00, 0x00, 0x30, 0x0C, 0x30, 0x0C,
    0x30, 0x0C, 0x30, 0x0C, 0x30, 0x0C, 0x30, 0x0C, 0x30, 0x0C, 0x30, 0x0C, 0x30, 0x0C, 0x30, 0x0C,
    0x30, 0x0C, 0x30, 0x0C, 0x30, 0x0C, 0x30, 0x0C, 0x30, 0x0C, 0x30, 0x0C, 0x30, 0x0C, 0x38, 0x1C,
    0x1F, 0xF8, 0x0F, 0xF0, 0x00, 0x00, 0x00, 0x00, 0x00, 0x00, 0x00, 0x00, 0x00, 0x00, 0x00, 0x00,
    0x00, 0x00, 0x00, 0x00, 0x00, 0x00, 0x00, 0x00, 0x00, 0x00, 0x00, 0x00, 0x30, 0x0C, 0x30, 0x0C,
    0x30, 0x0C, 0x30, 0x0C, 0x30, 0x0C, 0x18, 0x18, 0x18, 0x18, 0x18, 0x18, 0x18, 0x18, 0x18, 0x18,
    0x0C, 0x30, 0x0C, 0x30, 0x0C, 0x30, 0x0C, 0x30, 0x06, 0x60, 0x06, 0x60, 0x06, 0x60, 0x03, 0xC0,
    0x03, 0xC0, 0x03, 0xC0, 0x00, 0x00, 0x00, 0x00, 0x00, 0x00, 0x00, 0x00, 0x00, 0x00, 0x00, 0x00,
    0x00, 0x00, 0x00, 0x00, 0x00, 0x00, 0x00, 0x00, 0x00, 0x00, 0x00, 0x00, 0x60, 0x0C, 0x60, 0x0C,
    0x60, 0x0C, 0x60, 0x0C, 0x60, 0x0C, 0x60, 0x0C, 0x60, 0x0C, 0x60, 0x0C, 0x60, 0x0C, 0x60, 0x0C,
    0x61, 0x0C, 0x63, 0x8C, 0x63, 0x8C, 0x67, 0xCC, 0x6C, 0x6C, 0x6C, 0x6C, 0x78, 0x3C, 0x70, 0x1C,
    0x60, 0x0C, 0x60, 0x0C, 0x00, 0x00, 0x00, 0x00, 0x00, 0x00, 0x00, 0x00, 0x00, 0x00, 0x00, 0x00,
    0x00, 0x00, 0x00, 0x00, 0x00, 0x00, 0x00, 0x00, 0x00, 0x00, 0x00, 0x00, 0x30, 0x0C, 0x30, 0x0C,
    0x18, 0x18, 0x18, 0x18, 0x0C, 0x30, 0x0C, 0x30, 0x06, 0x60, 0x06, 0x60, 0x03, 0xC0, 0x03, 0xC0,
    0x03, 0xC0, 0x03, 0xC0, 0x06, 0x60, 0x06, 0x60, 0x0C, 0x30, 0x0C, 0x30, 0x18, 0x18, 0x18, 0x18,
    0x30, 0x0C, 0x30, 0x0C, 0x00, 0x00, 0x00, 0x00, 0x00, 0x00, 0x00, 0x00, 0x00, 0x00, 0x00, 0x00,
    0x00, 0x00, 0x00, 0x00, 0x00, 0x00, 0x00, 0x00, 0x00, 0x00, 0x00, 0x00, 0x30, 0x0C, 0x30, 0x0C,
    0x30, 0x0C, 0x18, 0x18, 0x18, 0x18, 0x0C, 0x30, 0x0C, 0x30, 0x06, 0x60, 0x06, 0x60, 0x03, 0xC0,
    0x03, 0xC0, 0x01, 0x80, 0x01, 0x80, 0x01, 0x80, 0x01, 0x80, 0x01, 0x80, 0x01, 0x80, 0x01, 0x80,
    0x01, 0x80, 0x01, 0x80, 0x00, 0x00, 0x00, 0x00, 0x00, 0x00, 0x00, 0x00, 0x00, 0x00, 0x00, 0x00,
    0x00, 0x00, 0x00, 0x00, 0x00, 0x00, 0x00, 0x00, 0x00, 0x00, 0x00, 0x00, 0x3F, 0xFC, 0x3F, 0xFC,
    0x00, 0x0C, 0x00, 0x0C, 0x00, 0x0C, 0x00, 0x1C, 0x00, 0x38, 0x00, 0x70, 0x00, 0xE0, 0x01, 0xC0,
    0x03, 0x80, 0x07, 0x00, 0x0E, 0x00, 0x1C, 0x00, 0x38, 0x00, 0x30, 0x00, 0x30, 0x00, 0x30, 0x00,
    0x3F, 0xFC, 0x3F, 0xFC, 0x00, 0x00, 0x00, 0x00, 0x00, 0x00, 0x00, 0x00, 0x00, 0x00, 0x00, 0x00,
    0x00, 0x00, 0x00, 0x00, 0x00, 0x00, 0x00, 0x00, 0x00, 0x00, 0x00, 0x00, 0x0F, 0xE0, 0x0F, 0xE0,
    0x0C, 0x00, 0x0C, 0x00, 0x0C, 0x00, 0x0C, 0x00, 0x0C, 0x00, 0x0C, 0x00, 0x0C, 0x00, 0x0C, 0x00,
    0x0C, 0x00, 0x0C, 0x00, 0x0C, 0x00, 0x0C, 0x00, 0x0C, 0x00, 0x0C, 0x00, 0x0C, 0x00, 0x0C, 0x00,
    0x0F, 0xE0, 0x0F, 0xE0, 0x00, 0x00, 0x00, 0x00, 0x00, 0x00, 0x00, 0x00, 0x00, 0x00, 0x00, 0x00,
    0x00, 0x00, 0x00, 0x00, 0x00, 0x00, 0x00, 0x00, 0x00, 0x00, 0x00, 0x00, 0x30, 0x00, 0x30, 0x00,
    0x18, 0x00, 0x18, 0x00, 0x0C, 0x00, 0x0C, 0x00, 0x06, 0x00, 0x06, 0x00, 0x03, 0x00, 0x03, 0x00,
    0x01, 0x80, 0x01, 0x80, 0x00, 0xC0, 0x00, 0xC0, 0x00, 0x60, 0x00, 0x60, 0x00, 0x30, 0x00, 0x30,
    0x00, 0x18, 0x00, 0x18, 0x00, 0x00, 0x00, 0x00, 0x00, 0x00, 0x00, 0x00, 0x00, 0x00, 0x00, 0x00,
    0x00, 0x00, 0x00, 0x00, 0x00, 0x00, 0x00, 0x00, 0x00, 0x00, 0x00, 0x00, 0x0F, 0xE0, 0x0F, 0xE0,
    0x00, 0x60, 0x00, 0x60, 0x00, 0x60, 0x00, 0x60, 0x00, 0x60, 0x00, 0x60, 0x00, 0x60, 0x00, 0x60,
    0x00, 0x60, 0x00, 0x60, 0x00, 0x60, 0x00, 0x60, 0x00, 0x60, 0x00, 0x60, 0x00, 0x60, 0x00, 0x60,
    0x0F, 0xE0, 0x0F, 0xE0, 0x00, 0x00, 0x00, 0x00, 0x00, 0x00, 0x00, 0x00, 0x00, 0x00, 0x00, 0x00,
    0x00, 0x00, 0x00, 0x00, 0x00, 0x00, 0x00, 0x00, 0x01, 0x80, 0x03, 0xC0, 0x07, 0xE0, 0x0E, 0x70,
    0x1C, 0x38, 0x38, 0x1C, 0x00, 0x00, 0x00, 0x00, 0x00, 0x00, 0x00, 0x00, 0x00, 0x00, 0x00, 0x00,
    0x00, 0x00, 0x00, 0x00, 0x00, 0x00, 0x00, 0x00, 0x00, 0x00, 0x00, 0x00, 0x00, 0x00, 0x00, 0x00,
    0x00, 0x00, 0x00, 0x00, 0x00, 0x00, 0x00, 0x00, 0x00, 0x00, 0x00, 0x00, 0x00, 0x00, 0x00, 0x00,
    0x00, 0x00, 0x00, 0x00, 0x00, 0x00, 0x00, 0x00, 0x00, 0x00, 0x00, 0x00, 0x00, 0x00, 0x00, 0x00,
    0x00, 0x00, 0x00, 0x00, 0x00, 0x00, 0x00, 0x00, 0x00, 0x00, 0x00, 0x00, 0x00, 0x00, 0x00, 0x00,
    0x00, 0x00, 0x00, 0x00, 0x00, 0x00, 0x00, 0x00, 0x00, 0x00, 0x00, 0x00, 0x00, 0x00, 0x00, 0x00,
    0x00, 0x00, 0x00, 0x00, 0x00, 0x00, 0x3F, 0xFC, 0x3F, 0xFC, 0x00, 0x00, 0x00, 0x00, 0x00, 0x00,
    0x00, 0x00, 0x00, 0x00, 0x0E, 0x00, 0x07, 0x00, 0x03, 0x80, 0x01, 0xC0, 0x00, 0x00, 0x00, 0x00,
    0x00, 0x00, 0x00, 0x00, 0x00, 0x00, 0x00, 0x00, 0x00, 0x00, 0x00, 0x00, 0x00, 0x00, 0x00, 0x00,
    0x00, 0x00, 0x00, 0x00, 0x00, 0x00, 0x00, 0x00, 0x00, 0x00, 0x00, 0x00, 0x00, 0x00, 0x00, 0x00,
    0x00, 0x00, 0x00, 0x00, 0x00, 0x00, 0x00, 0x00, 0x00, 0x00, 0x00, 0x00, 0x00, 0x00, 0x00, 0x00,
    0x00, 0x00, 0x00, 0x00, 0x00, 0x00, 0x00, 0x00, 0x00, 0x00, 0x00, 0x00, 0x00, 0x00, 0x00, 0x00,
    0x00, 0x00, 0x00, 0x00, 0x00, 0x00, 0x00, 0x00, 0x1F, 0xF0, 0x1F, 0xF8, 0x00, 0x1C, 0x00, 0x0C,
    0x00, 0x0C, 0x0F, 0xFC, 0x1F, 0xFC, 0x38, 0x0C, 0x30, 0x0C, 0x30, 0x0C, 0x30, 0x0C, 0x38, 0x0C,
    0x1F, 0xFC, 0x0F, 0xFC, 0x00, 0x00, 0x00, 0x00, 0x00, 0x00, 0x00, 0x00, 0x00, 0x00, 0x00, 0x00,
    0x00, 0x00, 0x00, 0x00, 0x00, 0x00, 0x00, 0x00, 0x00, 0x00, 0x00, 0x00, 0x30, 0x00, 0x30, 0x00,
    0x30, 0x00, 0x30, 0x00, 0x30, 0x00, 0x30, 0x00, 0x3F, 0xF0, 0x3F, 0xF8, 0x30, 0x1C, 0x30, 0x0C,
    0x30, 0x0C, 0x30, 0x0C, 0x30, 0x0C, 0x30, 0x0C, 0x30, 0x0C, 0x30, 0x0C, 0x30, 0x0C, 0x30, 0x1C,
    0x3F, 0xF8, 0x3F, 0xF0, 0x00, 0x00, 0x00, 0x00, 0x00, 0x00, 0x00, 0x00, 0x00, 0x00, 0x00, 0x00,
    0x00, 0x00, 0x00, 0x00, 0x00, 0x00, 0x00, 0x00, 0x00, 0x00, 0x00, 0x00, 0x00, 0x00, 0x00, 0x00,
    0x00, 0x00, 0x00, 0x00, 0x00, 0x00, 0x00, 0x00, 0x0F, 0xF0, 0x1F, 0xF8, 0x38, 0x1C, 0x30, 0x0C,
    0x30, 0x00, 0x30, 0x00, 0x30, 0x00, 0x30, 0x00, 0x30, 0x00, 0x30, 0x00, 0x30, 0x0C, 0x38, 0x1C,
    0x1F, 0xF8, 0x0F, 0xF0, 0x00, 0x00, 0x00, 0x00, 0x00, 0x00, 0x00, 0x00, 0x00, 0x00, 0x00, 0x00,
    0x00, 0x00, 0x00, 0x00, 0x00, 0x00, 0x00, 0x00, 0x00, 0x00, 0x00, 0x00, 0x00, 0x0C, 0x00, 0x0C,
    0x00, 0x0C, 0x00, 0x0C, 0x00, 0x0C, 0x00, 0x0C, 0x0F, 0xFC, 0x1F, 0xFC, 0x38, 0x0C, 0x30, 0x0C,
    0x30, 0x0C, 0x30, 0x0C, 0x30, 0x0C, 0x30, 0x0C, 0x30, 0x0C, 0x30, 0x0C, 0x30, 0x0C, 0x38, 0x0C,
    0x1F, 0xFC, 0x0F, 0xFC, 0x00, 0x00, 0x00, 0x00, 0x00, 0x00, 0x00, 0x00, 0x00, 0x00, 0x00, 0x00,
    0x00, 0x00, 0x00, 0x00, 0x00, 0x00, 0x00, 0x00, 0x00, 0x00, 0x00, 0x00, 0x00, 0x00, 0x00, 0x00,
    0x00, 0x00, 0x00, 0x00, 0x00, 0x00, 0x00, 0x00, 0x0F, 0xF0, 0x1F, 0xF8, 0x38, 0x1C, 0x30, 0x0C,
    0x30, 0x0C, 0x30, 0x0C, 0x3F, 0xFC, 0x3F, 0xFC, 0x30, 0x00, 0x30, 0x00, 0x30, 0x00, 0x38, 0x0C,
    0x1F, 0xFC, 0x0F, 0xF8, 0x00, 0x00, 0x00, 0x00, 0x00, 0x00, 0x00, 0x00, 0x00, 0x00, 0x00, 0x00,
    0x00, 0x00, 0x00, 0x00, 0x00, 0x00, 0x00, 0x00, 0x00, 0x00, 0x00, 0x00, 0x00, 0x7E, 0x00, 0xFE,
    0x01, 0xC0, 0x01, 0x80, 0x01, 0x80, 0x01, 0x80, 0x1F, 0xF8, 0x1F, 0xF8, 0x01, 0x80, 0x01, 0x80,
    0x01, 0x80, 0x01, 0x80, 0x01, 0x80, 0x01, 0x80, 0x01, 0x80, 0x01, 0x80, 0x01, 0x80, 0x01, 0x80,
    0x01, 0x80, 0x01, 0x80, 0x00, 0x00, 0x00, 0x00, 0x00, 0x00, 0x00, 0x00, 0x00, 0x00, 0x00, 0x00,
    0x00, 0x00, 0x00, 0x00, 0x00, 0x00, 0x00, 0x00, 0x00, 0x00, 0x00, 0x00, 0x00, 0x00, 0x00, 0x00,
    0x00, 0x00, 0x00, 0x00, 0x00, 0x00, 0x00, 0x00, 0x0F, 0xFC, 0x1F, 0xFC, 0x38, 0x0C, 0x30, 0x0C,
    0x30, 0x0C, 0x30, 0x0C, 0x30, 0x0C, 0x30, 0x0C, 0x30, 0x0C, 0x30, 0x0C, 0x30, 0x0C, 0x38, 0x0C,
    0x1F, 0xFC, 0x0F, 0xFC, 0x00, 0x0C, 0x00, 0x0C, 0x00, 0x1C, 0x1F, 0xF8, 0x1F, 0xF0, 0x00, 0x00,
    0x00, 0x00, 0x00, 0x00, 0x00, 0x00, 0x00, 0x00, 0x00, 0x00, 0x00, 0x00, 0x30, 0x00, 0x30, 0x00,
    0x30, 0x00, 0x30, 0x00, 0x30, 0x00, 0x30, 0x00, 0x3F, 0xF0, 0x3F, 0xF8, 0x30, 0x1C, 0x30, 0x0C,
    0x30, 0x0C, 0x30, 0x0C, 0x30, 0x0C, 0x30, 0x0C, 0x30, 0x0C, 0x30, 0x0C, 0x30, 0x0C, 0x30, 0x0C,
    0x30, 0x0C, 0x30, 0x0C, 0x00, 0x00, 0x00, 0x00, 0x00, 0x00, 0x00, 0x00, 0x00, 0x00, 0x00, 0x00,
    0x00, 0x00, 0x00, 0x00, 0x00, 0x00, 0x00, 0x00, 0x00, 0x00, 0x00, 0x00, 0x01, 0x80, 0x01, 0x80,
    0x01, 0x80, 0x01, 0x80, 0x00, 0x00, 0x00, 0x00, 0x07, 0x80, 0x07, 0x80, 0x01, 0x80, 0x01, 0x80,
    0x01, 0x80, 0x01, 0x80, 0x01, 0x80, 0x01, 0x80, 0x01, 0x80, 0x01, 0x80, 0x01, 0x80, 0x01, 0x80,
    0x07, 0xE0, 0x07, 0xE0, 0x00, 0x00, 0x00, 0x00, 0x00, 0x00, 0x00, 0x00, 0x00, 0x00, 0x00, 0x00,
    0x00, 0x00, 0x00, 0x00, 0x00, 0x00, 0x00, 0x00, 0x00, 0x00, 0x00, 0x00, 0x00, 0x18, 0x00, 0x18,
    0x00, 0x18, 0x00, 0x18, 0x00, 0x00, 0x00, 0x00, 0x00, 0x78, 0x00, 0x78, 0x00, 0x18, 0x00, 0x18,
    0x00, 0x18, 0x00, 0x18, 0x00, 0x18, 0x00, 0x18, 0x00, 0x18, 0x00, 0x18, 0x00, 0x18, 0x00, 0x18,
    0x00, 0x18, 0x00, 0x18, 0x18, 0x18, 0x18, 0x18, 0x1C, 0x38, 0x0F, 0xF0, 0x07, 0xE0, 0x00, 0x00,
    0x00, 0x00, 0x00, 0x00, 0x00, 0x00, 0x00, 0x00, 0x00, 0x00, 0x00, 0x00, 0x18, 0x00, 0x18, 0x00,
    0x18, 0x00, 0x18, 0x00, 0x18, 0x00, 0x18, 0x00, 0x18, 0x1C, 0x18, 0x38, 0x18, 0x70, 0x18, 0xE0,
    0x19, 0xC0, 0x1B, 0x80, 0x1F, 0x00, 0x1F, 0x00, 0x1B, 0x80, 0x19, 0xC0, 0x18, 0xE0, 0x18, 0x70,
    0x18, 0x38, 0x18, 0x1C, 0x00, 0x00, 0x00, 0x00, 0x00, 0x00, 0x00, 0x00, 0x00, 0x00, 0x00, 0x00,
    0x00, 0x00, 0x00, 0x00, 0x00, 0x00, 0x00, 0x00, 0x00, 0x00, 0x00, 0x00, 0x07, 0x80, 0x07, 0x80,
    0x01, 0x80, 0x01, 0x80, 0x01, 0x80, 0x01, 0x80, 0x01, 0x80, 0x01, 0x80, 0x01, 0x80, 0x01, 0x80,
    0x01, 0x80, 0x01, 0x80, 0x01, 0x80, 0x01, 0x80, 0x01, 0x80, 0x01, 0x80, 0x01, 0x80, 0x01, 0x80,
    0x07, 0xE0, 0x07, 0xE0, 0x00, 0x00, 0x00, 0x00, 0x00, 0x00, 0x00, 0x00, 0x00, 0x00, 0x00, 0x00,
    0x00, 0x00, 0x00, 0x00, 0x00, 0x00, 0x00, 0x00, 0x00, 0x00, 0x00, 0x00, 0x00, 0x00, 0x00, 0x00,
    0x00, 0x00, 0x00, 0x00, 0x00, 0x00, 0x00, 0x00, 0x3F, 0xF0, 0x3F, 0xF8, 0x31, 0x9C, 0x31, 0x8C,
    0x31, 0x8C, 0x31, 0x8C, 0x31, 0x8C, 0x31, 0x8C, 0x31, 0x8C, 0x31, 0x8C, 0x31, 0x8C, 0x31, 0x8C,
    0x31, 0x8C, 0x31, 0x8C, 0x00, 0x00, 0x00, 0x00, 0x00, 0x00, 0x00, 0x00, 0x00, 0x00, 0x00, 0x00,
    0x00, 0x00, 0x00, 0x00, 0x00, 0x00, 0x00, 0x00, 0x00, 0x00, 0x00, 0x00, 0x00, 0x00, 0x00, 0x00,
    0x00, 0x00, 0x00, 0x00, 0x00, 0x00, 0x00, 0x00, 0x3F, 0xF0, 0x3F, 0xF8, 0x30, 0x1C, 0x30, 0x0C,
    0x30, 0x0C, 0x30, 0x0C, 0x30, 0x0C, 0x30, 0x0C, 0x30, 0x0C, 0x30, 0x0C, 0x30, 0x0C, 0x30, 0x0C,
    0x30, 0x0C, 0x30, 0x0C, 0x00, 0x00, 0x00, 0x00, 0x00, 0x00, 0x00, 0x00, 0x00, 0x00, 0x00, 0x00,
    0x00, 0x00, 0x00, 0x00, 0x00, 0x00, 0x00, 0x00, 0x00, 0x00, 0x00, 0x00, 0x00, 0x00, 0x00, 0x00,
    0x00, 0x00, 0x00, 0x00, 0x00, 0x00, 0x00, 0x00, 0x0F, 0xF0, 0x1F, 0xF8, 0x38, 0x1C, 0x30, 0x0C,
    0x30, 0x0C, 0x30, 0x0C, 0x30, 0x0C, 0x30, 0x0C, 0x30, 0x0C, 0x30, 0x0C, 0x30, 0x0C, 0x38, 0x1C,
    0x1F, 0xF8, 0x0F, 0xF0, 0x00, 0x00, 0x00, 0x00, 0x00, 0x00, 0x00, 0x00, 0x00, 0x00, 0x00, 0x00,
    0x00, 0x00, 0x00, 0x00, 0x00, 0x00, 0x00, 0x00, 0x00, 0x00, 0x00, 0x00, 0x00, 0x00, 0x00, 0x00,
    0x00, 0x00, 0x00, 0x00, 0x00, 0x00, 0x00, 0x00, 0x3F, 0xF0, 0x3F, 0xF8, 0x30, 0x1C, 0x30, 0x0C,
    0x30, 0x0C, 0x30, 0x0C, 0x30, 0x0C, 0x30, 0x0C, 0x30, 0x0C, 0x30, 0x0C, 0x30, 0x0C, 0x30, 0x1C,
    0x3F, 0xF8, 0x3F, 0xF0, 0x30, 0x00, 0x30, 0x00, 0x30, 0x00, 0x30, 0x00, 0x30, 0x00, 0x00, 0x00,
    0x00, 0x00, 0x00, 0x00, 0x00, 0x00, 0x00, 0x00, 0x00, 0x00, 0x00, 0x00, 0x00, 0x00, 0x00, 0x00,
    0x00, 0x00, 0x00, 0x00, 0x00, 0x00, 0x00, 0x00, 0x0F, 0xFC, 0x1F, 0xFC, 0x38, 0x0C, 0x30, 0x0C,
    0x30, 0x0C, 0x30, 0x0C, 0x30, 0x0C, 0x30, 0x0C, 0x30, 0x0C, 0x30, 0x0C, 0x30, 0x0C, 0x38, 0x0C,
    0x1F, 0xFC, 0x0F, 0xFC, 0x00, 0x0C, 0x00, 0x0C, 0x00, 0x0C, 0x00, 0x0C, 0x00, 0x0C, 0x00, 0x00,
    0x00, 0x00, 0x00, 0x00, 0x00, 0x00, 0x00, 0x00, 0x00, 0x00, 0x00, 0x00, 0x00, 0x00, 0x00, 0x00,
    0x00, 0x00, 0x00, 0x00, 0x00, 0x00, 0x00, 0x00, 0x33, 0xFC, 0x37, 0xFC, 0x3E, 0x00, 0x3C, 0x00,
    0x38, 0x00, 0x30, 0x00, 0x30, 0x00, 0x30, 0x00, 0x30, 0x00, 0x30, 0x00, 0x30, 0x00, 0x30, 0x00,
    0x30, 0x00, 0x30, 0x00, 0x00, 0x00, 0x00, 0x00, 0x00, 0x00, 0x00, 0x00, 0x00, 0x00, 0x00, 0x00,
    0x00, 0x00, 0x00, 0x00, 0x00, 0x00, 0x00, 0x00, 0x00, 0x00, 0x00, 0x00, 0x00, 0x00, 0x00, 0x00,
    0x00, 0x00, 0x00, 0x00, 0x00, 0x00, 0x00, 0x00, 0x0F, 0xF0, 0x1F, 0xF8, 0x38, 0x1C, 0x30, 0x00,
    0x30, 0x00, 0x38, 0x00, 0x1F, 0xF0, 0x0F, 0xF8, 0x00, 0x1C, 0x00, 0x0C, 0x00, 0x0C, 0x38, 0x1C,
    0x1F, 0xF8, 0x0F, 0xF0, 0x00, 0x00, 0x00, 0x00, 0x00, 0x00, 0x00, 0x00, 0x00, 0x00, 0x00, 0x00,
    0x00, 0x00, 0x00, 0x00, 0x00, 0x00, 0x00, 0x00, 0x00, 0x00, 0x00, 0x00, 0x03, 0x00, 0x03, 0x00,
    0x03, 0x00, 0x03, 0x00, 0x03, 0x00, 0x03, 0x00, 0x3F, 0xF0, 0x3F, 0xF0, 0x03, 0x00, 0x03, 0x00,
    0x03, 0x00, 0x03, 0x00, 0x03, 0x00, 0x03, 0x00, 0x03, 0x00, 0x03, 0x00, 0x03, 0x00, 0x03, 0x80,
    0x01, 0xFC, 0x00, 0xFC, 0x00, 0x00, 0x00, 0x00, 0x00, 0x00, 0x00, 0x00, 0x00, 0x00, 0x00, 0x00,
    0x00, 0x00, 0x00, 0x00, 0x00, 0x00, 0x00, 0x00, 0x00, 0x00, 0x00, 0x00, 0x00, 0x00, 0x00, 0x00,
    0x00, 0x00, 0x00, 0x00, 0x00, 0x00, 0x00, 0x00, 0x30, 0x0C, 0x30, 0x0C, 0x30, 0x0C, 0x30, 0x0C,
    0x30, 0x0C, 0x30, 0x0C, 0x30, 0x0C, 0x30, 0x0C, 0x30, 0x0C, 0x30, 0x0C, 0x30, 0x0C, 0x38, 0x0C,
    0x1F, 0xFC, 0x0F, 0xFC, 0x00, 0x00, 0x00, 0x00, 0x00, 0x00, 0x00, 0x00, 0x00, 0x00, 0x00, 0x00,
    0x00, 0x00, 0x00, 0x00, 0x00, 0x00, 0x00, 0x00, 0x00, 0x00, 0x00, 0x00, 0x00, 0x00, 0x00, 0x00,
    0x00, 0x00, 0x00, 0x00, 0x00, 0x00, 0x00, 0x00, 0x30, 0x0C, 0x30, 0x0C, 0x30, 0x0C, 0x18, 0x18,
    0x18, 0x18, 0x18, 0x18, 0x0C, 0x30, 0x0C, 0x30, 0x0C, 0x30, 0x06, 0x60, 0x06, 0x60, 0x03, 0xC0,
    0x03, 0xC0, 0x03, 0xC0, 0x00, 0x00, 0x00, 0x00, 0x00, 0x00, 0x00, 0x00, 0x00, 0x00, 0x00, 0x00,
    0x00, 0x00, 0x00, 0x00, 0x00, 0x00, 0x00, 0x00, 0x00, 0x00, 0x00, 0x00, 0x00, 0x00, 0x00, 0x00,
    0x00, 0x00, 0x00, 0x00, 0x00, 0x00, 0x00, 0x00, 0x30, 0x0C, 0x30, 0x0C, 0x30, 0x0C, 0x30, 0x0C,
    0x31, 0x8C, 0x31, 0x8C, 0x31, 0x8C, 0x31, 0x8C, 0x31, 0x8C, 0x31, 0x8C, 0x31, 0x8C, 0x39, 0x9C,
    0x1F, 0xF8, 0x0F, 0xF0, 0x00, 0x00, 0x00, 0x00, 0x00, 0x00, 0x00, 0x00, 0x00, 0x00, 0x00, 0x00,
    0x00, 0x00, 0x00, 0x00, 0x00, 0x00, 0x00, 0x00, 0x00, 0x00, 0x00, 0x00, 0x00, 0x00, 0x00, 0x00,
    0x00, 0x00, 0x00, 0x00, 0x00, 0x00, 0x00, 0x00, 0x30, 0x0C, 0x30, 0x0C, 0x38, 0x1C, 0x1C, 0x38,
    0x0E, 0x70, 0x07, 0xE0, 0x03, 0xC0, 0x03, 0xC0, 0x07, 0xE0, 0x0E, 0x70, 0x1C, 0x38, 0x38, 0x1C,
    0x30, 0x0C, 0x30, 0x0C, 0x00, 0x00, 0x00, 0x00, 0x00, 0x00, 0x00, 0x00, 0x00, 0x00, 0x00, 0x00,
    0x00, 0x00, 0x00, 0x00, 0x00, 0x00, 0x00, 0x00, 0x00, 0x00, 0x00, 0x00, 0x00, 0x00, 0x00, 0x00,
    0x00, 0x00, 0x00, 0x00, 0x00, 0x00, 0x00, 0x00, 0x30, 0x0C, 0x30, 0x0C, 0x30, 0x0C, 0x30, 0x0C,
    0x30, 0x0C, 0x30, 0x0C, 0x30, 0x0C, 0x30, 0x0C, 0x30, 0x0C, 0x30, 0x0C, 0x30, 0x0C, 0x38, 0x0C,
    0x1F, 0xFC, 0x0F, 0xFC, 0x00, 0x0C, 0x00, 0x0C, 0x00, 0x1C, 0x1F, 0xF8, 0x1F, 0xF0, 0x00, 0x00,
    0x00, 0x00, 0x00, 0x00, 0x00, 0x00, 0x00, 0x00, 0x00, 0x00, 0x00, 0x00, 0x00, 0x00, 0x00, 0x00,
    0x00, 0x00, 0x00, 0x00, 0x00, 0x00, 0x00, 0x00, 0x3F, 0xFC, 0x3F, 0xFC, 0x00, 0x1C, 0x00, 0x38,
    0x00, 0x70, 0x00, 0xE0, 0x01, 0xC0, 0x03, 0x80, 0x07, 0x00, 0x0E, 0x00, 0x1C, 0x00, 0x38, 0x00,
    0x3F, 0xFC, 0x3F, 0xFC, 0x00, 0x00, 0x00, 0x00, 0x00, 0x00, 0x00, 0x00, 0x00, 0x00, 0x00, 0x00,
    0x00, 0x00, 0x00, 0x00, 0x00, 0x00, 0x00, 0x00, 0x00, 0x00, 0x00, 0x00, 0x00, 0xF0, 0x01, 0xF0,
    0x03, 0x80, 0x03, 0x00, 0x03, 0x00, 0x03, 0x00, 0x03, 0x00, 0x03, 0x00, 0x03, 0x00, 0x1E, 0x00,
    0x1E, 0x00, 0x03, 0x00, 0x03, 0x00, 0x03, 0x00, 0x03, 0x00, 0x03, 0x00, 0x03, 0x00, 0x03, 0x80,
    0x01, 0xF0, 0x00, 0xF0, 0x00, 0x00, 0x00, 0x00, 0x00, 0x00, 0x00, 0x00, 0x00, 0x00, 0x00, 0x00,
    0x00, 0x00, 0x00, 0x00, 0x00, 0x00, 0x00, 0x00, 0x00, 0x00, 0x00, 0x00, 0x01, 0x80, 0x01, 0x80,
    0x01, 0x80, 0x01, 0x80, 0x01, 0x80, 0x01, 0x80, 0x01, 0x80, 0x01, 0x80, 0x01, 0x80, 0x01, 0x80,
    0x01, 0x80, 0x01, 0x80, 0x01, 0x80, 0x01, 0x80, 0x01, 0x80, 0x01, 0x80, 0x01, 0x80, 0x01, 0x80,
    0x01, 0x80, 0x01, 0x80, 0x00, 0x00, 0x00, 0x00, 0x00, 0x00, 0x00, 0x00, 0x00, 0x00, 0x00, 0x00,
    0x00, 0x00, 0x00, 0x00, 0x00, 0x00, 0x00, 0x00, 0x00, 0x00, 0x00, 0x00, 0x1E, 0x00, 0x1F, 0x00,
    0x03, 0x80, 0x01, 0x80, 0x01, 0x80, 0x01, 0x80, 0x01, 0x80, 0x01, 0x80, 0x01, 0x80, 0x00, 0xF0,
    0x00, 0xF0, 0x01, 0x80, 0x01, 0x80, 0x01, 0x80, 0x01, 0x80, 0x01, 0x80, 0x01, 0x80, 0x03, 0x80,
    0x1F, 0x00, 0x1E, 0x00, 0x00, 0x00, 0x00, 0x00, 0x00, 0x00, 0x00, 0x00, 0x00, 0x00, 0x00, 0x00,
    0x00, 0x00, 0x00, 0x00, 0x00, 0x00, 0x00, 0x00, 0x0E, 0x0C, 0x1F, 0x0C, 0x3B, 0x8C, 0x31, 0xDC,
    0x30, 0xF8, 0x30, 0x70, 0x00, 0x00, 0x00, 0x00, 0x00, 0x00, 0x00, 0x00, 0x00, 0x00, 0x00, 0x00,
    0x00, 0x00, 0x00, 0x00, 0x00, 0x00, 0x00, 0x00, 0x00, 0x00, 0x00, 0x00, 0x00, 0x00, 0x00, 0x00,
    0x00, 0x00, 0x00, 0x00, 0x00, 0x00, 0x00, 0x00, 0x00, 0x00, 0x00, 0x00, 0x00, 0x00, 0x00, 0x00,
    0x00, 0x00, 0x00, 0x00, 0x00, 0x00, 0x00, 0x00, 0x00, 0x00, 0x00, 0x00, 0x00, 0x00, 0x00, 0x00,
    0x00, 0x00, 0x00, 0x00, 0x00, 0x00, 0x00, 0x00, 0x00, 0x00, 0x00, 0x00, 0x00, 0x00, 0x00, 0x00,
    0x00, 0x00, 0x00, 0x00, 0x00, 0x00, 0x00, 0x00, 0x00, 0x00, 0x00, 0x00, 0x00, 0x00, 0x00, 0x00,
    0x00, 0x00, 0x00, 0x00, 0x00, 0x00, 0x00, 0x00, 0x00, 0x00, 0x00, 0x00, 0x00, 0x00, 0x00, 0x00,
    0x00, 0x00, 0x00, 0x00, 0x00, 0x00, 0x00, 0x00, 0x00, 0x00, 0x00, 0x00, 0x01, 0x80, 0x01, 0x80,
    0x01, 0x80, 0x01, 0x80, 0x00, 0x00, 0x00, 0x00, 0x01, 0x80, 0x01, 0x80, 0x01, 0x80, 0x01, 0x80,
    0x01, 0x80, 0x01, 0x80, 0x01, 0x80, 0x01, 0x80, 0x01, 0x80, 0x01, 0x80, 0x01, 0x80, 0x01, 0x80,
    0x01, 0x80, 0x01, 0x80, 0x00, 0x00, 0x00, 0x00, 0x00, 0x00, 0x00, 0x00, 0x00, 0x00, 0x00, 0x00,
    0x00, 0x00, 0x00, 0x00, 0x00, 0x00, 0x00, 0x00, 0x00, 0x00, 0x00, 0x00, 0x00, 0x00, 0x00, 0x00,
    0x00, 0x00, 0x01, 0x80, 0x01, 0x80, 0x01, 0x80, 0x0F, 0xF0, 0x1F, 0xF8, 0x39, 0x9C, 0x31, 0x8C,
    0x31, 0x80, 0x31, 0x80, 0x31, 0x80, 0x31, 0x80, 0x31, 0x80, 0x31, 0x80, 0x31, 0x8C, 0x39, 0x9C,
    0x1F, 0xF8, 0x0F, 0xF0, 0x01, 0x80, 0x01, 0x80, 0x01, 0x80, 0x00, 0x00, 0x00, 0x00, 0x00, 0x00,
    0x00, 0x00, 0x00, 0x00, 0x00, 0x00, 0x00, 0x00, 0x00, 0x00, 0x00, 0x00, 0x03, 0xE0, 0x07, 0xF0,
    0x0E, 0x38, 0x0C, 0x18, 0x0C, 0x00, 0x0C, 0x00, 0x0C, 0x00, 0x0C, 0x00, 0x0C, 0x00, 0x3F, 0xE0,
    0x3F, 0xE0, 0x0C, 0x00, 0x0C, 0x00, 0x0C, 0x00, 0x0C, 0x00, 0x0C, 0x00, 0x0C, 0x0C, 0x0C, 0x0C,
    0x3F, 0xFC, 0x3F, 0xFC, 0x00, 0x00, 0x00, 0x00, 0x00, 0x00, 0x00, 0x00, 0x00, 0x00, 0x00, 0x00,
    0x00, 0x00, 0x00, 0x00, 0x00, 0x00, 0x00, 0x00, 0x00, 0x00, 0x00, 0x00, 0x00, 0x00, 0x00, 0x00,
    0x00, 0x00, 0x38, 0x1C, 0x1C, 0x38, 0x0F, 0xF0, 0x0F, 0xF0, 0x1C, 0x38, 0x18, 0x18, 0x18, 0x18,
    0x18, 0x18, 0x18, 0x18, 0x1C, 0x38, 0x0F, 0xF0, 0x0F, 0xF0, 0x1C, 0x38, 0x38, 0x1C, 0x00, 0x00,
    0x00, 0x00, 0x00, 0x00, 0x00, 0x00, 0x00, 0x00, 0x00, 0x00, 0x00, 0x00, 0x00, 0x00, 0x00, 0x00,
    0x00, 0x00, 0x00, 0x00, 0x00, 0x00, 0x00, 0x00, 0x00, 0x00, 0x00, 0x00, 0x30, 0x0C, 0x30, 0x0C,
    0x18, 0x18, 0x18, 0x18, 0x0C, 0x30, 0x0C, 0x30, 0x06, 0x60, 0x06, 0x60, 0x03, 0xC0, 0x03, 0xC0,
    0x01, 0x80, 0x01, 0x80, 0x1F, 0xF8, 0x1F, 0xF8, 0x01, 0x80, 0x01, 0x80, 0x1F, 0xF8, 0x1F, 0xF8,
    0x01, 0x80, 0x01, 0x80, 0x00, 0x00, 0x00, 0x00, 0x00, 0x00, 0x00, 0x00, 0x00, 0x00, 0x00, 0x00,
    0x00, 0x00, 0x00, 0x00, 0x00, 0x00, 0x00, 0x00, 0x00, 0x00, 0x00, 0x00, 0x01, 0x80, 0x01, 0x80,
    0x01, 0x80, 0x01, 0x80, 0x01, 0x80, 0x01, 0x80, 0x01, 0x80, 0x01, 0x80, 0x00, 0x00, 0x00, 0x00,
    0x00, 0x00, 0x00, 0x00, 0x01, 0x80, 0x01, 0x80, 0x01, 0x80, 0x01, 0x80, 0x01, 0x80, 0x01, 0x80,
    0x01, 0x80, 0x01, 0x80, 0x00, 0x00, 0x00, 0x00, 0x00, 0x00, 0x00, 0x00, 0x00, 0x00, 0x00, 0x00,
    0x00, 0x00, 0x00, 0x00, 0x00, 0x00, 0x00, 0x00, 0x07, 0xC0, 0x0F, 0xE0, 0x1C, 0x70, 0x18, 0x30,
    0x18, 0x00, 0x1C, 0x00, 0x0F, 0x80, 0x0F, 0xC0, 0x18, 0xE0, 0x18, 0x70, 0x18, 0x30, 0x18, 0x30,
    0x18, 0x30, 0x1C, 0x30, 0x0E, 0x30, 0x07, 0xE0, 0x03, 0xE0, 0x00, 0x70, 0x00, 0x30, 0x18, 0x30,
    0x1C, 0x70, 0x0F, 0xE0, 0x07, 0xC0, 0x00, 0x00, 0x00, 0x00, 0x00, 0x00, 0x00, 0x00, 0x00, 0x00,
    0x00, 0x00, 0x0C, 0x30, 0x0C, 0x30, 0x0C, 0x30, 0x0C, 0x30, 0x00, 0x00, 0x00, 0x00, 0x00, 0x00,
    0x00, 0x00, 0x00, 0x00, 0x00, 0x00, 0x00, 0x00, 0x00, 0x00, 0x00, 0x00, 0x00, 0x00, 0x00, 0x00,
    0x00, 0x00, 0x00, 0x00, 0x00, 0x00, 0x00, 0x00, 0x00, 0x00, 0x00, 0x00, 0x00, 0x00, 0x00, 0x00,
    0x00, 0x00, 0x00, 0x00, 0x00, 0x00, 0x00, 0x00, 0x00, 0x00, 0x00, 0x00, 0x00, 0x00, 0x00, 0x00,
    0x00, 0x00, 0x00, 0x00, 0x00, 0x00, 0x00, 0x00, 0x00, 0x00, 0x00, 0x00, 0x00, 0x00, 0x00, 0x00,
    0x1F, 0xF8, 0x3F, 0xFC, 0x70, 0x0E, 0x67, 0xE6, 0x6F, 0xF6, 0x6C, 0x36, 0x6C, 0x06, 0x6C, 0x06,
    0x6C, 0x06, 0x6C, 0x06, 0x6C, 0x36, 0x6F, 0xF6, 0x67, 0xE6, 0x70, 0x0E, 0x3F, 0xFC, 0x1F, 0xF8,
    0x00, 0x00, 0x00, 0x00, 0x00, 0x00, 0x00, 0x00, 0x00, 0x00, 0x00, 0x00, 0x00, 0x00, 0x00, 0x00,
    0x00, 0x00, 0x00, 0x00, 0x0F, 0xE0, 0x0F, 0xF0, 0x00, 0x38, 0x00, 0x18, 0x07, 0xF8, 0x0F, 0xF8,
    0x1C, 0x18, 0x18, 0x18, 0x1C, 0x18, 0x0F, 0xF8, 0x07, 0xF8, 0x00, 0x00, 0x00, 0x00, 0x1F, 0xF8,
    0x1F, 0xF8, 0x00, 0x00, 0x00, 0x00, 0x00, 0x00, 0x00, 0x00, 0x00, 0x00, 0x00, 0x00, 0x00, 0x00,
    0x00, 0x00, 0x00, 0x00, 0x00, 0x00, 0x00, 0x00, 0x00, 0x00, 0x00, 0x00, 0x00, 0x00, 0x00, 0x00,
    0x00, 0x00, 0x00, 0x00, 0x00, 0x00, 0x00, 0x00, 0x00, 0x00, 0x00, 0x00, 0x00, 0x00, 0x00, 0x00,
    0x00, 0x00, 0x00, 0x00, 0x00, 0x00, 0x00, 0x00, 0x01, 0xCE, 0x03, 0x9C, 0x07, 0x38, 0x0E, 0x70,
    0x1C, 0xE0, 0x39, 0xC0, 0x73, 0x80, 0x73, 0x80, 0x39, 0xC0, 0x1C, 0xE0, 0x0E, 0x70, 0x07, 0x38,
    0x03, 0x9C, 0x01, 0xCE, 0x00, 0x00, 0x00, 0x00, 0x00, 0x00, 0x00, 0x00, 0x00, 0x00, 0x00, 0x00,
    0x00, 0x00, 0x00, 0x00, 0x00, 0x00, 0x00, 0x00, 0x00, 0x00, 0x00, 0x00, 0x00, 0x00, 0x00, 0x00,
    0x00, 0x00, 0x00, 0x00, 0x00, 0x00, 0x00, 0x00, 0x3F, 0xFC, 0x3F, 0xFC, 0x00, 0x0C, 0x00, 0x0C,
    0x00, 0x0C, 0x00, 0x0C, 0x00, 0x0C, 0x00, 0x0C, 0x00, 0x00, 0x00, 0x00, 0x00, 0x00, 0x00, 0x00,
    0x00, 0x00, 0x00, 0x00, 0x00, 0x00, 0x00, 0x00, 0x00, 0x00, 0x00, 0x00, 0x00, 0x00, 0x00, 0x00,
    0x00, 0x00, 0x00, 0x00, 0x00, 0x00, 0x00, 0x00, 0x00, 0x00, 0x00, 0x00, 0x00, 0x00, 0x00, 0x00,
    0x1F, 0xF8, 0x3F, 0xFC, 0x70, 0x0E, 0x6F, 0xE6, 0x6F, 0xF6, 0x6C, 0x36, 0x6C, 0x36, 0x6C, 0x36,
    0x6F, 0xE6, 0x6F, 0xC6, 0x6D, 0xC6, 0x6C, 0xE6, 0x6C, 0x76, 0x70, 0x0E, 0x3F, 0xFC, 0x1F, 0xF8,
    0x00, 0x00, 0x00, 0x00, 0x00, 0x00, 0x00, 0x00, 0x00, 0x00, 0x00, 0x00, 0x00, 0x00, 0x00, 0x00,
    0x00, 0x00, 0x00, 0x00, 0x0F, 0xF0, 0x0F, 0xF0, 0x00, 0x00, 0x00, 0x00, 0x00, 0x00, 0x00, 0x00,
    0x00, 0x00, 0x00, 0x00, 0x00, 0x00, 0x00, 0x00, 0x00, 0x00, 0x00, 0x00, 0x00, 0x00, 0x00, 0x00,
    0x00, 0x00, 0x00, 0x00, 0x00, 0x00, 0x00, 0x00, 0x00, 0x00, 0x00, 0x00, 0x00, 0x00, 0x00, 0x00,
    0x00, 0x00, 0x00, 0x00, 0x00, 0x00, 0x00, 0x00, 0x00, 0x00, 0x00, 0x00, 0x00, 0x00, 0x00, 0x00,
    0x00, 0x00, 0x00, 0x00, 0x00, 0x00, 0x00, 0x00, 0x07, 0xE0, 0x0F, 0xF0, 0x0C, 0x30, 0x0C, 0x30,
    0x0C, 0x30, 0x0C, 0x30, 0x0F, 0xF0, 0x07, 0xE0, 0x00, 0x00, 0x00, 0x00, 0x00, 0x00, 0x00, 0x00,
    0x00, 0x00, 0x00, 0x00, 0x00, 0x00, 0x00, 0x00, 0x00, 0x00, 0x00, 0x00, 0x00, 0x00, 0x00, 0x00,
    0x00, 0x00, 0x00, 0x00, 0x00, 0x00, 0x00, 0x00, 0x00, 0x00, 0x00, 0x00, 0x00, 0x00, 0x00, 0x00,
    0x00, 0x00, 0x00, 0x00, 0x00, 0x00, 0x00, 0x00, 0x00, 0x00, 0x00, 0x00, 0x00, 0x00, 0x00, 0x00,
    0x00, 0x00, 0x00, 0x00, 0x01, 0x80, 0x01, 0x80, 0x01, 0x80, 0x01, 0x80, 0x01, 0x80, 0x3F, 0xFC,
    0x3F, 0xFC, 0x01, 0x80, 0x01, 0x80, 0x01, 0x80, 0x01, 0x80, 0x01, 0x80, 0x00, 0x00, 0x00, 0x00,
    0x3F, 0xFC, 0x3F, 0xFC, 0x00, 0x00, 0x00, 0x00, 0x00, 0x00, 0x00, 0x00, 0x00, 0x00, 0x00, 0x00,
    0x00, 0x00, 0x00, 0x00, 0x00, 0x00, 0x07, 0xE0, 0x0F, 0xF0, 0x0C, 0x30, 0x0C, 0x30, 0x00, 0x70,
    0x00, 0xE0, 0x01, 0xC0, 0x03, 0x80, 0x07, 0x00, 0x0F, 0xF0, 0x0F, 0xF0, 0x00, 0x00, 0x00, 0x00,
    0x00, 0x00, 0x00, 0x00, 0x00, 0x00, 0x00, 0x00, 0x00, 0x00, 0x00, 0x00, 0x00, 0x00, 0x00, 0x00,
    0x00, 0x00, 0x00, 0x00, 0x00, 0x00, 0x00, 0x00, 0x00, 0x00, 0x00, 0x00, 0x00, 0x00, 0x00, 0x00,
    0x00, 0x00, 0x00, 0x00, 0x00, 0x00, 0x07, 0xE0, 0x0F, 0xF0, 0x0C, 0x30, 0x00, 0x30, 0x01, 0xE0,
    0x01, 0xE0, 0x00, 0x30, 0x00, 0x30, 0x0C, 0x30, 0x0F, 0xF0, 0x07, 0xE0, 0x00, 0x00, 0x00, 0x00,
    0x00, 0x00, 0x00, 0x00, 0x00, 0x00, 0x00, 0x00, 0x00, 0x00, 0x00, 0x00, 0x00, 0x00, 0x00, 0x00,
    0x00, 0x00, 0x00, 0x00, 0x00, 0x00, 0x00, 0x00, 0x00, 0x00, 0x00, 0x00, 0x00, 0x00, 0x00, 0x00,
    0x00, 0x00, 0x00, 0x70, 0x00, 0xE0, 0x01, 0xC0, 0x03, 0x80, 0x00, 0x00, 0x00, 0x00, 0x00, 0x00,
    0x00, 0x00, 0x00, 0x00, 0x00, 0x00, 0x00, 0x00, 0x00, 0x00, 0x00, 0x00, 0x00, 0x00, 0x00, 0x00,
    0x00, 0x00, 0x00, 0x00, 0x00, 0x00, 0x00, 0x00, 0x00, 0x00, 0x00, 0x00, 0x00, 0x00, 0x00, 0x00,
    0x00, 0x00, 0x00, 0x00, 0x00, 0x00, 0x00, 0x00, 0x00, 0x00, 0x00, 0x00, 0x00, 0x00, 0x00, 0x00,
    0x00, 0x00, 0x00, 0x00, 0x00, 0x00, 0x00, 0x00, 0x00, 0x00, 0x00, 0x00, 0x00, 0x00, 0x00, 0x00,
    0x00, 0x00, 0x00, 0x00, 0x00, 0x00, 0x00, 0x00, 0x30, 0x0C, 0x30, 0x0C, 0x30, 0x0C, 0x30, 0x0C,
    0x30, 0x0C, 0x30, 0x0C, 0x30, 0x0C, 0x30, 0x0C, 0x30, 0x0C, 0x30, 0x1C, 0x30, 0x3C, 0x30, 0x7C,
    0x3F, 0xEC, 0x3F, 0xCC, 0x30, 0x00, 0x30, 0x00, 0x30, 0x00, 0x30, 0x00, 0x30, 0x00, 0x00, 0x00,
    0x00, 0x00, 0x00, 0x00, 0x00, 0x00, 0x00, 0x00, 0x00, 0x00, 0x00, 0x00, 0x1F, 0xFC, 0x3F, 0xFC,
    0x71, 0x8C, 0x61, 0x8C, 0x61, 0x8C, 0x61, 0x8C, 0x61, 0x8C, 0x61, 0x8C, 0x71, 0x8C, 0x3F, 0x8C,
    0x1F, 0x8C, 0x01, 0x8C, 0x01, 0x8C, 0x01, 0x8C, 0x01, 0x8C, 0x01, 0x8C, 0x01, 0x8C, 0x01, 0x8C,
    0x01, 0x8C, 0x01, 0x8C, 0x00, 0x00, 0x00, 0x00, 0x00, 0x00, 0x00, 0x00, 0x00, 0x00, 0x00, 0x00,
    0x00, 0x00, 0x00, 0x00, 0x00, 0x00, 0x00, 0x00, 0x00, 0x00, 0x00, 0x00, 0x00, 0x00, 0x00, 0x00,
    0x00, 0x00, 0x00, 0x00, 0x00, 0x00, 0x00, 0x00, 0x00, 0x00, 0x00, 0x00, 0x01, 0x80, 0x01, 0x80,
    0x01, 0x80, 0x01, 0x80, 0x00, 0x00, 0x00, 0x00, 0x00, 0x00, 0x00, 0x00, 0x00, 0x00, 0x00, 0x00,
    0x00, 0x00, 0x00, 0x00, 0x00, 0x00, 0x00, 0x00, 0x00, 0x00, 0x00, 0x00, 0x00, 0x00, 0x00, 0x00,
    0x00, 0x00, 0x00, 0x00, 0x00, 0x00, 0x00, 0x00, 0x00, 0x00, 0x00, 0x00, 0x00, 0x00, 0x00, 0x00,
    0x00, 0x00, 0x00, 0x00, 0x00, 0x00, 0x00, 0x00, 0x00, 0x00, 0x00, 0x00, 0x00, 0x00, 0x00, 0x00,
    0x00, 0x00, 0x00, 0x00, 0x00, 0x00, 0x00, 0x00, 0x00, 0x00, 0x00, 0x00, 0x00, 0x00, 0x00, 0x00,
    0x00, 0x00, 0x00, 0x00, 0x01, 0x80, 0x01, 0x80, 0x03, 0x80, 0x03, 0x00, 0x06, 0x00, 0x00, 0x00,
    0x00, 0x00, 0x00, 0x00, 0x00, 0x00, 0x01, 0x80, 0x03, 0x80, 0x07, 0x80, 0x07, 0x80, 0x01, 0x80,
    0x01, 0x80, 0x01, 0x80, 0x01, 0x80, 0x01, 0x80, 0x07, 0xE0, 0x07, 0xE0, 0x00, 0x00, 0x00, 0x00,
    0x00, 0x00, 0x00, 0x00, 0x00, 0x00, 0x00, 0x00, 0x00, 0x00, 0x00, 0x00, 0x00, 0x00, 0x00, 0x00,
    0x00, 0x00, 0x00, 0x00, 0x00, 0x00, 0x00, 0x00, 0x00, 0x00, 0x00, 0x00, 0x00, 0x00, 0x00, 0x00,
    0x00, 0x00, 0x00, 0x00, 0x07, 0xE0, 0x0F, 0xF0, 0x1C, 0x38, 0x18, 0x18, 0x18, 0x18, 0x18, 0x18,
    0x18, 0x18, 0x18, 0x18, 0x1C, 0x38, 0x0F, 0xF0, 0x07, 0xE0, 0x00, 0x00, 0x00, 0x00, 0x1F, 0xF8,
    0x1F, 0xF8, 0x00, 0x00, 0x00, 0x00, 0x00, 0x00, 0x00, 0x00, 0x00, 0x00, 0x00, 0x00, 0x00, 0x00,
    0x00, 0x00, 0x00, 0x00, 0x00, 0x00, 0x00, 0x00, 0x00, 0x00, 0x00, 0x00, 0x00, 0x00, 0x00, 0x00,
    0x00, 0x00, 0x00, 0x00, 0x00, 0x00, 0x00, 0x00, 0x00, 0x00, 0x00, 0x00, 0x00, 0x00, 0x00, 0x00,
    0x00, 0x00, 0x00, 0x00, 0x00, 0x00, 0x00, 0x00, 0x73, 0x80, 0x39, 0xC0, 0x1C, 0xE0, 0x0E, 0x70,
    0x07, 0x38, 0x03, 0x9C, 0x01, 0xCE, 0x01, 0xCE, 0x03, 0x9C, 0x07, 0x38, 0x0E, 0x70, 0x1C, 0xE0,
    0x39, 0xC0, 0x73, 0x80, 0x00, 0x00, 0x00, 0x00, 0x00, 0x00, 0x00, 0x00, 0x00, 0x00, 0x00, 0x00,
    0x00, 0x00, 0x00, 0x00, 0x00, 0x00, 0x00, 0x00, 0x00, 0x00, 0x00, 0x00, 0x0C, 0x00, 0x1C, 0x00,
    0x3C, 0x00, 0x0C, 0x00, 0x0C, 0x06, 0x0C, 0x0E, 0x0C, 0x1C, 0x0C, 0x38, 0x0C, 0x70, 0x00, 0xE0,
    0x01, 0xC6, 0x03, 0x8E, 0x07, 0x1E, 0x0E, 0x36, 0x1C, 0x66, 0x38, 0xC6, 0x71, 0xFE, 0x61, 0xFE,
    0x00, 0x06, 0x00, 0x06, 0x00, 0x00, 0x00, 0x00, 0x00, 0x00, 0x00, 0x00, 0x00, 0x00, 0x00, 0x00,
    0x00, 0x00, 0x00, 0x00, 0x00, 0x00, 0x00, 0x00, 0x00, 0x00, 0x00, 0x00, 0x18, 0x00, 0x38, 0x00,
    0x78, 0x06, 0x18, 0x0E, 0x18, 0x1C, 0x18, 0x38, 0x18, 0x70, 0x18, 0xE0, 0x19, 0xC0, 0x03, 0x80,
    0x07, 0x00, 0x0E, 0x7C, 0x1C, 0xFE, 0x38, 0xC6, 0x70, 0xC6, 0x60, 0x0C, 0x00, 0x18, 0x00, 0x30,
    0x00, 0x7E, 0x00, 0xFE, 0x00, 0x00, 0x00, 0x00, 0x00, 0x00, 0x00, 0x00, 0x00, 0x00, 0x00, 0x00,
    0x00, 0x00, 0x00, 0x00, 0x00, 0x00, 0x00, 0x00, 0x00, 0x00, 0x00, 0x00, 0x3F, 0x00, 0x7F, 0x80,
    0x61, 0x80, 0x0F, 0x00, 0x0F, 0x00, 0x01, 0x86, 0x61, 0x8E, 0x7F, 0x9C, 0x3F, 0x38, 0x00, 0x70,
    0x00, 0xE6, 0x01, 0xCE, 0x03, 0x9E, 0x07, 0x36, 0x0E, 0x66, 0x1C, 0xC6, 0x39, 0xFE, 0x71, 0xFE,
    0x60, 0x06, 0x00, 0x06, 0x00, 0x00, 0x00, 0x00, 0x00, 0x00, 0x00, 0x00, 0x00, 0x00, 0x00, 0x00,
    0x00, 0x00, 0x00, 0x00, 0x00, 0x00, 0x00, 0x00, 0x00, 0x00, 0x00, 0x00, 0x01, 0x80, 0x01, 0x80,
    0x01, 0x80, 0x01, 0x80, 0x00, 0x00, 0x00, 0x00, 0x01, 0x80, 0x01, 0x80, 0x01, 0x80, 0x03, 0x00,
    0x06, 0x00, 0x0C, 0x00, 0x18, 0x00, 0x30, 0x0C, 0x30, 0x0C, 0x30, 0x0C, 0x30, 0x0C, 0x38, 0x1C,
    0x1F, 0xF8, 0x0F, 0xF0, 0x00, 0x00, 0x00, 0x00, 0x00, 0x00, 0x00, 0x00, 0x00, 0x00, 0x00, 0x00,
    0x00, 0x00, 0x0E, 0x00, 0x07, 0x00, 0x03, 0x80, 0x01, 0xC0, 0x00, 0x00, 0x0F, 0xF0, 0x1F, 0xF8,
    0x38, 0x1C, 0x30, 0x0C, 0x30, 0x0C, 0x30, 0x0C, 0x30, 0x0C, 0x30, 0x0C, 0x30, 0x0C, 0x30, 0x0C,
    0x3F, 0xFC, 0x3F, 0xFC, 0x30, 0x0C, 0x30, 0x0C, 0x30, 0x0C, 0x30, 0x0C, 0x30, 0x0C, 0x30, 0x0C,
    0x30, 0x0C, 0x30, 0x0C, 0x00, 0x00, 0x00, 0x00, 0x00, 0x00, 0x00, 0x00, 0x00, 0x00, 0x00, 0x00,
    0x00, 0x00, 0x00, 0x70, 0x00, 0xE0, 0x01, 0xC0, 0x03, 0x80, 0x00, 0x00, 0x0F, 0xF0, 0x1F, 0xF8,
    0x38, 0x1C, 0x30, 0x0C, 0x30, 0x0C, 0x30, 0x0C, 0x30, 0x0C, 0x30, 0x0C, 0x30, 0x0C, 0x30, 0x0C,
    0x3F, 0xFC, 0x3F, 0xFC, 0x30, 0x0C, 0x30, 0x0C, 0x30, 0x0C, 0x30, 0x0C, 0x30, 0x0C, 0x30, 0x0C,
    0x30, 0x0C, 0x30, 0x0C, 0x00, 0x00, 0x00, 0x00, 0x00, 0x00, 0x00, 0x00, 0x00, 0x00, 0x00, 0x00,
    0x00, 0x00, 0x01, 0x80, 0x03, 0xC0, 0x07, 0xE0, 0x0E, 0x70, 0x00, 0x00, 0x0F, 0xF0, 0x1F, 0xF8,
    0x38, 0x1C, 0x30, 0x0C, 0x30, 0x0C, 0x30, 0x0C, 0x30, 0x0C, 0x30, 0x0C, 0x30, 0x0C, 0x30, 0x0C,
    0x3F, 0xFC, 0x3F, 0xFC, 0x30, 0x0C, 0x30, 0x0C, 0x30, 0x0C, 0x30, 0x0C, 0x30, 0x0C, 0x30, 0x0C,
    0x30, 0x0C, 0x30, 0x0C, 0x00, 0x00, 0x00, 0x00, 0x00, 0x00, 0x00, 0x00, 0x00, 0x00, 0x00, 0x00,
    0x00, 0x00, 0x0F, 0x18, 0x1B, 0x98, 0x19, 0xD8, 0x18, 0xF0, 0x00, 0x00, 0x0F, 0xF0, 0x1F, 0xF8,
    0x38, 0x1C, 0x30, 0x0C, 0x30, 0x0C, 0x30, 0x0C, 0x30, 0x0C, 0x30, 0x0C, 0x30, 0x0C, 0x30, 0x0C,
    0x3F, 0xFC, 0x3F, 0xFC, 0x30, 0x0C, 0x30, 0x0C, 0x30, 0x0C, 0x30, 0x0C, 0x30, 0x0C, 0x30, 0x0C,
    0x30, 0x0C, 0x30, 0x0C, 0x00, 0x00, 0x00, 0x00, 0x00, 0x00, 0x00, 0x00, 0x00, 0x00, 0x00, 0x00,
    0x00, 0x00, 0x0C, 0x30, 0x0C, 0x30, 0x0C, 0x30, 0x0C, 0x30, 0x00, 0x00, 0x0F, 0xF0, 0x1F, 0xF8,
    0x38, 0x1C, 0x30, 0x0C, 0x30, 0x0C, 0x30, 0x0C, 0x30, 0x0C, 0x30, 0x0C, 0x30, 0x0C, 0x30, 0x0C,
    0x3F, 0xFC, 0x3F, 0xFC, 0x30, 0x0C, 0x30, 0x0C, 0x30, 0x0C, 0x30, 0x0C, 0x30, 0x0C, 0x30, 0x0C,
    0x30, 0x0C, 0x30, 0x0C, 0x00, 0x00, 0x00, 0x00, 0x00, 0x00, 0x00, 0x00, 0x00, 0x00, 0x00, 0x00,
    0x00, 0x00, 0x03, 0xC0, 0x06, 0x60, 0x06, 0x60, 0x06, 0x60, 0x03, 0xC0, 0x0F, 0xF0, 0x1F, 0xF8,
    0x38, 0x1C, 0x30, 0x0C, 0x30, 0x0C, 0x30, 0x0C, 0x30, 0x0C, 0x30, 0x0C, 0x30, 0x0C, 0x30, 0x0C,
    0x3F, 0xFC, 0x3F, 0xFC, 0x30, 0x0C, 0x30, 0x0C, 0x30, 0x0C, 0x30, 0x0C, 0x30, 0x0C, 0x30, 0x0C,
    0x30, 0x0C, 0x30, 0x0C, 0x00, 0x00, 0x00, 0x00, 0x00, 0x00, 0x00, 0x00, 0x00, 0x00, 0x00, 0x00,
    0x00, 0x00, 0x00, 0x00, 0x00, 0x00, 0x00, 0x00, 0x00, 0x00, 0x00, 0x00, 0x1F, 0xFF, 0x3F, 0xFF,
    0x70, 0xC0, 0x60, 0xC0, 0x60, 0xC0, 0x60, 0xC0, 0x60, 0xC0, 0x60, 0xC0, 0x60, 0xC0, 0x7F, 0xFE,
    0x7F, 0xFE, 0x60, 0xC0, 0x60, 0xC0, 0x60, 0xC0, 0x60, 0xC0, 0x60, 0xC0, 0x60, 0xC0, 0x60, 0xC0,
    0x60, 0xFF, 0x60, 0xFF, 0x00, 0x00, 0x00, 0x00, 0x00, 0x00, 0x00, 0x00, 0x00, 0x00, 0x00, 0x00,
    0x00, 0x00, 0x00, 0x00, 0x00, 0x00, 0x00, 0x00, 0x00, 0x00, 0x00, 0x00, 0x0F, 0xF0, 0x1F, 0xF8,
    0x38, 0x1C, 0x30, 0x0C, 0x30, 0x0C, 0x30, 0x00, 0x30, 0x00, 0x30, 0x00, 0x30, 0x00, 0x30, 0x00,
    0x30, 0x00, 0x30, 0x00, 0x30, 0x00, 0x30, 0x00, 0x30, 0x00, 0x30, 0x0C, 0x30, 0x0C, 0x38, 0x1C,
    0x1F, 0xF8, 0x0F, 0xF0, 0x01, 0x80, 0x01, 0x80, 0x03, 0x80, 0x03, 0x00, 0x06, 0x00, 0x00, 0x00,
    0x00, 0x00, 0x0E, 0x00, 0x07, 0x00, 0x03, 0x80, 0x01, 0xC0, 0x00, 0x00, 0x3F, 0xFC, 0x3F, 0xFC,
    0x30, 0x00, 0x30, 0x00, 0x30, 0x00, 0x30, 0x00, 0x30, 0x00, 0x30, 0x00, 0x30, 0x00, 0x3F, 0xE0,
    0x3F, 0xE0, 0x30, 0x00, 0x30, 0x00, 0x30, 0x00, 0x30, 0x00, 0x30, 0x00, 0x30, 0x00, 0x30, 0x00,
    0x3F, 0xFC, 0x3F, 0xFC, 0x00, 0x00, 0x00, 0x00, 0x00, 0x00, 0x00, 0x00, 0x00, 0x00, 0x00, 0x00,
    0x00, 0x00, 0x00, 0x70, 0x00, 0xE0, 0x01, 0xC0, 0x03, 0x80, 0x00, 0x00, 0x3F, 0xFC, 0x3F, 0xFC,
    0x30, 0x00, 0x30, 0x00, 0x30, 0x00, 0x30, 0x00, 0x30, 0x00, 0x30, 0x00, 0x30, 0x00, 0x3F, 0xE0,
    0x3F, 0xE0, 0x30, 0x00, 0x30, 0x00, 0x30, 0x00, 0x30, 0x00, 0x30, 0x00, 0x30, 0x00, 0x30, 0x00,
    0x3F, 0xFC, 0x3F, 0xFC, 0x00, 0x00, 0x00, 0x00, 0x00, 0x00, 0x00, 0x00, 0x00, 0x00, 0x00, 0x00,
    0x00, 0x00, 0x01, 0x80, 0x03, 0xC0, 0x07, 0xE0, 0x0E, 0x70, 0x00, 0x00, 0x3F, 0xFC, 0x3F, 0xFC,
    0x30, 0x00, 0x30, 0x00, 0x30, 0x00, 0x30, 0x00, 0x30, 0x00, 0x30, 0x00, 0x30, 0x00, 0x3F, 0xE0,
    0x3F, 0xE0, 0x30, 0x00, 0x30, 0x00, 0x30, 0x00, 0x30, 0x00, 0x30, 0x00, 0x30, 0x00, 0x30, 0x00,
    0x3F, 0xFC, 0x3F, 0xFC, 0x00, 0x00, 0x00, 0x00, 0x00, 0x00, 0x00, 0x00, 0x00, 0x00, 0x00, 0x00,
    0x00, 0x00, 0x0C, 0x30, 0x0C, 0x30, 0x0C, 0x30, 0x0C, 0x30, 0x00, 0x00, 0x3F, 0xFC, 0x3F, 0xFC,
    0x30, 0x00, 0x30, 0x00, 0x30, 0x00, 0x30, 0x00, 0x30, 0x00, 0x30, 0x00, 0x30, 0x00, 0x3F, 0xE0,
    0x3F, 0xE0, 0x30, 0x00, 0x30, 0x00, 0x30, 0x00, 0x30, 0x00, 0x30, 0x00, 0x30, 0x00, 0x30, 0x00,
    0x3F, 0xFC, 0x3F, 0xFC, 0x00, 0x00, 0x00, 0x00, 0x00, 0x00, 0x00, 0x00, 0x00, 0x00, 0x00, 0x00,
    0x00, 0x00, 0x0E, 0x00, 0x07, 0x00, 0x03, 0x80, 0x01, 0xC0, 0x00, 0x00, 0x07, 0xE0, 0x07, 0xE0,
    0x01, 0x80, 0x01, 0x80, 0x01, 0x80, 0x01, 0x80, 0x01, 0x80, 0x01, 0x80, 0x01, 0x80, 0x01, 0x80,
    0x01, 0x80, 0x01, 0x80, 0x01, 0x80, 0x01, 0x80, 0x01, 0x80, 0x01, 0x80, 0x01, 0x80, 0x01, 0x80,
    0x07, 0xE0, 0x07, 0xE0, 0x00, 0x00, 0x00, 0x00, 0x00, 0x00, 0x00, 0x00, 0x00, 0x00, 0x00, 0x00,
    0x00, 0x00, 0x00, 0x70, 0x00, 0xE0, 0x01, 0xC0, 0x03, 0x80, 0x00, 0x00, 0x07, 0xE0, 0x07, 0xE0,
    0x01, 0x80, 0x01, 0x80, 0x01, 0x80, 0x01, 0x80, 0x01, 0x80, 0x01, 0x80, 0x01, 0x80, 0x01, 0x80,
    0x01, 0x80, 0x01, 0x80, 0x01, 0x80, 0x01, 0x80, 0x01, 0x80, 0x01, 0x80, 0x01, 0x80, 0x01, 0x80,
    0x07, 0xE0, 0x07, 0xE0, 0x00, 0x00, 0x00, 0x00, 0x00, 0x00, 0x00, 0x00, 0x00, 0x00, 0x00, 0x00,
    0x00, 0x00, 0x01, 0x80, 0x03, 0xC0, 0x07, 0xE0, 0x0E, 0x70, 0x00, 0x00, 0x07, 0xE0, 0x07, 0xE0,
    0x01, 0x80, 0x01, 0x80, 0x01, 0x80, 0x01, 0x80, 0x01, 0x80, 0x01, 0x80, 0x01, 0x80, 0x01, 0x80,
    0x01, 0x80, 0x01, 0x80, 0x01, 0x80, 0x01, 0x80, 0x01, 0x80, 0x01, 0x80, 0x01, 0x80, 0x01, 0x80,
    0x07, 0xE0, 0x07, 0xE0, 0x00, 0x00, 0x00, 0x00, 0x00, 0x00, 0x00, 0x00, 0x00, 0x00, 0x00, 0x00,
    0x00, 0x00, 0x0C, 0x30, 0x0C, 0x30, 0x0C, 0x30, 0x0C, 0x30, 0x00, 0x00, 0x07, 0xE0, 0x07, 0xE0,
    0x01, 0x80, 0x01, 0x80, 0x01, 0x80, 0x01, 0x80, 0x01, 0x80, 0x01, 0x80, 0x01, 0x80, 0x01, 0x80,
    0x01, 0x80, 0x01, 0x80, 0x01, 0x80, 0x01, 0x80, 0x01, 0x80, 0x01, 0x80, 0x01, 0x80, 0x01, 0x80,
    0x07, 0xE0, 0x07, 0xE0, 0x00, 0x00, 0x00, 0x00, 0x00, 0x00, 0x00, 0x00, 0x00, 0x00, 0x00, 0x00,
    0x00, 0x00, 0x00, 0x00, 0x00, 0x00, 0x00, 0x00, 0x00, 0x00, 0x00, 0x00, 0x3F, 0xC0, 0x3F, 0xF0,
    0x30, 0x38, 0x30, 0x18, 0x30, 0x0C, 0x30, 0x0C, 0x30, 0x0C, 0x30, 0x0C, 0x30, 0x0C, 0x7F, 0x8C,
    0x7F, 0x8C, 0x30, 0x0C, 0x30, 0x0C, 0x30, 0x0C, 0x30, 0x0C, 0x30, 0x0C, 0x30, 0x18, 0x30, 0x38,
    0x3F, 0xF0, 0x3F, 0xC0, 0x00, 0x00, 0x00, 0x00, 0x00, 0x00, 0x00, 0x00, 0x00, 0x00, 0x00, 0x00,
    0x00, 0x00, 0x0F, 0x18, 0x1B, 0x98, 0x19, 0xD8, 0x18, 0xF0, 0x00, 0x00, 0x30, 0x0C, 0x30, 0x0C,
    0x30, 0x0C, 0x30, 0x0C, 0x30, 0x0C, 0x38, 0x0C, 0x3C, 0x0C, 0x3E, 0x0C, 0x37, 0x0C, 0x33, 0x8C,
    0x31, 0xCC, 0x30, 0xEC, 0x30, 0x7C, 0x30, 0x3C, 0x30, 0x1C, 0x30, 0x0C, 0x30, 0x0C, 0x30, 0x0C,
    0x30, 0x0C, 0x30, 0x0C, 0x00, 0x00, 0x00, 0x00, 0x00, 0x00, 0x00, 0x00, 0x00, 0x00, 0x00, 0x00,
    0x00, 0x00, 0x0E, 0x00, 0x07, 0x00, 0x03, 0x80, 0x01, 0xC0, 0x00, 0x00, 0x0F, 0xF0, 0x1F, 0xF8,
    0x38, 0x1C, 0x30, 0x0C, 0x30, 0x0C, 0x30, 0x0C, 0x30, 0x0C, 0x30, 0x0C, 0x30, 0x0C, 0x30, 0x0C,
    0x30, 0x0C, 0x30, 0x0C, 0x30, 0x0C, 0x30, 0x0C, 0x30, 0x0C, 0x30, 0x0C, 0x30, 0x0C, 0x38, 0x1C,
    0x1F, 0xF8, 0x0F, 0xF0, 0x00, 0x00, 0x00, 0x00, 0x00, 0x00, 0x00, 0x00, 0x00, 0x00, 0x00, 0x00,
    0x00, 0x00, 0x00, 0x70, 0x00, 0xE0, 0x01, 0xC0, 0x03, 0x80, 0x00, 0x00, 0x0F, 0xF0, 0x1F, 0xF8,
    0x38, 0x1C, 0x30, 0x0C, 0x30, 0x0C, 0x30, 0x0C, 0x30, 0x0C, 0x30, 0x0C, 0x30, 0x0C, 0x30, 0x0C,
    0x30, 0x0C, 0x30, 0x0C, 0x30, 0x0C, 0x30, 0x0C, 0x30, 0x0C, 0x30, 0x0C, 0x30, 0x0C, 0x38, 0x1C,
    0x1F, 0xF8, 0x0F, 0xF0, 0x00, 0x00, 0x00, 0x00, 0x00, 0x00, 0x00, 0x00, 0x00, 0x00, 0x00, 0x00,
    0x00, 0x00, 0x01, 0x80, 0x03, 0xC0, 0x07, 0xE0, 0x0E, 0x70, 0x00, 0x00, 0x0F, 0xF0, 0x1F, 0xF8,
    0x38, 0x1C, 0x30, 0x0C, 0x30, 0x0C, 0x30, 0x0C, 0x30, 0x0C, 0x30, 0x0C, 0x30, 0x0C, 0x30, 0x0C,
    0x30, 0x0C, 0x30, 0x0C, 0x30, 0x0C, 0x30, 0x0C, 0x30, 0x0C, 0x30, 0x0C, 0x30, 0x0C, 0x38, 0x1C,
    0x1F, 0xF8, 0x0F, 0xF0, 0x00, 0x00, 0x00, 0x00, 0x00, 0x00, 0x00, 0x00, 0x00, 0x00, 0x00, 0x00,
    0x00, 0x00, 0x0F, 0x18, 0x1B, 0x98, 0x19, 0xD8, 0x18, 0xF0, 0x00, 0x00, 0x0F, 0xF0, 0x1F, 0xF8,
    0x38, 0x1C, 0x30, 0x0C, 0x30, 0x0C, 0x30, 0x0C, 0x30, 0x0C, 0x30, 0x0C, 0x30, 0x0C, 0x30, 0x0C,
    0x30, 0x0C, 0x30, 0x0C, 0x30, 0x0C, 0x30, 0x0C, 0x30, 0x0C, 0x30, 0x0C, 0x30, 0x0C, 0x38, 0x1C,
    0x1F, 0xF8, 0x0F, 0xF0, 0x00, 0x00, 0x00, 0x00, 0x00, 0x00, 0x00, 0x00, 0x00, 0x00, 0x00, 0x00,
    0x00, 0x00, 0x0C, 0x30, 0x0C, 0x30, 0x0C, 0x30, 0x0C, 0x30, 0x00, 0x00, 0x0F, 0xF0, 0x1F, 0xF8,
    0x38, 0x1C, 0x30, 0x0C, 0x30, 0x0C, 0x30, 0x0C, 0x30, 0x0C, 0x30, 0x0C, 0x30, 0x0C, 0x30, 0x0C,
    0x30, 0x0C, 0x30, 0x0C, 0x30, 0x0C, 0x30, 0x0C, 0x30, 0x0C, 0x30, 0x0C, 0x30, 0x0C, 0x38, 0x1C,
    0x1F, 0xF8, 0x0F, 0xF0, 0x00, 0x00, 0x00, 0x00, 0x00, 0x00, 0x00, 0x00, 0x00, 0x00, 0x00, 0x00,
    0x00, 0x00, 0x00, 0x00, 0x00, 0x00, 0x00, 0x00, 0x00, 0x00, 0x00, 0x00, 0x00, 0x00, 0x00, 0x00,
    0x00, 0x00, 0x00, 0x00, 0x00, 0x00, 0x70, 0x1C, 0x38, 0x38, 0x1C, 0x70, 0x0E, 0xE0, 0x07, 0xC0,
    0x03, 0x80, 0x07, 0xC0, 0x0E, 0xE0, 0x1C, 0x70, 0x38, 0x38, 0x70, 0x1C, 0x00, 0x00, 0x00, 0x00,
    0x00, 0x00, 0x00, 0x00, 0x00, 0x00, 0x00, 0x00, 0x00, 0x00, 0x00, 0x00, 0x00, 0x00, 0x00, 0x00,
    0x00, 0x00, 0x00, 0x00, 0x00, 0x00, 0x00, 0x00, 0x00, 0x00, 0x00, 0x00, 0x0F, 0xF0, 0x1F, 0xF8,
    0x38, 0x1C, 0x30, 0x0E, 0x30, 0x0E, 0x30, 0x1C, 0x30, 0x3C, 0x30, 0x7C, 0x30, 0xEC, 0x31, 0xCC,
    0x33, 0x8C, 0x37, 0x0C, 0x3E, 0x0C, 0x3C, 0x0C, 0x38, 0x0C, 0x70, 0x0C, 0x70, 0x0C, 0x38, 0x1C,
    0x1F, 0xF8, 0x0F, 0xF0, 0x00, 0x00, 0x00, 0x00, 0x00, 0x00, 0x00, 0x00, 0x00, 0x00, 0x00, 0x00,
    0x00, 0x00, 0x0E, 0x00, 0x07, 0x00, 0x03, 0x80, 0x01, 0xC0, 0x00, 0x00, 0x30, 0x0C, 0x30, 0x0C,
    0x30, 0x0C, 0x30, 0x0C, 0x30, 0x0C, 0x30, 0x0C, 0x30, 0x0C, 0x30, 0x0C, 0x30, 0x0C, 0x30, 0x0C,
    0x30, 0x0C, 0x30, 0x0C, 0x30, 0x0C, 0x30, 0x0C, 0x30, 0x0C, 0x30, 0x0C, 0x30, 0x0C, 0x38, 0x1C,
    0x1F, 0xF8, 0x0F, 0xF0, 0x00, 0x00, 0x00, 0x00, 0x00, 0x00, 0x00, 0x00, 0x00, 0x00, 0x00, 0x00,
    0x00, 0x00, 0x00, 0x70, 0x00, 0xE0, 0x01, 0xC0, 0x03, 0x80, 0x00, 0x00, 0x30, 0x0C, 0x30, 0x0C,
    0x30, 0x0C, 0x30, 0x0C, 0x30, 0x0C, 0x30, 0x0C, 0x30, 0x0C, 0x30, 0x0C, 0x30, 0x0C, 0x30, 0x0C,
    0x30, 0x0C, 0x30, 0x0C, 0x30, 0x0C, 0x30, 0x0C, 0x30, 0x0C, 0x30, 0x0C, 0x30, 0x0C, 0x38, 0x1C,
    0x1F, 0xF8, 0x0F, 0xF0, 0x00, 0x00, 0x00, 0x00, 0x00, 0x00, 0x00, 0x00, 0x00, 0x00, 0x00, 0x00,
    0x00, 0x00, 0x01, 0x80, 0x03, 0xC0, 0x07, 0xE0, 0x0E, 0x70, 0x00, 0x00, 0x30, 0x0C, 0x30, 0x0C,
    0x30, 0x0C, 0x30, 0x0C, 0x30, 0x0C, 0x30, 0x0C, 0x30, 0x0C, 0x30, 0x0C, 0x30, 0x0C, 0x30, 0x0C,
    0x30, 0x0C, 0x30, 0x0C, 0x30, 0x0C, 0x30, 0x0C, 0x30, 0x0C, 0x30, 0x0C, 0x30, 0x0C, 0x38, 0x1C,
    0x1F, 0xF8, 0x0F, 0xF0, 0x00, 0x00, 0x00, 0x00, 0x00, 0x00, 0x00, 0x00, 0x00, 0x00, 0x00, 0x00,
    0x00, 0x00, 0x0C, 0x30, 0x0C, 0x30, 0x0C, 0x30, 0x0C, 0x30, 0x00, 0x00, 0x30, 0x0C, 0x30, 0x0C,
    0x30, 0x0C, 0x30, 0x0C, 0x30, 0x0C, 0x30, 0x0C, 0x30, 0x0C, 0x30, 0x0C, 0x30, 0x0C, 0x30, 0x0C,
    0x30, 0x0C, 0x30, 0x0C, 0x30, 0x0C, 0x30, 0x0C, 0x30, 0x0C, 0x30, 0x0C, 0x30, 0x0C, 0x38, 0x1C,
    0x1F, 0xF8, 0x0F, 0xF0, 0x00, 0x00, 0x00, 0x00, 0x00, 0x00, 0x00, 0x00, 0x00, 0x00, 0x00, 0x00,
    0x00, 0x00, 0x00, 0x70, 0x00, 0xE0, 0x01, 0xC0, 0x03, 0x80, 0x00, 0x00, 0x30, 0x0C, 0x30, 0x0C,
    0x30, 0x0C, 0x18, 0x18, 0x18, 0x18, 0x0C, 0x30, 0x0C, 0x30, 0x06, 0x60, 0x06, 0x60, 0x03, 0xC0,
    0x03, 0xC0, 0x01, 0x80, 0x01, 0x80, 0x01, 0x80, 0x01, 0x80, 0x01, 0x80, 0x01, 0x80, 0x01, 0x80,
    0x01, 0x80, 0x01, 0x80, 0x00, 0x00, 0x00, 0x00, 0x00, 0x00, 0x00, 0x00, 0x00, 0x00, 0x00, 0x00,
    0x00, 0x00, 0x00, 0x00, 0x00, 0x00, 0x00, 0x00, 0x00, 0x00, 0x00, 0x00, 0x30, 0x00, 0x30, 0x00,
    0x30, 0x00, 0x30, 0x00, 0x3F, 0xF0, 0x3F, 0xF8, 0x30, 0x1C, 0x30, 0x0C, 0x30, 0x0C, 0x30, 0x0C,
    0x30, 0x0C, 0x30, 0x0C, 0x30, 0x0C, 0x30, 0x1C, 0x3F, 0xF8, 0x3F, 0xF0, 0x30, 0x00, 0x30, 0x00,
    0x30, 0x00, 0x30, 0x00, 0x00, 0x00, 0x00, 0x00, 0x00, 0x00, 0x00, 0x00, 0x00, 0x00, 0x00, 0x00,
    0x00, 0x00, 0x00, 0x00, 0x00, 0x00, 0x00, 0x00, 0x00, 0x00, 0x00, 0x00, 0x1F, 0xE0, 0x3F, 0xF0,
    0x30, 0x38, 0x30, 0x18, 0x30, 0x18, 0x30, 0x18, 0x30, 0x18, 0x30, 0x30, 0x3F, 0xF0, 0x3F, 0xF0,
    0x30, 0x38, 0x30, 0x1C, 0x30, 0x0C, 0x30, 0x0C, 0x30, 0x0C, 0x30, 0x0C, 0x38, 0x0C, 0x3C, 0x1C,
    0x37, 0xF8, 0x33, 0xF0, 0x00, 0x00, 0x00, 0x00, 0x00, 0x00, 0x00, 0x00, 0x00, 0x00, 0x00, 0x00,
    0x00, 0x00, 0x00, 0x00, 0x00, 0x00, 0x00, 0x00, 0x00, 0x00, 0x00, 0x00, 0x0E, 0x00, 0x07, 0x00,
    0x03, 0x80, 0x01, 0xC0, 0x00, 0x00, 0x00, 0x00, 0x1F, 0xF0, 0x1F, 0xF8, 0x00, 0x1C, 0x00, 0x0C,
    0x00, 0x0C, 0x0F, 0xFC, 0x1F, 0xFC, 0x38, 0x0C, 0x30, 0x0C, 0x30, 0x0C, 0x30, 0x0C, 0x38, 0x0C,
    0x1F, 0xFC, 0x0F, 0xFC, 0x00, 0x00, 0x00, 0x00, 0x00, 0x00, 0x00, 0x00, 0x00, 0x00, 0x00, 0x00,
    0x00, 0x00, 0x00, 0x00, 0x00, 0x00, 0x00, 0x00, 0x00, 0x00, 0x00, 0x00, 0x00, 0x70, 0x00, 0xE0,
    0x01, 0xC0, 0x03, 0x80, 0x00, 0x00, 0x00, 0x00, 0x1F, 0xF0, 0x1F, 0xF8, 0x00, 0x1C, 0x00, 0x0C,
    0x00, 0x0C, 0x0F, 0xFC, 0x1F, 0xFC, 0x38, 0x0C, 0x30, 0x0C, 0x30, 0x0C, 0x30, 0x0C, 0x38, 0x0C,
    0x1F, 0xFC, 0x0F, 0xFC, 0x00, 0x00, 0x00, 0x00, 0x00, 0x00, 0x00, 0x00, 0x00, 0x00, 0x00, 0x00,
    0x00, 0x00, 0x00, 0x00, 0x00, 0x00, 0x00, 0x00, 0x00, 0x00, 0x00, 0x00, 0x01, 0x80, 0x03, 0xC0,
    0x07, 0xE0, 0x0E, 0x70, 0x00, 0x00, 0x00, 0x00, 0x1F, 0xF0, 0x1F, 0xF8, 0x00, 0x1C, 0x00, 0x0C,
    0x00, 0x0C, 0x0F, 0xFC, 0x1F, 0xFC, 0x38, 0x0C, 0x30, 0x0C, 0x30, 0x0C, 0x30, 0x0C, 0x38, 0x0C,
    0x1F, 0xFC, 0x0F, 0xFC, 0x00, 0x00, 0x00, 0x00, 0x00, 0x00, 0x00, 0x00, 0x00, 0x00, 0x00, 0x00,
    0x00, 0x00, 0x00, 0x00, 0x00, 0x00, 0x00, 0x00, 0x00, 0x00, 0x00, 0x00, 0x0F, 0x18, 0x1B, 0x98,
    0x19, 0xD8, 0x18, 0xF0, 0x00, 0x00, 0x00, 0x00, 0x1F, 0xF0, 0x1F, 0xF8, 0x00, 0x1C, 0x00, 0x0C,
    0x00, 0x0C, 0x0F, 0xFC, 0x1F, 0xFC, 0x38, 0x0C, 0x30, 0x0C, 0x30, 0x0C, 0x30, 0x0C, 0x38, 0x0C,
    0x1F, 0xFC, 0x0F, 0xFC, 0x00, 0x00, 0x00, 0x00, 0x00, 0x00, 0x00, 0x00, 0x00, 0x00, 0x00, 0x00,
    0x00, 0x00, 0x00, 0x00, 0x00, 0x00, 0x00, 0x00, 0x00, 0x00, 0x00, 0x00, 0x0C, 0x30, 0x0C, 0x30,
    0x0C, 0x30, 0x0C, 0x30, 0x00, 0x00, 0x00, 0x00, 0x1F, 0xF0, 0x1F, 0xF8, 0x00, 0x1C, 0x00, 0x0C,
    0x00, 0x0C, 0x0F, 0xFC, 0x1F, 0xFC, 0x38, 0x0C, 0x30, 0x0C, 0x30, 0x0C, 0x30, 0x0C, 0x38, 0x0C,
    0x1F, 0xFC, 0x0F, 0xFC, 0x00, 0x00, 0x00, 0x00, 0x00, 0x00, 0x00, 0x00, 0x00, 0x00, 0x00, 0x00,
    0x00, 0x00, 0x00, 0x00, 0x00, 0x00, 0x00, 0x00, 0x00, 0x00, 0x00, 0x00, 0x03, 0xC0, 0x06, 0x60,
    0x06, 0x60, 0x06, 0x60, 0x03, 0xC0, 0x00, 0x00, 0x1F, 0xF0, 0x1F, 0xF8, 0x00, 0x1C, 0x00, 0x0C,
    0x00, 0x0C, 0x0F, 0xFC, 0x1F, 0xFC, 0x38, 0x0C, 0x30, 0x0C, 0x30, 0x0C, 0x30, 0x0C, 0x38, 0x0C,
    0x1F, 0xFC, 0x0F, 0xFC, 0x00, 0x00, 0x00, 0x00, 0x00, 0x00, 0x00, 0x00, 0x00, 0x00, 0x00, 0x00,
    0x00, 0x00, 0x00, 0x00, 0x00, 0x00, 0x00, 0x00, 0x00, 0x00, 0x00, 0x00, 0x00, 0x00, 0x00, 0x00,
    0x00, 0x00, 0x00, 0x00, 0x00, 0x00, 0x00, 0x00, 0x3E, 0xF8, 0x3F, 0xFC, 0x01, 0x8E, 0x01, 0x86,
    0x01, 0x86, 0x1F, 0x86, 0x3F, 0xFE, 0x71, 0xFE, 0x61, 0x80, 0x61, 0x80, 0x61, 0x80, 0x71, 0xC6,
    0x3F, 0xFE, 0x1F, 0x7C, 0x00, 0x00, 0x00, 0x00, 0x00, 0x00, 0x00, 0x00, 0x00, 0x00, 0x00, 0x00,
    0x00, 0x00, 0x00, 0x00, 0x00, 0x00, 0x00, 0x00, 0x00, 0x00, 0x00, 0x00, 0x00, 0x00, 0x00, 0x00,
    0x00, 0x00, 0x00, 0x00, 0x00, 0x00, 0x00, 0x00, 0x0F, 0xF0, 0x1F, 0xF8, 0x38, 0x1C, 0x30, 0x0C,
    0x30, 0x00, 0x30, 0x00, 0x30, 0x00, 0x30, 0x00, 0x30, 0x00, 0x30, 0x00, 0x30, 0x0C, 0x38, 0x1C,
    0x1F, 0xF8, 0x0F, 0xF0, 0x01, 0x80, 0x01, 0x80, 0x03, 0x80, 0x03, 0x00, 0x06, 0x00, 0x00, 0x00,
    0x00, 0x00, 0x00, 0x00, 0x00, 0x00, 0x00, 0x00, 0x00, 0x00, 0x00, 0x00, 0x0E, 0x00, 0x07, 0x00,
    0x03, 0x80, 0x01, 0xC0, 0x00, 0x00, 0x00, 0x00, 0x0F, 0xF0, 0x1F, 0xF8, 0x38, 0x1C, 0x30, 0x0C,
    0x30, 0x0C, 0x30, 0x0C, 0x3F, 0xFC, 0x3F, 0xFC, 0x30, 0x00, 0x30, 0x00, 0x30, 0x00, 0x38, 0x0C,
    0x1F, 0xFC, 0x0F, 0xF8, 0x00, 0x00, 0x00, 0x00, 0x00, 0x00, 0x00, 0x00, 0x00, 0x00, 0x00, 0x00,
    0x00, 0x00, 0x00, 0x00, 0x00, 0x00, 0x00, 0x00, 0x00, 0x00, 0x00, 0x00, 0x00, 0x70, 0x00, 0xE0,
    0x01, 0xC0, 0x03, 0x80, 0x00, 0x00, 0x00, 0x00, 0x0F, 0xF0, 0x1F, 0xF8, 0x38, 0x1C, 0x30, 0x0C,
    0x30, 0x0C, 0x30, 0x0C, 0x3F, 0xFC, 0x3F, 0xFC, 0x30, 0x00, 0x30, 0x00, 0x30, 0x00, 0x38, 0x0C,
    0x1F, 0xFC, 0x0F, 0xF8, 0x00, 0x00, 0x00, 0x00, 0x00, 0x00, 0x00, 0x00, 0x00, 0x00, 0x00, 0x00,
    0x00, 0x00, 0x00, 0x00, 0x00, 0x00, 0x00, 0x00, 0x00, 0x00, 0x00, 0x00, 0x01, 0x80, 0x03, 0xC0,
    0x07, 0xE0, 0x0E, 0x70, 0x00, 0x00, 0x00, 0x00, 0x0F, 0xF0, 0x1F, 0xF8, 0x38, 0x1C, 0x30, 0x0C,
    0x30, 0x0C, 0x30, 0x0C, 0x3F, 0xFC, 0x3F, 0xFC, 0x30, 0x00, 0x30, 0x00, 0x30, 0x00, 0x38, 0x0C,
    0x1F, 0xFC, 0x0F, 0xF8, 0x00, 0x00, 0x00, 0x00, 0x00, 0x00, 0x00, 0x00, 0x00, 0x00, 0x00, 0x00,
    0x00, 0x00, 0x00, 0x00, 0x00, 0x00, 0x00, 0x00, 0x00, 0x00, 0x00, 0x00, 0x0C, 0x30, 0x0C, 0x30,
    0x0C, 0x30, 0x0C, 0x30, 0x00, 0x00, 0x00, 0x00, 0x0F, 0xF0, 0x1F, 0xF8, 0x38, 0x1C, 0x30, 0x0C,
    0x30, 0x0C, 0x30, 0x0C, 0x3F, 0xFC, 0x3F, 0xFC, 0x30, 0x00, 0x30, 0x00, 0x30, 0x00, 0x38, 0x0C,
    0x1F, 0xFC, 0x0F, 0xF8, 0x00, 0x00, 0x00, 0x00, 0x00, 0x00, 0x00, 0x00, 0x00, 0x00, 0x00, 0x00,
    0x00, 0x00, 0x00, 0x00, 0x00, 0x00, 0x00, 0x00, 0x00, 0x00, 0x00, 0x00, 0x1C, 0x00, 0x0E, 0x00,
    0x07, 0x00, 0x03, 0x80, 0x00, 0x00, 0x00, 0x00, 0x07, 0x80, 0x07, 0x80, 0x01, 0x80, 0x01, 0x80,
    0x01, 0x80, 0x01, 0x80, 0x01, 0x80, 0x01, 0x80, 0x01, 0x80, 0x01, 0x80, 0x01, 0x80, 0x01, 0x80,
    0x07, 0xE0, 0x07, 0xE0, 0x00, 0x00, 0x00, 0x00, 0x00, 0x00, 0x00, 0x00, 0x00, 0x00, 0x00, 0x00,
    0x00, 0x00, 0x00, 0x00, 0x00, 0x00, 0x00, 0x00, 0x00, 0x00, 0x00, 0x00, 0x00, 0x70, 0x00, 0xE0,
    0x01, 0xC0, 0x03, 0x80, 0x00, 0x00, 0x00, 0x00, 0x07, 0x80, 0x07, 0x80, 0x01, 0x80, 0x01, 0x80,
    0x01, 0x80, 0x01, 0x80, 0x01, 0x80, 0x01, 0x80, 0x01, 0x80, 0x01, 0x80, 0x01, 0x80, 0x01, 0x80,
    0x07, 0xE0, 0x07, 0xE0, 0x00, 0x00, 0x00, 0x00, 0x00, 0x00, 0x00, 0x00, 0x00, 0x00, 0x00, 0x00,
    0x00, 0x00, 0x00, 0x00, 0x00, 0x00, 0x00, 0x00, 0x00, 0x00, 0x00, 0x00, 0x01, 0x80, 0x03, 0xC0,
    0x07, 0xE0, 0x0E, 0x70, 0x00, 0x00, 0x00, 0x00, 0x07, 0x80, 0x07, 0x80, 0x01, 0x80, 0x01, 0x80,
    0x01, 0x80, 0x01, 0x80, 0x01, 0x80, 0x01, 0x80, 0x01, 0x80, 0x01, 0x80, 0x01, 0x80, 0x01, 0x80,
    0x07, 0xE0, 0x07, 0xE0, 0x00, 0x00, 0x00, 0x00, 0x00, 0x00, 0x00, 0x00, 0x00, 0x00, 0x00, 0x00,
    0x00, 0x00, 0x00, 0x00, 0x00, 0x00, 0x00, 0x00, 0x00, 0x00, 0x00, 0x00, 0x0C, 0x30, 0x0C, 0x30,
    0x0C, 0x30, 0x0C, 0x30, 0x00, 0x00, 0x00, 0x00, 0x07, 0x80, 0x07, 0x80, 0x01, 0x80, 0x01, 0x80,
    0x01, 0x80, 0x01, 0x80, 0x01, 0x80, 0x01, 0x80, 0x01, 0x80, 0x01, 0x80, 0x01, 0x80, 0x01, 0x80,
    0x07, 0xE0, 0x07, 0xE0, 0x00, 0x00, 0x00, 0x00, 0x00, 0x00, 0x00, 0x00, 0x00, 0x00, 0x00, 0x00,
    0x00, 0x00, 0x00, 0x00, 0x00, 0x00, 0x00, 0x00, 0x00, 0x00, 0x00, 0x00, 0x1D, 0xC0, 0x0F, 0x80,
    0x1F, 0x00, 0x3B, 0x80, 0x01, 0xC0, 0x00, 0xE0, 0x0F, 0xF0, 0x1F, 0xF8, 0x38, 0x1C, 0x30, 0x0C,
    0x30, 0x0C, 0x30, 0x0C, 0x30, 0x0C, 0x30, 0x0C, 0x30, 0x0C, 0x30, 0x0C, 0x30, 0x0C, 0x38, 0x1C,
    0x1F, 0xF8, 0x0F, 0xF0, 0x00, 0x00, 0x00, 0x00, 0x00, 0x00, 0x00, 0x00, 0x00, 0x00, 0x00, 0x00,
    0x00, 0x00, 0x00, 0x00, 0x00, 0x00, 0x00, 0x00, 0x00, 0x00, 0x00, 0x00, 0x0F, 0x18, 0x1B, 0x98,
    0x19, 0xD8, 0x18, 0xF0, 0x00, 0x00, 0x00, 0x00, 0x3F, 0xF0, 0x3F, 0xF8, 0x30, 0x1C, 0x30, 0x0C,
    0x30, 0x0C, 0x30, 0x0C, 0x30, 0x0C, 0x30, 0x0C, 0x30, 0x0C, 0x30, 0x0C, 0x30, 0x0C, 0x30, 0x0C,
    0x30, 0x0C, 0x30, 0x0C, 0x00, 0x00, 0x00, 0x00, 0x00, 0x00, 0x00, 0x00, 0x00, 0x00, 0x00, 0x00,
    0x00, 0x00, 0x00, 0x00, 0x00, 0x00, 0x00, 0x00, 0x00, 0x00, 0x00, 0x00, 0x0E, 0x00, 0x07, 0x00,
    0x03, 0x80, 0x01, 0xC0, 0x00, 0x00, 0x00, 0x00, 0x0F, 0xF0, 0x1F, 0xF8, 0x38, 0x1C, 0x30, 0x0C,
    0x30, 0x0C, 0x30, 0x0C, 0x30, 0x0C, 0x30, 0x0C, 0x30, 0x0C, 0x30, 0x0C, 0x30, 0x0C, 0x38, 0x1C,
    0x1F, 0xF8, 0x0F, 0xF0, 0x00, 0x00, 0x00, 0x00, 0x00, 0x00, 0x00, 0x00, 0x00, 0x00, 0x00, 0x00,
    0x00, 0x00, 0x00, 0x00, 0x00, 0x00, 0x00, 0x00, 0x00, 0x00, 0x00, 0x00, 0x00, 0x70, 0x00, 0xE0,
    0x01, 0xC0, 0x03, 0x80, 0x00, 0x00, 0x00, 0x00, 0x0F, 0xF0, 0x1F, 0xF8, 0x38, 0x1C, 0x30, 0x0C,
    0x30, 0x0C, 0x30, 0x0C, 0x30, 0x0C, 0x30, 0x0C, 0x30, 0x0C, 0x30, 0x0C, 0x30, 0x0C, 0x38, 0x1C,
    0x1F, 0xF8, 0x0F, 0xF0, 0x00, 0x00, 0x00, 0x00, 0x00, 0x00, 0x00, 0x00, 0x00, 0x00, 0x00, 0x00,
    0x00, 0x00, 0x00, 0x00, 0x00, 0x00, 0x00, 0x00, 0x00, 0x00, 0x00, 0x00, 0x01, 0x80, 0x03, 0xC0,
    0x07, 0xE0, 0x0E, 0x70, 0x00, 0x00, 0x00, 0x00, 0x0F, 0xF0, 0x1F, 0xF8, 0x38, 0x1C, 0x30, 0x0C,
    0x30, 0x0C, 0x30, 0x0C, 0x30, 0x0C, 0x30, 0x0C, 0x30, 0x0C, 0x30, 0x0C, 0x30, 0x0C, 0x38, 0x1C,
    0x1F, 0xF8, 0x0F, 0xF0, 0x00, 0x00, 0x00, 0x00, 0x00, 0x00, 0x00, 0x00, 0x00, 0x00, 0x00, 0x00,
    0x00, 0x00, 0x00, 0x00, 0x00, 0x00, 0x00, 0x00, 0x00, 0x00, 0x00, 0x00, 0x0F, 0x18, 0x1B, 0x98,
    0x19, 0xD8, 0x18, 0xF0, 0x00, 0x00, 0x00, 0x00, 0x0F, 0xF0, 0x1F, 0xF8, 0x38, 0x1C, 0x30, 0x0C,
    0x30, 0x0C, 0x30, 0x0C, 0x30, 0x0C, 0x30, 0x0C, 0x30, 0x0C, 0x30, 0x0C, 0x30, 0x0C, 0x38, 0x1C,
    0x1F, 0xF8, 0x0F, 0xF0, 0x00, 0x00, 0x00, 0x00, 0x00, 0x00, 0x00, 0x00, 0x00, 0x00, 0x00, 0x00,
    0x00, 0x00, 0x00, 0x00, 0x00, 0x00, 0x00, 0x00, 0x00, 0x00, 0x00, 0x00, 0x0C, 0x30, 0x0C, 0x30,
    0x0C, 0x30, 0x0C, 0x30, 0x00, 0x00, 0x00, 0x00, 0x0F, 0xF0, 0x1F, 0xF8, 0x38, 0x1C, 0x30, 0x0C,
    0x30, 0x0C, 0x30, 0x0C, 0x30, 0x0C, 0x30, 0x0C, 0x30, 0x0C, 0x30, 0x0C, 0x30, 0x0C, 0x38, 0x1C,
    0x1F, 0xF8, 0x0F, 0xF0, 0x00, 0x00, 0x00, 0x00, 0x00, 0x00, 0x00, 0x00, 0x00, 0x00, 0x00, 0x00,
    0x00, 0x00, 0x00, 0x00, 0x00, 0x00, 0x00, 0x00, 0x00, 0x00, 0x00, 0x00, 0x00, 0x00, 0x00, 0x00,
    0x00, 0x00, 0x01, 0x80, 0x01, 0x80, 0x01, 0x80, 0x01, 0x80, 0x00, 0x00, 0x00, 0x00, 0x3F, 0xFC,
    0x3F, 0xFC, 0x00, 0x00, 0x00, 0x00, 0x01, 0x80, 0x01, 0x80, 0x01, 0x80, 0x01, 0x80, 0x00, 0x00,
    0x00, 0x00, 0x00, 0x00, 0x00, 0x00, 0x00, 0x00, 0x00, 0x00, 0x00, 0x00, 0x00, 0x00, 0x00, 0x00,
    0x00, 0x00, 0x00, 0x00, 0x00, 0x00, 0x00, 0x00, 0x00, 0x00, 0x00, 0x00, 0x00, 0x00, 0x00, 0x00,
    0x00, 0x00, 0x00, 0x00, 0x00, 0x00, 0x00, 0x00, 0x0F, 0xF6, 0x1F, 0xFE, 0x38, 0x1C, 0x30, 0x3C,
    0x30, 0x7C, 0x30, 0xEC, 0x31, 0xCC, 0x33, 0x8C, 0x37, 0x0C, 0x3E, 0x0C, 0x3C, 0x0C, 0x38, 0x1C,
    0x7F, 0xF8, 0x6F, 0xF0, 0x00, 0x00, 0x00, 0x00, 0x00, 0x00, 0x00, 0x00, 0x00, 0x00, 0x00, 0x00,
    0x00, 0x00, 0x00, 0x00, 0x00, 0x00, 0x00, 0x00, 0x00, 0x00, 0x00, 0x00, 0x0E, 0x00, 0x07, 0x00,
    0x03, 0x80, 0x01, 0xC0, 0x00, 0x00, 0x00, 0x00, 0x30, 0x0C, 0x30, 0x0C, 0x30, 0x0C, 0x30, 0x0C,
    0x30, 0x0C, 0x30, 0x0C, 0x30, 0x0C, 0x30, 0x0C, 0x30, 0x0C, 0x30, 0x0C, 0x30, 0x0C, 0x38, 0x0C,
    0x1F, 0xFC, 0x0F, 0xFC, 0x00, 0x00, 0x00, 0x00, 0x00, 0x00, 0x00, 0x00, 0x00, 0x00, 0x00, 0x00,
    0x00, 0x00, 0x00, 0x00, 0x00, 0x00, 0x00, 0x00, 0x00, 0x00, 0x00, 0x00, 0x00, 0x70, 0x00, 0xE0,
    0x01, 0xC0, 0x03, 0x80, 0x00, 0x00, 0x00, 0x00, 0x30, 0x0C, 0x30, 0x0C, 0x30, 0x0C, 0x30, 0x0C,
    0x30, 0x0C, 0x30, 0x0C, 0x30, 0x0C, 0x30, 0x0C, 0x30, 0x0C, 0x30, 0x0C, 0x30, 0x0C, 0x38, 0x0C,
    0x1F, 0xFC, 0x0F, 0xFC, 0x00, 0x00, 0x00, 0x00, 0x00, 0x00, 0x00, 0x00, 0x00, 0x00, 0x00, 0x00,
    0x00, 0x00, 0x00, 0x00, 0x00, 0x00, 0x00, 0x00, 0x00, 0x00, 0x00, 0x00, 0x01, 0x80, 0x03, 0xC0,
    0x07, 0xE0, 0x0E, 0x70, 0x00, 0x00, 0x00, 0x00, 0x30, 0x0C, 0x30, 0x0C, 0x30, 0x0C, 0x30, 0x0C,
    0x30, 0x0C, 0x30, 0x0C, 0x30, 0x0C, 0x30, 0x0C, 0x30, 0x0C, 0x30, 0x0C, 0x30, 0x0C, 0x38, 0x0C,
    0x1F, 0xFC, 0x0F, 0xFC, 0x00, 0x00, 0x00, 0x00, 0x00, 0x00, 0x00, 0x00, 0x00, 0x00, 0x00, 0x00,
    0x00, 0x00, 0x00, 0x00, 0x00, 0x00, 0x00, 0x00, 0x00, 0x00, 0x00, 0x00, 0x0C, 0x30, 0x0C, 0x30,
    0x0C, 0x30, 0x0C, 0x30, 0x00, 0x00, 0x00, 0x00, 0x30, 0x0C, 0x30, 0x0C, 0x30, 0x0C, 0x30, 0x0C,
    0x30, 0x0C, 0x30, 0x0C, 0x30, 0x0C, 0x30, 0x0C, 0x30, 0x0C, 0x30, 0x0C, 0x30, 0x0C, 0x38, 0x0C,
    0x1F, 0xFC, 0x0F, 0xFC, 0x00, 0x00, 0x00, 0x00, 0x00, 0x00, 0x00, 0x00, 0x00, 0x00, 0x00, 0x00,
    0x00, 0x00, 0x00, 0x00, 0x00, 0x00, 0x00, 0x00, 0x00, 0x00, 0x00, 0x00, 0x00, 0x70, 0x00, 0xE0,
    0x01, 0xC0, 0x03, 0x80, 0x00, 0x00, 0x00, 0x00, 0x30, 0x0C, 0x30, 0x0C, 0x30, 0x0C, 0x30, 0x0C,
    0x30, 0x0C, 0x30, 0x0C, 0x30, 0x0C, 0x30, 0x0C, 0x30, 0x0C, 0x30, 0x0C, 0x30, 0x0C, 0x38, 0x0C,
    0x1F, 0xFC, 0x0F, 0xFC, 0x00, 0x0C, 0x00, 0x0C, 0x00, 0x1C, 0x1F, 0xF8, 0x1F, 0xF0, 0x00, 0x00,
    0x00, 0x00, 0x00, 0x00, 0x00, 0x00, 0x00, 0x00, 0x00, 0x00, 0x00, 0x00, 0x30, 0x00, 0x30, 0x00,
    0x30, 0x00, 0x30, 0x00, 0x30, 0x00, 0x30, 0x00, 0x3F, 0xF0, 0x3F, 0xF8, 0x30, 0x1C, 0x30, 0x0C,
    0x30, 0x0C, 0x30, 0x0C, 0x30, 0x0C, 0x30, 0x0C, 0x30, 0x0C, 0x30, 0x0C, 0x30, 0x0C, 0x30, 0x1C,
    0x3F, 0xF8, 0x3F, 0xF0, 0x30, 0x00, 0x30, 0x00, 0x30, 0x00, 0x30, 0x00, 0x30, 0x00, 0x00, 0x00,
    0x00, 0x00, 0x00, 0x00, 0x00, 0x00, 0x00, 0x00, 0x00, 0x00, 0x00, 0x00, 0x0C, 0x30, 0x0C, 0x30,
    0x0C, 0x30, 0x0C, 0x30, 0x00, 0x00, 0x00, 0x00, 0x30, 0x0C, 0x30, 0x0C, 0x30, 0x0C, 0x30, 0x0C,
    0x30, 0x0C, 0x30, 0x0C, 0x30, 0x0C, 0x30, 0x0C, 0x30, 0x0C, 0x30, 0x0C, 0x30, 0x0C, 0x38, 0x0C,
    0x1F, 0xFC, 0x0F, 0xFC, 0x00, 0x0C, 0x00, 0x0C, 0x00, 0x1C, 0x1F, 0xF8, 0x1F, 0xF0, 0x00, 0x00,
    0x00, 0x00, 0x00, 0x00, 0x0F, 0xF0, 0x0F, 0xF0, 0x00, 0x00, 0x00, 0x00, 0x0F, 0xF0, 0x1F, 0xF8,
    0x38, 0x1C, 0x30, 0x0C, 0x30, 0x0C, 0x30, 0x0C, 0x30, 0x0C, 0x30, 0x0C, 0x30, 0x0C, 0x30, 0x0C,
    0x3F, 0xFC, 0x3F, 0xFC, 0x30, 0x0C, 0x30, 0x0C, 0x30, 0x0C, 0x30, 0x0C, 0x30, 0x0C, 0x30, 0x0C,
    0x30, 0x0C, 0x30, 0x0C, 0x00, 0x00, 0x00, 0x00, 0x00, 0x00, 0x00, 0x00, 0x00, 0x00, 0x00, 0x00,
    0x00, 0x00, 0x00, 0x00, 0x00, 0x00, 0x00, 0x00, 0x00, 0x00, 0x00, 0x00, 0x00, 0x00, 0x00, 0x00,
    0x0F, 0xF0, 0x0F, 0xF0, 0x00, 0x00, 0x00, 0x00, 0x1F, 0xF0, 0x1F, 0xF8, 0x00, 0x1C, 0x00, 0x0C,
    0x00, 0x0C, 0x0F, 0xFC, 0x1F, 0xFC, 0x38, 0x0C, 0x30, 0x0C, 0x30, 0x0C, 0x30, 0x0C, 0x38, 0x0C,
    0x1F, 0xFC, 0x0F, 0xFC, 0x00, 0x00, 0x00, 0x00, 0x00, 0x00, 0x00, 0x00, 0x00, 0x00, 0x00, 0x00,
    0x00, 0x00, 0x0C, 0x30, 0x0C, 0x30, 0x07, 0xE0, 0x03, 0xC0, 0x00, 0x00, 0x0F, 0xF0, 0x1F, 0xF8,
    0x38, 0x1C, 0x30, 0x0C, 0x30, 0x0C, 0x30, 0x0C, 0x30, 0x0C, 0x30, 0x0C, 0x30, 0x0C, 0x30, 0x0C,
    0x3F, 0xFC, 0x3F, 0xFC, 0x30, 0x0C, 0x30, 0x0C, 0x30, 0x0C, 0x30, 0x0C, 0x30, 0x0C, 0x30, 0x0C,
    0x30, 0x0C, 0x30, 0x0C, 0x00, 0x00, 0x00, 0x00, 0x00, 0x00, 0x00, 0x00, 0x00, 0x00, 0x00, 0x00,
    0x00, 0x00, 0x00, 0x00, 0x00, 0x00, 0x00, 0x00, 0x00, 0x00, 0x00, 0x00, 0x0C, 0x30, 0x0C, 0x30,
    0x07, 0xE0, 0x03, 0xC0, 0x00, 0x00, 0x00, 0x00, 0x1F, 0xF0, 0x1F, 0xF8, 0x00, 0x1C, 0x00, 0x0C,
    0x00, 0x0C, 0x0F, 0xFC, 0x1F, 0xFC, 0x38, 0x0C, 0x30, 0x0C, 0x30, 0x0C, 0x30, 0x0C, 0x38, 0x0C,
    0x1F, 0xFC, 0x0F, 0xFC, 0x00, 0x00, 0x00, 0x00, 0x00, 0x00, 0x00, 0x00, 0x00, 0x00, 0x00, 0x00,
    0x00, 0x00, 0x00, 0x00, 0x00, 0x00, 0x00, 0x00, 0x00, 0x00, 0x00, 0x00, 0x0F, 0xF0, 0x1F, 0xF8,
    0x38, 0x1C, 0x30, 0x0C, 0x30, 0x0C, 0x30, 0x0C, 0x30, 0x0C, 0x30, 0x0C, 0x30, 0x0C, 0x30, 0x0C,
    0x3F, 0xFC, 0x3F, 0xFC, 0x30, 0x0C, 0x30, 0x0C, 0x30, 0x0C, 0x30, 0x0C, 0x30, 0x0C, 0x30, 0x0C,
    0x30, 0x0C, 0x30, 0x0C, 0x00, 0x3C, 0x00, 0x70, 0x00, 0x60, 0x00, 0x7C, 0x00, 0x3C, 0x00, 0x00,
    0x00, 0x00, 0x00, 0x00, 0x00, 0x00, 0x00, 0x00, 0x00, 0x00, 0x00, 0x00, 0x00, 0x00, 0x00, 0x00,
    0x00, 0x00, 0x00, 0x00, 0x00, 0x00, 0x00, 0x00, 0x1F, 0xF0, 0x1F, 0xF8, 0x00, 0x1C, 0x00, 0x0C,
    0x00, 0x0C, 0x0F, 0xFC, 0x1F, 0xFC, 0x38, 0x0C, 0x30, 0x0C, 0x30, 0x0C, 0x30, 0x0C, 0x38, 0x0C,
    0x1F, 0xFC, 0x0F, 0xFC, 0x00, 0x3C, 0x00, 0x70, 0x00, 0x60, 0x00, 0x7C, 0x00, 0x3C, 0x00, 0x00,
    0x00, 0x00, 0x00, 0x70, 0x00, 0xE0, 0x01, 0xC0, 0x03, 0x80, 0x00, 0x00, 0x0F, 0xF0, 0x1F, 0xF8,
    0x38, 0x1C, 0x30, 0x0C, 0x30, 0x0C, 0x30, 0x00, 0x30, 0x00, 0x30, 0x00, 0x30, 0x00, 0x30, 0x00,
    0x30, 0x00, 0x30, 0x00, 0x30, 0x00, 0x30, 0x00, 0x30, 0x00, 0x30, 0x0C, 0x30, 0x0C, 0x38, 0x1C,
    0x1F, 0xF8, 0x0F, 0xF0, 0x00, 0x00, 0x00, 0x00, 0x00, 0x00, 0x00, 0x00, 0x00, 0x00, 0x00, 0x00,
    0x00, 0x00, 0x00, 0x00, 0x00, 0x00, 0x00, 0x00, 0x00, 0x00, 0x00, 0x00, 0x00, 0x70, 0x00, 0xE0,
    0x01, 0xC0, 0x03, 0x80, 0x00, 0x00, 0x00, 0x00, 0x0F, 0xF0, 0x1F, 0xF8, 0x38, 0x1C, 0x30, 0x0C,
    0x30, 0x00, 0x30, 0x00, 0x30, 0x00, 0x30, 0x00, 0x30, 0x00, 0x30, 0x00, 0x30, 0x0C, 0x38, 0x1C,
    0x1F, 0xF8, 0x0F, 0xF0, 0x00, 0x00, 0x00, 0x00, 0x00, 0x00, 0x00, 0x00, 0x00, 0x00, 0x00, 0x00,
    0x00, 0x00, 0x01, 0x80, 0x03, 0xC0, 0x07, 0xE0, 0x0E, 0x70, 0x00, 0x00, 0x0F, 0xF0, 0x1F, 0xF8,
    0x38, 0x1C, 0x30, 0x0C, 0x30, 0x0C, 0x30, 0x00, 0x30, 0x00, 0x30, 0x00, 0x30, 0x00, 0x30, 0x00,
    0x30, 0x00, 0x30, 0x00, 0x30, 0x00, 0x30, 0x00, 0x30, 0x00, 0x30, 0x0C, 0x30, 0x0C, 0x38, 0x1C,
    0x1F, 0xF8, 0x0F, 0xF0, 0x00, 0x00, 0x00, 0x00, 0x00, 0x00, 0x00, 0x00, 0x00, 0x00, 0x00, 0x00,
    0x00, 0x00, 0x00, 0x00, 0x00, 0x00, 0x00, 0x00, 0x00, 0x00, 0x00, 0x00, 0x01, 0x80, 0x03, 0xC0,
    0x07, 0xE0, 0x0E, 0x70, 0x00, 0x00, 0x00, 0x00, 0x0F, 0xF0, 0x1F, 0xF8, 0x38, 0x1C, 0x30, 0x0C,
    0x30, 0x00, 0x30, 0x00, 0x30, 0x00, 0x30, 0x00, 0x30, 0x00, 0x30, 0x00, 0x30, 0x0C, 0x38, 0x1C,
    0x1F, 0xF8, 0x0F, 0xF0, 0x00, 0x00, 0x00, 0x00, 0x00, 0x00, 0x00, 0x00, 0x00, 0x00, 0x00, 0x00,
    0x00, 0x00, 0x01, 0x80, 0x01, 0x80, 0x01, 0x80, 0x01, 0x80, 0x00, 0x00, 0x0F, 0xF0, 0x1F, 0xF8,
    0x38, 0x1C, 0x30, 0x0C, 0x30, 0x0C, 0x30, 0x00, 0x30, 0x00, 0x30, 0x00, 0x30, 0x00, 0x30, 0x00,
    0x30, 0x00, 0x30, 0x00, 0x30, 0x00, 0x30, 0x00, 0x30, 0x00, 0x30, 0x0C, 0x30, 0x0C, 0x38, 0x1C,
    0x1F, 0xF8, 0x0F, 0xF0, 0x00, 0x00, 0x00, 0x00, 0x00, 0x00, 0x00, 0x00, 0x00, 0x00, 0x00, 0x00,
    0x00, 0x00, 0x00, 0x00, 0x00, 0x00, 0x00, 0x00, 0x00, 0x00, 0x00, 0x00, 0x01, 0x80, 0x01, 0x80,
    0x01, 0x80, 0x01, 0x80, 0x00, 0x00, 0x00, 0x00, 0x0F, 0xF0, 0x1F, 0xF8, 0x38, 0x1C, 0x30, 0x0C,
    0x30, 0x00, 0x30, 0x00, 0x30, 0x00, 0x30, 0x00, 0x30, 0x00, 0x30, 0x00, 0x30, 0x0C, 0x38, 0x1C,
    0x1F, 0xF8, 0x0F, 0xF0, 0x00, 0x00, 0x00, 0x00, 0x00, 0x00, 0x00, 0x00, 0x00, 0x00, 0x00, 0x00,
    0x00, 0x00, 0x0E, 0x70, 0x07, 0xE0, 0x03, 0xC0, 0x01, 0x80, 0x00, 0x00, 0x0F, 0xF0, 0x1F, 0xF8,
    0x38, 0x1C, 0x30, 0x0C, 0x30, 0x0C, 0x30, 0x00, 0x30, 0x00, 0x30, 0x00, 0x30, 0x00, 0x30, 0x00,
    0x30, 0x00, 0x30, 0x00, 0x30, 0x00, 0x30, 0x00, 0x30, 0x00, 0x30, 0x0C, 0x30, 0x0C, 0x38, 0x1C,
    0x1F, 0xF8, 0x0F, 0xF0, 0x00, 0x00, 0x00, 0x00, 0x00, 0x00, 0x00, 0x00, 0x00, 0x00, 0x00, 0x00,
    0x00, 0x00, 0x00, 0x00, 0x00, 0x00, 0x00, 0x00, 0x00, 0x00, 0x00, 0x00, 0x0E, 0x70, 0x07, 0xE0,
    0x03, 0xC0, 0x01, 0x80, 0x00, 0x00, 0x00, 0x00, 0x0F, 0xF0, 0x1F, 0xF8, 0x38, 0x1C, 0x30, 0x0C,
    0x30, 0x00, 0x30, 0x00, 0x30, 0x00, 0x30, 0x00, 0x30, 0x00, 0x30, 0x00, 0x30, 0x0C, 0x38, 0x1C,
    0x1F, 0xF8, 0x0F, 0xF0, 0x00, 0x00, 0x00, 0x00, 0x00, 0x00, 0x00, 0x00, 0x00, 0x00, 0x00, 0x00,
    0x00, 0x00, 0x0E, 0x70, 0x07, 0xE0, 0x03, 0xC0, 0x01, 0x80, 0x00, 0x00, 0x3F, 0xC0, 0x3F, 0xF0,
    0x30, 0x38, 0x30, 0x18, 0x30, 0x0C, 0x30, 0x0C, 0x30, 0x0C, 0x30, 0x0C, 0x30, 0x0C, 0x30, 0x0C,
    0x30, 0x0C, 0x30, 0x0C, 0x30, 0x0C, 0x30, 0x0C, 0x30, 0x0C, 0x30, 0x0C, 0x30, 0x18, 0x30, 0x38,
    0x3F, 0xF0, 0x3F, 0xC0, 0x00, 0x00, 0x00, 0x00, 0x00, 0x00, 0x00, 0x00, 0x00, 0x00, 0x00, 0x00,
    0x00, 0x00, 0x0E, 0x70, 0x07, 0xE0, 0x03, 0xC0, 0x01, 0x80, 0x00, 0x00, 0x00, 0x0C, 0x00, 0x0C,
    0x00, 0x0C, 0x00, 0x0C, 0x00, 0x0C, 0x00, 0x0C, 0x0F, 0xFC, 0x1F, 0xFC, 0x38, 0x0C, 0x30, 0x0C,
    0x30, 0x0C, 0x30, 0x0C, 0x30, 0x0C, 0x30, 0x0C, 0x30, 0x0C, 0x30, 0x0C, 0x30, 0x0C, 0x38, 0x0C,
    0x1F, 0xFC, 0x0F, 0xFC, 0x00, 0x00, 0x00, 0x00, 0x00, 0x00, 0x00, 0x00, 0x00, 0x00, 0x00, 0x00,
    0x00, 0x00, 0x00, 0x00, 0x00, 0x00, 0x00, 0x00, 0x00, 0x00, 0x00, 0x00, 0x3F, 0xC0, 0x3F, 0xF0,
    0x30, 0x38, 0x30, 0x18, 0x30, 0x0C, 0x30, 0x0C, 0x30, 0x0C, 0x30, 0x0C, 0x30, 0x0C, 0x7F, 0x8C,
    0x7F, 0x8C, 0x30, 0x0C, 0x30, 0x0C, 0x30, 0x0C, 0x30, 0x0C, 0x30, 0x0C, 0x30, 0x18, 0x30, 0x38,
    0x3F, 0xF0, 0x3F, 0xC0, 0x00, 0x00, 0x00, 0x00, 0x00, 0x00, 0x00, 0x00, 0x00, 0x00, 0x00, 0x00,
    0x00, 0x00, 0x00, 0x00, 0x00, 0x00, 0x00, 0x00, 0x00, 0x00, 0x00, 0x00, 0x00, 0x0C, 0x00, 0x0C,
    0x01, 0xFF, 0x01, 0xFF, 0x00, 0x0C, 0x00, 0x0C, 0x0F, 0xFC, 0x1F, 0xFC, 0x38, 0x0C, 0x30, 0x0C,
    0x30, 0x0C, 0x30, 0x0C, 0x30, 0x0C, 0x30, 0x0C, 0x30, 0x0C, 0x30, 0x0C, 0x30, 0x0C, 0x38, 0x0C,
    0x1F, 0xFC, 0x0F, 0xFC, 0x00, 0x00, 0x00, 0x00, 0x00, 0x00, 0x00, 0x00, 0x00, 0x00, 0x00, 0x00,
    0x00, 0x00, 0x00, 0x00, 0x0F, 0xF0, 0x0F, 0xF0, 0x00, 0x00, 0x00, 0x00, 0x3F, 0xFC, 0x3F, 0xFC,
    0x30, 0x00, 0x30, 0x00, 0x30, 0x00, 0x30, 0x00, 0x30, 0x00, 0x30, 0x00, 0x30, 0x00, 0x3F, 0xE0,
    0x3F, 0xE0, 0x30, 0x00, 0x30, 0x00, 0x30, 0x00, 0x30, 0x00, 0x30, 0x00, 0x30, 0x00, 0x30, 0x00,
    0x3F, 0xFC, 0x3F, 0xFC, 0x00, 0x00, 0x00, 0x00, 0x00, 0x00, 0x00, 0x00, 0x00, 0x00, 0x00, 0x00,
    0x00, 0x00, 0x00, 0x00, 0x00, 0x00, 0x00, 0x00, 0x00, 0x00, 0x00, 0x00, 0x00, 0x00, 0x00, 0x00,
    0x0F, 0xF0, 0x0F, 0xF0, 0x00, 0x00, 0x00, 0x00, 0x0F, 0xF0, 0x1F, 0xF8, 0x38, 0x1C, 0x30, 0x0C,
    0x30, 0x0C, 0x30, 0x0C, 0x3F, 0xFC, 0x3F, 0xFC, 0x30, 0x00, 0x30, 0x00, 0x30, 0x00, 0x38, 0x0C,
    0x1F, 0xFC, 0x0F, 0xF8, 0x00, 0x00, 0x00, 0x00, 0x00, 0x00, 0x00, 0x00, 0x00, 0x00, 0x00, 0x00,
    0x00, 0x00, 0x0C, 0x30, 0x0C, 0x30, 0x07, 0xE0, 0x03, 0xC0, 0x00, 0x00, 0x3F, 0xFC, 0x3F, 0xFC,
    0x30, 0x00, 0x30, 0x00, 0x30, 0x00, 0x30, 0x00, 0x30, 0x00, 0x30, 0x00, 0x30, 0x00, 0x3F, 0xE0,
    0x3F, 0xE0, 0x30, 0x00, 0x30, 0x00, 0x30, 0x00, 0x30, 0x00, 0x30, 0x00, 0x30, 0x00, 0x30, 0x00,
    0x3F, 0xFC, 0x3F, 0xFC, 0x00, 0x00, 0x00, 0x00, 0x00, 0x00, 0x00, 0x00, 0x00, 0x00, 0x00, 0x00,
    0x00, 0x00, 0x00, 0x00, 0x00, 0x00, 0x00, 0x00, 0x00, 0x00, 0x00, 0x00, 0x0C, 0x30, 0x0C, 0x30,
    0x07, 0xE0, 0x03, 0xC0, 0x00, 0x00, 0x00, 0x00, 0x0F, 0xF0, 0x1F, 0xF8, 0x38, 0x1C, 0x30, 0x0C,
    0x30, 0x0C, 0x30, 0x0C, 0x3F, 0xFC, 0x3F, 0xFC, 0x30, 0x00, 0x30, 0x00, 0x30, 0x00, 0x38, 0x0C,
    0x1F, 0xFC, 0x0F, 0xF8, 0x00, 0x00, 0x00, 0x00, 0x00, 0x00, 0x00, 0x00, 0x00, 0x00, 0x00, 0x00,
    0x00, 0x00, 0x01, 0x80, 0x01, 0x80, 0x01, 0x80, 0x01, 0x80, 0x00, 0x00, 0x3F, 0xFC, 0x3F, 0xFC,
    0x30, 0x00, 0x30, 0x00, 0x30, 0x00, 0x30, 0x00, 0x30, 0x00, 0x30, 0x00, 0x30, 0x00, 0x3F, 0xE0,
    0x3F, 0xE0, 0x30, 0x00, 0x30, 0x00, 0x30, 0x00, 0x30, 0x00, 0x30, 0x00, 0x30, 0x00, 0x30, 0x00,
    0x3F, 0xFC, 0x3F, 0xFC, 0x00, 0x00, 0x00, 0x00, 0x00, 0x00, 0x00, 0x00, 0x00, 0x00, 0x00, 0x00,
    0x00, 0x00, 0x00, 0x00, 0x00, 0x00, 0x00, 0x00, 0x00, 0x00, 0x00, 0x00, 0x01, 0x80, 0x01, 0x80,
    0x01, 0x80, 0x01, 0x80, 0x00, 0x00, 0x00, 0x00, 0x0F, 0xF0, 0x1F, 0xF8, 0x38, 0x1C, 0x30, 0x0C,
    0x30, 0x0C, 0x30, 0x0C, 0x3F, 0xFC, 0x3F, 0xFC, 0x30, 0x00, 0x30, 0x00, 0x30, 0x00, 0x38, 0x0C,
    0x1F, 0xFC, 0x0F, 0xF8, 0x00, 0x00, 0x00, 0x00, 0x00, 0x00, 0x00, 0x00, 0x00, 0x00, 0x00, 0x00,
    0x00, 0x00, 0x00, 0x00, 0x00, 0x00, 0x00, 0x00, 0x00, 0x00, 0x00, 0x00, 0x3F, 0xFC, 0x3F, 0xFC,
    0x30, 0x00, 0x30, 0x00, 0x30, 0x00, 0x30, 0x00, 0x30, 0x00, 0x30, 0x00, 0x30, 0x00, 0x3F, 0xE0,
    0x3F, 0xE0, 0x30, 0x00, 0x30, 0x00, 0x30, 0x00, 0x30, 0x00, 0x30, 0x00, 0x30, 0x00, 0x30, 0x00,
    0x3F, 0xFC, 0x3F, 0xFC, 0x00, 0x3C, 0x00, 0x70, 0x00, 0x60, 0x00, 0x7C, 0x00, 0x3C, 0x00, 0x00,
    0x00, 0x00, 0x00, 0x00, 0x00, 0x00, 0x00, 0x00, 0x00, 0x00, 0x00, 0x00, 0x00, 0x00, 0x00, 0x00,
    0x00, 0x00, 0x00, 0x00, 0x00, 0x00, 0x00, 0x00, 0x0F, 0xF0, 0x1F, 0xF8, 0x38, 0x1C, 0x30, 0x0C,
    0x30, 0x0C, 0x30, 0x0C, 0x3F, 0xFC, 0x3F, 0xFC, 0x30, 0x00, 0x30, 0x00, 0x30, 0x00, 0x38, 0x0C,
    0x1F, 0xFC, 0x0F, 0xF8, 0x01, 0xC0, 0x03, 0x80, 0x03, 0x00, 0x03, 0xE0, 0x01, 0xE0, 0x00, 0x00,
    0x00, 0x00, 0x0E, 0x70, 0x07, 0xE0, 0x03, 0xC0, 0x01, 0x80, 0x00, 0x00, 0x3F, 0xFC, 0x3F, 0xFC,
    0x30, 0x00, 0x30, 0x00, 0x30, 0x00, 0x30, 0x00, 0x30, 0x00, 0x30, 0x00, 0x30, 0x00, 0x3F, 0xE0,
    0x3F, 0xE0, 0x30, 0x00, 0x30, 0x00, 0x30, 0x00, 0x30, 0x00, 0x30, 0x00, 0x30, 0x00, 0x30, 0x00,
    0x3F, 0xFC, 0x3F, 0xFC, 0x00, 0x00, 0x00, 0x00, 0x00, 0x00, 0x00, 0x00, 0x00, 0x00, 0x00, 0x00,
    0x00, 0x00, 0x00, 0x00, 0x00, 0x00, 0x00, 0x00, 0x00, 0x00, 0x00, 0x00, 0x0E, 0x70, 0x07, 0xE0,
    0x03, 0xC0, 0x01, 0x80, 0x00, 0x00, 0x00, 0x00, 0x0F, 0xF0, 0x1F, 0xF8, 0x38, 0x1C, 0x30, 0x0C,
    0x30, 0x0C, 0x30, 0x0C, 0x3F, 0xFC, 0x3F, 0xFC, 0x30, 0x00, 0x30, 0x00, 0x30, 0x00, 0x38, 0x0C,
    0x1F, 0xFC, 0x0F, 0xF8, 0x00, 0x00, 0x00, 0x00, 0x00, 0x00, 0x00, 0x00, 0x00, 0x00, 0x00, 0x00,
    0x00, 0x00, 0x01, 0x80, 0x03, 0xC0, 0x07, 0xE0, 0x0E, 0x70, 0x00, 0x00, 0x0F, 0xF0, 0x1F, 0xF8,
    0x38, 0x1C, 0x30, 0x0C, 0x30, 0x0C, 0x30, 0x00, 0x30, 0x00, 0x30, 0x00, 0x30, 0x00, 0x30, 0xFC,
    0x30, 0xFC, 0x30, 0x0C, 0x30, 0x0C, 0x30, 0x0C, 0x30, 0x0C, 0x30, 0x0C, 0x30, 0x0C, 0x38, 0x1C,
    0x1F, 0xF8, 0x0F, 0xF0, 0x00, 0x00, 0x00, 0x00, 0x00, 0x00, 0x00, 0x00, 0x00, 0x00, 0x00, 0x00,
    0x00, 0x00, 0x00, 0x00, 0x00, 0x00, 0x00, 0x00, 0x00, 0x00, 0x00, 0x00, 0x01, 0x80, 0x03, 0xC0,
    0x07, 0xE0, 0x0E, 0x70, 0x00, 0x00, 0x00, 0x00, 0x0F, 0xFC, 0x1F, 0xFC, 0x38, 0x0C, 0x30, 0x0C,
    0x30, 0x0C, 0x30, 0x0C, 0x30, 0x0C, 0x30, 0x0C, 0x30, 0x0C, 0x30, 0x0C, 0x30, 0x0C, 0x38, 0x0C,
    0x1F, 0xFC, 0x0F, 0xFC, 0x00, 0x0C, 0x00, 0x0C, 0x00, 0x1C, 0x1F, 0xF8, 0x1F, 0xF0, 0x00, 0x00,
    0x00, 0x00, 0x0C, 0x30, 0x0C, 0x30, 0x07, 0xE0, 0x03, 0xC0, 0x00, 0x00, 0x0F, 0xF0, 0x1F, 0xF8,
    0x38, 0x1C, 0x30, 0x0C, 0x30, 0x0C, 0x30, 0x00, 0x30, 0x00, 0x30, 0x00, 0x30, 0x00, 0x30, 0xFC,
    0x30, 0xFC, 0x30, 0x0C, 0x30, 0x0C, 0x30, 0x0C, 0x30, 0x0C, 0x30, 0x0C, 0x30, 0x0C, 0x38, 0x1C,
    0x1F, 0xF8, 0x0F, 0xF0, 0x00, 0x00, 0x00, 0x00, 0x00, 0x00, 0x00, 0x00, 0x00, 0x00, 0x00, 0x00,
    0x00, 0x00, 0x00, 0x00, 0x00, 0x00, 0x00, 0x00, 0x00, 0x00, 0x00, 0x00, 0x0C, 0x30, 0x0C, 0x30,
    0x07, 0xE0, 0x03, 0xC0, 0x00, 0x00, 0x00, 0x00, 0x0F, 0xFC, 0x1F, 0xFC, 0x38, 0x0C, 0x30, 0x0C,
    0x30, 0x0C, 0x30, 0x0C, 0x30, 0x0C, 0x30, 0x0C, 0x30, 0x0C, 0x30, 0x0C, 0x30, 0x0C, 0x38, 0x0C,
    0x1F, 0xFC, 0x0F, 0xFC, 0x00, 0x0C, 0x00, 0x0C, 0x00, 0x1C, 0x1F, 0xF8, 0x1F, 0xF0, 0x00, 0x00,
    0x00, 0x00, 0x01, 0x80, 0x01, 0x80, 0x01, 0x80, 0x01, 0x80, 0x00, 0x00, 0x0F, 0xF0, 0x1F, 0xF8,
    0x38, 0x1C, 0x30, 0x0C, 0x30, 0x0C, 0x30, 0x00, 0x30, 0x00, 0x30, 0x00, 0x30, 0x00, 0x30, 0xFC,
    0x30, 0xFC, 0x30, 0x0C, 0x30, 0x0C, 0x30, 0x0C, 0x30, 0x0C, 0x30, 0x0C, 0x30, 0x0C, 0x38, 0x1C,
    0x1F, 0xF8, 0x0F, 0xF0, 0x00, 0x00, 0x00, 0x00, 0x00, 0x00, 0x00, 0x00, 0x00, 0x00, 0x00, 0x00,
    0x00, 0x00, 0x00, 0x00, 0x00, 0x00, 0x00, 0x00, 0x00, 0x00, 0x00, 0x00, 0x00, 0xC0, 0x00, 0xC0,
    0x00, 0xC0, 0x00, 0xC0, 0x00, 0x00, 0x00, 0x00, 0x0F, 0xFC, 0x1F, 0xFC, 0x38, 0x0C, 0x30, 0x0C,
    0x30, 0x0C, 0x30, 0x0C, 0x30, 0x0C, 0x30, 0x0C, 0x30, 0x0C, 0x30, 0x0C, 0x30, 0x0C, 0x38, 0x0C,
    0x1F, 0xFC, 0x0F, 0xFC, 0x00, 0x0C, 0x00, 0x0C, 0x00, 0x1C, 0x1F, 0xF8, 0x1F, 0xF0, 0x00, 0x00,
    0x00, 0x00, 0x00, 0x00, 0x00, 0x00, 0x00, 0x00, 0x00, 0x00, 0x00, 0x00, 0x0F, 0xF0, 0x1F, 0xF8,
    0x38, 0x1C, 0x30, 0x0C, 0x30, 0x0C, 0x30, 0x00, 0x30, 0x00, 0x30, 0x00, 0x30, 0x00, 0x30, 0xFC,
    0x30, 0xFC, 0x30, 0x0C, 0x30, 0x0C, 0x30, 0x0C, 0x30, 0x0C, 0x30, 0x0C, 0x30, 0x0C, 0x38, 0x1C,
    0x1F, 0xF8, 0x0F, 0xF0, 0x00, 0x00, 0x01, 0x80, 0x01, 0x80, 0x03, 0x80, 0x03, 0x00, 0x06, 0x00,
    0x00, 0x00, 0x00, 0x00, 0x00, 0x00, 0x00, 0x00, 0x00, 0x00, 0x00, 0x00, 0x00, 0x30, 0x00, 0x60,
    0x00, 0xE0, 0x00, 0xC0, 0x00, 0xC0, 0x00, 0x00, 0x0F, 0xFC, 0x1F, 0xFC, 0x38, 0x0C, 0x30, 0x0C,
    0x30, 0x0C, 0x30, 0x0C, 0x30, 0x0C, 0x30, 0x0C, 0x30, 0x0C, 0x30, 0x0C, 0x30, 0x0C, 0x38, 0x0C,
    0x1F, 0xFC, 0x0F, 0xFC, 0x00, 0x0C, 0x00, 0x0C, 0x00, 0x1C, 0x1F, 0xF8, 0x1F, 0xF0, 0x00, 0x00,
    0x00, 0x00, 0x01, 0x80, 0x03, 0xC0, 0x07, 0xE0, 0x0E, 0x70, 0x00, 0x00, 0x30, 0x0C, 0x30, 0x0C,
    0x30, 0x0C, 0x30, 0x0C, 0x30, 0x0C, 0x30, 0x0C, 0x30, 0x0C, 0x30, 0x0C, 0x30, 0x0C, 0x3F, 0xFC,
    0x3F, 0xFC, 0x30, 0x0C, 0x30, 0x0C, 0x30, 0x0C, 0x30, 0x0C, 0x30, 0x0C, 0x30, 0x0C, 0x30, 0x0C,
    0x30, 0x0C, 0x30, 0x0C, 0x00, 0x00, 0x00, 0x00, 0x00, 0x00, 0x00, 0x00, 0x00, 0x00, 0x00, 0x00,
    0x00, 0x00, 0x01, 0x80, 0x03, 0xC0, 0x07, 0xE0, 0x0E, 0x70, 0x00, 0x00, 0x30, 0x00, 0x30, 0x00,
    0x30, 0x00, 0x30, 0x00, 0x30, 0x00, 0x30, 0x00, 0x3F, 0xF0, 0x3F, 0xF8, 0x30, 0x1C, 0x30, 0x0C,
    0x30, 0x0C, 0x30, 0x0C, 0x30, 0x0C, 0x30, 0x0C, 0x30, 0x0C, 0x30, 0x0C, 0x30, 0x0C, 0x30, 0x0C,
    0x30, 0x0C, 0x30, 0x0C, 0x00, 0x00, 0x00, 0x00, 0x00, 0x00, 0x00, 0x00, 0x00, 0x00, 0x00, 0x00,
    0x00, 0x00, 0x00, 0x00, 0x00, 0x00, 0x00, 0x00, 0x00, 0x00, 0x00, 0x00, 0x30, 0x0C, 0x30, 0x0C,
    0x30, 0x0C, 0x7F, 0xFE, 0x7F, 0xFE, 0x30, 0x0C, 0x30, 0x0C, 0x30, 0x0C, 0x30, 0x0C, 0x3F, 0xFC,
    0x3F, 0xFC, 0x30, 0x0C, 0x30, 0x0C, 0x30, 0x0C, 0x30, 0x0C, 0x30, 0x0C, 0x30, 0x0C, 0x30, 0x0C,
    0x30, 0x0C, 0x30, 0x0C, 0x00, 0x00, 0x00, 0x00, 0x00, 0x00, 0x00, 0x00, 0x00, 0x00, 0x00, 0x00,
    0x00, 0x00, 0x00, 0x00, 0x00, 0x00, 0x00, 0x00, 0x00, 0x00, 0x00, 0x00, 0x30, 0x00, 0x30, 0x00,
    0xFF, 0x80, 0xFF, 0x80, 0x30, 0x00, 0x30, 0x00, 0x3F, 0xF0, 0x3F, 0xF8, 0x30, 0x1C, 0x30, 0x0C,
    0x30, 0x0C, 0x30, 0x0C, 0x30, 0x0C, 0x30, 0x0C, 0x30, 0x0C, 0x30, 0x0C, 0x30, 0x0C, 0x30, 0x0C,
    0x30, 0x0C, 0x30, 0x0C, 0x00, 0x00, 0x00, 0x00, 0x00, 0x00, 0x00, 0x00, 0x00, 0x00, 0x00, 0x00,
    0x00, 0x00, 0x0F, 0x18, 0x1B, 0x98, 0x19, 0xD8, 0x18, 0xF0, 0x00, 0x00, 0x07, 0xE0, 0x07, 0xE0,
    0x01, 0x80, 0x01, 0x80, 0x01, 0x80, 0x01, 0x80, 0x01, 0x80, 0x01, 0x80, 0x01, 0x80, 0x01, 0x80,
    0x01, 0x80, 0x01, 0x80, 0x01, 0x80, 0x01, 0x80, 0x01, 0x80, 0x01, 0x80, 0x01, 0x80, 0x01, 0x80,
    0x07, 0xE0, 0x07, 0xE0, 0x00, 0x00, 0x00, 0x00, 0x00, 0x00, 0x00, 0x00, 0x00, 0x00, 0x00, 0x00,
    0x00, 0x00, 0x00, 0x00, 0x00, 0x00, 0x00, 0x00, 0x00, 0x00, 0x00, 0x00, 0x0F, 0x18, 0x1B, 0x98,
    0x19, 0xD8, 0x18, 0xF0, 0x00, 0x00, 0x00, 0x00, 0x07, 0x80, 0x07, 0x80, 0x01, 0x80, 0x01, 0x80,
    0x01, 0x80, 0x01, 0x80, 0x01, 0x80, 0x01, 0x80, 0x01, 0x80, 0x01, 0x80, 0x01, 0x80, 0x01, 0x80,
    0x07, 0xE0, 0x07, 0xE0, 0x00, 0x00, 0x00, 0x00, 0x00, 0x00, 0x00, 0x00, 0x00, 0x00, 0x00, 0x00,
    0x00, 0x00, 0x00, 0x00, 0x0F, 0xF0, 0x0F, 0xF0, 0x00, 0x00, 0x00, 0x00, 0x07, 0xE0, 0x07, 0xE0,
    0x01, 0x80, 0x01, 0x80, 0x01, 0x80, 0x01, 0x80, 0x01, 0x80, 0x01, 0x80, 0x01, 0x80, 0x01, 0x80,
    0x01, 0x80, 0x01, 0x80, 0x01, 0x80, 0x01, 0x80, 0x01, 0x80, 0x01, 0x80, 0x01, 0x80, 0x01, 0x80,
    0x07, 0xE0, 0x07, 0xE0, 0x00, 0x00, 0x00, 0x00, 0x00, 0x00, 0x00, 0x00, 0x00, 0x00, 0x00, 0x00,
    0x00, 0x00, 0x00, 0x00, 0x00, 0x00, 0x00, 0x00, 0x00, 0x00, 0x00, 0x00, 0x00, 0x00, 0x00, 0x00,
    0x0F, 0xF0, 0x0F, 0xF0, 0x00, 0x00, 0x00, 0x00, 0x07, 0x80, 0x07, 0x80, 0x01, 0x80, 0x01, 0x80,
    0x01, 0x80, 0x01, 0x80, 0x01, 0x80, 0x01, 0x80, 0x01, 0x80, 0x01, 0x80, 0x01, 0x80, 0x01, 0x80,
    0x07, 0xE0, 0x07, 0xE0, 0x00, 0x00, 0x00, 0x00, 0x00, 0x00, 0x00, 0x00, 0x00, 0x00, 0x00, 0x00,
    0x00, 0x00, 0x0C, 0x30, 0x0C, 0x30, 0x07, 0xE0, 0x03, 0xC0, 0x00, 0x00, 0x07, 0xE0, 0x07, 0xE0,
    0x01, 0x80, 0x01, 0x80, 0x01, 0x80, 0x01, 0x80, 0x01, 0x80, 0x01, 0x80, 0x01, 0x80, 0x01, 0x80,
    0x01, 0x80, 0x01, 0x80, 0x01, 0x80, 0x01, 0x80, 0x01, 0x80, 0x01, 0x80, 0x01, 0x80, 0x01, 0x80,
    0x07, 0xE0, 0x07, 0xE0, 0x00, 0x00, 0x00, 0x00, 0x00, 0x00, 0x00, 0x00, 0x00, 0x00, 0x00, 0x00,
    0x00, 0x00, 0x00, 0x00, 0x00, 0x00, 0x00, 0x00, 0x00, 0x00, 0x00, 0x00, 0x0C, 0x30, 0x0C, 0x30,
    0x07, 0xE0, 0x03, 0xC0, 0x00, 0x00, 0x00, 0x00, 0x07, 0x80, 0x07, 0x80, 0x01, 0x80, 0x01, 0x80,
    0x01, 0x80, 0x01, 0x80, 0x01, 0x80, 0x01, 0x80, 0x01, 0x80, 0x01, 0x80, 0x01, 0x80, 0x01, 0x80,
    0x07, 0xE0, 0x07, 0xE0, 0x00, 0x00, 0x00, 0x00, 0x00, 0x00, 0x00, 0x00, 0x00, 0x00, 0x00, 0x00,
    0x00, 0x00, 0x00, 0x00, 0x00, 0x00, 0x00, 0x00, 0x00, 0x00, 0x00, 0x00, 0x07, 0xE0, 0x07, 0xE0,
    0x01, 0x80, 0x01, 0x80, 0x01, 0x80, 0x01, 0x80, 0x01, 0x80, 0x01, 0x80, 0x01, 0x80, 0x01, 0x80,
    0x01, 0x80, 0x01, 0x80, 0x01, 0x80, 0x01, 0x80, 0x01, 0x80, 0x01, 0x80, 0x01, 0x80, 0x01, 0x80,
    0x07, 0xE0, 0x07, 0xE0, 0x01, 0x80, 0x03, 0x80, 0x03, 0x00, 0x03, 0xE0, 0x01, 0xE0, 0x00, 0x00,
    0x00, 0x00, 0x00, 0x00, 0x00, 0x00, 0x00, 0x00, 0x00, 0x00, 0x00, 0x00, 0x01, 0x80, 0x01, 0x80,
    0x01, 0x80, 0x01, 0x80, 0x00, 0x00, 0x00, 0x00, 0x07, 0x80, 0x07, 0x80, 0x01, 0x80, 0x01, 0x80,
    0x01, 0x80, 0x01, 0x80, 0x01, 0x80, 0x01, 0x80, 0x01, 0x80, 0x01, 0x80, 0x01, 0x80, 0x01, 0x80,
    0x07, 0xE0, 0x07, 0xE0, 0x01, 0x80, 0x03, 0x80, 0x03, 0x00, 0x03, 0xE0, 0x01, 0xE0, 0x00, 0x00,
    0x00, 0x00, 0x01, 0x80, 0x01, 0x80, 0x01, 0x80, 0x01, 0x80, 0x00, 0x00, 0x07, 0xE0, 0x07, 0xE0,
    0x01, 0x80, 0x01, 0x80, 0x01, 0x80, 0x01, 0x80, 0x01, 0x80, 0x01, 0x80, 0x01, 0x80, 0x01, 0x80,
    0x01, 0x80, 0x01, 0x80, 0x01, 0x80, 0x01, 0x80, 0x01, 0x80, 0x01, 0x80, 0x01, 0x80, 0x01, 0x80,
    0x07, 0xE0, 0x07, 0xE0, 0x00, 0x00, 0x00, 0x00, 0x00, 0x00, 0x00, 0x00, 0x00, 0x00, 0x00, 0x00,
    0x00, 0x00, 0x00, 0x00, 0x00, 0x00, 0x00, 0x00, 0x00, 0x00, 0x00, 0x00, 0x00, 0x00, 0x00, 0x00,
    0x00, 0x00, 0x00, 0x00, 0x00, 0x00, 0x00, 0x00, 0x07, 0x80, 0x07, 0x80, 0x01, 0x80, 0x01, 0x80,
    0x01, 0x80, 0x01, 0x80, 0x01, 0x80, 0x01, 0x80, 0x01, 0x80, 0x01, 0x80, 0x01, 0x80, 0x01, 0x80,
    0x07, 0xE0, 0x07, 0xE0, 0x00, 0x00, 0x00, 0x00, 0x00, 0x00, 0x00, 0x00, 0x00, 0x00, 0x00, 0x00,
    0x00, 0x00, 0x00, 0x00, 0x00, 0x00, 0x00, 0x00, 0x00, 0x00, 0x00, 0x00, 0xF0, 0x1E, 0xF0, 0x1E,
    0x60, 0x0C, 0x60, 0x0C, 0x60, 0x0C, 0x60, 0x0C, 0x60, 0x0C, 0x60, 0x0C, 0x60, 0x0C, 0x60, 0x0C,
    0x60, 0x0C, 0x60, 0x0C, 0x60, 0x0C, 0x60, 0x0C, 0x63, 0x0C, 0x63, 0x0C, 0x63, 0x0C, 0x63, 0x9C,
    0xF1, 0xF8, 0xF0, 0xF0, 0x00, 0x00, 0x00, 0x00, 0x00, 0x00, 0x00, 0x00, 0x00, 0x00, 0x00, 0x00,
    0x00, 0x00, 0x00, 0x00, 0x00, 0x00, 0x00, 0x00, 0x00, 0x00, 0x00, 0x00, 0x30, 0x06, 0x30, 0x06,
    0x30, 0x06, 0x30, 0x06, 0x00, 0x00, 0x00, 0x00, 0x70, 0x1E, 0x70, 0x1E, 0x30, 0x06, 0x30, 0x06,
    0x30, 0x06, 0x30, 0x06, 0x30, 0x06, 0x30, 0x06, 0x30, 0x06, 0x30, 0x06, 0x30, 0x06, 0x30, 0x06,
    0x78, 0x06, 0x78, 0x06, 0x01, 0x86, 0x01, 0x86, 0x01, 0xCE, 0x00, 0xFC, 0x00, 0x78, 0x00, 0x00,
    0x00, 0x00, 0x00, 0x18, 0x00, 0x3C, 0x00, 0x7E, 0x00, 0xE7, 0x00, 0x00, 0x00, 0x7E, 0x00, 0x7E,
    0x00, 0x18, 0x00, 0x18, 0x00, 0x18, 0x00, 0x18, 0x00, 0x18, 0x00, 0x18, 0x00, 0x18, 0x00, 0x18,
    0x00, 0x18, 0x00, 0x18, 0x00, 0x18, 0x00, 0x18, 0x30, 0x18, 0x30, 0x18, 0x30, 0x18, 0x38, 0x38,
    0x1F, 0xF0, 0x0F, 0xE0, 0x00, 0x00, 0x00, 0x00, 0x00, 0x00, 0x00, 0x00, 0x00, 0x00, 0x00, 0x00,
    0x00, 0x00, 0x00, 0x00, 0x00, 0x00, 0x00, 0x00, 0x00, 0x00, 0x00, 0x00, 0x00, 0x18, 0x00, 0x3C,
    0x00, 0x7E, 0x00, 0xE7, 0x00, 0x00, 0x00, 0x00, 0x00, 0x78, 0x00, 0x78, 0x00, 0x18, 0x00, 0x18,
    0x00, 0x18, 0x00, 0x18, 0x00, 0x18, 0x00, 0x18, 0x00, 0x18, 0x00, 0x18, 0x00, 0x18, 0x00, 0x18,
    0x00, 0x18, 0x00, 0x18, 0x18, 0x18, 0x18, 0x18, 0x1C, 0x38, 0x0F, 0xF0, 0x07, 0xE0, 0x00, 0x00,
    0x00, 0x00, 0x00, 0x00, 0x00, 0x00, 0x00, 0x00, 0x00, 0x00, 0x00, 0x00, 0x30, 0x0C, 0x30, 0x1C,
    0x30, 0x38, 0x30, 0x70, 0x30, 0xE0, 0x31, 0xC0, 0x33, 0x80, 0x37, 0x00, 0x3E, 0x00, 0x3C, 0x00,
    0x3C, 0x00, 0x3E, 0x00, 0x37, 0x00, 0x33, 0x80, 0x31, 0xC0, 0x30, 0xE0, 0x30, 0x70, 0x30, 0x38,
    0x30, 0x1C, 0x30, 0x0C, 0x00, 0x00, 0x01, 0x80, 0x01, 0x80, 0x03, 0x80, 0x03, 0x00, 0x06, 0x00,
    0x00, 0x00, 0x00, 0x00, 0x00, 0x00, 0x00, 0x00, 0x00, 0x00, 0x00, 0x00, 0x18, 0x00, 0x18, 0x00,
    0x18, 0x00, 0x18, 0x00, 0x18, 0x00, 0x18, 0x00, 0x18, 0x1C, 0x18, 0x38, 0x18, 0x70, 0x18, 0xE0,
    0x19, 0xC0, 0x1B, 0x80, 0x1F, 0x00, 0x1F, 0x00, 0x1B, 0x80, 0x19, 0xC0, 0x18, 0xE0, 0x18, 0x70,
    0x18, 0x38, 0x18, 0x1C, 0x00, 0x00, 0x01, 0x80, 0x01, 0x80, 0x03, 0x80, 0x03, 0x00, 0x06, 0x00,
    0x00, 0x00, 0x00, 0x00, 0x00, 0x00, 0x00, 0x00, 0x00, 0x00, 0x00, 0x00, 0x00, 0x00, 0x00, 0x00,
    0x00, 0x00, 0x00, 0x00, 0x00, 0x00, 0x00, 0x00, 0x18, 0x1C, 0x18, 0x38, 0x18, 0x70, 0x18, 0xE0,
    0x19, 0xC0, 0x1B, 0x80, 0x1F, 0x00, 0x1F, 0x00, 0x1B, 0x80, 0x19, 0xC0, 0x18, 0xE0, 0x18, 0x70,
    0x18, 0x38, 0x18, 0x1C, 0x00, 0x00, 0x00, 0x00, 0x00, 0x00, 0x00, 0x00, 0x00, 0x00, 0x00, 0x00,
    0x00, 0x00, 0x07, 0x00, 0x0E, 0x00, 0x1C, 0x00, 0x38, 0x00, 0x00, 0x00, 0x30, 0x00, 0x30, 0x00,
    0x30, 0x00, 0x30, 0x00, 0x30, 0x00, 0x30, 0x00, 0x30, 0x00, 0x30, 0x00, 0x30, 0x00, 0x30, 0x00,
    0x30, 0x00, 0x30, 0x00, 0x30, 0x00, 0x30, 0x00, 0x30, 0x00, 0x30, 0x00, 0x30, 0x00, 0x30, 0x00,
    0x3F, 0xFC, 0x3F, 0xFC, 0x00, 0x00, 0x00, 0x00, 0x00, 0x00, 0x00, 0x00, 0x00, 0x00, 0x00, 0x00,
    0x00, 0x00, 0x00, 0x70, 0x00, 0xE0, 0x01, 0xC0, 0x03, 0x80, 0x00, 0x00, 0x07, 0x80, 0x07, 0x80,
    0x01, 0x80, 0x01, 0x80, 0x01, 0x80, 0x01, 0x80, 0x01, 0x80, 0x01, 0x80, 0x01, 0x80, 0x01, 0x80,
    0x01, 0x80, 0x01, 0x80, 0x01, 0x80, 0x01, 0x80, 0x01, 0x80, 0x01, 0x80, 0x01, 0x80, 0x01, 0x80,
    0x07, 0xE0, 0x07, 0xE0, 0x00, 0x00, 0x00, 0x00, 0x00, 0x00, 0x00, 0x00, 0x00, 0x00, 0x00, 0x00,
    0x00, 0x00, 0x00, 0x00, 0x00, 0x00, 0x00, 0x00, 0x00, 0x00, 0x00, 0x00, 0x30, 0x00, 0x30, 0x00,
    0x30, 0x00, 0x30, 0x00, 0x30, 0x00, 0x30, 0x00, 0x30, 0x00, 0x30, 0x00, 0x30, 0x00, 0x30, 0x00,
    0x30, 0x00, 0x30, 0x00, 0x30, 0x00, 0x30, 0x00, 0x30, 0x00, 0x30, 0x00, 0x30, 0x00, 0x30, 0x00,
    0x3F, 0xFC, 0x3F, 0xFC, 0x00, 0x00, 0x01, 0x80, 0x01, 0x80, 0x03, 0x80, 0x03, 0x00, 0x06, 0x00,
    0x00, 0x00, 0x00, 0x00, 0x00, 0x00, 0x00, 0x00, 0x00, 0x00, 0x00, 0x00, 0x07, 0x80, 0x07, 0x80,
    0x01, 0x80, 0x01, 0x80, 0x01, 0x80, 0x01, 0x80, 0x01, 0x80, 0x01, 0x80, 0x01, 0x80, 0x01, 0x80,
    0x01, 0x80, 0x01, 0x80, 0x01, 0x80, 0x01, 0x80, 0x01, 0x80, 0x01, 0x80, 0x01, 0x80, 0x01, 0x80,
    0x07, 0xE0, 0x07, 0xE0, 0x00, 0x00, 0x01, 0x80, 0x01, 0x80, 0x03, 0x80, 0x03, 0x00, 0x06, 0x00,
    0x00, 0x00, 0x0E, 0x70, 0x07, 0xE0, 0x03, 0xC0, 0x01, 0x80, 0x00, 0x00, 0x30, 0x00, 0x30, 0x00,
    0x30, 0x00, 0x30, 0x00, 0x30, 0x00, 0x30, 0x00, 0x30, 0x00, 0x30, 0x00, 0x30, 0x00, 0x30, 0x00,
    0x30, 0x00, 0x30, 0x00, 0x30, 0x00, 0x30, 0x00, 0x30, 0x00, 0x30, 0x00, 0x30, 0x00, 0x30, 0x00,
    0x3F, 0xFC, 0x3F, 0xFC, 0x00, 0x00, 0x00, 0x00, 0x00, 0x00, 0x00, 0x00, 0x00, 0x00, 0x00, 0x00,
    0x00, 0x00, 0x0E, 0x70, 0x07, 0xE0, 0x03, 0xC0, 0x01, 0x80, 0x00, 0x00, 0x07, 0x80, 0x07, 0x80,
    0x01, 0x80, 0x01, 0x80, 0x01, 0x80, 0x01, 0x80, 0x01, 0x80, 0x01, 0x80, 0x01, 0x80, 0x01, 0x80,
    0x01, 0x80, 0x01, 0x80, 0x01, 0x80, 0x01, 0x80, 0x01, 0x80, 0x01, 0x80, 0x01, 0x80, 0x01, 0x80,
    0x07, 0xE0, 0x07, 0xE0, 0x00, 0x00, 0x00, 0x00, 0x00, 0x00, 0x00, 0x00, 0x00, 0x00, 0x00, 0x00,
    0x00, 0x00, 0x00, 0x00, 0x00, 0x00, 0x00, 0x00, 0x00, 0x00, 0x00, 0x00, 0x30, 0x00, 0x30, 0x00,
    0x30, 0x00, 0x30, 0x00, 0x30, 0x00, 0x30, 0x00, 0x30, 0x00, 0x30, 0x00, 0x30, 0x30, 0x30, 0x30,
    0x30, 0x30, 0x30, 0x30, 0x30, 0x00, 0x30, 0x00, 0x30, 0x00, 0x30, 0x00, 0x30, 0x00, 0x30, 0x00,
    0x3F, 0xFC, 0x3F, 0xFC, 0x00, 0x00, 0x00, 0x00, 0x00, 0x00, 0x00, 0x00, 0x00, 0x00, 0x00, 0x00,
    0x00, 0x00, 0x00, 0x00, 0x00, 0x00, 0x00, 0x00, 0x00, 0x00, 0x00, 0x00, 0x07, 0x80, 0x07, 0x80,
    0x01, 0x80, 0x01, 0x80, 0x01, 0x80, 0x01, 0x80, 0x01, 0x80, 0x01, 0x80, 0x01, 0x83, 0x01, 0x83,
    0x01, 0x83, 0x01, 0x83, 0x01, 0x80, 0x01, 0x80, 0x01, 0x80, 0x01, 0x80, 0x01, 0x80, 0x01, 0x80,
    0x07, 0xE0, 0x07, 0xE0, 0x00, 0x00, 0x00, 0x00, 0x00, 0x00, 0x00, 0x00, 0x00, 0x00, 0x00, 0x00,
    0x00, 0x00, 0x00, 0x00, 0x00, 0x00, 0x00, 0x00, 0x00, 0x00, 0x00, 0x00, 0x30, 0x00, 0x30, 0x00,
    0x30, 0x00, 0x30, 0x00, 0x30, 0x00, 0x30, 0x00, 0x30, 0x00, 0x33, 0x00, 0x36, 0x00, 0x3C, 0x00,
    0x38, 0x00, 0x70, 0x00, 0xF0, 0x00, 0x30, 0x00, 0x30, 0x00, 0x30, 0x00, 0x30, 0x00, 0x30, 0x00,
    0x3F, 0xFC, 0x3F, 0xFC, 0x00, 0x00, 0x00, 0x00, 0x00, 0x00, 0x00, 0x00, 0x00, 0x00, 0x00, 0x00,
    0x00, 0x00, 0x00, 0x00, 0x00, 0x00, 0x00, 0x00, 0x00, 0x00, 0x00, 0x00, 0x07, 0x80, 0x07, 0x80,
    0x01, 0x80, 0x01, 0x80, 0x01, 0x80, 0x01, 0x80, 0x01, 0x80, 0x01, 0xB0, 0x01, 0xE0, 0x01, 0xC0,
    0x03, 0x80, 0x07, 0x80, 0x0D, 0x80, 0x01, 0x80, 0x01, 0x80, 0x01, 0x80, 0x01, 0x80, 0x01, 0x80,
    0x07, 0xE0, 0x07, 0xE0, 0x00, 0x00, 0x00, 0x00, 0x00, 0x00, 0x00, 0x00, 0x00, 0x00, 0x00, 0x00,
    0x00, 0x00, 0x00, 0x70, 0x00, 0xE0, 0x01, 0xC0, 0x03, 0x80, 0x00, 0x00, 0x30, 0x0C, 0x30, 0x0C,
    0x30, 0x0C, 0x30, 0x0C, 0x30, 0x0C, 0x38, 0x0C, 0x3C, 0x0C, 0x3E, 0x0C, 0x37, 0x0C, 0x33, 0x8C,
    0x31, 0xCC, 0x30, 0xEC, 0x30, 0x7C, 0x30, 0x3C, 0x30, 0x1C, 0x30, 0x0C, 0x30, 0x0C, 0x30, 0x0C,
    0x30, 0x0C, 0x30, 0x0C, 0x00, 0x00, 0x00, 0x00, 0x00, 0x00, 0x00, 0x00, 0x00, 0x00, 0x00, 0x00,
    0x00, 0x00, 0x00, 0x00, 0x00, 0x00, 0x00, 0x00, 0x00, 0x00, 0x00, 0x00, 0x00, 0x70, 0x00, 0xE0,
    0x01, 0xC0, 0x03, 0x80, 0x00, 0x00, 0x00, 0x00, 0x3F, 0xF0, 0x3F, 0xF8, 0x30, 0x1C, 0x30, 0x0C,
    0x30, 0x0C, 0x30, 0x0C, 0x30, 0x0C, 0x30, 0x0C, 0x30, 0x0C, 0x30, 0x0C, 0x30, 0x0C, 0x30, 0x0C,
    0x30, 0x0C, 0x30, 0x0C, 0x00, 0x00, 0x00, 0x00, 0x00, 0x00, 0x00, 0x00, 0x00, 0x00, 0x00, 0x00,
    0x00, 0x00, 0x00, 0x00, 0x00, 0x00, 0x00, 0x00, 0x00, 0x00, 0x00, 0x00, 0x30, 0x0C, 0x30, 0x0C,
    0x30, 0x0C, 0x30, 0x0C, 0x30, 0x0C, 0x38, 0x0C, 0x3C, 0x0C, 0x3E, 0x0C, 0x37, 0x0C, 0x33, 0x8C,
    0x31, 0xCC, 0x30, 0xEC, 0x30, 0x7C, 0x30, 0x3C, 0x30, 0x1C, 0x30, 0x0C, 0x30, 0x0C, 0x30, 0x0C,
    0x30, 0x0C, 0x30, 0x0C, 0x00, 0x00, 0x01, 0x80, 0x01, 0x80, 0x03, 0x80, 0x03, 0x00, 0x06, 0x00,
    0x00, 0x00, 0x00, 0x00, 0x00, 0x00, 0x00, 0x00, 0x00, 0x00, 0x00, 0x00, 0x00, 0x00, 0x00, 0x00,
    0x00, 0x00, 0x00, 0x00, 0x00, 0x00, 0x00, 0x00, 0x3F, 0xF0, 0x3F, 0xF8, 0x30, 0x1C, 0x30, 0x0C,
    0x30, 0x0C, 0x30, 0x0C, 0x30, 0x0C, 0x30, 0x0C, 0x30, 0x0C, 0x30, 0x0C, 0x30, 0x0C, 0x30, 0x0C,
    0x30, 0x0C, 0x30, 0x0C, 0x00, 0x00, 0x01, 0x80, 0x01, 0x80, 0x03, 0x80, 0x03, 0x00, 0x06, 0x00,
    0x00, 0x00, 0x0E, 0x70, 0x07, 0xE0, 0x03, 0xC0, 0x01, 0x80, 0x00, 0x00, 0x30, 0x0C, 0x30, 0x0C,
    0x30, 0x0C, 0x30, 0x0C, 0x30, 0x0C, 0x38, 0x0C, 0x3C, 0x0C, 0x3E, 0x0C, 0x37, 0x0C, 0x33, 0x8C,
    0x31, 0xCC, 0x30, 0xEC, 0x30, 0x7C, 0x30, 0x3C, 0x30, 0x1C, 0x30, 0x0C, 0x30, 0x0C, 0x30, 0x0C,
    0x30, 0x0C, 0x30, 0x0C, 0x00, 0x00, 0x00, 0x00, 0x00, 0x00, 0x00, 0x00, 0x00, 0x00, 0x00, 0x00,
    0x00, 0x00, 0x00, 0x00, 0x00, 0x00, 0x00, 0x00, 0x00, 0x00, 0x00, 0x00, 0x0E, 0x70, 0x07, 0xE0,
    0x03, 0xC0, 0x01, 0x80, 0x00, 0x00, 0x00, 0x00, 0x3F, 0xF0, 0x3F, 0xF8, 0x30, 0x1C, 0x30, 0x0C,
    0x30, 0x0C, 0x30, 0x0C, 0x30, 0x0C, 0x30, 0x0C, 0x30, 0x0C, 0x30, 0x0C, 0x30, 0x0C, 0x30, 0x0C,
    0x30, 0x0C, 0x30, 0x0C, 0x00, 0x00, 0x00, 0x00, 0x00, 0x00, 0x00, 0x00, 0x00, 0x00, 0x00, 0x00,
    0x00, 0x00, 0x00, 0x00, 0x00, 0x00, 0x00, 0x00, 0x30, 0x00, 0x30, 0x00, 0x30, 0x00, 0x30, 0x00,
    0x60, 0x00, 0x60, 0x00, 0x00, 0x00, 0x00, 0x00, 0x3F, 0xF0, 0x3F, 0xF8, 0x30, 0x1C, 0x30, 0x0C,
    0x30, 0x0C, 0x30, 0x0C, 0x30, 0x0C, 0x30, 0x0C, 0x30, 0x0C, 0x30, 0x0C, 0x30, 0x0C, 0x30, 0x0C,
    0x30, 0x0C, 0x30, 0x0C, 0x00, 0x00, 0x00, 0x00, 0x00, 0x00, 0x00, 0x00, 0x00, 0x00, 0x00, 0x00,
    0x00, 0x00, 0x00, 0x00, 0x00, 0x00, 0x00, 0x00, 0x00, 0x00, 0x00, 0x00, 0x30, 0x0C, 0x30, 0x0C,
    0x30, 0x0C, 0x30, 0x0C, 0x30, 0x0C, 0x38, 0x0C, 0x3C, 0x0C, 0x3E, 0x0C, 0x37, 0x0C, 0x33, 0x8C,
    0x31, 0xCC, 0x30, 0xEC, 0x30, 0x7C, 0x30, 0x3C, 0x30, 0x1C, 0x30, 0x0C, 0x30, 0x0C, 0x30, 0x0C,
    0x30, 0x0C, 0x30, 0x0C, 0x00, 0x0C, 0x00, 0x0C, 0x00, 0x1C, 0x00, 0xF8, 0x00, 0xF0, 0x00, 0x00,
    0x00, 0x00, 0x00, 0x00, 0x00, 0x00, 0x00, 0x00, 0x00, 0x00, 0x00, 0x00, 0x00, 0x00, 0x00, 0x00,
    0x00, 0x00, 0x00, 0x00, 0x00, 0x00, 0x00, 0x00, 0x3F, 0xF0, 0x3F, 0xF8, 0x30, 0x1C, 0x30, 0x0C,
    0x30, 0x0C, 0x30, 0x0C, 0x30, 0x0C, 0x30, 0x0C, 0x30, 0x0C, 0x30, 0x0C, 0x30, 0x0C, 0x30, 0x0C,
    0x30, 0x0C, 0x30, 0x0C, 0x00, 0x0C, 0x00, 0x0C, 0x00, 0x1C, 0x00, 0xF8, 0x00, 0xF0, 0x00, 0x00,
    0x00, 0x00, 0x00, 0x00, 0x0F, 0xF0, 0x0F, 0xF0, 0x00, 0x00, 0x00, 0x00, 0x0F, 0xF0, 0x1F, 0xF8,
    0x38, 0x1C, 0x30, 0x0C, 0x30, 0x0C, 0x30, 0x0C, 0x30, 0x0C, 0x30, 0x0C, 0x30, 0x0C, 0x30, 0x0C,
    0x30, 0x0C, 0x30, 0x0C, 0x30, 0x0C, 0x30, 0x0C, 0x30, 0x0C, 0x30, 0x0C, 0x30, 0x0C, 0x38, 0x1C,
    0x1F, 0xF8, 0x0F, 0xF0, 0x00, 0x00, 0x00, 0x00, 0x00, 0x00, 0x00, 0x00, 0x00, 0x00, 0x00, 0x00,
    0x00, 0x00, 0x00, 0x00, 0x00, 0x00, 0x00, 0x00, 0x00, 0x00, 0x00, 0x00, 0x00, 0x00, 0x00, 0x00,
    0x0F, 0xF0, 0x0F, 0xF0, 0x00, 0x00, 0x00, 0x00, 0x0F, 0xF0, 0x1F, 0xF8, 0x38, 0x1C, 0x30, 0x0C,
    0x30, 0x0C, 0x30, 0x0C, 0x30, 0x0C, 0x30, 0x0C, 0x30, 0x0C, 0x30, 0x0C, 0x30, 0x0C, 0x38, 0x1C,
    0x1F, 0xF8, 0x0F, 0xF0, 0x00, 0x00, 0x00, 0x00, 0x00, 0x00, 0x00, 0x00, 0x00, 0x00, 0x00, 0x00,
    0x00, 0x00, 0x0C, 0x30, 0x0C, 0x30, 0x07, 0xE0, 0x03, 0xC0, 0x00, 0x00, 0x0F, 0xF0, 0x1F, 0xF8,
    0x38, 0x1C, 0x30, 0x0C, 0x30, 0x0C, 0x30, 0x0C, 0x30, 0x0C, 0x30, 0x0C, 0x30, 0x0C, 0x30, 0x0C,
    0x30, 0x0C, 0x30, 0x0C, 0x30, 0x0C, 0x30, 0x0C, 0x30, 0x0C, 0x30, 0x0C, 0x30, 0x0C, 0x38, 0x1C,
    0x1F, 0xF8, 0x0F, 0xF0, 0x00, 0x00, 0x00, 0x00, 0x00, 0x00, 0x00, 0x00, 0x00, 0x00, 0x00, 0x00,
    0x00, 0x00, 0x00, 0x00, 0x00, 0x00, 0x00, 0x00, 0x00, 0x00, 0x00, 0x00, 0x0C, 0x30, 0x0C, 0x30,
    0x07, 0xE0, 0x03, 0xC0, 0x00, 0x00, 0x00, 0x00, 0x0F, 0xF0, 0x1F, 0xF8, 0x38, 0x1C, 0x30, 0x0C,
    0x30, 0x0C, 0x30, 0x0C, 0x30, 0x0C, 0x30, 0x0C, 0x30, 0x0C, 0x30, 0x0C, 0x30, 0x0C, 0x38, 0x1C,
    0x1F, 0xF8, 0x0F, 0xF0, 0x00, 0x00, 0x00, 0x00, 0x00, 0x00, 0x00, 0x00, 0x00, 0x00, 0x00, 0x00,
    0x00, 0x00, 0x01, 0xCE, 0x03, 0x9C, 0x07, 0x38, 0x0E, 0x70, 0x00, 0x00, 0x0F, 0xF0, 0x1F, 0xF8,
    0x38, 0x1C, 0x30, 0x0C, 0x30, 0x0C, 0x30, 0x0C, 0x30, 0x0C, 0x30, 0x0C, 0x30, 0x0C, 0x30, 0x0C,
    0x30, 0x0C, 0x30, 0x0C, 0x30, 0x0C, 0x30, 0x0C, 0x30, 0x0C, 0x30, 0x0C, 0x30, 0x0C, 0x38, 0x1C,
    0x1F, 0xF8, 0x0F, 0xF0, 0x00, 0x00, 0x00, 0x00, 0x00, 0x00, 0x00, 0x00, 0x00, 0x00, 0x00, 0x00,
    0x00, 0x00, 0x00, 0x00, 0x00, 0x00, 0x00, 0x00, 0x00, 0x00, 0x00, 0x00, 0x01, 0xCE, 0x03, 0x9C,
    0x07, 0x38, 0x0E, 0x70, 0x00, 0x00, 0x00, 0x00, 0x0F, 0xF0, 0x1F, 0xF8, 0x38, 0x1C, 0x30, 0x0C,
    0x30, 0x0C, 0x30, 0x0C, 0x30, 0x0C, 0x30, 0x0C, 0x30, 0x0C, 0x30, 0x0C, 0x30, 0x0C, 0x38, 0x1C,
    0x1F, 0xF8, 0x0F, 0xF0, 0x00, 0x00, 0x00, 0x00, 0x00, 0x00, 0x00, 0x00, 0x00, 0x00, 0x00, 0x00,
    0x00, 0x00, 0x00, 0x00, 0x00, 0x00, 0x00, 0x00, 0x00, 0x00, 0x00, 0x00, 0x1F, 0xFF, 0x3F, 0xFF,
    0x70, 0xC0, 0x60, 0xC0, 0x60, 0xC0, 0x60, 0xC0, 0x60, 0xC0, 0x60, 0xC0, 0x60, 0xC0, 0x60, 0xFE,
    0x60, 0xFE, 0x60, 0xC0, 0x60, 0xC0, 0x60, 0xC0, 0x60, 0xC0, 0x60, 0xC0, 0x60, 0xC0, 0x70, 0xC0,
    0x3F, 0xFF, 0x1F, 0xFF, 0x00, 0x00, 0x00, 0x00, 0x00, 0x00, 0x00, 0x00, 0x00, 0x00, 0x00, 0x00,
    0x00, 0x00, 0x00, 0x00, 0x00, 0x00, 0x00, 0x00, 0x00, 0x00, 0x00, 0x00, 0x00, 0x00, 0x00, 0x00,
    0x00, 0x00, 0x00, 0x00, 0x00, 0x00, 0x00, 0x00, 0x1F, 0xF8, 0x3F, 0xFC, 0x71, 0x8E, 0x61, 0x86,
    0x61, 0x86, 0x61, 0x86, 0x61, 0xFE, 0x61, 0xFE, 0x61, 0x80, 0x61, 0x80, 0x61, 0x80, 0x71, 0x86,
    0x3F, 0xFE, 0x1F, 0xFC, 0x00, 0x00, 0x00, 0x00, 0x00, 0x00, 0x00, 0x00, 0x00, 0x00, 0x00, 0x00,
    0x00, 0x00, 0x00, 0x70, 0x00, 0xE0, 0x01, 0xC0, 0x03, 0x80, 0x00, 0x00, 0x3F, 0xF0, 0x3F, 0xF8,
    0x30, 0x1C, 0x30, 0x0C, 0x30, 0x0C, 0x30, 0x0C, 0x30, 0x0C, 0x30, 0x0C, 0x30, 0x0C, 0x30, 0x1C,
    0x3F, 0xF8, 0x3F, 0xF0, 0x37, 0x00, 0x33, 0x80, 0x31, 0xC0, 0x30, 0xE0, 0x30, 0x70, 0x30, 0x38,
    0x30, 0x1C, 0x30, 0x0C, 0x00, 0x00, 0x00, 0x00, 0x00, 0x00, 0x00, 0x00, 0x00, 0x00, 0x00, 0x00,
    0x00, 0x00, 0x00, 0x00, 0x00, 0x00, 0x00, 0x00, 0x00, 0x00, 0x00, 0x00, 0x00, 0x70, 0x00, 0xE0,
    0x01, 0xC0, 0x03, 0x80, 0x00, 0x00, 0x00, 0x00, 0x33, 0xFC, 0x37, 0xFC, 0x3E, 0x00, 0x3C, 0x00,
    0x38, 0x00, 0x30, 0x00, 0x30, 0x00, 0x30, 0x00, 0x30, 0x00, 0x30, 0x00, 0x30, 0x00, 0x30, 0x00,
    0x30, 0x00, 0x30, 0x00, 0x00, 0x00, 0x00, 0x00, 0x00, 0x00, 0x00, 0x00, 0x00, 0x00, 0x00, 0x00,
    0x00, 0x00, 0x00, 0x00, 0x00, 0x00, 0x00, 0x00, 0x00, 0x00, 0x00, 0x00, 0x3F, 0xF0, 0x3F, 0xF8,
    0x30, 0x1C, 0x30, 0x0C, 0x30, 0x0C, 0x30, 0x0C, 0x30, 0x0C, 0x30, 0x0C, 0x30, 0x0C, 0x30, 0x1C,
    0x3F, 0xF8, 0x3F, 0xF0, 0x37, 0x00, 0x33, 0x80, 0x31, 0xC0, 0x30, 0xE0, 0x30, 0x70, 0x30, 0x38,
    0x30, 0x1C, 0x30, 0x0C, 0x00, 0x00, 0x01, 0x80, 0x01, 0x80, 0x03, 0x80, 0x03, 0x00, 0x06, 0x00,
    0x00, 0x00, 0x00, 0x00, 0x00, 0x00, 0x00, 0x00, 0x00, 0x00, 0x00, 0x00, 0x00, 0x00, 0x00, 0x00,
    0x00, 0x00, 0x00, 0x00, 0x00, 0x00, 0x00, 0x00, 0x31, 0xFC, 0x33, 0xFC, 0x36, 0x00, 0x3C, 0x00,
    0x38, 0x00, 0x30, 0x00, 0x30, 0x00, 0x30, 0x00, 0x30, 0x00, 0x30, 0x00, 0x30, 0x00, 0x30, 0x00,
    0x30, 0x00, 0x30, 0x00, 0x00, 0x00, 0x30, 0x00, 0x30, 0x00, 0x70, 0x00, 0x60, 0x00, 0xC0, 0x00,
    0x00, 0x00, 0x0E, 0x70, 0x07, 0xE0, 0x03, 0xC0, 0x01, 0x80, 0x00, 0x00, 0x3F, 0xF0, 0x3F, 0xF8,
    0x30, 0x1C, 0x30, 0x0C, 0x30, 0x0C, 0x30, 0x0C, 0x30, 0x0C, 0x30, 0x0C, 0x30, 0x0C, 0x30, 0x1C,
    0x3F, 0xF8, 0x3F, 0xF0, 0x37, 0x00, 0x33, 0x80, 0x31, 0xC0, 0x30, 0xE0, 0x30, 0x70, 0x30, 0x38,
    0x30, 0x1C, 0x30, 0x0C, 0x00, 0x00, 0x00, 0x00, 0x00, 0x00, 0x00, 0x00, 0x00, 0x00, 0x00, 0x00,
    0x00, 0x00, 0x00, 0x00, 0x00, 0x00, 0x00, 0x00, 0x00, 0x00, 0x00, 0x00, 0x0E, 0x70, 0x07, 0xE0,
    0x03, 0xC0, 0x01, 0x80, 0x00, 0x00, 0x00, 0x00, 0x33, 0xFC, 0x37, 0xFC, 0x3E, 0x00, 0x3C, 0x00,
    0x38, 0x00, 0x30, 0x00, 0x30, 0x00, 0x30, 0x00, 0x30, 0x00, 0x30, 0x00, 0x30, 0x00, 0x30, 0x00,
    0x30, 0x00, 0x30, 0x00, 0x00, 0x00, 0x00, 0x00, 0x00, 0x00, 0x00, 0x00, 0x00, 0x00, 0x00, 0x00,
    0x00, 0x00, 0x00, 0x70, 0x00, 0xE0, 0x01, 0xC0, 0x03, 0x80, 0x00, 0x00, 0x0F, 0xF0, 0x1F, 0xF8,
    0x38, 0x1C, 0x30, 0x0C, 0x30, 0x0C, 0x30, 0x00, 0x30, 0x00, 0x30, 0x00, 0x38, 0x00, 0x1F, 0xF0,
    0x0F, 0xF8, 0x00, 0x1C, 0x00, 0x0C, 0x00, 0x0C, 0x00, 0x0C, 0x30, 0x0C, 0x30, 0x0C, 0x38, 0x1C,
    0x1F, 0xF8, 0x0F, 0xF0, 0x00, 0x00, 0x00, 0x00, 0x00, 0x00, 0x00, 0x00, 0x00, 0x00, 0x00, 0x00,
    0x00, 0x00, 0x00, 0x00, 0x00, 0x00, 0x00, 0x00, 0x00, 0x00, 0x00, 0x00, 0x00, 0x70, 0x00, 0xE0,
    0x01, 0xC0, 0x03, 0x80, 0x00, 0x00, 0x00, 0x00, 0x0F, 0xF0, 0x1F, 0xF8, 0x38, 0x1C, 0x30, 0x00,
    0x30, 0x00, 0x38, 0x00, 0x1F, 0xF0, 0x0F, 0xF8, 0x00, 0x1C, 0x00, 0x0C, 0x00, 0x0C, 0x38, 0x1C,
    0x1F, 0xF8, 0x0F, 0xF0, 0x00, 0x00, 0x00, 0x00, 0x00, 0x00, 0x00, 0x00, 0x00, 0x00, 0x00, 0x00,
    0x00, 0x00, 0x01, 0x80, 0x03, 0xC0, 0x07, 0xE0, 0x0E, 0x70, 0x00, 0x00, 0x0F, 0xF0, 0x1F, 0xF8,
    0x38, 0x1C, 0x30, 0x0C, 0x30, 0x0C, 0x30, 0x00, 0x30, 0x00, 0x30, 0x00, 0x38, 0x00, 0x1F, 0xF0,
    0x0F, 0xF8, 0x00, 0x1C, 0x00, 0x0C, 0x00, 0x0C, 0x00, 0x0C, 0x30, 0x0C, 0x30, 0x0C, 0x38, 0x1C,
    0x1F, 0xF8, 0x0F, 0xF0, 0x00, 0x00, 0x00, 0x00, 0x00, 0x00, 0x00, 0x00, 0x00, 0x00, 0x00, 0x00,
    0x00, 0x00, 0x00, 0x00, 0x00, 0x00, 0x00, 0x00, 0x00, 0x00, 0x00, 0x00, 0x01, 0x80, 0x03, 0xC0,
    0x07, 0xE0, 0x0E, 0x70, 0x00, 0x00, 0x00, 0x00, 0x0F, 0xF0, 0x1F, 0xF8, 0x38, 0x1C, 0x30, 0x00,
    0x30, 0x00, 0x38, 0x00, 0x1F, 0xF0, 0x0F, 0xF8, 0x00, 0x1C, 0x00, 0x0C, 0x00, 0x0C, 0x38, 0x1C,
    0x1F, 0xF8, 0x0F, 0xF0, 0x00, 0x00, 0x00, 0x00, 0x00, 0x00, 0x00, 0x00, 0x00, 0x00, 0x00, 0x00,
    0x00, 0x00, 0x00, 0x00, 0x00, 0x00, 0x00, 0x00, 0x00, 0x00, 0x00, 0x00, 0x0F, 0xF0, 0x1F, 0xF8,
    0x38, 0x1C, 0x30, 0x0C, 0x30, 0x0C, 0x30, 0x00, 0x30, 0x00, 0x30, 0x00, 0x38, 0x00, 0x1F, 0xF0,
    0x0F, 0xF8, 0x00, 0x1C, 0x00, 0x0C, 0x00, 0x0C, 0x00, 0x0C, 0x30, 0x0C, 0x30, 0x0C, 0x38, 0x1C,
    0x1F, 0xF8, 0x0F, 0xF0, 0x01, 0x80, 0x01, 0x80, 0x03, 0x80, 0x03, 0x00, 0x06, 0x00, 0x00, 0x00,
    0x00, 0x00, 0x00, 0x00, 0x00, 0x00, 0x00, 0x00, 0x00, 0x00, 0x00, 0x00, 0x00, 0x00, 0x00, 0x00,
    0x00, 0x00, 0x00, 0x00, 0x00, 0x00, 0x00, 0x00, 0x0F, 0xF0, 0x1F, 0xF8, 0x38, 0x1C, 0x30, 0x00,
    0x30, 0x00, 0x38, 0x00, 0x1F, 0xF0, 0x0F, 0xF8, 0x00, 0x1C, 0x00, 0x0C, 0x00, 0x0C, 0x38, 0x1C,
    0x1F, 0xF8, 0x0F, 0xF0, 0x01, 0x80, 0x01, 0x80, 0x03, 0x80, 0x03, 0x00, 0x06, 0x00, 0x00, 0x00,
    0x00, 0x00, 0x0E, 0x70, 0x07, 0xE0, 0x03, 0xC0, 0x01, 0x80, 0x00, 0x00, 0x0F, 0xF0, 0x1F, 0xF8,
    0x38, 0x1C, 0x30, 0x0C, 0x30, 0x0C, 0x30, 0x00, 0x30, 0x00, 0x30, 0x00, 0x38, 0x00, 0x1F, 0xF0,
    0x0F, 0xF8, 0x00, 0x1C, 0x00, 0x0C, 0x00, 0x0C, 0x00, 0x0C, 0x30, 0x0C, 0x30, 0x0C, 0x38, 0x1C,
    0x1F, 0xF8, 0x0F, 0xF0, 0x00, 0x00, 0x00, 0x00, 0x00, 0x00, 0x00, 0x00, 0x00, 0x00, 0x00, 0x00,
    0x00, 0x00, 0x00, 0x00, 0x00, 0x00, 0x00, 0x00, 0x00, 0x00, 0x00, 0x00, 0x0E, 0x70, 0x07, 0xE0,
    0x03, 0xC0, 0x01, 0x80, 0x00, 0x00, 0x00, 0x00, 0x0F, 0xF0, 0x1F, 0xF8, 0x38, 0x1C, 0x30, 0x00,
    0x30, 0x00, 0x38, 0x00, 0x1F, 0xF0, 0x0F, 0xF8, 0x00, 0x1C, 0x00, 0x0C, 0x00, 0x0C, 0x38, 0x1C,
    0x1F, 0xF8, 0x0F, 0xF0, 0x00, 0x00, 0x00, 0x00, 0x00, 0x00, 0x00, 0x00, 0x00, 0x00, 0x00, 0x00,
    0x00, 0x00, 0x00, 0x00, 0x00, 0x00, 0x00, 0x00, 0x00, 0x00, 0x00, 0x00, 0x3F, 0xFC, 0x3F, 0xFC,
    0x01, 0x80, 0x01, 0x80, 0x01, 0x80, 0x01, 0x80, 0x01, 0x80, 0x01, 0x80, 0x01, 0x80, 0x01, 0x80,
    0x01, 0x80, 0x01, 0x80, 0x01, 0x80, 0x01, 0x80, 0x01, 0x80, 0x01, 0x80, 0x01, 0x80, 0x01, 0x80,
    0x01, 0x80, 0x01, 0x80, 0x00, 0xC0, 0x00, 0xC0, 0x01, 0xC0, 0x01, 0x80, 0x03, 0x00, 0x00, 0x00,
    0x00, 0x00, 0x00, 0x00, 0x00, 0x00, 0x00, 0x00, 0x00, 0x00, 0x00, 0x00, 0x03, 0x00, 0x03, 0x00,
    0x03, 0x00, 0x03, 0x00, 0x03, 0x00, 0x03, 0x00, 0x3F, 0xF0, 0x3F, 0xF0, 0x03, 0x00, 0x03, 0x00,
    0x03, 0x00, 0x03, 0x00, 0x03, 0x00, 0x03, 0x00, 0x03, 0x00, 0x03, 0x00, 0x03, 0x00, 0x03, 0x80,
    0x01, 0xFC, 0x00, 0xFC, 0x00, 0x30, 0x00, 0x30, 0x00, 0x70, 0x00, 0x60, 0x00, 0xC0, 0x00, 0x00,
    0x00, 0x00, 0x0E, 0x70, 0x07, 0xE0, 0x03, 0xC0, 0x01, 0x80, 0x00, 0x00, 0x3F, 0xFC, 0x3F, 0xFC,
    0x01, 0x80, 0x01, 0x80, 0x01, 0x80, 0x01, 0x80, 0x01, 0x80, 0x01, 0x80, 0x01, 0x80, 0x01, 0x80,
    0x01, 0x80, 0x01, 0x80, 0x01, 0x80, 0x01, 0x80, 0x01, 0x80, 0x01, 0x80, 0x01, 0x80, 0x01, 0x80,
    0x01, 0x80, 0x01, 0x80, 0x00, 0x00, 0x00, 0x00, 0x00, 0x00, 0x00, 0x00, 0x00, 0x00, 0x00, 0x00,
    0x00, 0x00, 0x1C, 0xE0, 0x0F, 0xC0, 0x07, 0x80, 0x03, 0x00, 0x00, 0x00, 0x03, 0x00, 0x03, 0x00,
    0x03, 0x00, 0x03, 0x00, 0x03, 0x00, 0x03, 0x00, 0x3F, 0xF0, 0x3F, 0xF0, 0x03, 0x00, 0x03, 0x00,
    0x03, 0x00, 0x03, 0x00, 0x03, 0x00, 0x03, 0x00, 0x03, 0x00, 0x03, 0x00, 0x03, 0x00, 0x03, 0x80,
    0x01, 0xFC, 0x00, 0xFC, 0x00, 0x00, 0x00, 0x00, 0x00, 0x00, 0x00, 0x00, 0x00, 0x00, 0x00, 0x00,
    0x00, 0x00, 0x00, 0x00, 0x00, 0x00, 0x00, 0x00, 0x00, 0x00, 0x00, 0x00, 0x3F, 0xFC, 0x3F, 0xFC,
    0x01, 0x80, 0x01, 0x80, 0x01, 0x80, 0x01, 0x80, 0x01, 0x80, 0x01, 0x80, 0x01, 0x80, 0x0F, 0xF0,
    0x0F, 0xF0, 0x01, 0x80, 0x01, 0x80, 0x01, 0x80, 0x01, 0x80, 0x01, 0x80, 0x01, 0x80, 0x01, 0x80,
    0x01, 0x80, 0x01, 0x80, 0x00, 0x00, 0x00, 0x00, 0x00, 0x00, 0x00, 0x00, 0x00, 0x00, 0x00, 0x00,
    0x00, 0x00, 0x00, 0x00, 0x00, 0x00, 0x00, 0x00, 0x00, 0x00, 0x00, 0x00, 0x03, 0x00, 0x03, 0x00,
    0x03, 0x00, 0x03, 0x00, 0x03, 0x00, 0x03, 0x00, 0x3F, 0xF0, 0x3F, 0xF0, 0x03, 0x00, 0x03, 0x00,
    0x0F, 0xC0, 0x0F, 0xC0, 0x03, 0x00, 0x03, 0x00, 0x03, 0x00, 0x03, 0x00, 0x03, 0x00, 0x03, 0x80,
    0x01, 0xFC, 0x00, 0xFC, 0x00, 0x00, 0x00, 0x00, 0x00, 0x00, 0x00, 0x00, 0x00, 0x00, 0x00, 0x00,
    0x00, 0x00, 0x0F, 0x18, 0x1B, 0x98, 0x19, 0xD8, 0x18, 0xF0, 0x00, 0x00, 0x30, 0x0C, 0x30, 0x0C,
    0x30, 0x0C, 0x30, 0x0C, 0x30, 0x0C, 0x30, 0x0C, 0x30, 0x0C, 0x30, 0x0C, 0x30, 0x0C, 0x30, 0x0C,
    0x30, 0x0C, 0x30, 0x0C, 0x30, 0x0C, 0x30, 0x0C, 0x30, 0x0C, 0x30, 0x0C, 0x30, 0x0C, 0x38, 0x1C,
    0x1F, 0xF8, 0x0F, 0xF0, 0x00, 0x00, 0x00, 0x00, 0x00, 0x00, 0x00, 0x00, 0x00, 0x00, 0x00, 0x00,
    0x00, 0x00, 0x00, 0x00, 0x00, 0x00, 0x00, 0x00, 0x00, 0x00, 0x00, 0x00, 0x0F, 0x18, 0x1B, 0x98,
    0x19, 0xD8, 0x18, 0xF0, 0x00, 0x00, 0x00, 0x00, 0x30, 0x0C, 0x30, 0x0C, 0x30, 0x0C, 0x30, 0x0C,
    0x30, 0x0C, 0x30, 0x0C, 0x30, 0x0C, 0x30, 0x0C, 0x30, 0x0C, 0x30, 0x0C, 0x30, 0x0C, 0x38, 0x0C,
    0x1F, 0xFC, 0x0F, 0xFC, 0x00, 0x00, 0x00, 0x00, 0x00, 0x00, 0x00, 0x00, 0x00, 0x00, 0x00, 0x00,
    0x00, 0x00, 0x00, 0x00, 0x0F, 0xF0, 0x0F, 0xF0, 0x00, 0x00, 0x00, 0x00, 0x30, 0x0C, 0x30, 0x0C,
    0x30, 0x0C, 0x30, 0x0C, 0x30, 0x0C, 0x30, 0x0C, 0x30, 0x0C, 0x30, 0x0C, 0x30, 0x0C, 0x30, 0x0C,
    0x30, 0x0C, 0x30, 0x0C, 0x30, 0x0C, 0x30, 0x0C, 0x30, 0x0C, 0x30, 0x0C, 0x30, 0x0C, 0x38, 0x1C,
    0x1F, 0xF8, 0x0F, 0xF0, 0x00, 0x00, 0x00, 0x00, 0x00, 0x00, 0x00, 0x00, 0x00, 0x00, 0x00, 0x00,
    0x00, 0x00, 0x00, 0x00, 0x00, 0x00, 0x00, 0x00, 0x00, 0x00, 0x00, 0x00, 0x00, 0x00, 0x00, 0x00,
    0x0F, 0xF0, 0x0F, 0xF0, 0x00, 0x00, 0x00, 0x00, 0x30, 0x0C, 0x30, 0x0C, 0x30, 0x0C, 0x30, 0x0C,
    0x30, 0x0C, 0x30, 0x0C, 0x30, 0x0C, 0x30, 0x0C, 0x30, 0x0C, 0x30, 0x0C, 0x30, 0x0C, 0x38, 0x0C,
    0x1F, 0xFC, 0x0F, 0xFC, 0x00, 0x00, 0x00, 0x00, 0x00, 0x00, 0x00, 0x00, 0x00, 0x00, 0x00, 0x00,
    0x00, 0x00, 0x0C, 0x30, 0x0C, 0x30, 0x07, 0xE0, 0x03, 0xC0, 0x00, 0x00, 0x30, 0x0C, 0x30, 0x0C,
    0x30, 0x0C, 0x30, 0x0C, 0x30, 0x0C, 0x30, 0x0C, 0x30, 0x0C, 0x30, 0x0C, 0x30, 0x0C, 0x30, 0x0C,
    0x30, 0x0C, 0x30, 0x0C, 0x30, 0x0C, 0x30, 0x0C, 0x30, 0x0C, 0x30, 0x0C, 0x30, 0x0C, 0x38, 0x1C,
    0x1F, 0xF8, 0x0F, 0xF0, 0x00, 0x00, 0x00, 0x00, 0x00, 0x00, 0x00, 0x00, 0x00, 0x00, 0x00, 0x00,
    0x00, 0x00, 0x00, 0x00, 0x00, 0x00, 0x00, 0x00, 0x00, 0x00, 0x00, 0x00, 0x0C, 0x30, 0x0C, 0x30,
    0x07, 0xE0, 0x03, 0xC0, 0x00, 0x00, 0x00, 0x00, 0x30, 0x0C, 0x30, 0x0C, 0x30, 0x0C, 0x30, 0x0C,
    0x30, 0x0C, 0x30, 0x0C, 0x30, 0x0C, 0x30, 0x0C, 0x30, 0x0C, 0x30, 0x0C, 0x30, 0x0C, 0x38, 0x0C,
    0x1F, 0xFC, 0x0F, 0xFC, 0x00, 0x00, 0x00, 0x00, 0x00, 0x00, 0x00, 0x00, 0x00, 0x00, 0x00, 0x00,
    0x00, 0x00, 0x03, 0xC0, 0x06, 0x60, 0x06, 0x60, 0x06, 0x60, 0x03, 0xC0, 0x30, 0x0C, 0x30, 0x0C,
    0x30, 0x0C, 0x30, 0x0C, 0x30, 0x0C, 0x30, 0x0C, 0x30, 0x0C, 0x30, 0x0C, 0x30, 0x0C, 0x30, 0x0C,
    0x30, 0x0C, 0x30, 0x0C, 0x30, 0x0C, 0x30, 0x0C, 0x30, 0x0C, 0x30, 0x0C, 0x30, 0x0C, 0x38, 0x1C,
    0x1F, 0xF8, 0x0F, 0xF0, 0x00, 0x00, 0x00, 0x00, 0x00, 0x00, 0x00, 0x00, 0x00, 0x00, 0x00, 0x00,
    0x00, 0x00, 0x00, 0x00, 0x00, 0x00, 0x00, 0x00, 0x00, 0x00, 0x00, 0x00, 0x03, 0xC0, 0x06, 0x60,
    0x06, 0x60, 0x06, 0x60, 0x03, 0xC0, 0x00, 0x00, 0x30, 0x0C, 0x30, 0x0C, 0x30, 0x0C, 0x30, 0x0C,
    0x30, 0x0C, 0x30, 0x0C, 0x30, 0x0C, 0x30, 0x0C, 0x30, 0x0C, 0x30, 0x0C, 0x30, 0x0C, 0x38, 0x0C,
    0x1F, 0xFC, 0x0F, 0xFC, 0x00, 0x00, 0x00, 0x00, 0x00, 0x00, 0x00, 0x00, 0x00, 0x00, 0x00, 0x00,
    0x00, 0x00, 0x01, 0xCE, 0x03, 0x9C, 0x07, 0x38, 0x0E, 0x70, 0x00, 0x00, 0x30, 0x0C, 0x30, 0x0C,
    0x30, 0x0C, 0x30, 0x0C, 0x30, 0x0C, 0x30, 0x0C, 0x30, 0x0C, 0x30, 0x0C, 0x30, 0x0C, 0x30, 0x0C,
    0x30, 0x0C, 0x30, 0x0C, 0x30, 0x0C, 0x30, 0x0C, 0x30, 0x0C, 0x30, 0x0C, 0x30, 0x0C, 0x38, 0x1C,
    0x1F, 0xF8, 0x0F, 0xF0, 0x00, 0x00, 0x00, 0x00, 0x00, 0x00, 0x00, 0x00, 0x00, 0x00, 0x00, 0x00,
    0x00, 0x00, 0x00, 0x00, 0x00, 0x00, 0x00, 0x00, 0x00, 0x00, 0x00, 0x00, 0x01, 0xCE, 0x03, 0x9C,
    0x07, 0x38, 0x0E, 0x70, 0x00, 0x00, 0x00, 0x00, 0x30, 0x0C, 0x30, 0x0C, 0x30, 0x0C, 0x30, 0x0C,
    0x30, 0x0C, 0x30, 0x0C, 0x30, 0x0C, 0x30, 0x0C, 0x30, 0x0C, 0x30, 0x0C, 0x30, 0x0C, 0x38, 0x0C,
    0x1F, 0xFC, 0x0F, 0xFC, 0x00, 0x00, 0x00, 0x00, 0x00, 0x00, 0x00, 0x00, 0x00, 0x00, 0x00, 0x00,
    0x00, 0x00, 0x00, 0x00, 0x00, 0x00, 0x00, 0x00, 0x00, 0x00, 0x00, 0x00, 0x30, 0x0C, 0x30, 0x0C,
    0x30, 0x0C, 0x30, 0x0C, 0x30, 0x0C, 0x30, 0x0C, 0x30, 0x0C, 0x30, 0x0C, 0x30, 0x0C, 0x30, 0x0C,
    0x30, 0x0C, 0x30, 0x0C, 0x30, 0x0C, 0x30, 0x0C, 0x30, 0x0C, 0x30, 0x0C, 0x30, 0x0C, 0x38, 0x1C,
    0x1F, 0xF8, 0x0F, 0xF0, 0x01, 0xC0, 0x03, 0x80, 0x03, 0x00, 0x03, 0xE0, 0x01, 0xE0, 0x00, 0x00,
    0x00, 0x00, 0x00, 0x00, 0x00, 0x00, 0x00, 0x00, 0x00, 0x00, 0x00, 0x00, 0x00, 0x00, 0x00, 0x00,
    0x00, 0x00, 0x00, 0x00, 0x00, 0x00, 0x00, 0x00, 0x30, 0x0C, 0x30, 0x0C, 0x30, 0x0C, 0x30, 0x0C,
    0x30, 0x0C, 0x30, 0x0C, 0x30, 0x0C, 0x30, 0x0C, 0x30, 0x0C, 0x30, 0x0C, 0x30, 0x0C, 0x38, 0x0C,
    0x1F, 0xFC, 0x0F, 0xFC, 0x00, 0x3C, 0x00, 0x70, 0x00, 0x60, 0x00, 0x7C, 0x00, 0x3C, 0x00, 0x00,
    0x00, 0x00, 0x01, 0x80, 0x03, 0xC0, 0x07, 0xE0, 0x0E, 0x70, 0x00, 0x00, 0x60, 0x0C, 0x60, 0x0C,
    0x60, 0x0C, 0x60, 0x0C, 0x60, 0x0C, 0x60, 0x0C, 0x60, 0x0C, 0x60, 0x0C, 0x60, 0x0C, 0x60, 0x0C,
    0x61, 0x0C, 0x63, 0x8C, 0x63, 0x8C, 0x67, 0xCC, 0x6C, 0x6C, 0x6C, 0x6C, 0x78, 0x3C, 0x70, 0x1C,
    0x60, 0x0C, 0x60, 0x0C, 0x00, 0x00, 0x00, 0x00, 0x00, 0x00, 0x00, 0x00, 0x00, 0x00, 0x00, 0x00,
    0x00, 0x00, 0x00, 0x00, 0x00, 0x00, 0x00, 0x00, 0x00, 0x00, 0x00, 0x00, 0x01, 0x80, 0x03, 0xC0,
    0x07, 0xE0, 0x0E, 0x70, 0x00, 0x00, 0x00, 0x00, 0x30, 0x0C, 0x30, 0x0C, 0x30, 0x0C, 0x30, 0x0C,
    0x31, 0x8C, 0x31, 0x8C, 0x31, 0x8C, 0x31, 0x8C, 0x31, 0x8C, 0x31, 0x8C, 0x31, 0x8C, 0x39, 0x9C,
    0x1F, 0xF8, 0x0F, 0xF0, 0x00, 0x00, 0x00, 0x00, 0x00, 0x00, 0x00, 0x00, 0x00, 0x00, 0x00, 0x00,
    0x00, 0x00, 0x01, 0x80, 0x03, 0xC0, 0x07, 0xE0, 0x0E, 0x70, 0x00, 0x00, 0x30, 0x0C, 0x30, 0x0C,
    0x30, 0x0C, 0x18, 0x18, 0x18, 0x18, 0x0C, 0x30, 0x0C, 0x30, 0x06, 0x60, 0x06, 0x60, 0x03, 0xC0,
    0x03, 0xC0, 0x01, 0x80, 0x01, 0x80, 0x01, 0x80, 0x01, 0x80, 0x01, 0x80, 0x01, 0x80, 0x01, 0x80,
    0x01, 0x80, 0x01, 0x80, 0x00, 0x00, 0x00, 0x00, 0x00, 0x00, 0x00, 0x00, 0x00, 0x00, 0x00, 0x00,
    0x00, 0x00, 0x00, 0x00, 0x00, 0x00, 0x00, 0x00, 0x00, 0x00, 0x00, 0x00, 0x01, 0x80, 0x03, 0xC0,
    0x07, 0xE0, 0x0E, 0x70, 0x00, 0x00, 0x00, 0x00, 0x30, 0x0C, 0x30, 0x0C, 0x30, 0x0C, 0x30, 0x0C,
    0x30, 0x0C, 0x30, 0x0C, 0x30, 0x0C, 0x30, 0x0C, 0x30, 0x0C, 0x30, 0x0C, 0x30, 0x0C, 0x38, 0x0C,
    0x1F, 0xFC, 0x0F, 0xFC, 0x00, 0x0C, 0x00, 0x0C, 0x00, 0x1C, 0x1F, 0xF8, 0x1F, 0xF0, 0x00, 0x00,
    0x00, 0x00, 0x0C, 0x30, 0x0C, 0x30, 0x0C, 0x30, 0x0C, 0x30, 0x00, 0x00, 0x30, 0x0C, 0x30, 0x0C,
    0x30, 0x0C, 0x18, 0x18, 0x18, 0x18, 0x0C, 0x30, 0x0C, 0x30, 0x06, 0x60, 0x06, 0x60, 0x03, 0xC0,
    0x03, 0xC0, 0x01, 0x80, 0x01, 0x80, 0x01, 0x80, 0x01, 0x80, 0x01, 0x80, 0x01, 0x80, 0x01, 0x80,
    0x01, 0x80, 0x01, 0x80, 0x00, 0x00, 0x00, 0x00, 0x00, 0x00, 0x00, 0x00, 0x00, 0x00, 0x00, 0x00,
    0x00, 0x00, 0x00, 0x70, 0x00, 0xE0, 0x01, 0xC0, 0x03, 0x80, 0x00, 0x00, 0x3F, 0xFC, 0x3F, 0xFC,
    0x00, 0x0C, 0x00, 0x0C, 0x00, 0x0C, 0x00, 0x1C, 0x00, 0x38, 0x00, 0x70, 0x00, 0xE0, 0x01, 0xC0,
    0x03, 0x80, 0x07, 0x00, 0x0E, 0x00, 0x1C, 0x00, 0x38, 0x00, 0x30, 0x00, 0x30, 0x00, 0x30, 0x00,
    0x3F, 0xFC, 0x3F, 0xFC, 0x00, 0x00, 0x00, 0x00, 0x00, 0x00, 0x00, 0x00, 0x00, 0x00, 0x00, 0x00,
    0x00, 0x00, 0x00, 0x00, 0x00, 0x00, 0x00, 0x00, 0x00, 0x00, 0x00, 0x00, 0x00, 0x70, 0x00, 0xE0,
    0x01, 0xC0, 0x03, 0x80, 0x00, 0x00, 0x00, 0x00, 0x3F, 0xFC, 0x3F, 0xFC, 0x00, 0x1C, 0x00, 0x38,
    0x00, 0x70, 0x00, 0xE0, 0x01, 0xC0, 0x03, 0x80, 0x07, 0x00, 0x0E, 0x00, 0x1C, 0x00, 0x38, 0x00,
    0x3F, 0xFC, 0x3F, 0xFC, 0x00, 0x00, 0x00, 0x00, 0x00, 0x00, 0x00, 0x00, 0x00, 0x00, 0x00, 0x00,
    0x00, 0x00, 0x01, 0x80, 0x01, 0x80, 0x01, 0x80, 0x01, 0x80, 0x00, 0x00, 0x3F, 0xFC, 0x3F, 0xFC,
    0x00, 0x0C, 0x00, 0x0C, 0x00, 0x0C, 0x00, 0x1C, 0x00, 0x38, 0x00, 0x70, 0x00, 0xE0, 0x01, 0xC0,
    0x03, 0x80, 0x07, 0x00, 0x0E, 0x00, 0x1C, 0x00, 0x38, 0x00, 0x30, 0x00, 0x30, 0x00, 0x30, 0x00,
    0x3F, 0xFC, 0x3F, 0xFC, 0x00, 0x00, 0x00, 0x00, 0x00, 0x00, 0x00, 0x00, 0x00, 0x00, 0x00, 0x00,
    0x00, 0x00, 0x00, 0x00, 0x00, 0x00, 0x00, 0x00, 0x00, 0x00, 0x00, 0x00, 0x01, 0x80, 0x01, 0x80,
    0x01, 0x80, 0x01, 0x80, 0x00, 0x00, 0x00, 0x00, 0x3F, 0xFC, 0x3F, 0xFC, 0x00, 0x1C, 0x00, 0x38,
    0x00, 0x70, 0x00, 0xE0, 0x01, 0xC0, 0x03, 0x80, 0x07, 0x00, 0x0E, 0x00, 0x1C, 0x00, 0x38, 0x00,
    0x3F, 0xFC, 0x3F, 0xFC, 0x00, 0x00, 0x00, 0x00, 0x00, 0x00, 0x00, 0x00, 0x00, 0x00, 0x00, 0x00,
    0x00, 0x00, 0x0E, 0x70, 0x07, 0xE0, 0x03, 0xC0, 0x01, 0x80, 0x00, 0x00, 0x3F, 0xFC, 0x3F, 0xFC,
    0x00, 0x0C, 0x00, 0x0C, 0x00, 0x0C, 0x00, 0x1C, 0x00, 0x38, 0x00, 0x70, 0x00, 0xE0, 0x01, 0xC0,
    0x03, 0x80, 0x07, 0x00, 0x0E, 0x00, 0x1C, 0x00, 0x38, 0x00, 0x30, 0x00, 0x30, 0x00, 0x30, 0x00,
    0x3F, 0xFC, 0x3F, 0xFC, 0x00, 0x00, 0x00, 0x00, 0x00, 0x00, 0x00, 0x00, 0x00, 0x00, 0x00, 0x00,
    0x00, 0x00, 0x00, 0x00, 0x00, 0x00, 0x00, 0x00, 0x00, 0x00, 0x00, 0x00, 0x0E, 0x70, 0x07, 0xE0,
    0x03, 0xC0, 0x01, 0x80, 0x00, 0x00, 0x00, 0x00, 0x3F, 0xFC, 0x3F, 0xFC, 0x00, 0x1C, 0x00, 0x38,
    0x00, 0x70, 0x00, 0xE0, 0x01, 0xC0, 0x03, 0x80, 0x07, 0x00, 0x0E, 0x00, 0x1C, 0x00, 0x38, 0x00,
    0x3F, 0xFC, 0x3F, 0xFC, 0x00, 0x00, 0x00, 0x00, 0x00, 0x00, 0x00, 0x00, 0x00, 0x00, 0x00, 0x00,
    0x00, 0x00, 0x00, 0x00, 0x00, 0x00, 0x00, 0x00, 0x00, 0x00, 0x00, 0x00, 0x00, 0xFC, 0x01, 0xFC,
    0x03, 0x80, 0x03, 0x00, 0x03, 0x00, 0x03, 0x00, 0x03, 0x00, 0x03, 0x00, 0x03, 0x00, 0x03, 0x00,
    0x03, 0x00, 0x03, 0x00, 0x03, 0x00, 0x03, 0x00, 0x03, 0x00, 0x03, 0x00, 0x03, 0x00, 0x03, 0x00,
    0x03, 0x00, 0x03, 0x00, 0x00, 0x00, 0x00, 0x00, 0x00, 0x00, 0x00, 0x00, 0x00, 0x00, 0x00, 0x00,
    0x00, 0x03, 0x80, 0x01, 0xC0, 0xFF, 0xE1, 0xFF, 0xF1, 0xFF, 0xF1, 0xE0, 0xF1, 0xE0, 0x3C, 0xE0,
    0x0E, 0xF0, 0x07, 0xF0, 0x01, 0xF8, 0x00, 0xFC, 0x00, 0x7E, 0x00, 0x3F, 0x00, 0x1F, 0x80, 0x0E,
    0xE0, 0x0E, 0x70, 0x07, 0x3C, 0x07, 0x8F, 0x8F, 0x83, 0xFF, 0x80, 0xFF, 0x80, 0x0E, 0x00, 0x00,
    0x18, 0x01, 0xC0, 0x0E, 0x1F, 0xF3, 0xFF, 0xBF, 0xF1, 0xC1, 0xDC, 0x0E, 0xE0, 0x3F, 0x01, 0xF8,
    0x0F, 0xC0, 0x7E, 0x03, 0xF8, 0x39, 0xE3, 0xC7, 0xFC, 0x1F, 0xC0, 0x38, 0x00, 0x00, 0x03, 0x80,
    0x01, 0xF0, 0x03, 0xFC, 0x01, 0xFE, 0x00, 0xF7, 0x00, 0x73, 0x80, 0x39, 0xC0, 0x1C, 0xE0, 0x0E,
    0x70, 0x07, 0x38, 0x03, 0x9C, 0x01, 0xCE, 0x00, 0xE7, 0x00, 0x73, 0x80, 0x39, 0xC0, 0x1C, 0xE0,
    0x1C, 0x78, 0x0E, 0x1E, 0x1F, 0x07, 0xFF, 0x01, 0xFF, 0x00, 0x3C, 0x00, 0x00, 0x0C, 0x00, 0x70,
    0x01, 0xD8, 0x1F, 0xE0, 0x7F, 0x81, 0xCE, 0x07, 0x38, 0x1C, 0xE0, 0x73, 0x81, 0xCE, 0x07, 0x38,
    0x1C, 0xE0, 0x71, 0xC1, 0xC7, 0x8F, 0x1F, 0xFC, 0x3F, 0xF0, 0x10, 0x00, 0xFE, 0x00, 0x39, 0xCF,
    0xFE, 0x01, 0xDC, 0xFF, 0xF0, 0x0F, 0x8E, 0x0F, 0x80, 0x70, 0xE0, 0x3C, 0x00, 0x0E, 0x01, 0xC7,
    0xFF, 0xE0, 0x1C, 0x7F, 0xFE, 0x00, 0xE7, 0xFF, 0xE0, 0x0E, 0x00, 0xEE, 0x00, 0xE0, 0x1C, 0xE0,
    0x0E, 0x03, 0xCE, 0x00, 0xE0, 0x78, 0xE0, 0x0E, 0x07, 0x0E, 0x01, 0xC0, 0xE0, 0xE0, 0x1C, 0x1E,
    0x0E, 0x03, 0x83, 0xC0, 0xE1, 0xF8, 0x38, 0x0F, 0xFF, 0x07, 0xFF, 0xFF, 0xC0, 0x7F, 0xF0, 0x00,
    0x30, 0x73, 0x80, 0x0E, 0x1D, 0xC0, 0x03, 0x83, 0xE0, 0x00, 0xE0, 0x70, 0x00, 0x38, 0x00, 0x07,
    0xCE, 0x7F, 0xF3, 0xFB, 0x9F, 0xFD, 0xFF, 0xE7, 0xFF, 0x70, 0xF8, 0x03, 0xB8, 0x1E, 0x01, 0xEE,
    0x03, 0x80, 0xF3, 0x80, 0xE0, 0x38, 0xE0, 0x38, 0x1C, 0x38, 0x0E, 0x0E, 0x0E, 0x07, 0x87, 0x83,
    0xC1, 0xE3, 0xC0, 0x78, 0xF8, 0xE0, 0x1F, 0xFE, 0x7F, 0xF3, 0xFB, 0x9F, 0xFC, 0x18, 0x00, 0x00,
    0xC0, 0x00, 0x03, 0xE0, 0x00, 0x07, 0xE0, 0x00, 0x07, 0xE0, 0x00, 0x07, 0xE0, 0x00, 0x07, 0xE0,
    0x00, 0x07, 0xE0, 0x00, 0x07, 0xE0, 0x00, 0x07, 0xE0, 0x00, 0x07, 0xE0, 0x00, 0x07, 0xE0, 0x00,
    0x07, 0xE0, 0x00, 0x07, 0xE0, 0x06, 0x07, 0xE0, 0x07, 0x07, 0xE0, 0x07, 0x07, 0xE0, 0x07, 0x07,
    0xE0, 0x07, 0x8F, 0xFF, 0xE3, 0xFE, 0xFF, 0xE1, 0xFC, 0x00, 0x00, 0x70, 0xC0, 0x03, 0x70, 0x03,
    0xF8, 0x01, 0xFC, 0x00, 0x4E, 0x00, 0x07, 0x00, 0x1B, 0x80, 0x1D, 0xC0, 0x0E, 0xE0, 0x07, 0x70,
    0x03, 0xB8, 0x01, 0xDC, 0x00, 0xEE, 0x00, 0x77, 0x00, 0x3B, 0x80, 0x1D, 0xC0, 0x0E, 0xE0, 0x07,
    0x7F, 0xF3, 0xBF, 0xF9, 0xC0, 0x00, 0xE0, 0x00, 0x70, 0x00, 0x38, 0x00, 0x7C, 0x00, 0x3C, 0x00,
    0x00, 0x00, 0x63, 0xB8, 0xFE, 0x3B, 0x84, 0xE0, 0x38, 0xEE, 0x3B, 0x8E, 0xE3, 0xB8, 0xEE, 0x3B,
    0x8E, 0xE3, 0xB8, 0xEE, 0x3B, 0x8E, 0xE3, 0xB8, 0xEE, 0x38, 0x0E, 0x03, 0x80, 0xE0, 0xF8, 0x3C,
    0x00, 0x00, 0xE0, 0x0C, 0x00, 0x37, 0x80, 0x70, 0x01, 0xFC, 0x03, 0x80, 0x0F, 0xF0, 0x1C, 0x00,
    0x7F, 0xC0, 0xE0, 0x03, 0xFE, 0x07, 0x00, 0x1F, 0xF8, 0x38, 0x00, 0xFD, 0xC1, 0xC0, 0x07, 0xE7,
    0x0E, 0x00, 0x3F, 0x3C, 0x70, 0x01, 0xF8, 0xE3, 0x80, 0x0F, 0xC3, 0x9C, 0x00, 0x7E, 0x1E, 0xE3,
    0x03, 0xF0, 0x77, 0x38, 0x1F, 0x83, 0xF9, 0xC0, 0xFC, 0x0F, 0xC7, 0x07, 0xE0, 0x3E, 0x3C, 0x77,
    0x01, 0xF1, 0xFF, 0xB8, 0x07, 0x83, 0xF8, 0x00, 0x00, 0x06, 0x00, 0xE0, 0x0C, 0x3B, 0xC0, 0x38,
    0xEF, 0x00, 0xE3, 0xBE, 0x03, 0x84, 0xFC, 0x0E, 0x03, 0xF0, 0x38, 0xEF, 0xE0, 0xE3, 0xBB, 0x83,
    0x8E, 0xE7, 0x0E, 0x3B, 0x9E, 0x38, 0xEE, 0x38, 0xE3, 0xB8, 0x73, 0x8E, 0xE1, 0xEE, 0x3B, 0x83,
    0xB8, 0xEE, 0x0F, 0xE3, 0xB8, 0x1F, 0x8E, 0xE0, 0x3E, 0x3B, 0x80, 0xF8, 0xEE, 0x01, 0xE3, 0x80,
    0x00, 0x0E, 0x00, 0x00, 0x38, 0x00, 0x00, 0xE0, 0x00, 0x0F, 0x00, 0x00, 0x3C, 0x00, 0x00, 0x00,
    0x00, 0x01, 0xC0, 0x00, 0x70, 0x00, 0x1C, 0x00, 0x02, 0x00, 0x00, 0x19, 0xE0, 0x7F, 0xFE, 0x1F,
    0xFF, 0x87, 0xF0, 0xF1, 0xFC, 0x1C, 0x7E, 0x07, 0x1F, 0x81, 0xC7, 0xE0, 0x71, 0xF8, 0x1C, 0x7E,
    0x07, 0x1F, 0x81, 0xC7, 0xE0, 0x71, 0xF8, 0x1C, 0x7E, 0x07, 0x1C, 0x00, 0x07, 0x00, 0x01, 0xC0,
    0x00, 0x70, 0x00, 0x78, 0x00, 0x1E, 0x00, 0x00, 0x00, 0x00, 0x00, 0x0E, 0x70, 0x07, 0xE0, 0x03,
    0xC0, 0x01, 0x80, 0x00, 0x00, 0x0F, 0xF0, 0x1F, 0xF8, 0x38, 0x1C, 0x30, 0x0C, 0x30, 0x0C, 0x30,
    0x0C, 0x30, 0x0C, 0x30, 0x0C, 0x30, 0x0C, 0x30, 0x0C, 0x3F, 0xFC, 0x3F, 0xFC, 0x30, 0x0C, 0x30,
    0x0C, 0x30, 0x0C, 0x30, 0x0C, 0x30, 0x0C, 0x30, 0x0C, 0x30, 0x0C, 0x30, 0x0C, 0x00, 0x00, 0x00,
    0x00, 0x00, 0x00, 0x00, 0x00, 0x00, 0x00, 0x00, 0x00, 0x00, 0x00, 0x00, 0x00, 0x00, 0x00, 0x00,
    0x00, 0x00, 0x00, 0x00, 0x00, 0x0E, 0x70, 0x07, 0xE0, 0x03, 0xC0, 0x01, 0x80, 0x00, 0x00, 0x00,
    0x00, 0x1F, 0xF0, 0x1F, 0xF8, 0x00, 0x1C, 0x00, 0x0C, 0x00, 0x0C, 0x0F, 0xFC, 0x1F, 0xFC, 0x38,
    0x0C, 0x30, 0x0C, 0x30, 0x0C, 0x30, 0x0C, 0x38, 0x0C, 0x1F, 0xFC, 0x0F, 0xFC, 0x00, 0x00, 0x00,
    0x00, 0x00, 0x00, 0x00, 0x00, 0x00, 0x00, 0x00, 0x00, 0x00, 0x00, 0x0E, 0x70, 0x07, 0xE0, 0x03,
    0xC0, 0x01, 0x80, 0x00, 0x00, 0x07, 0xE0, 0x07, 0xE0, 0x01, 0x80, 0x01, 0x80, 0x01, 0x80, 0x01,
    0x80, 0x01, 0x80, 0x01, 0x80, 0x01, 0x80, 0x01, 0x80, 0x01, 0x80, 0x01, 0x80, 0x01, 0x80, 0x01,
    0x80, 0x01, 0x80, 0x01, 0x80, 0x01, 0x80, 0x01, 0x80, 0x07, 0xE0, 0x07, 0xE0, 0x00, 0x00, 0x00,
    0x00, 0x00, 0x00, 0x00, 0x00, 0x00, 0x00, 0x00, 0x00, 0x00, 0x00, 0x00, 0x00, 0x00, 0x00, 0x00,
    0x00, 0x00, 0x00, 0x00, 0x00, 0x0E, 0x70, 0x07, 0xE0, 0x03, 0xC0, 0x01, 0x80, 0x00, 0x00, 0x00,
    0x00, 0x07, 0x80, 0x07, 0x80, 0x01, 0x80, 0x01, 0x80, 0x01, 0x80, 0x01, 0x80, 0x01, 0x80, 0x01,
    0x80, 0x01, 0x80, 0x01, 0x80, 0x01, 0x80, 0x01, 0x80, 0x07, 0xE0, 0x07, 0xE0, 0x00, 0x00, 0x00,
    0x00, 0x00, 0x00, 0x00, 0x00, 0x00, 0x00, 0x00, 0x00, 0x00, 0x00, 0x0E, 0x70, 0x07, 0xE0, 0x03,
    0xC0, 0x01, 0x80, 0x00, 0x00, 0x0F, 0xF0, 0x1F, 0xF8, 0x38, 0x1C, 0x30, 0x0C, 0x30, 0x0C, 0x30,
    0x0C, 0x30, 0x0C, 0x30, 0x0C, 0x30, 0x0C, 0x30, 0x0C, 0x30, 0x0C, 0x30, 0x0C, 0x30, 0x0C, 0x30,
    0x0C, 0x30, 0x0C, 0x30, 0x0C, 0x30, 0x0C, 0x38, 0x1C, 0x1F, 0xF8, 0x0F, 0xF0, 0x00, 0x00, 0x00,
    0x00, 0x00, 0x00, 0x00, 0x00, 0x00, 0x00, 0x00, 0x00, 0x00, 0x00, 0x00, 0x00, 0x00, 0x00, 0x00,
    0x00, 0x00, 0x00, 0x00, 0x00, 0x0E, 0x70, 0x07, 0xE0, 0x03, 0xC0, 0x01, 0x80, 0x00, 0x00, 0x00,
    0x00, 0x0F, 0xF0, 0x1F, 0xF8, 0x38, 0x1C, 0x30, 0x0C, 0x30, 0x0C, 0x30, 0x0C, 0x30, 0x0C, 0x30,
    0x0C, 0x30, 0x0C, 0x30, 0x0C, 0x30, 0x0C, 0x38, 0x1C, 0x1F, 0xF8, 0x0F, 0xF0, 0x00, 0x00, 0x00,
    0x00, 0x00, 0x00, 0x00, 0x00, 0x00, 0x00, 0x00, 0x00, 0x00, 0x00, 0x0E, 0x70, 0x07, 0xE0, 0x03,
    0xC0, 0x01, 0x80, 0x00, 0x00, 0x30, 0x0C, 0x30, 0x0C, 0x30, 0x0C, 0x30, 0x0C, 0x30, 0x0C, 0x30,
    0x0C, 0x30, 0x0C, 0x30, 0x0C, 0x30, 0x0C, 0x30, 0x0C, 0x30, 0x0C, 0x30, 0x0C, 0x30, 0x0C, 0x30,
    0x0C, 0x30, 0x0C, 0x30, 0x0C, 0x30, 0x0C, 0x38, 0x1C, 0x1F, 0xF8, 0x0F, 0xF0, 0x00, 0x00, 0x00,
    0x00, 0x00, 0x00, 0x00, 0x00, 0x00, 0x00, 0x00, 0x00, 0x00, 0x00, 0x00, 0x00, 0x00, 0x00, 0x00,
    0x00, 0x00, 0x00, 0x00, 0x00, 0x0E, 0x70, 0x07, 0xE0, 0x03, 0xC0, 0x01, 0x80, 0x00, 0x00, 0x00,
    0x00, 0x30, 0x0C, 0x30, 0x0C, 0x30, 0x0C, 0x30, 0x0C, 0x30, 0x0C, 0x30, 0x0C, 0x30, 0x0C, 0x30,
    0x0C, 0x30, 0x0C, 0x30, 0x0C, 0x30, 0x0C, 0x38, 0x0C, 0x1F, 0xFC, 0x0F, 0xFC, 0x00, 0x00, 0x00,
    0x00, 0x00, 0x00, 0x00, 0x00, 0x00, 0x00, 0x00, 0x00, 0x0F, 0xE0, 0x3F, 0xC0, 0x00, 0x00, 0x42,
    0x01, 0xCE, 0x03, 0x9E, 0x07, 0x18, 0x00, 0x00, 0xC0, 0x0D, 0xC0, 0x1F, 0x80, 0x3F, 0x00, 0x7E,
    0x00, 0xFC, 0x01, 0xF8, 0x03, 0xF0, 0x07, 0xE0, 0x0F, 0xC0, 0x1F, 0x80, 0x3F, 0x00, 0x7E, 0x00,
    0xFC, 0x01, 0xF8, 0x07, 0x78, 0x0E, 0x78, 0x7C, 0x7F, 0xF0, 0x7F, 0xC0, 0x3C, 0x00, 0x1F, 0xC1,
    0xFC, 0x00, 0x01, 0x08, 0x39, 0xE3, 0x9E, 0x18, 0xC0, 0x00, 0x60, 0x7E, 0x07, 0xE0, 0x7E, 0x07,
    0xE0, 0x7E, 0x07, 0xE0, 0x7E, 0x07, 0xE0, 0x7E, 0x07, 0x70, 0x77, 0x8F, 0x7F, 0xF3, 0xFF, 0x04,
    0x00, 0x01, 0xE0, 0x03, 0x80, 0x0E, 0x00, 0x1C, 0x00, 0x84, 0x03, 0x9C, 0x07, 0x3C, 0x0E, 0x30,
    0x00, 0x01, 0x80, 0x1B, 0x80, 0x3F, 0x00, 0x7E, 0x00, 0xFC, 0x01, 0xF8, 0x03, 0xF0, 0x07, 0xE0,
    0x0F, 0xC0, 0x1F, 0x80, 0x3F, 0x00, 0x7E, 0x00, 0xFC, 0x01, 0xF8, 0x03, 0xF0, 0x0E, 0xF0, 0x1C,
    0xF0, 0xF8, 0xFF, 0xE0, 0xFF, 0x80, 0x78, 0x00, 0x01, 0xC0, 0x38, 0x07, 0x00, 0x70, 0x10, 0x83,
    0x9E, 0x39, 0xE1, 0x8C, 0x00, 0x06, 0x07, 0xE0, 0x7E, 0x07, 0xE0, 0x7E, 0x07, 0xE0, 0x7E, 0x07,
    0xE0, 0x7E, 0x07, 0xE0, 0x77, 0x07, 0x78, 0xF7, 0xFF, 0x3F, 0xF0, 0x40, 0x1C, 0xE0, 0x1D, 0xC0,
    0x1F, 0x00, 0x1C, 0x00, 0x84, 0x03, 0x9C, 0x07, 0x3C, 0x0E, 0x30, 0x00, 0x01, 0x80, 0x1B, 0x80,
    0x3F, 0x00, 0x7E, 0x00, 0xFC, 0x01, 0xF8, 0x03, 0xF0, 0x07, 0xE0, 0x0F, 0xC0, 0x1F, 0x80, 0x3F,
    0x00, 0x7E, 0x00, 0xFC, 0x01, 0xF8, 0x03, 0xF0, 0x0E, 0xF0, 0x1C, 0xF0, 0xF8, 0xFF, 0xE0, 0xFF,
    0x80, 0x78, 0x00, 0x39, 0xC1, 0xDC, 0x0F, 0x80, 0x70, 0x10, 0x83, 0x9E, 0x39, 0xE1, 0x8C, 0x00,
    0x06, 0x07, 0xE0, 0x7E, 0x07, 0xE0, 0x7E, 0x07, 0xE0, 0x7E, 0x07, 0xE0, 0x7E, 0x07, 0xE0, 0x77,
    0x07, 0x78, 0xF7, 0xFF, 0x3F, 0xF0, 0x40, 0x0E, 0x00, 0x1C, 0x00, 0x1C, 0x00, 0x18, 0x00, 0x84,
    0x03, 0x9C, 0x07, 0x3C, 0x0E, 0x30, 0x00, 0x01, 0x80, 0x1B, 0x80, 0x3F, 0x00, 0x7E, 0x00, 0xFC,
    0x01, 0xF8, 0x03, 0xF0, 0x07, 0xE0, 0x0F, 0xC0, 0x1F, 0x80, 0x3F, 0x00, 0x7E, 0x00, 0xFC, 0x01,
    0xF8, 0x03, 0xF0, 0x0E, 0xF0, 0x1C, 0xF0, 0xF8, 0xFF, 0xE0, 0xFF, 0x80, 0x78, 0x00, 0x1C, 0x01,
    0xC0, 0x0E, 0x00, 0x60, 0x10, 0x83, 0x9E, 0x39, 0xE1, 0x8C, 0x00, 0x06, 0x07, 0xE0, 0x7E, 0x07,
    0xE0, 0x7E, 0x07, 0xE0, 0x7E, 0x07, 0xE0, 0x7E, 0x07, 0xE0, 0x77, 0x07, 0x78, 0xF7, 0xFF, 0x3F,
    0xF0, 0x40, 0x1F, 0x83, 0xFE, 0x1F, 0xF9, 0xC1, 0xE2, 0x07, 0x00, 0x3B, 0xFF, 0xDF, 0xFF, 0xFF,
    0xF7, 0x03, 0xB8, 0x1C, 0xE1, 0xC7, 0xFE, 0x1F, 0xE0, 0x18, 0x00, 0x07, 0xF0, 0x03, 0xF8, 0x00,
    0x00, 0x00, 0xC2, 0x00, 0xF7, 0x80, 0x7B, 0xC0, 0x18, 0xC0, 0x00, 0x00, 0x01, 0xC0, 0x00, 0xE0,
    0x00, 0xF8, 0x00, 0x7C, 0x00, 0x77, 0x00, 0x3B, 0x80, 0x1D, 0xC0, 0x1C, 0x70, 0x0E, 0x38, 0x07,
    0x1C, 0x07, 0x07, 0x03, 0x83, 0x81, 0xFF, 0xC1, 0xFF, 0xF0, 0xE0, 0x38, 0xF0, 0x1E, 0x70, 0x07,
    0x38, 0x03, 0xBC, 0x00, 0xE0, 0x3F, 0x87, 0xF0, 0x00, 0x08, 0x43, 0x9C, 0xF3, 0x8C, 0x70, 0x00,
    0x1F, 0x8F, 0xF9, 0xFF, 0xF0, 0x72, 0x0E, 0x01, 0xCF, 0xFB, 0xFF, 0xF8, 0xFC, 0x1F, 0x83, 0xF0,
    0xFF, 0xFE, 0xFF, 0xC7, 0x00, 0x07, 0xF0, 0x03, 0xF8, 0x00, 0x00, 0x00, 0x10, 0x00, 0x1C, 0x00,
    0x0E, 0x00, 0x07, 0x00, 0x00, 0x00, 0x01, 0xC0, 0x00, 0xE0, 0x00, 0xF8, 0x00, 0x7C, 0x00, 0x77,
    0x00, 0x3B, 0x80, 0x1D, 0xC0, 0x1C, 0x70, 0x0E, 0x38, 0x07, 0x1C, 0x07, 0x07, 0x03, 0x83, 0x81,
    0xFF, 0xC1, 0xFF, 0xF0, 0xE0, 0x38, 0xF0, 0x1E, 0x70, 0x07, 0x38, 0x03, 0xBC, 0x00, 0xE0, 0x3F,
    0x87, 0xF0, 0x00, 0x02, 0x00, 0xE0, 0x1E, 0x01, 0x80, 0x00, 0x1F, 0x8F, 0xF9, 0xFF, 0xF0, 0x72,
    0x0E, 0x01, 0xCF, 0xFB, 0xFF, 0xF8, 0xFC, 0x1F, 0x83, 0xF0, 0xFF, 0xFE, 0xFF, 0xC7, 0x00, 0x00,
    0x00, 0x00, 0x00, 0x1F, 0xFC, 0x1F, 0xFC, 0x00, 0x00, 0x00, 0x00, 0x1F, 0xFF, 0x3F, 0xFF, 0x70,
    0xC0, 0x60, 0xC0, 0x60, 0xC0, 0x60, 0xC0, 0x60, 0xC0, 0x60, 0xC0, 0x60, 0xC0, 0x7F, 0xFE, 0x7F,
    0xFE, 0x60, 0xC0, 0x60, 0xC0, 0x60, 0xC0, 0x60, 0xC0, 0x60, 0xC0, 0x60, 0xC0, 0x60, 0xC0, 0x60,
    0xFF, 0x60, 0xFF, 0x00, 0x00, 0x00, 0x00, 0x00, 0x00, 0x00, 0x00, 0x00, 0x00, 0x00, 0x00, 0x00,
    0x00, 0x00, 0x00, 0x00, 0x00, 0x00, 0x00, 0x00, 0x00, 0x00, 0x00, 0x00, 0x00, 0x00, 0x00, 0x1F,
    0xF8, 0x1F, 0xF8, 0x00, 0x00, 0x00, 0x00, 0x3E, 0xF8, 0x3F, 0xFC, 0x01, 0x8E, 0x01, 0x86, 0x01,
    0x86, 0x1F, 0x86, 0x3F, 0xFE, 0x71, 0xFE, 0x61, 0x80, 0x61, 0x80, 0x61, 0x80, 0x71, 0xC6, 0x3F,
    0xFE, 0x1F, 0x7C, 0x00, 0x00, 0x00, 0x00, 0x00, 0x00, 0x00, 0x00, 0x00, 0x00, 0x00, 0x00, 0x00,
    0x00, 0x00, 0x00, 0x00, 0x00, 0x00, 0x00, 0x00, 0x00, 0x00, 0x00, 0x0F, 0xF0, 0x1F, 0xF8, 0x38,
    0x1C, 0x30, 0x0C, 0x30, 0x0C, 0x30, 0x00, 0x30, 0x00, 0x30, 0x00, 0x30, 0x00, 0x30, 0xFC, 0x30,
    0xFC, 0x30, 0x0C, 0x30, 0x0C, 0x30, 0xFF, 0x30, 0xFF, 0x30, 0x0C, 0x30, 0x0C, 0x38, 0x1C, 0x1F,
    0xF8, 0x0F, 0xF0, 0x00, 0x00, 0x00, 0x00, 0x00, 0x00, 0x00, 0x00, 0x00, 0x00, 0x00, 0x00, 0x00,
    0x00, 0x00, 0x00, 0x00, 0x00, 0x00, 0x00, 0x00, 0x00, 0x00, 0x00, 0x00, 0x00, 0x00, 0x00, 0x00,
    0x00, 0x00, 0x00, 0x00, 0x00, 0x00, 0x00, 0x0F, 0xFC, 0x1F, 0xFC, 0x38, 0x0C, 0x30, 0x0C, 0x30,
    0x0C, 0x30, 0x0C, 0x30, 0xFF, 0x30, 0xFF, 0x30, 0x0C, 0x30, 0x0C, 0x30, 0x0C, 0x38, 0x0C, 0x1F,
    0xFC, 0x0F, 0xFC, 0x00, 0x0C, 0x00, 0x0C, 0x00, 0x1C, 0x1F, 0xF8, 0x1F, 0xF0, 0x00, 0x00, 0x00,
    0x00, 0x0E, 0x70, 0x07, 0xE0, 0x03, 0xC0, 0x01, 0x80, 0x00, 0x00, 0x0F, 0xF0, 0x1F, 0xF8, 0x38,
    0x1C, 0x30, 0x0C, 0x30, 0x0C, 0x30, 0x00, 0x30, 0x00, 0x30, 0x00, 0x30, 0x00, 0x30, 0xFC, 0x30,
    0xFC, 0x30, 0x0C, 0x30, 0x0C, 0x30, 0x0C, 0x30, 0x0C, 0x30, 0x0C, 0x30, 0x0C, 0x38, 0x1C, 0x1F,
    0xF8, 0x0F, 0xF0, 0x00, 0x00, 0x00, 0x00, 0x00, 0x00, 0x00, 0x00, 0x00, 0x00, 0x00, 0x00, 0x00,
    0x00, 0x00, 0x00, 0x00, 0x00, 0x00, 0x00, 0x00, 0x00, 0x00, 0x00, 0x0E, 0x70, 0x07, 0xE0, 0x03,
    0xC0, 0x01, 0x80, 0x00, 0x00, 0x00, 0x00, 0x0F, 0xFC, 0x1F, 0xFC, 0x38, 0x0C, 0x30, 0x0C, 0x30,
    0x0C, 0x30, 0x0C, 0x30, 0x0C, 0x30, 0x0C, 0x30, 0x0C, 0x30, 0x0C, 0x30, 0x0C, 0x38, 0x0C, 0x1F,
    0xFC, 0x0F, 0xFC, 0x00, 0x0C, 0x00, 0x0C, 0x00, 0x1C, 0x1F, 0xF8, 0x1F, 0xF0, 0x00, 0x00, 0x00,
    0x00, 0x0E, 0x70, 0x07, 0xE0, 0x03, 0xC0, 0x01, 0x80, 0x00, 0x00, 0x30, 0x0C, 0x30, 0x1C, 0x30,
    0x38, 0x30, 0x70, 0x30, 0xE0, 0x31, 0xC0, 0x33, 0x80, 0x37, 0x00, 0x3E, 0x00, 0x3C, 0x00, 0x3C,
    0x00, 0x3E, 0x00, 0x37, 0x00, 0x33, 0x80, 0x31, 0xC0, 0x30, 0xE0, 0x30, 0x70, 0x30, 0x38, 0x30,
    0x1C, 0x30, 0x0C, 0x00, 0x00, 0x00, 0x00, 0x00, 0x00, 0x00, 0x00, 0x00, 0x00, 0x00, 0x00, 0x00,
    0x00, 0x0E, 0x70, 0x07, 0xE0, 0x03, 0xC0, 0x01, 0x80, 0x00, 0x00, 0x18, 0x00, 0x18, 0x00, 0x18,
    0x00, 0x18, 0x00, 0x18, 0x00, 0x18, 0x00, 0x18, 0x1C, 0x18, 0x38, 0x18, 0x70, 0x18, 0xE0, 0x19,
    0xC0, 0x1B, 0x80, 0x1F, 0x00, 0x1F, 0x00, 0x1B, 0x80, 0x19, 0xC0, 0x18, 0xE0, 0x18, 0x70, 0x18,
    0x38, 0x18, 0x1C, 0x00, 0x00, 0x00, 0x00, 0x00, 0x00, 0x00, 0x00, 0x00, 0x00, 0x00, 0x00, 0x00,
    0x00, 0x00, 0x00, 0x00, 0x00, 0x00, 0x00, 0x00, 0x00, 0x00, 0x00, 0x0F, 0xF0, 0x1F, 0xF8, 0x38,
    0x1C, 0x30, 0x0C, 0x30, 0x0C, 0x30, 0x0C, 0x30, 0x0C, 0x30, 0x0C, 0x30, 0x0C, 0x30, 0x0C, 0x30,
    0x0C, 0x30, 0x0C, 0x30, 0x0C, 0x30, 0x0C, 0x30, 0x0C, 0x30, 0x0C, 0x30, 0x0C, 0x38, 0x1C, 0x1F,
    0xF8, 0x0F, 0xF0, 0x01, 0xC0, 0x03, 0x80, 0x03, 0x00, 0x03, 0xE0, 0x01, 0xE0, 0x00, 0x00, 0x00,
    0x00, 0x00, 0x00, 0x00, 0x00, 0x00, 0x00, 0x00, 0x00, 0x00, 0x00, 0x00, 0x00, 0x00, 0x00, 0x00,
    0x00, 0x00, 0x00, 0x00, 0x00, 0x00, 0x00, 0x0F, 0xF0, 0x1F, 0xF8, 0x38, 0x1C, 0x30, 0x0C, 0x30,
    0x0C, 0x30, 0x0C, 0x30, 0x0C, 0x30, 0x0C, 0x30, 0x0C, 0x30, 0x0C, 0x30, 0x0C, 0x38, 0x1C, 0x1F,
    0xF8, 0x0F, 0xF0, 0x01, 0xC0, 0x03, 0x80, 0x03, 0x00, 0x03, 0xE0, 0x01, 0xE0, 0x00, 0x00, 0x00,
    0x00, 0x00, 0x00, 0x0F, 0xF0, 0x0F, 0xF0, 0x00, 0x00, 0x00, 0x00, 0x0F, 0xF0, 0x1F, 0xF8, 0x38,
    0x1C, 0x30, 0x0C, 0x30, 0x0C, 0x30, 0x0C, 0x30, 0x0C, 0x30, 0x0C, 0x30, 0x0C, 0x30, 0x0C, 0x30,
    0x0C, 0x30, 0x0C, 0x30, 0x0C, 0x30, 0x0C, 0x30, 0x0C, 0x30, 0x0C, 0x30, 0x0C, 0x38, 0x1C, 0x1F,
    0xF8, 0x0F, 0xF0, 0x01, 0xC0, 0x03, 0x80, 0x03, 0x00, 0x03, 0xE0, 0x01, 0xE0, 0x00, 0x00, 0x00,
    0x00, 0x00, 0x00, 0x00, 0x00, 0x00, 0x00, 0x00, 0x00, 0x00, 0x00, 0x00, 0x00, 0x00, 0x00, 0x0F,
    0xF0, 0x0F, 0xF0, 0x00, 0x00, 0x00, 0x00, 0x0F, 0xF0, 0x1F, 0xF8, 0x38, 0x1C, 0x30, 0x0C, 0x30,
    0x0C, 0x30, 0x0C, 0x30, 0x0C, 0x30, 0x0C, 0x30, 0x0C, 0x30, 0x0C, 0x30, 0x0C, 0x38, 0x1C, 0x1F,
    0xF8, 0x0F, 0xF0, 0x01, 0xC0, 0x03, 0x80, 0x03, 0x00, 0x03, 0xE0, 0x01, 0xE0, 0x00, 0x00, 0x00,
    0x00, 0x0E, 0x70, 0x07, 0xE0, 0x03, 0xC0, 0x01, 0x80, 0x00, 0x00, 0x3F, 0xFC, 0x3F, 0xFC, 0x00,
    0x1C, 0x00, 0x38, 0x00, 0x70, 0x00, 0xE0, 0x01, 0xC0, 0x03, 0x80, 0x07, 0xF0, 0x07, 0xF8, 0x00,
    0x1C, 0x00, 0x0C, 0x00, 0x0C, 0x00, 0x0C, 0x00, 0x0C, 0x30, 0x0C, 0x30, 0x0C, 0x38, 0x1C, 0x1F,
    0xF8, 0x0F, 0xF0, 0x00, 0x00, 0x00, 0x00, 0x00, 0x00, 0x00, 0x00, 0x00, 0x00, 0x00, 0x00, 0x00,
    0x00, 0x00, 0x00, 0x00, 0x00, 0x00, 0x00, 0x00, 0x00, 0x00, 0x00, 0x0E, 0x70, 0x07, 0xE0, 0x03,
    0xC0, 0x01, 0x80, 0x00, 0x00, 0x00, 0x00, 0x3F, 0xFC, 0x3F, 0xFC, 0x00, 0x1C, 0x00, 0x38, 0x00,
    0x70, 0x00, 0xE0, 0x01, 0xC0, 0x03, 0x80, 0x07, 0xF0, 0x07, 0xF8, 0x00, 0x1C, 0x00, 0x0C, 0x00,
    0x0C, 0x00, 0x0C, 0x00, 0x0C, 0x30, 0x0C, 0x38, 0x1C, 0x1F, 0xF8, 0x0F, 0xF0, 0x00, 0x00, 0x00,
    0x00, 0x00, 0x00, 0x00, 0x00, 0x00, 0x00, 0x00, 0x00, 0x00, 0x00, 0x00, 0xE7, 0x00, 0x7E, 0x00,
    0x3C, 0x00, 0x18, 0x00, 0x00, 0x00, 0x00, 0x00, 0x78, 0x00, 0x78, 0x00, 0x18, 0x00, 0x18, 0x00,
    0x18, 0x00, 0x18, 0x00, 0x18, 0x00, 0x18, 0x00, 0x18, 0x00, 0x18, 0x00, 0x18, 0x00, 0x18, 0x00,
    0x18, 0x00, 0x18, 0x18, 0x18, 0x18, 0x18, 0x1C, 0x38, 0x0F, 0xF0, 0x07, 0xE0, 0x00, 0x00, 0xFE,
    0x00, 0x7F, 0xFD, 0xFF, 0xC0, 0xFF, 0xFB, 0xFF, 0xC1, 0xFF, 0xF7, 0x07, 0xC0, 0x01, 0xEE, 0x03,
    0xC0, 0x03, 0x9C, 0x03, 0x80, 0x0E, 0x38, 0x07, 0x00, 0x3C, 0x70, 0x07, 0x00, 0x70, 0xE0, 0x0E,
    0x01, 0xC1, 0xC0, 0x1C, 0x07, 0x83, 0x80, 0x38, 0x0E, 0x07, 0x00, 0x70, 0x38, 0x0E, 0x00, 0xE0,
    0xF0, 0x1C, 0x03, 0x83, 0xC0, 0x38, 0x07, 0x07, 0x00, 0x70, 0x1C, 0x1C, 0x00, 0xE1, 0xF8, 0x78,
    0x01, 0xFF, 0xE0, 0xFF, 0xFF, 0xFF, 0x01, 0xFF, 0xF8, 0xFE, 0x00, 0x00, 0x0F, 0xFE, 0x00, 0x00,
    0xFF, 0xF0, 0x00, 0x0E, 0x0F, 0x80, 0x00, 0xE0, 0x3C, 0x00, 0x0E, 0x01, 0xC7, 0xFF, 0xE0, 0x1C,
    0x7F, 0xFE, 0x00, 0xE7, 0xFF, 0xE0, 0x0E, 0x00, 0xEE, 0x00, 0xE0, 0x1C, 0xE0, 0x0E, 0x03, 0xCE,
    0x00, 0xE0, 0x78, 0xE0, 0x0E, 0x07, 0x0E, 0x01, 0xC0, 0xE0, 0xE0, 0x1C, 0x1E, 0x0E, 0x03, 0x83,
    0xC0, 0xE1, 0xF8, 0x38, 0x0F, 0xFF, 0x07, 0xFF, 0xFF, 0xC0, 0x7F, 0xF0, 0x00, 0x30, 0x00, 0x00,
    0x0E, 0x00, 0x00, 0x03, 0x80, 0x00, 0x00, 0xE0, 0x00, 0x00, 0x38, 0x00, 0x07, 0xCE, 0x7F, 0xF3,
    0xFB, 0x9F, 0xFD, 0xFF, 0xE7, 0xFF, 0x70, 0xF8, 0x03, 0xB8, 0x1E, 0x01, 0xEE, 0x03, 0x80, 0xF3,
    0x80, 0xE0, 0x38, 0xE0, 0x38, 0x1C, 0x38, 0x0E, 0x0E, 0x0E, 0x07, 0x87, 0x83, 0xC1, 0xE3, 0xC0,
    0x78, 0xF8, 0xE0, 0x1F, 0xFE, 0x7F, 0xF3, 0xFB, 0x9F, 0xFC, 0x18, 0x00, 0x00, 0x00, 0x00, 0x00,
    0x70, 0x00, 0xE0, 0x01, 0xC0, 0x03, 0x80, 0x00, 0x00, 0x0F, 0xF0, 0x1F, 0xF8, 0x38, 0x1C, 0x30,
    0x0C, 0x30, 0x0C, 0x30, 0x00, 0x30, 0x00, 0x30, 0x00, 0x30, 0x00, 0x30, 0xFC, 0x30, 0xFC, 0x30,
    0x0C, 0x30, 0x0C, 0x30, 0x0C, 0x30, 0x0C, 0x30, 0x0C, 0x30, 0x0C, 0x38, 0x1C, 0x1F, 0xF8, 0x0F,
    0xF0, 0x00, 0x00, 0x00, 0x00, 0x00, 0x00, 0x00, 0x00, 0x00, 0x00, 0x00, 0x00, 0x00, 0x00, 0x00,
    0x00, 0x00, 0x00, 0x00, 0x00, 0x00, 0x00, 0x00, 0x00, 0x00, 0x38, 0x00, 0x70, 0x00, 0xE0, 0x01,
    0xC0, 0x00, 0x00, 0x00, 0x00, 0x0F, 0xFC, 0x1F, 0xFC, 0x38, 0x0C, 0x30, 0x0C, 0x30, 0x0C, 0x30,
    0x0C, 0x30, 0x0C, 0x30, 0x0C, 0x30, 0x0C, 0x30, 0x0C, 0x30, 0x0C, 0x38, 0x0C, 0x1F, 0xFC, 0x0F,
    0xFC, 0x00, 0x0C, 0x00, 0x0C, 0x00, 0x1C, 0x1F, 0xF8, 0x1F, 0xF0, 0x00, 0x00, 0xC0, 0x0C, 0x00,
    0xE0, 0x0E, 0x00, 0xE0, 0x0E, 0x00, 0xE0, 0x0E, 0x00, 0xE0, 0x0E, 0x00, 0xE0, 0x0E, 0x07, 0xE0,
    0x0E, 0x07, 0xE0, 0x0E, 0x07, 0xFF, 0xFE, 0x07, 0xFF, 0xFE, 0x07, 0xFF, 0xFE, 0x07, 0xE0, 0x0E,
    0x07, 0xE0, 0x0E, 0x07, 0xE0, 0x0E, 0x07, 0xE0, 0x0E, 0x07, 0xE0, 0x0E, 0x07, 0xE0, 0x0F, 0x0E,
    0xE0, 0x07, 0xFE, 0xE0, 0x03, 0xFC, 0x00, 0x00, 0xE0, 0xEF, 0x83, 0xFF, 0x8F, 0xFF, 0x3C, 0x3E,
    0xE0, 0x3B, 0x80, 0xEE, 0x03, 0xF8, 0x0F, 0xE0, 0x3F, 0x80, 0xFE, 0x03, 0xF8, 0x0E, 0xE0, 0x3B,
    0x81, 0xEE, 0x07, 0x38, 0x3C, 0xE1, 0xE3, 0x9F, 0x0F, 0xF8, 0x3F, 0xC0, 0xFC, 0x03, 0x80, 0x0E,
    0x00, 0x38, 0x00, 0x00, 0x00, 0x0E, 0x00, 0x0E, 0x00, 0x1C, 0x00, 0x18, 0x00, 0x00, 0x1C, 0x01,
    0xBC, 0x03, 0xF8, 0x07, 0xF8, 0x0F, 0xF8, 0x1F, 0xF0, 0x3F, 0xF0, 0x7E, 0xE0, 0xFC, 0xE1, 0xF9,
    0xE3, 0xF1, 0xC7, 0xE1, 0xCF, 0xC3, 0xDF, 0x83, 0xBF, 0x07, 0xFE, 0x07, 0xFC, 0x07, 0xF8, 0x0F,
    0xF0, 0x0F, 0x1C, 0x01, 0xE0, 0x0E, 0x00, 0x60, 0x00, 0x06, 0x78, 0xFF, 0xEF, 0xFE, 0xF0, 0xFF,
    0x07, 0xE0, 0x7E, 0x07, 0xE0, 0x7E, 0x07, 0xE0, 0x7E, 0x07, 0xE0, 0x7E, 0x07, 0xE0, 0x70, 0x00,
    0x70, 0x00, 0x70, 0x00, 0x30, 0x00, 0x7C, 0x00, 0x7F, 0x00, 0x3B, 0x80, 0x1C, 0xC0, 0x0F, 0xE0,
    0x03, 0xE0, 0x00, 0xE0, 0x00, 0x70, 0x00, 0x7C, 0x00, 0x3E, 0x00, 0x3B, 0x80, 0x1D, 0xC0, 0x0E,
    0xE0, 0x0E, 0x38, 0x07, 0x1C, 0x03, 0x8E, 0x03, 0x83, 0x81, 0xC1, 0xC0, 0xFF, 0xE0, 0xFF, 0xF8,
    0x70, 0x1C, 0x78, 0x0F, 0x38, 0x03, 0x9C, 0x01, 0xDE, 0x00, 0x70, 0x03, 0x80, 0x70, 0x18, 0x07,
    0x01, 0xF0, 0x7F, 0x0E, 0x61, 0xDC, 0x1F, 0x81, 0xC0, 0x7E, 0x3F, 0xE7, 0xFF, 0xC1, 0xC8, 0x38,
    0x07, 0x3F, 0xEF, 0xFF, 0xE3, 0xF0, 0x7E, 0x0F, 0xC3, 0xFF, 0xFB, 0xFF, 0x1C, 0x00, 0x00, 0x00,
    0x00, 0x38, 0x00, 0x70, 0x00, 0xE0, 0x01, 0xC0, 0x00, 0x00, 0x1F, 0xFF, 0x3F, 0xFF, 0x70, 0xC0,
    0x60, 0xC0, 0x60, 0xC0, 0x60, 0xC0, 0x60, 0xC0, 0x60, 0xC0, 0x60, 0xC0, 0x7F, 0xFE, 0x7F, 0xFE,
    0x60, 0xC0, 0x60, 0xC0, 0x60, 0xC0, 0x60, 0xC0, 0x60, 0xC0, 0x60, 0xC0, 0x60, 0xC0, 0x60, 0xFF,
    0x60, 0xFF, 0x00, 0x00, 0x00, 0x00, 0x00, 0x00, 0x00, 0x00, 0x00, 0x00, 0x00, 0x00, 0x00, 0x00,
    0x00, 0x00, 0x00, 0x00, 0x00, 0x00, 0x00, 0x00, 0x00, 0x00, 0x00, 0x70, 0x00, 0xE0, 0x01, 0xC0,
    0x03, 0x80, 0x00, 0x00, 0x00, 0x00, 0x3E, 0xF8, 0x3F, 0xFC, 0x01, 0x8E, 0x01, 0x86, 0x01, 0x86,
    0x1F, 0x86, 0x3F, 0xFE, 0x71, 0xFE, 0x61, 0x80, 0x61, 0x80, 0x61, 0x80, 0x71, 0xC6, 0x3F, 0xFE,
    0x1F, 0x7C, 0x00, 0x00, 0x00, 0x00, 0x00, 0x00, 0x00, 0x00, 0x00, 0x00, 0x00, 0x00, 0x00, 0x00,
    0x00, 0x70, 0x00, 0xE0, 0x01, 0xC0, 0x03, 0x80, 0x00, 0x00, 0x0F, 0xF0, 0x1F, 0xF8, 0x38, 0x1C,
    0x30, 0x0E, 0x30, 0x0E, 0x30, 0x1C, 0x30, 0x3C, 0x30, 0x7C, 0x30, 0xEC, 0x31, 0xCC, 0x33, 0x8C,
    0x37, 0x0C, 0x3E, 0x0C, 0x3C, 0x0C, 0x38, 0x0C, 0x70, 0x0C, 0x70, 0x0C, 0x38, 0x1C, 0x1F, 0xF8,
    0x0F, 0xF0, 0x00, 0x00, 0x00, 0x00, 0x00, 0x00, 0x00, 0x00, 0x00, 0x00, 0x00, 0x00, 0x00, 0x00,
    0x00, 0x00, 0x00, 0x00, 0x00, 0x00, 0x00, 0x00, 0x00, 0x00, 0x00, 0x70, 0x00, 0xE0, 0x01, 0xC0,
    0x03, 0x80, 0x00, 0x00, 0x00, 0x00, 0x0F, 0xF6, 0x1F, 0xFE, 0x38, 0x1C, 0x30, 0x3C, 0x30, 0x7C,
    0x30, 0xEC, 0x31, 0xCC, 0x33, 0x8C, 0x37, 0x0C, 0x3E, 0x0C, 0x3C, 0x0C, 0x38, 0x1C, 0x7F, 0xF8,
    0x6F, 0xF0, 0x00, 0x00, 0x00, 0x00, 0x00, 0x00, 0x00, 0x00, 0x00, 0x00, 0x00, 0x00, 0x1D, 0xC0,
    0x07, 0x70, 0x03, 0xB8, 0x00, 0xEE, 0x00, 0x00, 0x00, 0x0E, 0x00, 0x07, 0x00, 0x07, 0xC0, 0x03,
    0xE0, 0x03, 0xB8, 0x01, 0xDC, 0x00, 0xEE, 0x00, 0xE3, 0x80, 0x71, 0xC0, 0x38, 0xE0, 0x38, 0x38,
    0x1C, 0x1C, 0x0F, 0xFE, 0x0F, 0xFF, 0x87, 0x01, 0xC7, 0x80, 0xF3, 0x80, 0x39, 0xC0, 0x1D, 0xE0,
    0x07, 0xE7, 0x0E, 0xE1, 0xCC, 0x1D, 0xC0, 0x00, 0x3F, 0x1F, 0xF3, 0xFF, 0xE0, 0xE4, 0x1C, 0x03,
    0x9F, 0xF7, 0xFF, 0xF1, 0xF8, 0x3F, 0x07, 0xE1, 0xFF, 0xFD, 0xFF, 0x8E, 0x00, 0x00, 0x00, 0x01,
    0xF0, 0x01, 0xFC, 0x00, 0xC6, 0x00, 0x63, 0x00, 0x00, 0x00, 0x07, 0x00, 0x03, 0x80, 0x03, 0xE0,
    0x01, 0xF0, 0x01, 0xDC, 0x00, 0xEE, 0x00, 0x77, 0x00, 0x71, 0xC0, 0x38, 0xE0, 0x1C, 0x70, 0x1C,
    0x1C, 0x0E, 0x0E, 0x07, 0xFF, 0x07, 0xFF, 0xC3, 0x80, 0xE3, 0xC0, 0x79, 0xC0, 0x1C, 0xE0, 0x0E,
    0xF0, 0x03, 0x80, 0x00, 0x03, 0xE0, 0xFE, 0x18, 0xE3, 0x1C, 0x00, 0x07, 0xE3, 0xFE, 0x7F, 0xFC,
    0x1C, 0x83, 0x80, 0x73, 0xFE, 0xFF, 0xFE, 0x3F, 0x07, 0xE0, 0xFC, 0x3F, 0xFF, 0xBF, 0xF1, 0xC0,
    0xE7, 0x07, 0x70, 0x33, 0x83, 0xB8, 0x00, 0x0F, 0xFE, 0xFF, 0xFF, 0xFF, 0xE0, 0x0E, 0x00, 0xE0,
    0x0E, 0x00, 0xE0, 0x0F, 0xFE, 0xFF, 0xEF, 0xFE, 0xE0, 0x0E, 0x00, 0xE0, 0x0E, 0x00, 0xE0, 0x0E,
    0x00, 0xFF, 0xFF, 0xFF, 0x77, 0x03, 0x9C, 0x0E, 0xE0, 0x33, 0x00, 0x00, 0x07, 0xC0, 0xFF, 0x0F,
    0xFC, 0x70, 0x77, 0x03, 0xB8, 0x0D, 0xFF, 0xFF, 0xFF, 0xF0, 0x03, 0x80, 0x1C, 0x0E, 0x78, 0xF1,
    0xFF, 0x07, 0xF0, 0x0E, 0x00, 0x00, 0x01, 0xF0, 0x3F, 0x83, 0x1C, 0x30, 0xC0, 0x00, 0xFF, 0xEF,
    0xFF, 0xFF, 0xFE, 0x00, 0xE0, 0x0E, 0x00, 0xE0, 0x0E, 0x00, 0xFF, 0xEF, 0xFE, 0xFF, 0xEE, 0x00,
    0xE0, 0x0E, 0x00, 0xE0, 0x0E, 0x00, 0xE0, 0x0F, 0xFF, 0xFF, 0xF0, 0x00, 0x00, 0x7C, 0x07, 0xF0,
    0x71, 0x83, 0x0C, 0x00, 0x00, 0x3E, 0x07, 0xF8, 0x7F, 0xE3, 0x83, 0xB8, 0x1D, 0xC0, 0x6F, 0xFF,
    0xFF, 0xFF, 0x80, 0x1C, 0x00, 0xE0, 0x73, 0xC7, 0x8F, 0xF8, 0x3F, 0x80, 0x70, 0x00, 0x77, 0x1C,
    0xE3, 0xB8, 0x66, 0x00, 0x01, 0x80, 0x70, 0x1C, 0x07, 0x01, 0xC0, 0x70, 0x1C, 0x07, 0x01, 0xC0,
    0x70, 0x1C, 0x07, 0x01, 0xC0, 0x70, 0x1C, 0x07, 0x01, 0xC0, 0x70, 0x1C, 0xE7, 0x3B, 0x8E, 0xE7,
    0x70, 0x00, 0x30, 0x38, 0x1C, 0x0E, 0x07, 0x03, 0x81, 0xC0, 0xE0, 0x70, 0x38, 0x1C, 0x0E, 0x07,
    0x03, 0x80, 0x00, 0x3E, 0x7F, 0xE3, 0xC3, 0x00, 0x18, 0x1C, 0x1C, 0x1C, 0x1C, 0x1C, 0x1C, 0x1C,
    0x1C, 0x1C, 0x1C, 0x1C, 0x1C, 0x1C, 0x1C, 0x1C, 0x1C, 0x1C, 0x1C, 0x00, 0x7E, 0xFE, 0xE7, 0xC3,
    0x00, 0x18, 0x38, 0x38, 0x38, 0x38, 0x38, 0x38, 0x38, 0x38, 0x38, 0x38, 0x38, 0x38, 0x38, 0x1D,
    0xC0, 0x07, 0x70, 0x03, 0xB8, 0x00, 0xEE, 0x00, 0x00, 0x00, 0x1F, 0x00, 0x3F, 0xE0, 0x3F, 0xF8,
    0x3C, 0x1E, 0x3C, 0x07, 0x9C, 0x01, 0xDE, 0x00, 0xFE, 0x00, 0x3F, 0x00, 0x1F, 0x80, 0x0F, 0xC0,
    0x07, 0xE0, 0x03, 0xF0, 0x01, 0xDC, 0x01, 0xCE, 0x00, 0xE7, 0x80, 0xF1, 0xF1, 0xF0, 0x7F, 0xF0,
    0x1F, 0xF0, 0x01, 0xC0, 0x00, 0x77, 0x03, 0x9C, 0x0E, 0xE0, 0x33, 0x00, 0x00, 0x07, 0xC0, 0xFF,
    0x8F, 0xFC, 0x70, 0x77, 0x03, 0xB8, 0x0F, 0xC0, 0x7E, 0x03, 0xF0, 0x1F, 0x80, 0xFE, 0x0E, 0x78,
    0xF1, 0xFF, 0x07, 0xF0, 0x0E, 0x00, 0x00, 0x00, 0x01, 0xF0, 0x01, 0xFC, 0x00, 0xC6, 0x00, 0x63,
    0x00, 0x00, 0x00, 0x0F, 0x80, 0x1F, 0xF0, 0x1F, 0xFC, 0x1E, 0x0F, 0x1E, 0x03, 0xCE, 0x00, 0xEF,
    0x00, 0x7F, 0x00, 0x1F, 0x80, 0x0F, 0xC0, 0x07, 0xE0, 0x03, 0xF0, 0x01, 0xF8, 0x00, 0xEE, 0x00,
    0xE7, 0x00, 0x73, 0xC0, 0x78, 0xF8, 0xF8, 0x3F, 0xF8, 0x0F, 0xF8, 0x00, 0xE0, 0x00, 0x00, 0x00,
    0x7C, 0x07, 0xF0, 0x71, 0x83, 0x8C, 0x00, 0x00, 0x3E, 0x07, 0xFC, 0x7F, 0xE3, 0x83, 0xB8, 0x1D,
    0xC0, 0x7E, 0x03, 0xF0, 0x1F, 0x80, 0xFC, 0x07, 0xF0, 0x73, 0xC7, 0x8F, 0xF8, 0x3F, 0x80, 0x70,
    0x00, 0xE7, 0x01, 0xDC, 0x03, 0xB8, 0x0E, 0xE0, 0x00, 0x03, 0xF8, 0x0F, 0xFE, 0x3F, 0xFC, 0xE0,
    0xF3, 0x80, 0xEE, 0x03, 0xB8, 0x0E, 0xE0, 0x3B, 0x81, 0xEF, 0xFF, 0x3F, 0xF8, 0xFF, 0xC3, 0x87,
    0x0E, 0x1E, 0x38, 0x38, 0xE0, 0xF3, 0x81, 0xCE, 0x07, 0xB8, 0x0E, 0xF7, 0x1D, 0xC3, 0xB8, 0x66,
    0x00, 0x06, 0xF3, 0xFC, 0xFF, 0x3C, 0x0F, 0x03, 0x80, 0xE0, 0x38, 0x0E, 0x03, 0x80, 0xE0, 0x38,
    0x0E, 0x03, 0x80, 0x00, 0x00, 0x7E, 0x03, 0xF8, 0x0E, 0x70, 0x30, 0xC0, 0x00, 0x0F, 0xE0, 0x3F,
    0xF8, 0xFF, 0xF3, 0x83, 0xCE, 0x03, 0xB8, 0x0E, 0xE0, 0x3B, 0x80, 0xEE, 0x07, 0xBF, 0xFC, 0xFF,
    0xE3, 0xFF, 0x0E, 0x1C, 0x38, 0x78, 0xE0, 0xE3, 0x83, 0xCE, 0x07, 0x38, 0x1E, 0xE0, 0x38, 0x00,
    0x7E, 0x7F, 0xE7, 0xC3, 0x00, 0x6F, 0xFF, 0xFF, 0xF0, 0xF0, 0xE0, 0xE0, 0xE0, 0xE0, 0xE0, 0xE0,
    0xE0, 0xE0, 0xE0, 0x3B, 0x80, 0x73, 0x80, 0x77, 0x00, 0x66, 0x00, 0x00, 0x18, 0x01, 0xB8, 0x03,
    0xF0, 0x07, 0xE0, 0x0F, 0xC0, 0x1F, 0x80, 0x3F, 0x00, 0x7E, 0x00, 0xFC, 0x01, 0xF8, 0x03, 0xF0,
    0x07, 0xE0, 0x0F, 0xC0, 0x1F, 0x80, 0x3F, 0x00, 0xEF, 0x01, 0xCF, 0x0F, 0x8F, 0xFE, 0x0F, 0xF8,
    0x07, 0x80, 0x77, 0x07, 0x38, 0x3B, 0x81, 0x98, 0x00, 0x06, 0x07, 0xE0, 0x7E, 0x07, 0xE0, 0x7E,
    0x07, 0xE0, 0x7E, 0x07, 0xE0, 0x7E, 0x07, 0xE0, 0x77, 0x07, 0x78, 0xF7, 0xFF, 0x3F, 0xF0, 0x40,
    0x00, 0x00, 0x0F, 0x80, 0x3F, 0x80, 0xE3, 0x01, 0x86, 0x00, 0x00, 0x30, 0x03, 0x70, 0x07, 0xE0,
    0x0F, 0xC0, 0x1F, 0x80, 0x3F, 0x00, 0x7E, 0x00, 0xFC, 0x01, 0xF8, 0x03, 0xF0, 0x07, 0xE0, 0x0F,
    0xC0, 0x1F, 0x80, 0x3F, 0x00, 0x7E, 0x01, 0xDE, 0x03, 0x9E, 0x1F, 0x1F, 0xFC, 0x1F, 0xF0, 0x0F,
    0x00, 0x00, 0x00, 0xF8, 0x1F, 0xC3, 0x8C, 0x30, 0xC0, 0x00, 0x60, 0x7E, 0x07, 0xE0, 0x7E, 0x07,
    0xE0, 0x7E, 0x07, 0xE0, 0x7E, 0x07, 0xE0, 0x7E, 0x07, 0x70, 0x77, 0x8F, 0x7F, 0xF3, 0xFF, 0x04,
    0x00, 0x00, 0x00, 0x00, 0x00, 0x00, 0x00, 0x00, 0x00, 0x00, 0x00, 0x00, 0x00, 0x0F, 0xF0, 0x1F,
    0xF8, 0x38, 0x1C, 0x30, 0x0C, 0x30, 0x0C, 0x30, 0x00, 0x30, 0x00, 0x30, 0x00, 0x38, 0x00, 0x1F,
    0xF0, 0x0F, 0xF8, 0x00, 0x1C, 0x00, 0x0C, 0x00, 0x0C, 0x00, 0x0C, 0x30, 0x0C, 0x30, 0x0C, 0x38,
    0x1C, 0x1F, 0xF8, 0x0F, 0xF0, 0x00, 0x00, 0x01, 0x80, 0x01, 0x80, 0x03, 0x80, 0x03, 0x00, 0x06,
    0x00, 0x00, 0x00, 0x00, 0x00, 0x00, 0x00, 0x00, 0x00, 0x00, 0x00, 0x00, 0x00, 0x00, 0x00, 0x00,
    0x00, 0x00, 0x00, 0x00, 0x00, 0x00, 0x00, 0x00, 0x00, 0x0F, 0xF0, 0x1F, 0xF8, 0x38, 0x1C, 0x30,
    0x00, 0x30, 0x00, 0x38, 0x00, 0x1F, 0xF0, 0x0F, 0xF8, 0x00, 0x1C, 0x00, 0x0C, 0x00, 0x0C, 0x38,
    0x1C, 0x1F, 0xF8, 0x0F, 0xF0, 0x00, 0x00, 0x01, 0x80, 0x01, 0x80, 0x03, 0x80, 0x03, 0x00, 0x06,
    0x00, 0x00, 0x00, 0x00, 0x00, 0x00, 0x00, 0x00, 0x00, 0x00, 0x00, 0x00, 0x00, 0x3F, 0xFC, 0x3F,
    0xFC, 0x01, 0x80, 0x01, 0x80, 0x01, 0x80, 0x01, 0x80, 0x01, 0x80, 0x01, 0x80, 0x01, 0x80, 0x01,
    0x80, 0x01, 0x80, 0x01, 0x80, 0x01, 0x80, 0x01, 0x80, 0x01, 0x80, 0x01, 0x80, 0x01, 0x80, 0x01,
    0x80, 0x01, 0x80, 0x01, 0x80, 0x00, 0x00, 0x01, 0x80, 0x01, 0x80, 0x03, 0x80, 0x03, 0x00, 0x06,
    0x00, 0x00, 0x00, 0x00, 0x00, 0x00, 0x00, 0x00, 0x00, 0x00, 0x00, 0x00, 0x00, 0x03, 0x00, 0x03,
    0x00, 0x03, 0x00, 0x03, 0x00, 0x03, 0x00, 0x03, 0x00, 0x3F, 0xF0, 0x3F, 0xF0, 0x03, 0x00, 0x03,
    0x00, 0x03, 0x00, 0x03, 0x00, 0x03, 0x00, 0x03, 0x00, 0x03, 0x00, 0x03, 0x00, 0x03, 0x00, 0x03,
    0x80, 0x01, 0xFC, 0x00, 0xFC, 0x00, 0x00, 0x00, 0x30, 0x00, 0x30, 0x00, 0x70, 0x00, 0x60, 0x00,
    0xC0, 0x0F, 0x80, 0xFF, 0x87, 0xFF, 0x1E, 0x1E, 0xF0, 0x3B, 0x80, 0xE0, 0x03, 0x80, 0x0E, 0x00,
    0x78, 0x03, 0xC0, 0x1F, 0x01, 0xFE, 0x3F, 0xB9, 0xF8, 0xE7, 0x03, 0xC0, 0x0F, 0x00, 0x38, 0x00,
    0xE0, 0x07, 0x80, 0x3C, 0x03, 0xE0, 0x7F, 0x07, 0xF8, 0x1F, 0x00, 0x20, 0x00, 0x1F, 0x8F, 0xF9,
    0xFF, 0xF8, 0x7E, 0x0E, 0x01, 0xC0, 0x70, 0x1E, 0x0F, 0xCF, 0xFD, 0xF3, 0xB0, 0x70, 0x0E, 0x01,
    0xC0, 0x78, 0x1E, 0x1F, 0x8F, 0xE1, 0xF0, 0x10, 0x00, 0x1C, 0xE0, 0x1F, 0x80, 0x1F, 0x00, 0x1C,
    0x00, 0x00, 0x18, 0x01, 0xB8, 0x03, 0xF0, 0x07, 0xE0, 0x0F, 0xC0, 0x1F, 0x80, 0x3F, 0x00, 0x7E,
    0x00, 0xFF, 0xFF, 0xFF, 0xFF, 0xFF, 0xFF, 0xE0, 0x0F, 0xC0, 0x1F, 0x80, 0x3F, 0x00, 0x7E, 0x00,
    0xFC, 0x01, 0xF8, 0x03, 0xF0, 0x07, 0xE7, 0x01, 0xF8, 0x03, 0xC0, 0x0E, 0x00, 0x00, 0x00, 0x60,
    0x03, 0x80, 0x0E, 0x00, 0x38, 0x00, 0xE0, 0x03, 0x9E, 0x0F, 0xFE, 0x3F, 0xF8, 0xF0, 0xF3, 0xC1,
    0xCE, 0x07, 0x38, 0x1C, 0xE0, 0x73, 0x81, 0xCE, 0x07, 0x38, 0x1C, 0xE0, 0x73, 0x81, 0xCE, 0x07,
    0x00, 0x00, 0x0E, 0x00, 0x07, 0x00, 0x03, 0x80, 0x01, 0xC0, 0x00, 0x00, 0x00, 0x00, 0x00, 0x00,
    0x00, 0x00, 0x00, 0x00, 0x00, 0x00, 0x00, 0x00, 0x00, 0x00, 0x00, 0x00, 0x00, 0x00, 0x00, 0x00,
    0x00, 0x00, 0x00, 0x00, 0x00, 0x00, 0x00, 0x00, 0x00, 0x00, 0x00, 0x00, 0x00, 0x00, 0x00, 0x00,
    0x00, 0x00, 0x00, 0x00, 0x00, 0x00, 0x00, 0x00, 0x00, 0x00, 0x00, 0x00, 0x00, 0x00, 0x00, 0x00,
    0x00, 0x00, 0x00, 0x70, 0x00, 0xE0, 0x01, 0xC0, 0x03, 0x80, 0x00, 0x00, 0x00, 0x00, 0x00, 0x00,
    0x00, 0x00, 0x00, 0x00, 0x00, 0x00, 0x00, 0x00, 0x00, 0x00, 0x00, 0x00, 0x00, 0x00, 0x00, 0x00,
    0x00, 0x00, 0x00, 0x00, 0x00, 0x00, 0x00, 0x00, 0x00, 0x00, 0x00, 0x00, 0x00, 0x00, 0x00, 0x00,
    0x00, 0x00, 0x00, 0x00, 0x00, 0x00, 0x00, 0x00, 0x00, 0x00, 0x00, 0x00, 0x00, 0x00, 0x00, 0x00,
    0x00, 0x00, 0x01, 0x80, 0x03, 0xC0, 0x07, 0xE0, 0x0E, 0x70, 0x00, 0x00, 0x00, 0x00, 0x00, 0x00,
    0x00, 0x00, 0x00, 0x00, 0x00, 0x00, 0x00, 0x00, 0x00, 0x00, 0x00, 0x00, 0x00, 0x00, 0x00, 0x00,
    0x00, 0x00, 0x00, 0x00, 0x00, 0x00, 0x00, 0x00, 0x00, 0x00, 0x00, 0x00, 0x00, 0x00, 0x00, 0x00,
    0x00, 0x00, 0x00, 0x00, 0x00, 0x00, 0x00, 0x00, 0x00, 0x00, 0x00, 0x00, 0x00, 0x00, 0x00, 0x00,
    0x00, 0x00, 0x0F, 0x18, 0x1B, 0x98, 0x19, 0xD8, 0x18, 0xF0, 0x00, 0x00, 0x00, 0x00, 0x00, 0x00,
    0x00, 0x00, 0x00, 0x00, 0x00, 0x00, 0x00, 0x00, 0x00, 0x00, 0x00, 0x00, 0x00, 0x00, 0x00, 0x00,
    0x00, 0x00, 0x00, 0x00, 0x00, 0x00, 0x00, 0x00, 0x00, 0x00, 0x00, 0x00, 0x00, 0x00, 0x00, 0x00,
    0x00, 0x00, 0x00, 0x00, 0x00, 0x00, 0x00, 0x00, 0x00, 0x00, 0x00, 0x00, 0x00, 0x00, 0x00, 0x00,
    0x00, 0x00, 0x00, 0x00, 0x0F, 0xF0, 0x0F, 0xF0, 0x00, 0x00, 0x00, 0x00, 0x00, 0x00, 0x00, 0x00,
    0x00, 0x00, 0x00, 0x00, 0x00, 0x00, 0x00, 0x00, 0x00, 0x00, 0x00, 0x00, 0x00, 0x00, 0x00, 0x00,
    0x00, 0x00, 0x00, 0x00, 0x00, 0x00, 0x00, 0x00, 0x00, 0x00, 0x00, 0x00, 0x00, 0x00, 0x00, 0x00,
    0x00, 0x00, 0x00, 0x00, 0x00, 0x00, 0x00, 0x00, 0x00, 0x00, 0x00, 0x00, 0x00, 0x00, 0x00, 0x00,
    0x00, 0x00, 0x00, 0x00, 0x3F, 0xFC, 0x3F, 0xFC, 0x00, 0x00, 0x00, 0x00, 0x00, 0x00, 0x00, 0x00,
    0x00, 0x00, 0x00, 0x00, 0x00, 0x00, 0x00, 0x00, 0x00, 0x00, 0x00, 0x00, 0x00, 0x00, 0x00, 0x00,
    0x00, 0x00, 0x00, 0x00, 0x00, 0x00, 0x00, 0x00, 0x00, 0x00, 0x00, 0x00, 0x00, 0x00, 0x00, 0x00,
    0x00, 0x00, 0x00, 0x00, 0x00, 0x00, 0x00, 0x00, 0x00, 0x00, 0x00, 0x00, 0x00, 0x00, 0x00, 0x00,
    0x00, 0x00, 0x0C, 0x30, 0x0C, 0x30, 0x07, 0xE0, 0x03, 0xC0, 0x00, 0x00, 0x00, 0x00, 0x00, 0x00,
    0x00, 0x00, 0x00, 0x00, 0x00, 0x00, 0x00, 0x00, 0x00, 0x00, 0x00, 0x00, 0x00, 0x00, 0x00, 0x00,
    0x00, 0x00, 0x00, 0x00, 0x00, 0x00, 0x00, 0x00, 0x00, 0x00, 0x00, 0x00, 0x00, 0x00, 0x00, 0x00,
    0x00, 0x00, 0x00, 0x00, 0x00, 0x00, 0x00, 0x00, 0x00, 0x00, 0x00, 0x00, 0x00, 0x00, 0x00, 0x00,
    0x00, 0x00, 0x01, 0x80, 0x01, 0x80, 0x01, 0x80, 0x01, 0x80, 0x00, 0x00, 0x00, 0x00, 0x00, 0x00,
    0x00, 0x00, 0x00, 0x00, 0x00, 0x00, 0x00, 0x00, 0x00, 0x00, 0x00, 0x00, 0x00, 0x00, 0x00, 0x00,
    0x00, 0x00, 0x00, 0x00, 0x00, 0x00, 0x00, 0x00, 0x00, 0x00, 0x00, 0x00, 0x00, 0x00, 0x00, 0x00,
    0x00, 0x00, 0x00, 0x00, 0x00, 0x00, 0x00, 0x00, 0x00, 0x00, 0x00, 0x00, 0x00, 0x00, 0x00, 0x00,
    0x00, 0x00, 0x0C, 0x30, 0x0C, 0x30, 0x0C, 0x30, 0x0C, 0x30, 0x00, 0x00, 0x00, 0x00, 0x00, 0x00,
    0x00, 0x00, 0x00, 0x00, 0x00, 0x00, 0x00, 0x00, 0x00, 0x00, 0x00, 0x00, 0x00, 0x00, 0x00, 0x00,
    0x00, 0x00, 0x00, 0x00, 0x00, 0x00, 0x00, 0x00, 0x00, 0x00, 0x00, 0x00, 0x00, 0x00, 0x00, 0x00,
    0x00, 0x00, 0x00, 0x00, 0x00, 0x00, 0x00, 0x00, 0x00, 0x00, 0x00, 0x00, 0x00, 0x00, 0x00, 0x00,
    0xF7, 0x8C, 0xE0, 0x00, 0x00, 0x03, 0xC0, 0x06, 0x60, 0x06, 0x60, 0x06, 0x60, 0x03, 0xC0, 0x00,
    0x00, 0x00, 0x00, 0x00, 0x00, 0x00, 0x00, 0x00, 0x00, 0x00, 0x00, 0x00, 0x00, 0x00, 0x00, 0x00,
    0x00, 0x00, 0x00, 0x00, 0x00, 0x00, 0x00, 0x00, 0x00, 0x00, 0x00, 0x00, 0x00, 0x00, 0x00, 0x00,
    0x00, 0x00, 0x00, 0x00, 0x00, 0x00, 0x00, 0x00, 0x00, 0x00, 0x00, 0x00, 0x00, 0x00, 0x00, 0x00,
    0x00, 0x00, 0x00, 0x00, 0x00, 0x01, 0xCE, 0x03, 0x9C, 0x07, 0x38, 0x0E, 0x70, 0x00, 0x00, 0x00,
    0x00, 0x00, 0x00, 0x00, 0x00, 0x00, 0x00, 0x00, 0x00, 0x00, 0x00, 0x00, 0x00, 0x00, 0x00, 0x00,
    0x00, 0x00, 0x00, 0x00, 0x00, 0x00, 0x00, 0x00, 0x00, 0x00, 0x00, 0x00, 0x00, 0x00, 0x00, 0x00,
    0x00, 0x00, 0x00, 0x00, 0x00, 0x00, 0x00, 0x00, 0x00, 0x00, 0x00, 0x00, 0x00, 0x00, 0x00, 0x00,
    0x00, 0x00, 0x00, 0x00, 0x00, 0x0E, 0x70, 0x07, 0xE0, 0x03, 0xC0, 0x01, 0x80, 0x00, 0x00, 0x00,
    0x00, 0x00, 0x00, 0x00, 0x00, 0x00, 0x00, 0x00, 0x00, 0x00, 0x00, 0x00, 0x00, 0x00, 0x00, 0x00,
    0x00, 0x00, 0x00, 0x00, 0x00, 0x00, 0x00, 0x00, 0x00, 0x00, 0x00, 0x00, 0x00, 0x00, 0x00, 0x00,
    0x00, 0x00, 0x00, 0x00, 0x00, 0x00, 0x00, 0x00, 0x00, 0x00, 0x00, 0x00, 0x00, 0x00, 0x00, 0x00,
    0x00, 0x00, 0x00, 0x77, 0x3B, 0x8E, 0xE3, 0x30, 0x31, 0xCE, 0x73, 0xB9, 0xCC, 0x31, 0xCE, 0x73,
    0xB9, 0xCC, 0x77, 0x76, 0xEC, 0x6F, 0xF4, 0x37, 0x77, 0xE6, 0x61, 0x87, 0x9E, 0x7B, 0xE0, 0x00,
    0x33, 0xB9, 0xCF, 0xFC, 0xC0, 0x00, 0x00, 0x00, 0x00, 0x00, 0x00, 0x00, 0x00, 0x00, 0x00, 0x00,
    0x00, 0x00, 0x00, 0x00, 0x00, 0x00, 0x00, 0x00, 0x00, 0x00, 0x00, 0x00, 0x00, 0x00, 0x00, 0x00,
    0x00, 0x00, 0x00, 0x00, 0x00, 0x00, 0x00, 0x00, 0x00, 0x00, 0x00, 0x00, 0x00, 0x00, 0x00, 0x00,
    0x00, 0x00, 0x00, 0x00, 0x00, 0x00, 0x00, 0x00, 0x00, 0x00, 0x00, 0x01, 0x80, 0x01, 0x80, 0x01,
    0x80, 0x01, 0x80, 0x00, 0x00, 0xE7, 0x7E, 0x3E, 0x1C, 0x00, 0xE0, 0x18, 0x07, 0x00, 0xC0, 0x38,
    0x06, 0x01, 0xC0, 0x30, 0x0E, 0x01, 0x80, 0x70, 0x0C, 0x03, 0x80, 0x60, 0x1C, 0x03, 0x00, 0x60,
    0x00, 0x00, 0x06, 0x00, 0x18, 0x00, 0x70, 0x00, 0xC0, 0x03, 0x00, 0x0E, 0x00, 0x18, 0x00, 0x70,
    0x00, 0xC0, 0x03, 0x00, 0x0E, 0x00, 0x18, 0x00, 0x60, 0x01, 0xC0, 0x03, 0x00, 0x0E, 0x00, 0x18,
    0x00, 0x60, 0x01, 0xC0, 0x03, 0x00, 0x00, 0x73, 0x7F, 0xFE, 0x00, 0x77, 0x6E, 0xE0, 0xFF, 0xFF,
    0xF8, 0x7C, 0x3E, 0x18, 0x00, 0xFF, 0xFF, 0x00, 0x7F, 0xFF, 0x00, 0x01, 0xDB, 0xB7, 0x6E, 0xDD,
    0x80, 0xFF, 0xF7, 0xC7, 0x1C, 0x20, 0x00, 0x3F, 0xFF, 0xFF, 0xFD, 0xF0, 0xC0, 0x0E, 0x07, 0x80,
    0xE0, 0xE7, 0x7F, 0xDB, 0xE6, 0xF0, 0x78, 0x0E, 0x00, 0x00, 0x10, 0x9F, 0xFF, 0xF9, 0xE7, 0x7F,
    0xB9, 0xC0, 0x19, 0x86, 0x39, 0xFF, 0xBF, 0xF3, 0x1C, 0x33, 0x00, 0x18, 0x79, 0xFE, 0xF1, 0x83,
    0x00, 0x00, 0x38, 0x0F, 0xC1, 0xFC, 0x0F, 0xC1, 0xF1, 0xFF, 0xF8, 0xF8, 0x30, 0x00, 0x7F, 0x6E,
    0x40, 0x3C, 0xFE, 0xE7, 0xC7, 0x38, 0x3C, 0x38, 0x00, 0xDD, 0xF1, 0xE7, 0xCD, 0xC1, 0x00, 0x00,
    0x1C, 0xFF, 0xCF, 0xC3, 0xC1, 0x80, 0x01, 0xC3, 0xF0, 0xF7, 0xFE, 0x30, 0x00, 0x00, 0x23, 0xC1,
    0xC7, 0xC7, 0x07, 0xBC, 0x3E, 0xD9, 0xE7, 0x64, 0x19, 0xC0, 0x4F, 0x73, 0x7F, 0x60, 0x6F, 0xF4,
    0x00, 0xCF, 0xBF, 0x71, 0xE4, 0x00, 0x33, 0x3F, 0xEC, 0xCF, 0x33, 0xFF, 0xDF, 0xE0, 0x31, 0xC6,
    0x1F, 0x78, 0x63, 0x80, 0x40, 0x00, 0xBC, 0x00, 0xE7, 0xF3, 0xF0, 0x7F, 0xF8, 0x03, 0xF0, 0x00,
    0x40, 0x00, 0xBC, 0x00, 0xE7, 0xF3, 0xF0, 0x7F, 0xF8, 0x03, 0xF0, 0x00, 0x7F, 0xFE, 0xFF, 0xFE,
    0xFF, 0xFE, 0x7F, 0xFE, 0xFF, 0xFE, 0xFF, 0xFE, 0x3F, 0x80, 0x03, 0x7F, 0xFF, 0xFF, 0xFF, 0xFF,
    0xFE, 0xC0, 0x07, 0xFC, 0x00, 0xC0, 0x03, 0xFF, 0x03, 0xFF, 0xF1, 0xE0, 0x1E, 0xE0, 0x01, 0xC0,
    0x00, 0x03, 0x00, 0x00, 0x3C, 0xFF, 0xFF, 0xEF, 0xFF, 0xFE, 0x00, 0x01, 0xC0, 0x00, 0x38, 0x39,
    0xFB, 0x33, 0xEF, 0xD9, 0xBF, 0x3E, 0x39, 0xFB, 0x37, 0xEF, 0xD9, 0xBF, 0x1C, 0xFF, 0xFF, 0xF0,
    0x3C, 0x7E, 0x66, 0x67, 0x67, 0x66, 0x7E, 0x3C, 0xCF, 0x3C, 0xF3, 0xCF, 0x3F, 0xDF, 0x3C, 0xFD,
    0x9B, 0x06, 0x0C, 0xDF, 0x9E, 0x06, 0x0C, 0x19, 0xF7, 0xEC, 0xF9, 0xF3, 0x66, 0xFC, 0xF8, 0xC3,
    0x0C, 0x3E, 0xFF, 0x3C, 0xF3, 0xCF, 0x3C, 0xC0, 0xFB, 0xBF, 0xFC, 0xCF, 0x33, 0xCC, 0xF3, 0x3C,
    0xCF, 0x33, 0xF7, 0xB9, 0x8C, 0x63, 0x18, 0x23, 0xBF, 0xF7, 0x39, 0xCE, 0x39, 0xC0, 0x66, 0x66,
    0x7E, 0x3E, 0x3C, 0x3C, 0x18, 0x18, 0xE6, 0xDD, 0xF1, 0xC3, 0x8F, 0x9B, 0xF3, 0x00, 0x00, 0x0E,
    0x00, 0x07, 0x00, 0x03, 0x80, 0x01, 0xC0, 0x00, 0x00, 0x3F, 0xFC, 0x3F, 0xFC, 0x30, 0x00, 0x30,
    0x00, 0x30, 0x00, 0x30, 0x00, 0x30, 0x00, 0x30, 0x00, 0x30, 0x00, 0x3F, 0xE0, 0x3F, 0xE0, 0x30,
    0x00, 0x30, 0x00, 0x30, 0x00, 0x30, 0x00, 0x30, 0x00, 0x30, 0x00, 0x30, 0x00, 0x3F, 0xFC, 0x3F,
    0xFC, 0x00, 0x00, 0x00, 0x00, 0x00, 0x00, 0x00, 0x00, 0x00, 0x00, 0x00, 0x00, 0x00, 0x00, 0x0C,
    0x30, 0x0C, 0x30, 0x0C, 0x30, 0x0C, 0x30, 0x00, 0x00, 0x3F, 0xFC, 0x3F, 0xFC, 0x30, 0x00, 0x30,
    0x00, 0x30, 0x00, 0x30, 0x00, 0x30, 0x00, 0x30, 0x00, 0x30, 0x00, 0x3F, 0xE0, 0x3F, 0xE0, 0x30,
    0x00, 0x30, 0x00, 0x30, 0x00, 0x30, 0x00, 0x30, 0x00, 0x30, 0x00, 0x30, 0x00, 0x3F, 0xFC, 0x3F,
    0xFC, 0x00, 0x00, 0x00, 0x00, 0x00, 0x00, 0x00, 0x00, 0x00, 0x00, 0x00, 0x00, 0x00, 0x00, 0x00,
    0x00, 0x00, 0x00, 0x00, 0x00, 0x00, 0x00, 0x00, 0x00, 0xFF, 0x00, 0xFF, 0x00, 0x18, 0x00, 0x18,
    0x00, 0x18, 0x00, 0x18, 0x00, 0x18, 0x00, 0x1F, 0xF0, 0x1F, 0xF8, 0x18, 0x1C, 0x18, 0x0C, 0x18,
    0x0C, 0x18, 0x0C, 0x18, 0x0C, 0x18, 0x0C, 0x18, 0x0C, 0x18, 0x0C, 0x18, 0x1C, 0x18, 0xF8, 0x18,
    0xF0, 0x00, 0x00, 0x00, 0x00, 0x00, 0x00, 0x00, 0x00, 0x00, 0x00, 0x00, 0x00, 0x00, 0x00, 0x00,
    0x70, 0x00, 0xE0, 0x01, 0xC0, 0x03, 0x80, 0x00, 0x00, 0x3F, 0xFC, 0x3F, 0xFC, 0x30, 0x00, 0x30,
    0x00, 0x30, 0x00, 0x30, 0x00, 0x30, 0x00, 0x30, 0x00, 0x30, 0x00, 0x30, 0x00, 0x30, 0x00, 0x30,
    0x00, 0x30, 0x00, 0x30, 0x00, 0x30, 0x00, 0x30, 0x00, 0x30, 0x00, 0x30, 0x00, 0x30, 0x00, 0x30,
    0x00, 0x00, 0x00, 0x00, 0x00, 0x00, 0x00, 0x00, 0x00, 0x00, 0x00, 0x00, 0x00, 0x00, 0x00, 0x00,
    0x00, 0x00, 0x00, 0x00, 0x00, 0x00, 0x00, 0x00, 0x00, 0x0F, 0xF0, 0x1F, 0xF8, 0x38, 0x1C, 0x30,
    0x0C, 0x30, 0x0C, 0x30, 0x00, 0x30, 0x00, 0x30, 0x00, 0x30, 0x00, 0x3F, 0xE0, 0x3F, 0xE0, 0x30,
    0x00, 0x30, 0x00, 0x30, 0x00, 0x30, 0x00, 0x30, 0x0C, 0x30, 0x0C, 0x38, 0x1C, 0x1F, 0xF8, 0x0F,
    0xF0, 0x00, 0x00, 0x00, 0x00, 0x00, 0x00, 0x00, 0x00, 0x00, 0x00, 0x00, 0x00, 0x00, 0x00, 0x00,
    0x00, 0x00, 0x00, 0x00, 0x00, 0x00, 0x00, 0x00, 0x00, 0x0F, 0xF0, 0x1F, 0xF8, 0x38, 0x1C, 0x30,
    0x0C, 0x30, 0x0C, 0x30, 0x00, 0x30, 0x00, 0x30, 0x00, 0x38, 0x00, 0x1F, 0xF0, 0x0F, 0xF8, 0x00,
    0x1C, 0x00, 0x0C, 0x00, 0x0C, 0x00, 0x0C, 0x30, 0x0C, 0x30, 0x0C, 0x38, 0x1C, 0x1F, 0xF8, 0x0F,
    0xF0, 0x00, 0x00, 0x00, 0x00, 0x00, 0x00, 0x00, 0x00, 0x00, 0x00, 0x00, 0x00, 0x00, 0x00, 0x00,
    0x00, 0x00, 0x00, 0x00, 0x00, 0x00, 0x00, 0x00, 0x00, 0x07, 0xE0, 0x07, 0xE0, 0x01, 0x80, 0x01,
    0x80, 0x01, 0x80, 0x01, 0x80, 0x01, 0x80, 0x01, 0x80, 0x01, 0x80, 0x01, 0x80, 0x01, 0x80, 0x01,
    0x80, 0x01, 0x80, 0x01, 0x80, 0x01, 0x80, 0x01, 0x80, 0x01, 0x80, 0x01, 0x80, 0x07, 0xE0, 0x07,
    0xE0, 0x00, 0x00, 0x00, 0x00, 0x00, 0x00, 0x00, 0x00, 0x00, 0x00, 0x00, 0x00, 0x00, 0x00, 0x0C,
    0x30, 0x0C, 0x30, 0x0C, 0x30, 0x0C, 0x30, 0x00, 0x00, 0x07, 0xE0, 0x07, 0xE0, 0x01, 0x80, 0x01,
    0x80, 0x01, 0x80, 0x01, 0x80, 0x01, 0x80, 0x01, 0x80, 0x01, 0x80, 0x01, 0x80, 0x01, 0x80, 0x01,
    0x80, 0x01, 0x80, 0x01, 0x80, 0x01, 0x80, 0x01, 0x80, 0x01, 0x80, 0x01, 0x80, 0x07, 0xE0, 0x07,
    0xE0, 0x00, 0x00, 0x00, 0x00, 0x00, 0x00, 0x00, 0x00, 0x00, 0x00, 0x00, 0x00, 0x00, 0x00, 0x00,
    0x00, 0x00, 0x00, 0x00, 0x00, 0x00, 0x00, 0x00, 0x00, 0x00, 0x7E, 0x00, 0x7E, 0x00, 0x18, 0x00,
    0x18, 0x00, 0x18, 0x00, 0x18, 0x00, 0x18, 0x00, 0x18, 0x00, 0x18, 0x00, 0x18, 0x00, 0x18, 0x00,
    0x18, 0x00, 0x18, 0x00, 0x18, 0x30, 0x18, 0x30, 0x18, 0x30, 0x18, 0x38, 0x38, 0x1F, 0xF0, 0x0F,
    0xE0, 0x00, 0x00, 0x00, 0x00, 0x00, 0x00, 0x00, 0x00, 0x00, 0x00, 0x00, 0x00, 0x00, 0x00, 0x00,
    0x00, 0x00, 0x00, 0x00, 0x00, 0x00, 0x00, 0x00, 0x00, 0x1F, 0x80, 0x3F, 0x80, 0x71, 0x80, 0x61,
    0x80, 0x61, 0x80, 0x61, 0x80, 0x61, 0x80, 0x61, 0xF8, 0x61, 0xFC, 0x61, 0x8E, 0x61, 0x86, 0x61,
    0x86, 0x61, 0x86, 0x61, 0x86, 0x61, 0x86, 0x61, 0x86, 0x61, 0x86, 0x61, 0x8E, 0xE1, 0xFC, 0xC1,
    0xF8, 0x00, 0x00, 0x00, 0x00, 0x00, 0x00, 0x00, 0x00, 0x00, 0x00, 0x00, 0x00, 0x00, 0x00, 0x00,
    0x00, 0x00, 0x00, 0x00, 0x00, 0x00, 0x00, 0x00, 0x00, 0x61, 0x80, 0x61, 0x80, 0x61, 0x80, 0x61,
    0x80, 0x61, 0x80, 0x61, 0x80, 0x61, 0x80, 0x61, 0xF8, 0x61, 0xFC, 0x7F, 0x8E, 0x7F, 0x86, 0x61,
    0x86, 0x61, 0x86, 0x61, 0x86, 0x61, 0x86, 0x61, 0x86, 0x61, 0x86, 0x61, 0x8E, 0x61, 0xFC, 0x61,
    0xF8, 0x00, 0x00, 0x00, 0x00, 0x00, 0x00, 0x00, 0x00, 0x00, 0x00, 0x00, 0x00, 0x00, 0x00, 0x00,
    0x00, 0x00, 0x00, 0x00, 0x00, 0x00, 0x00, 0x00, 0x00, 0xFF, 0x00, 0xFF, 0x00, 0x18, 0x00, 0x18,
    0x00, 0x18, 0x00, 0x18, 0x00, 0x18, 0x00, 0x1F, 0xF0, 0x1F, 0xF8, 0x18, 0x1C, 0x18, 0x0C, 0x18,
    0x0C, 0x18, 0x0C, 0x18, 0x0C, 0x18, 0x0C, 0x18, 0x0C, 0x18, 0x0C, 0x18, 0x0C, 0x18, 0x0C, 0x18,
    0x0C, 0x00, 0x00, 0x00, 0x00, 0x00, 0x00, 0x00, 0x00, 0x00, 0x00, 0x00, 0x00, 0x00, 0x00, 0x00,
    0x70, 0x00, 0xE0, 0x01, 0xC0, 0x03, 0x80, 0x00, 0x00, 0x30, 0x0C, 0x30, 0x1C, 0x30, 0x38, 0x30,
    0x70, 0x30, 0xE0, 0x31, 0xC0, 0x33, 0x80, 0x37, 0x00, 0x3E, 0x00, 0x3C, 0x00, 0x3C, 0x00, 0x3E,
    0x00, 0x37, 0x00, 0x33, 0x80, 0x31, 0xC0, 0x30, 0xE0, 0x30, 0x70, 0x30, 0x38, 0x30, 0x1C, 0x30,
    0x0C, 0x00, 0x00, 0x00, 0x00, 0x00, 0x00, 0x00, 0x00, 0x00, 0x00, 0x00, 0x00, 0x00, 0x00, 0x0E,
    0x00, 0x07, 0x00, 0x03, 0x80, 0x01, 0xC0, 0x00, 0x00, 0x30, 0x0C, 0x30, 0x0C, 0x30, 0x0C, 0x30,
    0x0C, 0x30, 0x0C, 0x30, 0x1C, 0x30, 0x3C, 0x30, 0x7C, 0x30, 0xEC, 0x31, 0xCC, 0x33, 0x8C, 0x37,
    0x0C, 0x3E, 0x0C, 0x3C, 0x0C, 0x38, 0x0C, 0x30, 0x0C, 0x30, 0x0C, 0x30, 0x0C, 0x30, 0x0C, 0x30,
    0x0C, 0x00, 0x00, 0x00, 0x00, 0x00, 0x00, 0x00, 0x00, 0x00, 0x00, 0x00, 0x00, 0x00, 0x00, 0x0C,
    0x30, 0x0C, 0x30, 0x07, 0xE0, 0x03, 0xC0, 0x00, 0x00, 0x30, 0x0C, 0x30, 0x0C, 0x30, 0x0C, 0x30,
    0x0C, 0x30, 0x0C, 0x30, 0x0C, 0x30, 0x0C, 0x30, 0x0C, 0x30, 0x0C, 0x38, 0x0C, 0x1F, 0xFC, 0x0F,
    0xFC, 0x00, 0x0C, 0x00, 0x0C, 0x00, 0x0C, 0x00, 0x0C, 0x00, 0x0C, 0x00, 0x1C, 0x1F, 0xF8, 0x1F,
    0xF0, 0x00, 0x00, 0x00, 0x00, 0x00, 0x00, 0x00, 0x00, 0x00, 0x00, 0x00, 0x00, 0x00, 0x00, 0x00,
    0x00, 0x00, 0x00, 0x00, 0x00, 0x00, 0x00, 0x00, 0x00, 0x30, 0x0C, 0x30, 0x0C, 0x30, 0x0C, 0x30,
    0x0C, 0x30, 0x0C, 0x30, 0x0C, 0x30, 0x0C, 0x30, 0x0C, 0x30, 0x0C, 0x30, 0x0C, 0x30, 0x0C, 0x30,
    0x0C, 0x30, 0x0C, 0x30, 0x0C, 0x30, 0x0C, 0x30, 0x0C, 0x30, 0x0C, 0x30, 0x0C, 0x3F, 0xFC, 0x3F,
    0xFC, 0x01, 0x80, 0x01, 0x80, 0x01, 0x80, 0x01, 0x80, 0x01, 0x80, 0x00, 0x00, 0x00, 0x00, 0x00,
    0x00, 0x00, 0x00, 0x00, 0x00, 0x00, 0x00, 0x00, 0x00, 0x0F, 0xF0, 0x1F, 0xF8, 0x38, 0x1C, 0x30,
    0x0C, 0x30, 0x0C, 0x30, 0x0C, 0x30, 0x0C, 0x30, 0x0C, 0x30, 0x0C, 0x30, 0x0C, 0x3F, 0xFC, 0x3F,
    0xFC, 0x30, 0x0C, 0x30, 0x0C, 0x30, 0x0C, 0x30, 0x0C, 0x30, 0x0C, 0x30, 0x0C, 0x30, 0x0C, 0x30,
    0x0C, 0x00, 0x00, 0x00, 0x00, 0x00, 0x00, 0x00, 0x00, 0x00, 0x00, 0x00, 0x00, 0x00, 0x00, 0x00,
    0x00, 0x00, 0x00, 0x00, 0x00, 0x00, 0x00, 0x00, 0x00, 0x3F, 0xF8, 0x3F, 0xF8, 0x30, 0x00, 0x30,
    0x00, 0x30, 0x00, 0x30, 0x00, 0x30, 0x00, 0x3F, 0xF0, 0x3F, 0xF8, 0x30, 0x1C, 0x30, 0x0C, 0x30,
    0x0C, 0x30, 0x0C, 0x30, 0x0C, 0x30, 0x0C, 0x30, 0x0C, 0x30, 0x0C, 0x30, 0x1C, 0x3F, 0xF8, 0x3F,
    0xF0, 0x00, 0x00, 0x00, 0x00, 0x00, 0x00, 0x00, 0x00, 0x00, 0x00, 0x00, 0x00, 0x00, 0x00, 0x00,
    0x00, 0x00, 0x00, 0x00, 0x00, 0x00, 0x00, 0x00, 0x00, 0x3F, 0xF0, 0x3F, 0xF8, 0x30, 0x1C, 0x30,
    0x0C, 0x30, 0x0C, 0x30, 0x0C, 0x30, 0x0C, 0x30, 0x18, 0x3F, 0xF0, 0x3F, 0xF0, 0x30, 0x38, 0x30,
    0x1C, 0x30, 0x0C, 0x30, 0x0C, 0x30, 0x0C, 0x30, 0x0C, 0x30, 0x0C, 0x30, 0x1C, 0x3F, 0xF8, 0x3F,
    0xF0, 0x00, 0x00, 0x00, 0x00, 0x00, 0x00, 0x00, 0x00, 0x00, 0x00, 0x00, 0x00, 0x00, 0x00, 0x00,
    0x00, 0x00, 0x00, 0x00, 0x00, 0x00, 0x00, 0x00, 0x00, 0x3F, 0xFC, 0x3F, 0xFC, 0x30, 0x00, 0x30,
    0x00, 0x30, 0x00, 0x30, 0x00, 0x30, 0x00, 0x30, 0x00, 0x30, 0x00, 0x30, 0x00, 0x30, 0x00, 0x30,
    0x00, 0x30, 0x00, 0x30, 0x00, 0x30, 0x00, 0x30, 0x00, 0x30, 0x00, 0x30, 0x00, 0x30, 0x00, 0x30,
    0x00, 0x00, 0x00, 0x00, 0x00, 0x00, 0x00, 0x00, 0x00, 0x00, 0x00, 0x00, 0x00, 0x00, 0x00, 0x00,
    0x00, 0x00, 0x00, 0x00, 0x00, 0x00, 0x00, 0x00, 0x00, 0x07, 0xF8, 0x0F, 0xF8, 0x1C, 0x18, 0x18,
    0x18, 0x18, 0x18, 0x18, 0x18, 0x18, 0x18, 0x18, 0x18, 0x18, 0x18, 0x18, 0x18, 0x18, 0x18, 0x18,
    0x18, 0x18, 0x18, 0x18, 0x18, 0x18, 0x18, 0x18, 0x18, 0x18, 0x18, 0x18, 0x18, 0x3F, 0xFC, 0x7F,
    0xFE, 0x60, 0x06, 0x60, 0x06, 0x60, 0x06, 0x60, 0x06, 0x00, 0x00, 0x00, 0x00, 0x00, 0x00, 0x00,
    0x00, 0x00, 0x00, 0x00, 0x00, 0x00, 0x00, 0x00, 0x00, 0x3F, 0xFC, 0x3F, 0xFC, 0x30, 0x00, 0x30,
    0x00, 0x30, 0x00, 0x30, 0x00, 0x30, 0x00, 0x30, 0x00, 0x30, 0x00, 0x3F, 0xE0, 0x3F, 0xE0, 0x30,
    0x00, 0x30, 0x00, 0x30, 0x00, 0x30, 0x00, 0x30, 0x00, 0x30, 0x00, 0x30, 0x00, 0x3F, 0xFC, 0x3F,
    0xFC, 0x00, 0x00, 0x00, 0x00, 0x00, 0x00, 0x00, 0x00, 0x00, 0x00, 0x00, 0x00, 0x00, 0x00, 0x00,
    0x00, 0x00, 0x00, 0x00, 0x00, 0x00, 0x00, 0x00, 0x00, 0x31, 0x8C, 0x31, 0x8C, 0x31, 0x8C, 0x31,
    0x8C, 0x31, 0x8C, 0x31, 0x8C, 0x39, 0x9C, 0x1D, 0xB8, 0x0F, 0xF0, 0x07, 0xE0, 0x0F, 0xF0, 0x1D,
    0xB8, 0x39, 0x9C, 0x31, 0x8C, 0x31, 0x8C, 0x31, 0x8C, 0x31, 0x8C, 0x31, 0x8C, 0x31, 0x8C, 0x31,
    0x8C, 0x00, 0x00, 0x00, 0x00, 0x00, 0x00, 0x00, 0x00, 0x00, 0x00, 0x00, 0x00, 0x00, 0x00, 0x00,
    0x00, 0x00, 0x00, 0x00, 0x00, 0x00, 0x00, 0x00, 0x00, 0x0F, 0xF0, 0x1F, 0xF8, 0x38, 0x1C, 0x30,
    0x0C, 0x30, 0x0C, 0x00, 0x0C, 0x00, 0x0C, 0x00, 0x0C, 0x00, 0x1C, 0x07, 0xF8, 0x07, 0xF8, 0x00,
    0x1C, 0x00, 0x0C, 0x00, 0x0C, 0x00, 0x0C, 0x30, 0x0C, 0x30, 0x0C, 0x38, 0x1C, 0x1F, 0xF8, 0x0F,
    0xF0, 0x00, 0x00, 0x00, 0x00, 0x00, 0x00, 0x00, 0x00, 0x00, 0x00, 0x00, 0x00, 0x00, 0x00, 0x00,
    0x00, 0x00, 0x00, 0x00, 0x00, 0x00, 0x00, 0x00, 0x00, 0x30, 0x0C, 0x30, 0x0C, 0x30, 0x0C, 0x30,
    0x0C, 0x30, 0x0C, 0x30, 0x1C, 0x30, 0x3C, 0x30, 0x7C, 0x30, 0xEC, 0x31, 0xCC, 0x33, 0x8C, 0x37,
    0x0C, 0x3E, 0x0C, 0x3C, 0x0C, 0x38, 0x0C, 0x30, 0x0C, 0x30, 0x0C, 0x30, 0x0C, 0x30, 0x0C, 0x30,
    0x0C, 0x00, 0x00, 0x00, 0x00, 0x00, 0x00, 0x00, 0x00, 0x00, 0x00, 0x00, 0x00, 0x00, 0x00, 0x0C,
    0x30, 0x0C, 0x30, 0x07, 0xE0, 0x03, 0xC0, 0x00, 0x00, 0x30, 0x0C, 0x30, 0x0C, 0x30, 0x0C, 0x30,
    0x0C, 0x30, 0x0C, 0x30, 0x1C, 0x30, 0x3C, 0x30, 0x7C, 0x30, 0xEC, 0x31, 0xCC, 0x33, 0x8C, 0x37,
    0x0C, 0x3E, 0x0C, 0x3C, 0x0C, 0x38, 0x0C, 0x30, 0x0C, 0x30, 0x0C, 0x30, 0x0C, 0x30, 0x0C, 0x30,
    0x0C, 0x00, 0x00, 0x00, 0x00, 0x00, 0x00, 0x00, 0x00, 0x00, 0x00, 0x00, 0x00, 0x00, 0x00, 0x00,
    0x00, 0x00, 0x00, 0x00, 0x00, 0x00, 0x00, 0x00, 0x00, 0x30, 0x0C, 0x30, 0x1C, 0x30, 0x38, 0x30,
    0x70, 0x30, 0xE0, 0x31, 0xC0, 0x33, 0x80, 0x37, 0x00, 0x3E, 0x00, 0x3C, 0x00, 0x3C, 0x00, 0x3E,
    0x00, 0x37, 0x00, 0x33, 0x80, 0x31, 0xC0, 0x30, 0xE0, 0x30, 0x70, 0x30, 0x38, 0x30, 0x1C, 0x30,
    0x0C, 0x00, 0x00, 0x00, 0x00, 0x00, 0x00, 0x00, 0x00, 0x00, 0x00, 0x00, 0x00, 0x00, 0x00, 0x00,
    0x00, 0x00, 0x00, 0x00, 0x00, 0x00, 0x00, 0x00, 0x00, 0x03, 0xFC, 0x07, 0xFC, 0x0E, 0x0C, 0x0C,
    0x0C, 0x0C, 0x0C, 0x0C, 0x0C, 0x0C, 0x0C, 0x0C, 0x0C, 0x0C, 0x0C, 0x0C, 0x0C, 0x0C, 0x0C, 0x0C,
    0x0C, 0x0C, 0x0C, 0x0C, 0x0C, 0x0C, 0x0C, 0x0C, 0x0C, 0x0C, 0x0C, 0x0C, 0x0C, 0x1C, 0x0C, 0x38,
    0x0C, 0x00, 0x00, 0x00, 0x00, 0x00, 0x00, 0x00, 0x00, 0x00, 0x00, 0x00, 0x00, 0x00, 0x00, 0x00,
    0x00, 0x00, 0x00, 0x00, 0x00, 0x00, 0x00, 0x00, 0x00, 0x60, 0x0C, 0x60, 0x0C, 0x70, 0x1C, 0x78,
    0x3C, 0x6C, 0x6C, 0x6C, 0x6C, 0x67, 0xCC, 0x63, 0x8C, 0x63, 0x8C, 0x61, 0x0C, 0x60, 0x0C, 0x60,
    0x0C, 0x60, 0x0C, 0x60, 0x0C, 0x60, 0x0C, 0x60, 0x0C, 0x60, 0x0C, 0x60, 0x0C, 0x60, 0x0C, 0x60,
    0x0C, 0x00, 0x00, 0x00, 0x00, 0x00, 0x00, 0x00, 0x00, 0x00, 0x00, 0x00, 0x00, 0x00, 0x00, 0x00,
    0x00, 0x00, 0x00, 0x00, 0x00, 0x00, 0x00, 0x00, 0x00, 0x30, 0x0C, 0x30, 0x0C, 0x30, 0x0C, 0x30,
    0x0C, 0x30, 0x0C, 0x30, 0x0C, 0x30, 0x0C, 0x30, 0x0C, 0x30, 0x0C, 0x3F, 0xFC, 0x3F, 0xFC, 0x30,
    0x0C, 0x30, 0x0C, 0x30, 0x0C, 0x30, 0x0C, 0x30, 0x0C, 0x30, 0x0C, 0x30, 0x0C, 0x30, 0x0C, 0x30,
    0x0C, 0x00, 0x00, 0x00, 0x00, 0x00, 0x00, 0x00, 0x00, 0x00, 0x00, 0x00, 0x00, 0x00, 0x00, 0x00,
    0x00, 0x00, 0x00, 0x00, 0x00, 0x00, 0x00, 0x00, 0x00, 0x0F, 0xF0, 0x1F, 0xF8, 0x38, 0x1C, 0x30,
    0x0C, 0x30, 0x0C, 0x30, 0x0C, 0x30, 0x0C, 0x30, 0x0C, 0x30, 0x0C, 0x30, 0x0C, 0x30, 0x0C, 0x30,
    0x0C, 0x30, 0x0C, 0x30, 0x0C, 0x30, 0x0C, 0x30, 0x0C, 0x30, 0x0C, 0x38, 0x1C, 0x1F, 0xF8, 0x0F,
    0xF0, 0x00, 0x00, 0x00, 0x00, 0x00, 0x00, 0x00, 0x00, 0x00, 0x00, 0x00, 0x00, 0x00, 0x00, 0x00,
    0x00, 0x00, 0x00, 0x00, 0x00, 0x00, 0x00, 0x00, 0x00, 0x3F, 0xFC, 0x3F, 0xFC, 0x30, 0x0C, 0x30,
    0x0C, 0x30, 0x0C, 0x30, 0x0C, 0x30, 0x0C, 0x30, 0x0C, 0x30, 0x0C, 0x30, 0x0C, 0x30, 0x0C, 0x30,
    0x0C, 0x30, 0x0C, 0x30, 0x0C, 0x30, 0x0C, 0x30, 0x0C, 0x30, 0x0C, 0x30, 0x0C, 0x30, 0x0C, 0x30,
    0x0C, 0x00, 0x00, 0x00, 0x00, 0x00, 0x00, 0x00, 0x00, 0x00, 0x00, 0x00, 0x00, 0x00, 0x00, 0x00,
    0x00, 0x00, 0x00, 0x00, 0x00, 0x00, 0x00, 0x00, 0x00, 0x3F, 0xF0, 0x3F, 0xF8, 0x30, 0x1C, 0x30,
    0x0C, 0x30, 0x0C, 0x30, 0x0C, 0x30, 0x0C, 0x30, 0x0C, 0x30, 0x0C, 0x30, 0x1C, 0x3F, 0xF8, 0x3F,
    0xF0, 0x30, 0x00, 0x30, 0x00, 0x30, 0x00, 0x30, 0x00, 0x30, 0x00, 0x30, 0x00, 0x30, 0x00, 0x30,
    0x00, 0x00, 0x00, 0x00, 0x00, 0x00, 0x00, 0x00, 0x00, 0x00, 0x00, 0x00, 0x00, 0x00, 0x00, 0x00,
    0x00, 0x00, 0x00, 0x00, 0x00, 0x00, 0x00, 0x00, 0x00, 0x0F, 0xF0, 0x1F, 0xF8, 0x38, 0x1C, 0x30,
    0x0C, 0x30, 0x0C, 0x30, 0x00, 0x30, 0x00, 0x30, 0x00, 0x30, 0x00, 0x30, 0x00, 0x30, 0x00, 0x30,
    0x00, 0x30, 0x00, 0x30, 0x00, 0x30, 0x00, 0x30, 0x0C, 0x30, 0x0C, 0x38, 0x1C, 0x1F, 0xF8, 0x0F,
    0xF0, 0x00, 0x00, 0x00, 0x00, 0x00, 0x00, 0x00, 0x00, 0x00, 0x00, 0x00, 0x00, 0x00, 0x00, 0x00,
    0x00, 0x00, 0x00, 0x00, 0x00, 0x00, 0x00, 0x00, 0x00, 0x3F, 0xFC, 0x3F, 0xFC, 0x01, 0x80, 0x01,
    0x80, 0x01, 0x80, 0x01, 0x80, 0x01, 0x80, 0x01, 0x80, 0x01, 0x80, 0x01, 0x80, 0x01, 0x80, 0x01,
    0x80, 0x01, 0x80, 0x01, 0x80, 0x01, 0x80, 0x01, 0x80, 0x01, 0x80, 0x01, 0x80, 0x01, 0x80, 0x01,
    0x80, 0x00, 0x00, 0x00, 0x00, 0x00, 0x00, 0x00, 0x00, 0x00, 0x00, 0x00, 0x00, 0x00, 0x00, 0x00,
    0x00, 0x00, 0x00, 0x00, 0x00, 0x00, 0x00, 0x00, 0x00, 0x30, 0x0C, 0x30, 0x0C, 0x30, 0x0C, 0x30,
    0x0C, 0x30, 0x0C, 0x30, 0x0C, 0x30, 0x0C, 0x30, 0x0C, 0x30, 0x0C, 0x38, 0x0C, 0x1F, 0xFC, 0x0F,
    0xFC, 0x00, 0x0C, 0x00, 0x0C, 0x00, 0x0C, 0x00, 0x0C, 0x00, 0x0C, 0x00, 0x1C, 0x1F, 0xF8, 0x1F,
    0xF0, 0x00, 0x00, 0x00, 0x00, 0x00, 0x00, 0x00, 0x00, 0x00, 0x00, 0x00, 0x00, 0x00, 0x00, 0x00,
    0x00, 0x00, 0x00, 0x00, 0x00, 0x01, 0x80, 0x01, 0x80, 0x0F, 0xF0, 0x1F, 0xF8, 0x39, 0x9C, 0x31,
    0x8C, 0x31, 0x8C, 0x31, 0x8C, 0x31, 0x8C, 0x31, 0x8C, 0x31, 0x8C, 0x31, 0x8C, 0x31, 0x8C, 0x31,
    0x8C, 0x31, 0x8C, 0x31, 0x8C, 0x31, 0x8C, 0x31, 0x8C, 0x31, 0x8C, 0x39, 0x9C, 0x1F, 0xF8, 0x0F,
    0xF0, 0x01, 0x80, 0x01, 0x80, 0x00, 0x00, 0x00, 0x00, 0x00, 0x00, 0x00, 0x00, 0x00, 0x00, 0x00,
    0x00, 0x00, 0x00, 0x00, 0x00, 0x00, 0x00, 0x00, 0x00, 0x30, 0x0C, 0x30, 0x0C, 0x18, 0x18, 0x18,
    0x18, 0x0C, 0x30, 0x0C, 0x30, 0x06, 0x60, 0x06, 0x60, 0x03, 0xC0, 0x03, 0xC0, 0x03, 0xC0, 0x03,
    0xC0, 0x06, 0x60, 0x06, 0x60, 0x0C, 0x30, 0x0C, 0x30, 0x18, 0x18, 0x18, 0x18, 0x30, 0x0C, 0x30,
    0x0C, 0x00, 0x00, 0x00, 0x00, 0x00, 0x00, 0x00, 0x00, 0x00, 0x00, 0x00, 0x00, 0x00, 0x00, 0x00,
    0x00, 0x00, 0x00, 0x00, 0x00, 0x00, 0x00, 0x00, 0x00, 0x30, 0x0C, 0x30, 0x0C, 0x30, 0x0C, 0x30,
    0x0C, 0x30, 0x0C, 0x30, 0x0C, 0x30, 0x0C, 0x30, 0x0C, 0x30, 0x0C, 0x30, 0x0C, 0x30, 0x0C, 0x30,
    0x0C, 0x30, 0x0C, 0x30, 0x0C, 0x30, 0x0C, 0x30, 0x0C, 0x30, 0x0C, 0x38, 0x0E, 0x1F, 0xFF, 0x0F,
    0xFF, 0x00, 0x03, 0x00, 0x03, 0x00, 0x03, 0x00, 0x03, 0x00, 0x03, 0x00, 0x00, 0x00, 0x00, 0x00,
    0x00, 0x00, 0x00, 0x00, 0x00, 0x00, 0x00, 0x00, 0x00, 0x30, 0x0C, 0x30, 0x0C, 0x30, 0x0C, 0x30,
    0x0C, 0x30, 0x0C, 0x30, 0x0C, 0x30, 0x0C, 0x30, 0x0C, 0x30, 0x0C, 0x38, 0x0C, 0x1F, 0xFC, 0x0F,
    0xFC, 0x00, 0x0C, 0x00, 0x0C, 0x00, 0x0C, 0x00, 0x0C, 0x00, 0x0C, 0x00, 0x0C, 0x00, 0x0C, 0x00,
    0x0C, 0x00, 0x00, 0x00, 0x00, 0x00, 0x00, 0x00, 0x00, 0x00, 0x00, 0x00, 0x00, 0x00, 0x00, 0x00,
    0x00, 0x00, 0x00, 0x00, 0x00, 0x00, 0x00, 0x00, 0x00, 0x31, 0x8C, 0x31, 0x8C, 0x31, 0x8C, 0x31,
    0x8C, 0x31, 0x8C, 0x31, 0x8C, 0x31, 0x8C, 0x31, 0x8C, 0x31, 0x8C, 0x31, 0x8C, 0x31, 0x8C, 0x31,
    0x8C, 0x31, 0x8C, 0x31, 0x8C, 0x31, 0x8C, 0x31, 0x8C, 0x31, 0x8C, 0x39, 0x8C, 0x1F, 0xFC, 0x0F,
    0xFC, 0x00, 0x00, 0x00, 0x00, 0x00, 0x00, 0x00, 0x00, 0x00, 0x00, 0x00, 0x00, 0x00, 0x00, 0x00,
    0x00, 0x00, 0x00, 0x00, 0x00, 0x00, 0x00, 0x00, 0x00, 0x31, 0x8C, 0x31, 0x8C, 0x31, 0x8C, 0x31,
    0x8C, 0x31, 0x8C, 0x31, 0x8C, 0x31, 0x8C, 0x31, 0x8C, 0x31, 0x8C, 0x31, 0x8C, 0x31, 0x8C, 0x31,
    0x8C, 0x31, 0x8C, 0x31, 0x8C, 0x31, 0x8C, 0x31, 0x8C, 0x31, 0x8C, 0x39, 0x8C, 0x1F, 0xFE, 0x0F,
    0xFF, 0x00, 0x03, 0x00, 0x03, 0x00, 0x03, 0x00, 0x03, 0x00, 0x03, 0x00, 0x00, 0x00, 0x00, 0x00,
    0x00, 0x00, 0x00, 0x00, 0x00, 0x00, 0x00, 0x00, 0x00, 0xF0, 0x00, 0xF0, 0x00, 0x30, 0x00, 0x30,
    0x00, 0x30, 0x00, 0x30, 0x00, 0x3F, 0xE0, 0x3F, 0xF0, 0x30, 0x38, 0x30, 0x18, 0x30, 0x18, 0x30,
    0x18, 0x30, 0x18, 0x30, 0x18, 0x30, 0x18, 0x30, 0x18, 0x30, 0x18, 0x30, 0x38, 0x3F, 0xF0, 0x3F,
    0xE0, 0x00, 0x00, 0x00, 0x00, 0x00, 0x00, 0x00, 0x00, 0x00, 0x00, 0x00, 0x00, 0x00, 0x00, 0x00,
    0x00, 0x00, 0x00, 0x00, 0x00, 0x00, 0x00, 0x00, 0x00, 0x60, 0x0C, 0x60, 0x0C, 0x60, 0x0C, 0x60,
    0x0C, 0x60, 0x0C, 0x60, 0x0C, 0x7F, 0x0C, 0x7F, 0x8C, 0x61, 0xCC, 0x60, 0xCC, 0x60, 0xCC, 0x60,
    0xCC, 0x60, 0xCC, 0x60, 0xCC, 0x60, 0xCC, 0x60, 0xCC, 0x60, 0xCC, 0x61, 0xCC, 0x7F, 0x8C, 0x7F,
    0x0C, 0x00, 0x00, 0x00, 0x00, 0x00, 0x00, 0x00, 0x00, 0x00, 0x00, 0x00, 0x00, 0x00, 0x00, 0x00,
    0x00, 0x00, 0x00, 0x00, 0x00, 0x00, 0x00, 0x00, 0x00, 0x30, 0x00, 0x30, 0x00, 0x30, 0x00, 0x30,
    0x00, 0x30, 0x00, 0x30, 0x00, 0x3F, 0xE0, 0x3F, 0xF0, 0x30, 0x38, 0x30, 0x18, 0x30, 0x18, 0x30,
    0x18, 0x30, 0x18, 0x30, 0x18, 0x30, 0x18, 0x30, 0x18, 0x30, 0x18, 0x30, 0x38, 0x3F, 0xF0, 0x3F,
    0xE0, 0x00, 0x00, 0x00, 0x00, 0x00, 0x00, 0x00, 0x00, 0x00, 0x00, 0x00, 0x00, 0x00, 0x00, 0x00,
    0x00, 0x00, 0x00, 0x00, 0x00, 0x00, 0x00, 0x00, 0x00, 0x0F, 0xF0, 0x1F, 0xF8, 0x38, 0x1C, 0x30,
    0x0C, 0x30, 0x0C, 0x00, 0x0C, 0x00, 0x0C, 0x00, 0x0C, 0x00, 0x0C, 0x07, 0xFC, 0x07, 0xFC, 0x00,
    0x0C, 0x00, 0x0C, 0x00, 0x0C, 0x00, 0x0C, 0x30, 0x0C, 0x30, 0x0C, 0x38, 0x1C, 0x1F, 0xF8, 0x0F,
    0xF0, 0x00, 0x00, 0x00, 0x00, 0x00, 0x00, 0x00, 0x00, 0x00, 0x00, 0x00, 0x00, 0x00, 0x00, 0x00,
    0x00, 0x00, 0x00, 0x00, 0x00, 0x00, 0x00, 0x00, 0x00, 0x60, 0xF0, 0x61, 0xF8, 0x63, 0x9C, 0x63,
    0x0C, 0x63, 0x0C, 0x63, 0x0C, 0x63, 0x0C, 0x63, 0x0C, 0x63, 0x0C, 0x7F, 0x0C, 0x7F, 0x0C, 0x63,
    0x0C, 0x63, 0x0C, 0x63, 0x0C, 0x63, 0x0C, 0x63, 0x0C, 0x63, 0x0C, 0x63, 0x9C, 0x61, 0xF8, 0x60,
    0xF0, 0x00, 0x00, 0x00, 0x00, 0x00, 0x00, 0x00, 0x00, 0x00, 0x00, 0x00, 0x00, 0x00, 0x00, 0x00,
    0x00, 0x00, 0x00, 0x00, 0x00, 0x00, 0x00, 0x00, 0x00, 0x0F, 0xFC, 0x1F, 0xFC, 0x38, 0x0C, 0x30,
    0x0C, 0x30, 0x0C, 0x30, 0x0C, 0x30, 0x0C, 0x30, 0x0C, 0x30, 0x0C, 0x38, 0x0C, 0x1F, 0xFC, 0x0F,
    0xFC, 0x00, 0xEC, 0x01, 0xCC, 0x03, 0x8C, 0x07, 0x0C, 0x0E, 0x0C, 0x1C, 0x0C, 0x38, 0x0C, 0x30,
    0x0C, 0x00, 0x00, 0x00, 0x00, 0x00, 0x00, 0x00, 0x00, 0x00, 0x00, 0x00, 0x00, 0x00, 0x00, 0x00,
    0x00, 0x00, 0x00, 0x00, 0x00, 0x00, 0x00, 0x00, 0x00, 0x00, 0x00, 0x00, 0x00, 0x00, 0x00, 0x00,
    0x00, 0x00, 0x00, 0x00, 0x00, 0x1F, 0xF0, 0x1F, 0xF8, 0x00, 0x1C, 0x00, 0x0C, 0x00, 0x0C, 0x0F,
    0xFC, 0x1F, 0xFC, 0x38, 0x0C, 0x30, 0x0C, 0x30, 0x0C, 0x30, 0x0C, 0x38, 0x0C, 0x1F, 0xFC, 0x0F,
    0xFC, 0x00, 0x00, 0x00, 0x00, 0x00, 0x00, 0x00, 0x00, 0x00, 0x00, 0x00, 0x00, 0x00, 0x00, 0x00,
    0x00, 0x00, 0x00, 0x00, 0x00, 0x00, 0x00, 0x00, 0x00, 0x0F, 0xF0, 0x1F, 0xF0, 0x38, 0x00, 0x30,
    0x00, 0x30, 0x00, 0x30, 0x00, 0x30, 0x00, 0x3F, 0xF0, 0x3F, 0xF8, 0x30, 0x1C, 0x30, 0x0C, 0x30,
    0x0C, 0x30, 0x0C, 0x30, 0x0C, 0x30, 0x0C, 0x30, 0x0C, 0x30, 0x0C, 0x30, 0x1C, 0x3F, 0xF8, 0x3F,
    0xF0, 0x00, 0x00, 0x00, 0x00, 0x00, 0x00, 0x00, 0x00, 0x00, 0x00, 0x00, 0x00, 0x00, 0x00, 0x00,
    0x00, 0x00, 0x00, 0x00, 0x00, 0x00, 0x00, 0x00, 0x00, 0x1F, 0xC0, 0x3F, 0xE0, 0x30, 0x70, 0x30,
    0x30, 0x30, 0x30, 0x30, 0x30, 0x30, 0x30, 0x30, 0x70, 0x3F, 0xE0, 0x3F, 0xF0, 0x30, 0x38, 0x30,
    0x1C, 0x30, 0x0C, 0x30, 0x0C, 0x30, 0x0C, 0x30, 0x0C, 0x30, 0x0C, 0x30, 0x1C, 0x3F, 0xF8, 0x3F,
    0xF0, 0x00, 0x00, 0x00, 0x00, 0x00, 0x00, 0x00, 0x00, 0x00, 0x00, 0x00, 0x00, 0x00, 0x00, 0x00,
    0x00, 0x00, 0x00, 0x00, 0x00, 0x00, 0x00, 0x00, 0x00, 0x00, 0x00, 0x00, 0x00, 0x00, 0x00, 0x00,
    0x00, 0x00, 0x00, 0x00, 0x00, 0x3F, 0xFC, 0x3F, 0xFC, 0x30, 0x00, 0x30, 0x00, 0x30, 0x00, 0x30,
    0x00, 0x30, 0x00, 0x30, 0x00, 0x30, 0x00, 0x30, 0x00, 0x30, 0x00, 0x30, 0x00, 0x30, 0x00, 0x30,
    0x00, 0x00, 0x00, 0x00, 0x00, 0x00, 0x00, 0x00, 0x00, 0x00, 0x00, 0x00, 0x00, 0x00, 0x00, 0x00,
    0x00, 0x00, 0x00, 0x00, 0x00, 0x00, 0x00, 0x00, 0x00, 0x00, 0x00, 0x00, 0x00, 0x00, 0x00, 0x00,
    0x00, 0x00, 0x00, 0x00, 0x00, 0x0F, 0xFC, 0x1F, 0xFC, 0x38, 0x0C, 0x30, 0x0C, 0x30, 0x0C, 0x30,
    0x0C, 0x30, 0x0C, 0x30, 0x0C, 0x30, 0x0C, 0x30, 0x0C, 0x30, 0x0C, 0x38, 0x0C, 0x1F, 0xFC, 0x0F,
    0xFC, 0x00, 0x0C, 0x00, 0x0C, 0x00, 0x1C, 0x1F, 0xF8, 0x1F, 0xF0, 0x00, 0x00, 0x00, 0x00, 0x00,
    0x00, 0x00, 0x00, 0x00, 0x00, 0x00, 0x00, 0x00, 0x00, 0x00, 0x00, 0x00, 0x00, 0x00, 0x00, 0x00,
    0x00, 0x00, 0x00, 0x00, 0x00, 0x0F, 0xF0, 0x1F, 0xF8, 0x38, 0x1C, 0x30, 0x0C, 0x30, 0x0C, 0x30,
    0x0C, 0x3F, 0xFC, 0x3F, 0xFC, 0x30, 0x00, 0x30, 0x00, 0x30, 0x00, 0x38, 0x0C, 0x1F, 0xFC, 0x0F,
    0xF8, 0x00, 0x00, 0x00, 0x00, 0x00, 0x00, 0x00, 0x00, 0x00, 0x00, 0x00, 0x00, 0x00, 0x00, 0x00,
    0x00, 0x00, 0x00, 0x00, 0x00, 0x00, 0x00, 0x00, 0x00, 0x00, 0x00, 0x00, 0x00, 0x00, 0x00, 0x00,
    0x00, 0x00, 0x00, 0x00, 0x00, 0x31, 0x8C, 0x31, 0x8C, 0x31, 0x8C, 0x39, 0x9C, 0x1D, 0xB8, 0x0F,
    0xF0, 0x07, 0xE0, 0x0F, 0xF0, 0x1D, 0xB8, 0x39, 0x9C, 0x31, 0x8C, 0x31, 0x8C, 0x31, 0x8C, 0x31,
    0x8C, 0x00, 0x00, 0x00, 0x00, 0x00, 0x00, 0x00, 0x00, 0x00, 0x00, 0x00, 0x00, 0x00, 0x00, 0x00,
    0x00, 0x00, 0x00, 0x00, 0x00, 0x00, 0x00, 0x00, 0x00, 0x00, 0x00, 0x00, 0x00, 0x00, 0x00, 0x00,
    0x00, 0x00, 0x00, 0x00, 0x00, 0x0F, 0xF0, 0x1F, 0xF8, 0x38, 0x1C, 0x30, 0x0C, 0x00, 0x0C, 0x00,
    0x1C, 0x03, 0xF8, 0x03, 0xF8, 0x00, 0x1C, 0x00, 0x0C, 0x30, 0x0C, 0x38, 0x1C, 0x1F, 0xF8, 0x0F,
    0xF0, 0x00, 0x00, 0x00, 0x00, 0x00, 0x00, 0x00, 0x00, 0x00, 0x00, 0x00, 0x00, 0x00, 0x00, 0x00,
    0x00, 0x00, 0x00, 0x00, 0x00, 0x00, 0x00, 0x00, 0x00, 0x00, 0x00, 0x00, 0x00, 0x00, 0x00, 0x00,
    0x00, 0x00, 0x00, 0x00, 0x00, 0x30, 0x0C, 0x30, 0x0C, 0x30, 0x0C, 0x30, 0x0C, 0x30, 0x0C, 0x30,
    0x0C, 0x30, 0x0C, 0x30, 0x0C, 0x30, 0x0C, 0x30, 0x0C, 0x30, 0x0C, 0x38, 0x0C, 0x1F, 0xFC, 0x0F,
    0xFC, 0x00, 0x00, 0x00, 0x00, 0x00, 0x00, 0x00, 0x00, 0x00, 0x00, 0x00, 0x00, 0x00, 0x00, 0x00,
    0x00, 0x00, 0x00, 0x00, 0x00, 0x00, 0x00, 0x00, 0x00, 0x0C, 0x30, 0x0C, 0x30, 0x07, 0xE0, 0x03,
    0xC0, 0x00, 0x00, 0x00, 0x00, 0x30, 0x0C, 0x30, 0x0C, 0x30, 0x0C, 0x30, 0x0C, 0x30, 0x0C, 0x30,
    0x0C, 0x30, 0x0C, 0x30, 0x0C, 0x30, 0x0C, 0x30, 0x0C, 0x30, 0x0C, 0x38, 0x0C, 0x1F, 0xFC, 0x0F,
    0xFC, 0x00, 0x00, 0x00, 0x00, 0x00, 0x00, 0x00, 0x00, 0x00, 0x00, 0x00, 0x00, 0x00, 0x00, 0x00,
    0x00, 0x00, 0x00, 0x00, 0x00, 0x00, 0x00, 0x00, 0x00, 0x00, 0x00, 0x00, 0x00, 0x00, 0x00, 0x00,
    0x00, 0x00, 0x00, 0x00, 0x00, 0x18, 0x1C, 0x18, 0x38, 0x18, 0x70, 0x18, 0xE0, 0x19, 0xC0, 0x1B,
    0x80, 0x1F, 0x00, 0x1F, 0x00, 0x1B, 0x80, 0x19, 0xC0, 0x18, 0xE0, 0x18, 0x70, 0x18, 0x38, 0x18,
    0x1C, 0x00, 0x00, 0x00, 0x00, 0x00, 0x00, 0x00, 0x00, 0x00, 0x00, 0x00, 0x00, 0x00, 0x00, 0x00,
    0x00, 0x00, 0x00, 0x00, 0x00, 0x00, 0x00, 0x00, 0x00, 0x00, 0x00, 0x00, 0x00, 0x00, 0x00, 0x00,
    0x00, 0x00, 0x00, 0x00, 0x00, 0x03, 0xFC, 0x07, 0xFC, 0x0E, 0x0C, 0x0C, 0x0C, 0x0C, 0x0C, 0x0C,
    0x0C, 0x0C, 0x0C, 0x0C, 0x0C, 0x0C, 0x0C, 0x0C, 0x0C, 0x0C, 0x0C, 0x0C, 0x0C, 0x1C, 0x0C, 0x38,
    0x0C, 0x00, 0x00, 0x00, 0x00, 0x00, 0x00, 0x00, 0x00, 0x00, 0x00, 0x00, 0x00, 0x00, 0x00, 0x00,
    0x00, 0x00, 0x00, 0x00, 0x00, 0x00, 0x00, 0x00, 0x00, 0x00, 0x00, 0x00, 0x00, 0x00, 0x00, 0x00,
    0x00, 0x00, 0x00, 0x00, 0x00, 0x60, 0x0C, 0x70, 0x1C, 0x78, 0x3C, 0x7C, 0x7C, 0x6E, 0xEC, 0x67,
    0xCC, 0x63, 0x8C, 0x61, 0x0C, 0x60, 0x0C, 0x60, 0x0C, 0x60, 0x0C, 0x60, 0x0C, 0x60, 0x0C, 0x60,
    0x0C, 0x00, 0x00, 0x00, 0x00, 0x00, 0x00, 0x00, 0x00, 0x00, 0x00, 0x00, 0x00, 0x00, 0x00, 0x00,
    0x00, 0x00, 0x00, 0x00, 0x00, 0x00, 0x00, 0x00, 0x00, 0x00, 0x00, 0x00, 0x00, 0x00, 0x00, 0x00,
    0x00, 0x00, 0x00, 0x00, 0x00, 0x30, 0x0C, 0x30, 0x0C, 0x30, 0x0C, 0x30, 0x0C, 0x30, 0x0C, 0x30,
    0x0C, 0x3F, 0xFC, 0x3F, 0xFC, 0x30, 0x0C, 0x30, 0x0C, 0x30, 0x0C, 0x30, 0x0C, 0x30, 0x0C, 0x30,
    0x0C, 0x00, 0x00, 0x00, 0x00, 0x00, 0x00, 0x00, 0x00, 0x00, 0x00, 0x00, 0x00, 0x00, 0x00, 0x00,
    0x00, 0x00, 0x00, 0x00, 0x00, 0x00, 0x00, 0x00, 0x00, 0x00, 0x00, 0x00, 0x00, 0x00, 0x00, 0x00,
    0x00, 0x00, 0x00, 0x00, 0x00, 0x0F, 0xF0, 0x1F, 0xF8, 0x38, 0x1C, 0x30, 0x0C, 0x30, 0x0C, 0x30,
    0x0C, 0x30, 0x0C, 0x30, 0x0C, 0x30, 0x0C, 0x30, 0x0C, 0x30, 0x0C, 0x38, 0x1C, 0x1F, 0xF8, 0x0F,
    0xF0, 0x00, 0x00, 0x00, 0x00, 0x00, 0x00, 0x00, 0x00, 0x00, 0x00, 0x00, 0x00, 0x00, 0x00, 0x00,
    0x00, 0x00, 0x00, 0x00, 0x00, 0x00, 0x00, 0x00, 0x00, 0x00, 0x00, 0x00, 0x00, 0x00, 0x00, 0x00,
    0x00, 0x00, 0x00, 0x00, 0x00, 0x3F, 0xFC, 0x3F, 0xFC, 0x30, 0x0C, 0x30, 0x0C, 0x30, 0x0C, 0x30,
    0x0C, 0x30, 0x0C, 0x30, 0x0C, 0x30, 0x0C, 0x30, 0x0C, 0x30, 0x0C, 0x30, 0x0C, 0x30, 0x0C, 0x30,
    0x0C, 0x00, 0x00, 0x00, 0x00, 0x00, 0x00, 0x00, 0x00, 0x00, 0x00, 0x00, 0x00, 0x00, 0x00, 0x00,
    0x00, 0x00, 0x00, 0x00, 0x00, 0x00, 0x00, 0x00, 0x00, 0x00, 0x00, 0x00, 0x00, 0x00, 0x00, 0x00,
    0x00, 0x00, 0x00, 0x00, 0x00, 0x3F, 0xF0, 0x3F, 0xF8, 0x30, 0x1C, 0x30, 0x0C, 0x30, 0x0C, 0x30,
    0x0C, 0x30, 0x0C, 0x30, 0x0C, 0x30, 0x0C, 0x30, 0x0C, 0x30, 0x0C, 0x30, 0x1C, 0x3F, 0xF8, 0x3F,
    0xF0, 0x30, 0x00, 0x30, 0x00, 0x30, 0x00, 0x30, 0x00, 0x30, 0x00, 0x00, 0x00, 0x00, 0x00, 0x00,
    0x00, 0x00, 0x00, 0x00, 0x00, 0x00, 0x00, 0x00, 0x00, 0x00, 0x00, 0x00, 0x00, 0x00, 0x00, 0x00,
    0x00, 0x00, 0x00, 0x00, 0x00, 0x0F, 0xF0, 0x1F, 0xF8, 0x38, 0x1C, 0x30, 0x0C, 0x30, 0x00, 0x30,
    0x00, 0x30, 0x00, 0x30, 0x00, 0x30, 0x00, 0x30, 0x00, 0x30, 0x0C, 0x38, 0x1C, 0x1F, 0xF8, 0x0F,
    0xF0, 0x00, 0x00, 0x00, 0x00, 0x00, 0x00, 0x00, 0x00, 0x00, 0x00, 0x00, 0x00, 0x00, 0x00, 0x00,
    0x00, 0x00, 0x00, 0x00, 0x00, 0x00, 0x00, 0x00, 0x00, 0x00, 0x00, 0x00, 0x00, 0x00, 0x00, 0x00,
    0x00, 0x00, 0x00, 0x00, 0x00, 0x3F, 0xFC, 0x3F, 0xFC, 0x01, 0x80, 0x01, 0x80, 0x01, 0x80, 0x01,
    0x80, 0x01, 0x80, 0x01, 0x80, 0x01, 0x80, 0x01, 0x80, 0x01, 0x80, 0x01, 0x80, 0x01, 0x80, 0x01,
    0x80, 0x00, 0x00, 0x00, 0x00, 0x00, 0x00, 0x00, 0x00, 0x00, 0x00, 0x00, 0x00, 0x00, 0x00, 0x00,
    0x00, 0x00, 0x00, 0x00, 0x00, 0x00, 0x00, 0x00, 0x00, 0x00, 0x00, 0x00, 0x00, 0x00, 0x00, 0x00,
    0x00, 0x00, 0x00, 0x00, 0x00, 0x30, 0x0C, 0x30, 0x0C, 0x30, 0x0C, 0x30, 0x0C, 0x30, 0x0C, 0x30,
    0x0C, 0x30, 0x0C, 0x30, 0x0C, 0x30, 0x0C, 0x30, 0x0C, 0x30, 0x0C, 0x38, 0x0C, 0x1F, 0xFC, 0x0F,
    0xFC, 0x00, 0x0C, 0x00, 0x0C, 0x00, 0x1C, 0x1F, 0xF8, 0x1F, 0xF0, 0x00, 0x00, 0x00, 0x00, 0x00,
    0x00, 0x00, 0x00, 0x00, 0x00, 0x00, 0x00, 0x00, 0x00, 0x00, 0x00, 0x00, 0x00, 0x00, 0x00, 0x01,
    0x80, 0x01, 0x80, 0x01, 0x80, 0x0F, 0xF0, 0x1F, 0xF8, 0x39, 0x9C, 0x31, 0x8C, 0x31, 0x8C, 0x31,
    0x8C, 0x31, 0x8C, 0x31, 0x8C, 0x31, 0x8C, 0x31, 0x8C, 0x31, 0x8C, 0x39, 0x9C, 0x1F, 0xF8, 0x0F,
    0xF0, 0x01, 0x80, 0x01, 0x80, 0x01, 0x80, 0x00, 0x00, 0x00, 0x00, 0x00, 0x00, 0x00, 0x00, 0x00,
    0x00, 0x00, 0x00, 0x00, 0x00, 0x00, 0x00, 0x00, 0x00, 0x00, 0x00, 0x00, 0x00, 0x00, 0x00, 0x00,
    0x00, 0x00, 0x00, 0x00, 0x00, 0x30, 0x0C, 0x30, 0x0C, 0x38, 0x1C, 0x1C, 0x38, 0x0E, 0x70, 0x07,
    0xE0, 0x03, 0xC0, 0x03, 0xC0, 0x07, 0xE0, 0x0E, 0x70, 0x1C, 0x38, 0x38, 0x1C, 0x30, 0x0C, 0x30,
    0x0C, 0x00, 0x00, 0x00, 0x00, 0x00, 0x00, 0x00, 0x00, 0x00, 0x00, 0x00, 0x00, 0x00, 0x00, 0x00,
    0x00, 0x00, 0x00, 0x00, 0x00, 0x00, 0x00, 0x00, 0x00, 0x00, 0x00, 0x00, 0x00, 0x00, 0x00, 0x00,
    0x00, 0x00, 0x00, 0x00, 0x00, 0x30, 0x0C, 0x30, 0x0C, 0x30, 0x0C, 0x30, 0x0C, 0x30, 0x0C, 0x30,
    0x0C, 0x30, 0x0C, 0x30, 0x0C, 0x30, 0x0C, 0x30, 0x0C, 0x30, 0x0C, 0x38, 0x0C, 0x1F, 0xFE, 0x0F,
    0xFF, 0x00, 0x03, 0x00, 0x03, 0x00, 0x03, 0x00, 0x03, 0x00, 0x03, 0x00, 0x00, 0x00, 0x00, 0x00,
    0x00, 0x00, 0x00, 0x00, 0x00, 0x00, 0x00, 0x00, 0x00, 0x00, 0x00, 0x00, 0x00, 0x00, 0x00, 0x00,
    0x00, 0x00, 0x00, 0x00, 0x00, 0x30, 0x0C, 0x30, 0x0C, 0x30, 0x0C, 0x30, 0x0C, 0x30, 0x0C, 0x38,
    0x0C, 0x1F, 0xFC, 0x0F, 0xFC, 0x00, 0x0C, 0x00, 0x0C, 0x00, 0x0C, 0x00, 0x0C, 0x00, 0x0C, 0x00,
    0x0C, 0x00, 0x00, 0x00, 0x00, 0x00, 0x00, 0x00, 0x00, 0x00, 0x00, 0x00, 0x00, 0x00, 0x00, 0x00,
    0x00, 0x00, 0x00, 0x00, 0x00, 0x00, 0x00, 0x00, 0x00, 0x00, 0x00, 0x00, 0x00, 0x00, 0x00, 0x00,
    0x00, 0x00, 0x00, 0x00, 0x00, 0x31, 0x8C, 0x31, 0x8C, 0x31, 0x8C, 0x31, 0x8C, 0x31, 0x8C, 0x31,
    0x8C, 0x31, 0x8C, 0x31, 0x8C, 0x31, 0x8C, 0x31, 0x8C, 0x31, 0x8C, 0x39, 0x8C, 0x1F, 0xFC, 0x0F,
    0xFC, 0x00, 0x00, 0x00, 0x00, 0x00, 0x00, 0x00, 0x00, 0x00, 0x00, 0x00, 0x00, 0x00, 0x00, 0x00,
    0x00, 0x00, 0x00, 0x00, 0x00, 0x00, 0x00, 0x00, 0x00, 0x00, 0x00, 0x00, 0x00, 0x00, 0x00, 0x00,
    0x00, 0x00, 0x00, 0x00, 0x00, 0x31, 0x8C, 0x31, 0x8C, 0x31, 0x8C, 0x31, 0x8C, 0x31, 0x8C, 0x31,
    0x8C, 0x31, 0x8C, 0x31, 0x8C, 0x31, 0x8C, 0x31, 0x8C, 0x31, 0x8C, 0x39, 0x8C, 0x1F, 0xFE, 0x0F,
    0xFF, 0x00, 0x03, 0x00, 0x03, 0x00, 0x03, 0x00, 0x03, 0x00, 0x03, 0x00, 0x00, 0x00, 0x00, 0x00,
    0x00, 0x00, 0x00, 0x00, 0x00, 0x00, 0x00, 0x00, 0x00, 0x00, 0x00, 0x00, 0x00, 0x00, 0x00, 0x00,
    0x00, 0x00, 0x00, 0x00, 0x00, 0x3C, 0x00, 0x3C, 0x00, 0x0C, 0x00, 0x0C, 0x00, 0x0F, 0xF0, 0x0F,
    0xF8, 0x0C, 0x1C, 0x0C, 0x0C, 0x0C, 0x0C, 0x0C, 0x0C, 0x0C, 0x0C, 0x0C, 0x1C, 0x0F, 0xF8, 0x0F,
    0xF0, 0x00, 0x00, 0x00, 0x00, 0x00, 0x00, 0x00, 0x00, 0x00, 0x00, 0x00, 0x00, 0x00, 0x00, 0x00,
    0x00, 0x00, 0x00, 0x00, 0x00, 0x00, 0x00, 0x00, 0x00, 0x00, 0x00, 0x00, 0x00, 0x00, 0x00, 0x00,
    0x00, 0x00, 0x00, 0x00, 0x00, 0x60, 0x0C, 0x60, 0x0C, 0x60, 0x0C, 0x60, 0x0C, 0x7F, 0x0C, 0x7F,
    0x8C, 0x61, 0xCC, 0x60, 0xCC, 0x60, 0xCC, 0x60, 0xCC, 0x60, 0xCC, 0x61, 0xCC, 0x7F, 0x8C, 0x7F,
    0x0C, 0x00, 0x00, 0x00, 0x00, 0x00, 0x00, 0x00, 0x00, 0x00, 0x00, 0x00, 0x00, 0x00, 0x00, 0x00,
    0x00, 0x00, 0x00, 0x00, 0x00, 0x00, 0x00, 0x00, 0x00, 0x00, 0x00, 0x00, 0x00, 0x00, 0x00, 0x00,
    0x00, 0x00, 0x00, 0x00, 0x00, 0x18, 0x00, 0x18, 0x00, 0x18, 0x00, 0x18, 0x00, 0x1F, 0xE0, 0x1F,
    0xF0, 0x18, 0x38, 0x18, 0x18, 0x18, 0x18, 0x18, 0x18, 0x18, 0x18, 0x18, 0x38, 0x1F, 0xF0, 0x1F,
    0xE0, 0x00, 0x00, 0x00, 0x00, 0x00, 0x00, 0x00, 0x00, 0x00, 0x00, 0x00, 0x00, 0x00, 0x00, 0x00,
    0x00, 0x00, 0x00, 0x00, 0x00, 0x00, 0x00, 0x00, 0x00, 0x00, 0x00, 0x00, 0x00, 0x00, 0x00, 0x00,
    0x00, 0x00, 0x00, 0x00, 0x00, 0x0F, 0xF0, 0x1F, 0xF8, 0x38, 0x1C, 0x30, 0x0C, 0x00, 0x0C, 0x00,
    0x0C, 0x03, 0xFC, 0x03, 0xFC, 0x00, 0x0C, 0x00, 0x0C, 0x30, 0x0C, 0x38, 0x1C, 0x1F, 0xF8, 0x0F,
    0xF0, 0x00, 0x00, 0x00, 0x00, 0x00, 0x00, 0x00, 0x00, 0x00, 0x00, 0x00, 0x00, 0x00, 0x00, 0x00,
    0x00, 0x00, 0x00, 0x00, 0x00, 0x00, 0x00, 0x00, 0x00, 0x00, 0x00, 0x00, 0x00, 0x00, 0x00, 0x00,
    0x00, 0x00, 0x00, 0x00, 0x00, 0x60, 0xF0, 0x61, 0xF8, 0x63, 0x0C, 0x63, 0x0C, 0x63, 0x0C, 0x63,
    0x0C, 0x7F, 0x0C, 0x7F, 0x0C, 0x63, 0x0C, 0x63, 0x0C, 0x63, 0x0C, 0x63, 0x0C, 0x61, 0xF8, 0x60,
    0xF0, 0x00, 0x00, 0x00, 0x00, 0x00, 0x00, 0x00, 0x00, 0x00, 0x00, 0x00, 0x00, 0x00, 0x00, 0x00,
    0x00, 0x00, 0x00, 0x00, 0x00, 0x00, 0x00, 0x00, 0x00, 0x00, 0x00, 0x00, 0x00, 0x00, 0x00, 0x00,
    0x00, 0x00, 0x00, 0x00, 0x00, 0x0F, 0xFC, 0x1F, 0xFC, 0x38, 0x0C, 0x30, 0x0C, 0x30, 0x0C, 0x38,
    0x0C, 0x1F, 0xFC, 0x0F, 0xFC, 0x00, 0xEC, 0x01, 0xCC, 0x03, 0x8C, 0x07, 0x0C, 0x0E, 0x0C, 0x1C,
    0x0C, 0x00, 0x00, 0x00, 0x00, 0x00, 0x00, 0x00, 0x00, 0x00, 0x00, 0x00, 0x00, 0x00, 0x00, 0x00,
    0x00, 0x00, 0x00, 0x00, 0x00, 0x00, 0x00, 0x00, 0x00, 0x0E, 0x00, 0x07, 0x00, 0x03, 0x80, 0x01,
    0xC0, 0x00, 0x00, 0x00, 0x00, 0x0F, 0xF0, 0x1F, 0xF8, 0x38, 0x1C, 0x30, 0x0C, 0x30, 0x0C, 0x30,
    0x0C, 0x3F, 0xFC, 0x3F, 0xFC, 0x30, 0x00, 0x30, 0x00, 0x30, 0x00, 0x38, 0x0C, 0x1F, 0xFC, 0x0F,
    0xF8, 0x00, 0x00, 0x00, 0x00, 0x00, 0x00, 0x00, 0x00, 0x00, 0x00, 0x00, 0x00, 0x00, 0x00, 0x00,
    0x00, 0x00, 0x00, 0x00, 0x00, 0x00, 0x00, 0x00, 0x00, 0x0C, 0x30, 0x0C, 0x30, 0x0C, 0x30, 0x0C,
    0x30, 0x00, 0x00, 0x00, 0x00, 0x0F, 0xF0, 0x1F, 0xF8, 0x38, 0x1C, 0x30, 0x0C, 0x30, 0x0C, 0x30,
    0x0C, 0x3F, 0xFC, 0x3F, 0xFC, 0x30, 0x00, 0x30, 0x00, 0x30, 0x00, 0x38, 0x0C, 0x1F, 0xFC, 0x0F,
    0xF8, 0x00, 0x00, 0x00, 0x00, 0x00, 0x00, 0x00, 0x00, 0x00, 0x00, 0x00, 0x00, 0x00, 0x00, 0x00,
    0x00, 0x00, 0x00, 0x00, 0x00, 0x00, 0x00, 0x00, 0x00, 0x30, 0x00, 0x30, 0x00, 0xFF, 0x80, 0xFF,
    0x80, 0x30, 0x00, 0x30, 0x00, 0x3F, 0xF0, 0x3F, 0xF8, 0x30, 0x1C, 0x30, 0x0C, 0x30, 0x0C, 0x30,
    0x0C, 0x30, 0x0C, 0x30, 0x0C, 0x30, 0x0C, 0x30, 0x0C, 0x30, 0x0C, 0x30, 0x0C, 0x30, 0x0C, 0x30,
    0x0C, 0x00, 0x0C, 0x00, 0x0C, 0x00, 0x1C, 0x00, 0xF8, 0x00, 0xF0, 0x00, 0x00, 0x00, 0x00, 0x00,
    0x00, 0x00, 0x00, 0x00, 0x00, 0x00, 0x00, 0x00, 0x00, 0x00, 0x70, 0x00, 0xE0, 0x01, 0xC0, 0x03,
    0x80, 0x00, 0x00, 0x00, 0x00, 0x3F, 0xFC, 0x3F, 0xFC, 0x30, 0x00, 0x30, 0x00, 0x30, 0x00, 0x30,
    0x00, 0x30, 0x00, 0x30, 0x00, 0x30, 0x00, 0x30, 0x00, 0x30, 0x00, 0x30, 0x00, 0x30, 0x00, 0x30,
    0x00, 0x00, 0x00, 0x00, 0x00, 0x00, 0x00, 0x00, 0x00, 0x00, 0x00, 0x00, 0x00, 0x00, 0x00, 0x00,
    0x00, 0x00, 0x00, 0x00, 0x00, 0x00, 0x00, 0x00, 0x00, 0x00, 0x00, 0x00, 0x00, 0x00, 0x00, 0x00,
    0x00, 0x00, 0x00, 0x00, 0x00, 0x0F, 0xF0, 0x1F, 0xF8, 0x38, 0x1C, 0x30, 0x0C, 0x30, 0x00, 0x30,
    0x00, 0x3F, 0xC0, 0x3F, 0xC0, 0x30, 0x00, 0x30, 0x00, 0x30, 0x0C, 0x38, 0x1C, 0x1F, 0xF8, 0x0F,
    0xF0, 0x00, 0x00, 0x00, 0x00, 0x00, 0x00, 0x00, 0x00, 0x00, 0x00, 0x00, 0x00, 0x00, 0x00, 0x00,
    0x00, 0x00, 0x00, 0x00, 0x00, 0x00, 0x00, 0x00, 0x00, 0x00, 0x00, 0x00, 0x00, 0x00, 0x00, 0x00,
    0x00, 0x00, 0x00, 0x00, 0x00, 0x0F, 0xF0, 0x1F, 0xF8, 0x38, 0x1C, 0x30, 0x00, 0x30, 0x00, 0x38,
    0x00, 0x1F, 0xF0, 0x0F, 0xF8, 0x00, 0x1C, 0x00, 0x0C, 0x00, 0x0C, 0x38, 0x1C, 0x1F, 0xF8, 0x0F,
    0xF0, 0x00, 0x00, 0x00, 0x00, 0x00, 0x00, 0x00, 0x00, 0x00, 0x00, 0x00, 0x00, 0x00, 0x00, 0x00,
    0x00, 0x00, 0x00, 0x00, 0x00, 0x00, 0x00, 0x00, 0x00, 0x01, 0x80, 0x01, 0x80, 0x01, 0x80, 0x01,
    0x80, 0x00, 0x00, 0x00, 0x00, 0x07, 0x80, 0x07, 0x80, 0x01, 0x80, 0x01, 0x80, 0x01, 0x80, 0x01,
    0x80, 0x01, 0x80, 0x01, 0x80, 0x01, 0x80, 0x01, 0x80, 0x01, 0x80, 0x01, 0x80, 0x07, 0xE0, 0x07,
    0xE0, 0x00, 0x00, 0x00, 0x00, 0x00, 0x00, 0x00, 0x00, 0x00, 0x00, 0x00, 0x00, 0x00, 0x00, 0x00,
    0x00, 0x00, 0x00, 0x00, 0x00, 0x00, 0x00, 0x00, 0x00, 0x0C, 0x30, 0x0C, 0x30, 0x0C, 0x30, 0x0C,
    0x30, 0x00, 0x00, 0x00, 0x00, 0x07, 0x80, 0x07, 0x80, 0x01, 0x80, 0x01, 0x80, 0x01, 0x80, 0x01,
    0x80, 0x01, 0x80, 0x01, 0x80, 0x01, 0x80, 0x01, 0x80, 0x01, 0x80, 0x01, 0x80, 0x07, 0xE0, 0x07,
    0xE0, 0x00, 0x00, 0x00, 0x00, 0x00, 0x00, 0x00, 0x00, 0x00, 0x00, 0x00, 0x00, 0x00, 0x00, 0x00,
    0x00, 0x00, 0x00, 0x00, 0x00, 0x00, 0x00, 0x00, 0x00, 0x00, 0x18, 0x00, 0x18, 0x00, 0x18, 0x00,
    0x18, 0x00, 0x00, 0x00, 0x00, 0x00, 0x78, 0x00, 0x78, 0x00, 0x18, 0x00, 0x18, 0x00, 0x18, 0x00,
    0x18, 0x00, 0x18, 0x00, 0x18, 0x00, 0x18, 0x00, 0x18, 0x00, 0x18, 0x00, 0x18, 0x00, 0x18, 0x00,
    0x18, 0x18, 0x18, 0x18, 0x18, 0x1C, 0x38, 0x0F, 0xF0, 0x07, 0xE0, 0x00, 0x00, 0x00, 0x00, 0x00,
    0x00, 0x00, 0x00, 0x00, 0x00, 0x00, 0x00, 0x00, 0x00, 0x00, 0x00, 0x00, 0x00, 0x00, 0x00, 0x00,
    0x00, 0x00, 0x00, 0x00, 0x00, 0x0F, 0x80, 0x1F, 0x80, 0x39, 0x80, 0x31, 0x80, 0x31, 0xF8, 0x31,
    0xFC, 0x31, 0x8E, 0x31, 0x86, 0x31, 0x86, 0x31, 0x86, 0x31, 0x86, 0x31, 0x8E, 0x71, 0xFC, 0x61,
    0xF8, 0x00, 0x00, 0x00, 0x00, 0x00, 0x00, 0x00, 0x00, 0x00, 0x00, 0x00, 0x00, 0x00, 0x00, 0x00,
    0x00, 0x00, 0x00, 0x00, 0x00, 0x00, 0x00, 0x00, 0x00, 0x00, 0x00, 0x00, 0x00, 0x00, 0x00, 0x00,
    0x00, 0x00, 0x00, 0x00, 0x00, 0x61, 0x80, 0x61, 0x80, 0x61, 0x80, 0x61, 0x80, 0x61, 0xF8, 0x61,
    0xFC, 0x7F, 0x8E, 0x7F, 0x86, 0x61, 0x86, 0x61, 0x86, 0x61, 0x86, 0x61, 0x8E, 0x61, 0xFC, 0x61,
    0xF8, 0x00, 0x00, 0x00, 0x00, 0x00, 0x00, 0x00, 0x00, 0x00, 0x00, 0x00, 0x00, 0x00, 0x00, 0x00,
    0x00, 0x00, 0x00, 0x00, 0x00, 0x00, 0x00, 0x00, 0x00, 0x30, 0x00, 0x30, 0x00, 0xFF, 0x80, 0xFF,
    0x80, 0x30, 0x00, 0x30, 0x00, 0x3F, 0xF0, 0x3F, 0xF8, 0x30, 0x1C, 0x30, 0x0C, 0x30, 0x0C, 0x30,
    0x0C, 0x30, 0x0C, 0x30, 0x0C, 0x30, 0x0C, 0x30, 0x0C, 0x30, 0x0C, 0x30, 0x0C, 0x30, 0x0C, 0x30,
    0x0C, 0x00, 0x00, 0x00, 0x00, 0x00, 0x00, 0x00, 0x00, 0x00, 0x00, 0x00, 0x00, 0x00, 0x00, 0x00,
    0x00, 0x00, 0x00, 0x00, 0x00, 0x00, 0x00, 0x00, 0x00, 0x00, 0x70, 0x00, 0xE0, 0x01, 0xC0, 0x03,
    0x80, 0x00, 0x00, 0x00, 0x00, 0x18, 0x1C, 0x18, 0x38, 0x18, 0x70, 0x18, 0xE0, 0x19, 0xC0, 0x1B,
    0x80, 0x1F, 0x00, 0x1F, 0x00, 0x1B, 0x80, 0x19, 0xC0, 0x18, 0xE0, 0x18, 0x70, 0x18, 0x38, 0x18,
    0x1C, 0x00, 0x00, 0x00, 0x00, 0x00, 0x00, 0x00, 0x00, 0x00, 0x00, 0x00, 0x00, 0x00, 0x00, 0x00,
    0x00, 0x00, 0x00, 0x00, 0x00, 0x00, 0x00, 0x00, 0x00, 0x0E, 0x00, 0x07, 0x00, 0x03, 0x80, 0x01,
    0xC0, 0x00, 0x00, 0x00, 0x00, 0x30, 0x0C, 0x30, 0x0C, 0x30, 0x0C, 0x30, 0x0C, 0x30, 0x0C, 0x30,
    0x0C, 0x30, 0x0C, 0x30, 0x0C, 0x30, 0x0C, 0x30, 0x0C, 0x30, 0x0C, 0x38, 0x0C, 0x1F, 0xFC, 0x0F,
    0xFC, 0x00, 0x00, 0x00, 0x00, 0x00, 0x00, 0x00, 0x00, 0x00, 0x00, 0x00, 0x00, 0x00, 0x00, 0x00,
    0x00, 0x00, 0x00, 0x00, 0x00, 0x00, 0x00, 0x00, 0x00, 0x0C, 0x30, 0x0C, 0x30, 0x07, 0xE0, 0x03,
    0xC0, 0x00, 0x00, 0x00, 0x00, 0x30, 0x0C, 0x30, 0x0C, 0x30, 0x0C, 0x30, 0x0C, 0x30, 0x0C, 0x30,
    0x0C, 0x30, 0x0C, 0x30, 0x0C, 0x30, 0x0C, 0x30, 0x0C, 0x30, 0x0C, 0x38, 0x0C, 0x1F, 0xFC, 0x0F,
    0xFC, 0x00, 0x0C, 0x00, 0x0C, 0x00, 0x1C, 0x1F, 0xF8, 0x1F, 0xF0, 0x00, 0x00, 0x00, 0x00, 0x00,
    0x00, 0x00, 0x00, 0x00, 0x00, 0x00, 0x00, 0x00, 0x00, 0x00, 0x00, 0x00, 0x00, 0x00, 0x00, 0x00,
    0x00, 0x00, 0x00, 0x00, 0x00, 0x30, 0x0C, 0x30, 0x0C, 0x30, 0x0C, 0x30, 0x0C, 0x30, 0x0C, 0x30,
    0x0C, 0x30, 0x0C, 0x30, 0x0C, 0x30, 0x0C, 0x30, 0x0C, 0x30, 0x0C, 0x30, 0x0C, 0x3F, 0xFC, 0x3F,
    0xFC, 0x01, 0x80, 0x01, 0x80, 0x01, 0x80, 0x01, 0x80, 0x01, 0x80, 0x00, 0x00, 0xC0, 0xC0, 0xDC,
    0x1C, 0x3B, 0x83, 0x87, 0x70, 0x70, 0xEE, 0x0E, 0x1D, 0xC1, 0xC3, 0xB8, 0x38, 0x77, 0x07, 0x0E,
    0xE0, 0xE1, 0xDC, 0x1C, 0x3B, 0x83, 0x87, 0x70, 0x70, 0xEE, 0x0E, 0x1D, 0xC1, 0xC3, 0xB8, 0x38,
    0x77, 0x0F, 0x0E, 0xF3, 0xF3, 0xCF, 0xFF, 0xF0, 0xFE, 0xFC, 0x06, 0x06, 0x00, 0x60, 0xC1, 0xB8,
    0x30, 0x6E, 0x0C, 0x1B, 0x83, 0x06, 0xE0, 0xC1, 0xB8, 0x30, 0x6E, 0x0C, 0x1B, 0x83, 0x06, 0xE0,
    0xC1, 0xB8, 0x30, 0x67, 0x1E, 0x39, 0xC7, 0x8E, 0x7F, 0xFF, 0x8F, 0xCF, 0xC0, 0xC0, 0xC0, 0x00,
    0x00, 0x00, 0x00, 0x00, 0x00, 0x00, 0x00, 0x00, 0x00, 0x00, 0x00, 0x30, 0x00, 0x30, 0x00, 0xFF,
    0x00, 0xFF, 0x00, 0x30, 0x00, 0x30, 0x00, 0x3F, 0xE0, 0x3F, 0xF0, 0x30, 0x38, 0x30, 0x18, 0x30,
    0x18, 0x30, 0x18, 0x30, 0x18, 0x30, 0x18, 0x30, 0x18, 0x30, 0x18, 0x30, 0x18, 0x30, 0x38, 0x3F,
    0xF0, 0x3F, 0xE0, 0x00, 0x00, 0x00, 0x00, 0x00, 0x00, 0x00, 0x00, 0x00, 0x00, 0x00, 0x00, 0x00,
    0x00, 0x00, 0x00, 0x00, 0x00, 0x00, 0x00, 0x00, 0x00, 0x00, 0x00, 0x0C, 0x00, 0x0C, 0x00, 0x0C,
    0x00, 0x0C, 0x00, 0x3F, 0xC0, 0x3F, 0xC0, 0x0C, 0x00, 0x0C, 0x00, 0x0C, 0x00, 0x0C, 0x00, 0x0F,
    0xF0, 0x0F, 0xF8, 0x0C, 0x1C, 0x0C, 0x0C, 0x0C, 0x0C, 0x0C, 0x0C, 0x0C, 0x0C, 0x0C, 0x1C, 0x0F,
    0xF8, 0x0F, 0xF0, 0x00, 0x00, 0x00, 0x00, 0x00, 0x00, 0x00, 0x00, 0x00, 0x00, 0x00, 0x00, 0xC0,
    0x1E, 0x07, 0x03, 0xFE, 0x38, 0x7F, 0xF9, 0xC3, 0xC3, 0xEE, 0x38, 0x07, 0x73, 0xC0, 0x3F, 0x9C,
    0x00, 0xFC, 0xE0, 0x00, 0xFF, 0xFC, 0x07, 0xFF, 0xF0, 0x3F, 0xFF, 0x81, 0xCE, 0x00, 0x0E, 0x70,
    0x00, 0x73, 0x80, 0x1F, 0x8E, 0x01, 0xDC, 0x78, 0x1E, 0xE1, 0xE1, 0xE7, 0x07, 0xFF, 0x38, 0x1F,
    0xE0, 0x00, 0x1C, 0x00, 0x60, 0x7C, 0x38, 0x3F, 0xCE, 0x1F, 0xFB, 0x8F, 0x0E, 0xE3, 0x81, 0xB9,
    0xC0, 0x0F, 0xFF, 0xC3, 0xFF, 0xF0, 0xFF, 0xF8, 0x39, 0xE0, 0x0E, 0x38, 0x3B, 0x8F, 0x0E, 0xE1,
    0xFF, 0x38, 0x3F, 0x80, 0x03, 0x80, 0x01, 0xC0, 0x00, 0xE0, 0x00, 0xF8, 0x00, 0x7C, 0x00, 0x77,
    0x00, 0x3B, 0x80, 0x1D, 0xC0, 0x1C, 0x70, 0x0E, 0x38, 0x07, 0x1C, 0x07, 0x07, 0x03, 0xFF, 0x81,
    0xFF, 0xC1, 0xFF, 0xF0, 0xE7, 0x38, 0xF3, 0x9E, 0x71, 0xC7, 0x38, 0xE3, 0xBC, 0x70, 0xE0, 0x03,
    0x00, 0x1E, 0x00, 0x78, 0x03, 0xF0, 0x0F, 0xC0, 0x3F, 0x81, 0xCE, 0x07, 0x38, 0x3F, 0xF0, 0xFF,
    0xC3, 0xBF, 0x9C, 0xCE, 0x73, 0x3B, 0x8C, 0x70, 0xC0, 0x0C, 0x07, 0x00, 0xF0, 0x38, 0x0F, 0x81,
    0xC0, 0x7C, 0x0E, 0x03, 0xF0, 0x70, 0x3B, 0x83, 0x81, 0xDC, 0x1C, 0x0E, 0x70, 0xE0, 0xE3, 0x87,
    0x07, 0x0E, 0x38, 0x78, 0x71, 0xFF, 0xFF, 0x8F, 0xFF, 0xFE, 0x7F, 0xFF, 0xF3, 0x8E, 0x73, 0x9C,
    0x73, 0x8E, 0xE7, 0x1C, 0x77, 0x38, 0xE3, 0xF9, 0xC7, 0x0E, 0x60, 0x38, 0x38, 0x1E, 0x0E, 0x07,
    0x83, 0x81, 0xF0, 0xE0, 0xFC, 0x38, 0x3B, 0x8E, 0x1C, 0xE3, 0xFF, 0x38, 0xFF, 0xFF, 0x3F, 0xFF,
    0xCE, 0x3B, 0xBB, 0x9C, 0xEE, 0xE7, 0x3B, 0xB9, 0xCE, 0x70, 0x00, 0x00, 0x00, 0x00, 0x00, 0x00,
    0x00, 0x00, 0x00, 0x00, 0x00, 0x00, 0x3F, 0xFC, 0x3F, 0xFC, 0x30, 0x0C, 0x18, 0x18, 0x18, 0x18,
    0x0C, 0x30, 0x0C, 0x30, 0x06, 0x60, 0x03, 0xC0, 0x07, 0xE0, 0x0F, 0xF0, 0x1D, 0xB8, 0x39, 0x9C,
    0x31, 0x8C, 0x31, 0x8C, 0x31, 0x8C, 0x31, 0x8C, 0x31, 0x8C, 0x31, 0x8C, 0x31, 0x8C, 0x00, 0x00,
    0x00, 0x00, 0x00, 0x00, 0x00, 0x00, 0x00, 0x00, 0x00, 0x00, 0x00, 0x00, 0x00, 0x00, 0x00, 0x00,
    0x00, 0x00, 0x00, 0x00, 0x00, 0x00, 0x00, 0x00, 0x00, 0x00, 0x00, 0x00, 0x00, 0x00, 0x00, 0x00,
    0x00, 0x00, 0x3F, 0xFC, 0x3F, 0xFC, 0x30, 0x0C, 0x38, 0x1C, 0x1C, 0x38, 0x0E, 0x70, 0x07, 0xE0,
    0x0F, 0xF0, 0x1D, 0xB8, 0x39, 0x9C, 0x31, 0x8C, 0x31, 0x8C, 0x31, 0x8C, 0x31, 0x8C, 0x00, 0x00,
    0x00, 0x00, 0x00, 0x00, 0x00, 0x00, 0x00, 0x00, 0x00, 0x00, 0xC0, 0x7F, 0xFE, 0x70, 0x7F, 0xFF,
    0x38, 0x1F, 0xFF, 0x9C, 0x07, 0x03, 0x8E, 0x03, 0xC3, 0x87, 0x00, 0xE1, 0xC3, 0x80, 0x39, 0xC1,
    0xC0, 0x1D, 0xE0, 0xE0, 0x07, 0xE0, 0x7F, 0xFF, 0xFE, 0x3F, 0xFF, 0xFF, 0xDC, 0x3F, 0x71, 0xEE,
    0x1C, 0x38, 0x7F, 0x0E, 0x1C, 0x1F, 0x87, 0x0E, 0x0F, 0xC3, 0x87, 0x07, 0xE1, 0xC3, 0x83, 0xF0,
    0xE1, 0xC1, 0xF8, 0x70, 0xE0, 0xE0, 0x60, 0xFF, 0xFB, 0x83, 0xFF, 0xCE, 0x07, 0xFF, 0x38, 0x1E,
    0x38, 0xE0, 0x39, 0xC3, 0x80, 0x77, 0x0F, 0xFF, 0xFC, 0x3F, 0xFF, 0xFC, 0xFF, 0xFF, 0xFB, 0x87,
    0x1C, 0xFE, 0x18, 0x71, 0xF8, 0xE1, 0xC7, 0xE3, 0x87, 0x1F, 0x8E, 0x1C, 0x70, 0x30, 0xC1, 0x9C,
    0x0F, 0x80, 0xF0, 0x02, 0x07, 0xC0, 0x7F, 0x87, 0xFC, 0x01, 0xE0, 0x0E, 0x00, 0xE0, 0x0E, 0x01,
    0xE1, 0xFC, 0x3F, 0x83, 0xFC, 0x01, 0xE0, 0x0E, 0x00, 0xE0, 0x0E, 0x00, 0xE0, 0x1E, 0x3F, 0xC7,
    0xF8, 0xFE, 0x0E, 0x00, 0xE0, 0x07, 0x80, 0x38, 0x01, 0x00, 0x73, 0x8F, 0xC1, 0xF0, 0x38, 0x00,
    0x3F, 0x8F, 0xFB, 0xFF, 0x01, 0xC0, 0x70, 0x1C, 0xFE, 0x3F, 0x8F, 0xF0, 0x1C, 0x07, 0x03, 0xDF,
    0xFF, 0xFB, 0x80, 0xC0, 0x38, 0x0F, 0x81, 0xE0, 0x00, 0x00, 0xC0, 0xC0, 0xF8, 0x70, 0x7E, 0x1C,
    0x1F, 0x87, 0x07, 0xE1, 0xC1, 0xF8, 0x70, 0x7E, 0x1C, 0x1F, 0x87, 0x07, 0xE1, 0xC1, 0xFC, 0x70,
    0xE7, 0x1C, 0x78, 0xFF, 0xFC, 0x1F, 0xFE, 0x01, 0xFE, 0x00, 0x1C, 0x00, 0x07, 0x00, 0x01, 0xC0,
    0x00, 0x70, 0x00, 0x1C, 0x00, 0x01, 0xC0, 0x00, 0xE0, 0x00, 0x70, 0x0C, 0x38, 0x7E, 0x1C, 0x3F,
    0x0E, 0x1F, 0x87, 0x0F, 0xC3, 0x87, 0xE1, 0xC3, 0xF0, 0xE1, 0xF8, 0x70, 0xEE, 0x38, 0x77, 0x1C,
    0x73, 0x8E, 0x38, 0xE7, 0x3C, 0x7F, 0xFC, 0x1F, 0xFC, 0x01, 0xF0, 0x00, 0x70, 0x00, 0x38, 0x00,
    0x1C, 0x00, 0x0E, 0x00, 0x00, 0x00, 0x03, 0xE0, 0x07, 0xFC, 0x07, 0xFF, 0x07, 0x83, 0xC7, 0x80,
    0xF3, 0x80, 0x3B, 0xC0, 0x1F, 0xC0, 0x07, 0xE0, 0x03, 0xFF, 0xFF, 0xFF, 0xFF, 0xFC, 0x00, 0x7E,
    0x00, 0x3B, 0x80, 0x39, 0xC0, 0x1C, 0xF0, 0x1E, 0x3E, 0x3E, 0x0F, 0xFE, 0x03, 0xFE, 0x00, 0x38,
    0x00, 0x0F, 0x81, 0xFF, 0x1F, 0xF8, 0xE0, 0xEE, 0x07, 0x70, 0x1F, 0xFD, 0xFF, 0xFF, 0xE3, 0xFF,
    0x01, 0xFC, 0x1C, 0xF1, 0xE3, 0xFE, 0x0F, 0xE0, 0x1C, 0x00, 0x60, 0x01, 0xF8, 0x01, 0xDC, 0x01,
    0xEE, 0x00, 0xE3, 0x80, 0xE1, 0xC0, 0x70, 0xE0, 0x38, 0x38, 0x38, 0x1C, 0x1C, 0x0E, 0x1E, 0x03,
    0x8E, 0x01, 0xC7, 0x00, 0xE7, 0x00, 0x3B, 0x80, 0x1D, 0xC0, 0x07, 0xC0, 0x03, 0xE0, 0x01, 0xF0,
    0x00, 0x70, 0x00, 0xE0, 0x1C, 0xE0, 0x79, 0xC1, 0xF3, 0x83, 0x83, 0x87, 0x07, 0x1C, 0x0E, 0x38,
    0x0E, 0x70, 0x1D, 0xC0, 0x1B, 0x80, 0x3F, 0x00, 0x7C, 0x00, 0x78, 0x00, 0xE0, 0x00, 0x1C, 0xE0,
    0x07, 0x70, 0x03, 0x98, 0x00, 0xEE, 0x00, 0x00, 0x03, 0x00, 0x0F, 0xC0, 0x0E, 0xE0, 0x0F, 0x70,
    0x07, 0x1C, 0x07, 0x0E, 0x03, 0x87, 0x01, 0xC1, 0xC1, 0xC0, 0xE0, 0xE0, 0x70, 0xF0, 0x1C, 0x70,
    0x0E, 0x38, 0x07, 0x38, 0x01, 0xDC, 0x00, 0xEE, 0x00, 0x3E, 0x00, 0x1F, 0x00, 0x0F, 0x80, 0x03,
    0x80, 0x73, 0x80, 0x77, 0x00, 0xE6, 0x00, 0xEE, 0x00, 0x00, 0x1C, 0x03, 0x9C, 0x0F, 0x38, 0x3E,
    0x70, 0x70, 0x70, 0xE0, 0xE3, 0x81, 0xC7, 0x01, 0xCE, 0x03, 0xB8, 0x03, 0x70, 0x07, 0xE0, 0x0F,
    0x80, 0x0F, 0x00, 0x1C, 0x00, 0x03, 0xE0, 0x00, 0x00, 0x0F, 0xF8, 0x00, 0x00, 0x1F, 0xFC, 0x00,
    0x00, 0x3C, 0x1E, 0x00, 0x00, 0x78, 0x0F, 0x00, 0x00, 0x70, 0x07, 0x38, 0x06, 0xF0, 0x07, 0x9C,
    0x0E, 0xE0, 0x03, 0x9C, 0x0E, 0xE0, 0x03, 0x9C, 0x1C, 0xE0, 0x03, 0x8E, 0x1C, 0xE0, 0x03, 0x8E,
    0x1C, 0xE0, 0x03, 0x87, 0x38, 0xE0, 0x03, 0x87, 0x38, 0x70, 0x07, 0x07, 0x38, 0x70, 0x07, 0x03,
    0xF0, 0x78, 0x0F, 0x03, 0xF0, 0x3E, 0x3E, 0x03, 0xE0, 0x1F, 0xFC, 0x01, 0xE0, 0x0F, 0xF8, 0x01,
    0xE0, 0x01, 0xC0, 0x01, 0xC0, 0x00, 0x00, 0x01, 0xC0, 0x00, 0x00, 0x03, 0x80, 0x00, 0x00, 0x0F,
    0x80, 0x00, 0x00, 0x1F, 0x00, 0x00, 0x00, 0x04, 0x00, 0x0F, 0x83, 0x80, 0xE7, 0xFC, 0x70, 0x39,
    0xFF, 0x8E, 0x07, 0x38, 0x38, 0xE0, 0xEE, 0x07, 0x1C, 0x39, 0xC0, 0x73, 0x87, 0x38, 0x0E, 0x39,
    0xC7, 0x01, 0xC7, 0x38, 0xE0, 0x38, 0xE7, 0x1C, 0x07, 0x0F, 0xC3, 0xC1, 0xC1, 0xF8, 0x3C, 0x78,
    0x1F, 0x03, 0xFE, 0x03, 0xC0, 0x3F, 0x80, 0x78, 0x01, 0xC0, 0x0E, 0x00, 0x00, 0x01, 0xC0, 0x00,
    0x00, 0x78, 0x00, 0x00, 0x3E, 0x00, 0x00, 0x07, 0x80, 0x00, 0x00, 0x40, 0x00, 0x03, 0xE0, 0x0F,
    0xF8, 0x3F, 0xFC, 0x3C, 0x3E, 0x78, 0x0E, 0x70, 0x0E, 0xE0, 0x00, 0xE0, 0x00, 0xE0, 0x00, 0xE0,
    0x00, 0xE0, 0x00, 0xE0, 0x06, 0x70, 0x0F, 0x78, 0x0F, 0x3C, 0x3F, 0x3F, 0xFF, 0x0F, 0xF7, 0x03,
    0xC7, 0x00, 0x07, 0x0F, 0x83, 0xFE, 0x7F, 0xE7, 0x07, 0xE0, 0x7E, 0x00, 0xE0, 0x0E, 0x00, 0xE0,
    0x0E, 0x00, 0xF0, 0x07, 0x80, 0x3F, 0x01, 0xF0, 0x07, 0x00, 0x70, 0x07, 0x00, 0x70, 0x07, 0x00,
    0x00, 0x38, 0x00, 0xC0, 0x87, 0x03, 0xB8, 0x0F, 0xE0, 0x1F, 0x00, 0x1F, 0x00, 0xFE, 0x43, 0xBB,
    0xDC, 0x0F, 0xE0, 0x0F, 0x80, 0x1F, 0x80, 0x7F, 0x03, 0x9C, 0x0E, 0x00, 0x70, 0x00, 0x01, 0xFF,
    0xFF, 0xFF, 0x80, 0xE0, 0x00, 0x0F, 0xDF, 0xFB, 0xE3, 0x00, 0x00, 0xEE, 0x73, 0x00, 0x77, 0x6C,
    0x00, 0x7E, 0x1F, 0xFB, 0x1F, 0x00, 0x00, 0x00, 0x3C, 0x00, 0x00, 0x3F, 0x00, 0x00, 0x19, 0x80,
    0x01, 0x80, 0x07, 0x01, 0xF0, 0x07, 0xC1, 0x98, 0x03, 0x60, 0x00, 0x00, 0x00, 0x00, 0x00, 0x00,
    0x00, 0x00, 0x00, 0x18, 0x00, 0x03, 0x1E, 0x00, 0x07, 0xD9, 0x80, 0x03, 0x70, 0x00, 0x00, 0x00,
    0x00, 0x00, 0x00, 0x00, 0x00, 0x00, 0x00, 0x00, 0x00, 0x1E, 0x00, 0x78, 0x1F, 0x80, 0x3E, 0x0C,
    0xC0, 0x13, 0x00, 0x03, 0x80, 0x00, 0x03, 0xE0, 0x00, 0x03, 0xB0, 0x00, 0x00, 0x00, 0x00, 0x00,
    0x0C, 0x00, 0x00, 0x18, 0x00, 0x00, 0x18, 0x00, 0x0C, 0x18, 0x00, 0x0E, 0x18, 0x38, 0x06, 0x00,
    0xF0, 0x07, 0x00, 0xE0, 0x02, 0x00, 0x00, 0x00, 0x00, 0x00, 0x00, 0x00, 0x00, 0xF0, 0x00, 0x18,
    0x78, 0x00, 0x1F, 0x18, 0x00, 0x0F, 0x00, 0x00, 0x00, 0x00, 0x00, 0x00, 0x00, 0x00, 0x00, 0x02,
    0x00, 0x60, 0x07, 0x00, 0x60, 0x1E, 0x08, 0x70, 0x18, 0x1C, 0x30, 0x00, 0x18, 0x30, 0x00, 0x18,
    0x00, 0x00, 0x30, 0x00, 0x00, 0x00, 0x00, 0x1C, 0x60, 0x07, 0x70, 0x03, 0xF0, 0x00, 0xF0, 0x00,
    0x00, 0x06, 0x00, 0x63, 0x80, 0x79, 0xC0, 0x7C, 0xE0, 0x3E, 0x70, 0x3F, 0x38, 0x3F, 0x9C, 0x1D,
    0xCE, 0x1E, 0xE7, 0x1E, 0x73, 0x8E, 0x39, 0xCF, 0x1C, 0xE7, 0x0E, 0x77, 0x07, 0x3F, 0x83, 0x9F,
    0x81, 0xCF, 0x80, 0xE7, 0xC0, 0x73, 0xC0, 0x3F, 0xE0, 0x1F, 0x00, 0x03, 0x80, 0x03, 0x80, 0x01,
    0xC0, 0x00, 0xE0, 0x38, 0xC0, 0x33, 0x80, 0x7E, 0x00, 0x78, 0x00, 0x00, 0x0C, 0x0E, 0x38, 0x1C,
    0x70, 0x78, 0xE1, 0xF1, 0xC3, 0xE3, 0x8F, 0xC7, 0x3B, 0x8E, 0x77, 0x1D, 0xCE, 0x3F, 0x1C, 0x7E,
    0x38, 0xF8, 0x71, 0xE0, 0xFB, 0xC1, 0xF0, 0x00, 0xE0, 0x01, 0x80, 0x07, 0x00, 0x0E, 0x00, 0x18,
    0x00, 0x1C, 0x00, 0x1C, 0x00, 0x1C, 0x00, 0xFF, 0xE0, 0xFF, 0xC0, 0x1C, 0x00, 0x1C, 0x00, 0x1F,
    0xFC, 0x1F, 0xFE, 0x1C, 0x1F, 0x1C, 0x07, 0x1C, 0x07, 0x1C, 0x07, 0x1C, 0x07, 0x1C, 0x07, 0x1C,
    0x1F, 0x1F, 0xFE, 0x1F, 0xF8, 0x1C, 0x00, 0x38, 0x00, 0x70, 0x07, 0xFE, 0x0F, 0xFC, 0x1F, 0xF8,
    0x07, 0x00, 0x0E, 0x00, 0x1F, 0xF0, 0x3F, 0xF0, 0x7F, 0xF0, 0xE0, 0xE1, 0xC1, 0xC3, 0x83, 0x87,
    0x0F, 0x0F, 0xFC, 0x1F, 0xF0, 0xFE, 0x07, 0xFE, 0x3F, 0xFD, 0xC1, 0xEE, 0x07, 0xF0, 0x1F, 0x80,
    0xFC, 0x37, 0xE3, 0xFF, 0x0F, 0xBF, 0xFD, 0xFF, 0xCF, 0xF7, 0x70, 0x3B, 0x80, 0x1C, 0x00, 0xE0,
    0x07, 0x00, 0x38, 0x00, 0x67, 0xC7, 0x7F, 0x3F, 0xFD, 0xF0, 0xEF, 0x03, 0xF8, 0x1F, 0x80, 0xFC,
    0x07, 0xE0, 0x3F, 0x85, 0xFC, 0x7F, 0xF1, 0xEF, 0xFF, 0x77, 0xFF, 0x8C, 0xDC, 0x00, 0xE0, 0x07,
    0x00, 0x38, 0x00, 0x00, 0x00, 0x00, 0x00, 0x00, 0x00, 0x00, 0x0C, 0x00, 0x0C, 0x00, 0x0C, 0x00,
    0x0C, 0x3F, 0xFC, 0x3F, 0xFC, 0x30, 0x00, 0x30, 0x00, 0x30, 0x00, 0x30, 0x00, 0x30, 0x00, 0x30,
    0x00, 0x30, 0x00, 0x30, 0x00, 0x30, 0x00, 0x30, 0x00, 0x30, 0x00, 0x30, 0x00, 0x30, 0x00, 0x30,
    0x00, 0x30, 0x00, 0x30, 0x00, 0x30, 0x00, 0x30, 0x00, 0x00, 0x00, 0x00, 0x00, 0x00, 0x00, 0x00,
    0x00, 0x00, 0x00, 0x00, 0x00, 0x00, 0x00, 0x00, 0x00, 0x00, 0x00, 0x00, 0x00, 0x00, 0x00, 0x00,
    0x00, 0x00, 0x00, 0x00, 0x00, 0x00, 0x0C, 0x00, 0x0C, 0x00, 0x0C, 0x00, 0x0C, 0x3F, 0xFC, 0x3F,
    0xFC, 0x30, 0x00, 0x30, 0x00, 0x30, 0x00, 0x30, 0x00, 0x30, 0x00, 0x30, 0x00, 0x30, 0x00, 0x30,
    0x00, 0x30, 0x00, 0x30, 0x00, 0x30, 0x00, 0x30, 0x00, 0x00, 0x00, 0x00, 0x00, 0x00, 0x00, 0x00,
    0x00, 0x00, 0x00, 0x00, 0x00, 0x00, 0x00, 0x00, 0x00, 0x00, 0x00, 0x00, 0x00, 0x00, 0x00, 0x00,
    0x00, 0x3F, 0xFC, 0x3F, 0xFC, 0x30, 0x00, 0x30, 0x00, 0x30, 0x00, 0x30, 0x00, 0x30, 0x00, 0x30,
    0x00, 0x30, 0x00, 0x7F, 0x80, 0x7F, 0x80, 0x30, 0x00, 0x30, 0x00, 0x30, 0x00, 0x30, 0x00, 0x30,
    0x00, 0x30, 0x00, 0x30, 0x00, 0x30, 0x00, 0x30, 0x00, 0x00, 0x00, 0x00, 0x00, 0x00, 0x00, 0x00,
    0x00, 0x00, 0x00, 0x00, 0x00, 0x00, 0x00, 0x00, 0x00, 0x00, 0x00, 0x00, 0x00, 0x00, 0x00, 0x00,
    0x00, 0x00, 0x00, 0x00, 0x00, 0x00, 0x00, 0x00, 0x00, 0x00, 0x00, 0x00, 0x00, 0x3F, 0xFC, 0x3F,
    0xFC, 0x30, 0x00, 0x30, 0x00, 0x30, 0x00, 0x30, 0x00, 0x7F, 0x80, 0x7F, 0x80, 0x30, 0x00, 0x30,
    0x00, 0x30, 0x00, 0x30, 0x00, 0x30, 0x00, 0x30, 0x00, 0x00, 0x00, 0x00, 0x00, 0x00, 0x00, 0x00,
    0x00, 0x00, 0x00, 0x00, 0x00, 0x00, 0x00, 0x00, 0x00, 0x00, 0x00, 0x00, 0x00, 0x00, 0x00, 0x00,
    0x00, 0x3F, 0xFC, 0x3F, 0xFC, 0x30, 0x00, 0x30, 0x00, 0x30, 0x00, 0x30, 0x00, 0x30, 0x00, 0x30,
    0x00, 0x30, 0x00, 0x30, 0x00, 0x3F, 0xF0, 0x3F, 0xF8, 0x30, 0x1C, 0x30, 0x0C, 0x30, 0x0C, 0x30,
    0x0C, 0x30, 0x0C, 0x30, 0x0C, 0x30, 0x0C, 0x30, 0x0C, 0x00, 0x0C, 0x00, 0x0C, 0x00, 0x18, 0x00,
    0x30, 0x00, 0x00, 0x00, 0x00, 0x00, 0x00, 0x00, 0x00, 0x00, 0x00, 0x00, 0x00, 0x00, 0x00, 0x00,
    0x00, 0x00, 0x00, 0x00, 0x00, 0x00, 0x00, 0x00, 0x00, 0x00, 0x00, 0x00, 0x00, 0x3F, 0xFC, 0x3F,
    0xFC, 0x30, 0x00, 0x30, 0x00, 0x30, 0x00, 0x30, 0x00, 0x30, 0x00, 0x3F, 0xC0, 0x3F, 0xE0, 0x30,
    0x70, 0x30, 0x30, 0x30, 0x30, 0x30, 0x30, 0x30, 0x30, 0x00, 0x30, 0x00, 0x30, 0x00, 0x60, 0x00,
    0xC0, 0x00, 0x00, 0x00, 0x00, 0x00, 0x00, 0x00, 0x00, 0x00, 0x00, 0x00, 0x00, 0x00, 0x00, 0x00,
    0x00, 0x31, 0x8C, 0x31, 0x8C, 0x31, 0x8C, 0x31, 0x8C, 0x31, 0x8C, 0x31, 0x8C, 0x39, 0x9C, 0x1D,
    0xB8, 0x0F, 0xF0, 0x07, 0xE0, 0x0F, 0xF0, 0x1D, 0xB8, 0x39, 0x9C, 0x31, 0x8C, 0x31, 0x8C, 0x31,
    0x8C, 0x31, 0x8C, 0x31, 0x8C, 0x31, 0x8E, 0x31, 0x8F, 0x00, 0x03, 0x00, 0x03, 0x00, 0x03, 0x00,
    0x03, 0x00, 0x03, 0x00, 0x00, 0x00, 0x00, 0x00, 0x00, 0x00, 0x00, 0x00, 0x00, 0x00, 0x00, 0x00,
    0x00, 0x00, 0x00, 0x00, 0x00, 0x00, 0x00, 0x00, 0x00, 0x00, 0x00, 0x00, 0x00, 0x31, 0x8C, 0x31,
    0x8C, 0x31, 0x8C, 0x39, 0x9C, 0x1D, 0xB8, 0x0F, 0xF0, 0x07, 0xE0, 0x0F, 0xF0, 0x1D, 0xB8, 0x39,
    0x9C, 0x31, 0x8C, 0x31, 0x8C, 0x31, 0x8E, 0x31, 0x8F, 0x00, 0x03, 0x00, 0x03, 0x00, 0x03, 0x00,
    0x03, 0x00, 0x03, 0x00, 0x00, 0x00, 0x00, 0x00, 0x00, 0x00, 0x00, 0x00, 0x00, 0x00, 0x00, 0x00,
    0x00, 0x0F, 0xF0, 0x1F, 0xF8, 0x38, 0x1C, 0x30, 0x0C, 0x30, 0x0C, 0x00, 0x0C, 0x00, 0x0C, 0x00,
    0x0C, 0x00, 0x1C, 0x07, 0xF8, 0x07, 0xF8, 0x00, 0x1C, 0x00, 0x0C, 0x00, 0x0C, 0x00, 0x0C, 0x30,
    0x0C, 0x30, 0x0C, 0x38, 0x1C, 0x1F, 0xF8, 0x0F, 0xF0, 0x01, 0x80, 0x01, 0x80, 0x01, 0x80, 0x01,
    0x80, 0x01, 0x80, 0x00, 0x00, 0x00, 0x00, 0x00, 0x00, 0x00, 0x00, 0x00, 0x00, 0x00, 0x00, 0x00,
    0x00, 0x00, 0x00, 0x00, 0x00, 0x00, 0x00, 0x00, 0x00, 0x00, 0x00, 0x00, 0x00, 0x0F, 0xF0, 0x1F,
    0xF8, 0x38, 0x1C, 0x30, 0x0C, 0x00, 0x0C, 0x00, 0x1C, 0x03, 0xF8, 0x03, 0xF8, 0x00, 0x1C, 0x00,
    0x0C, 0x30, 0x0C, 0x38, 0x1C, 0x1F, 0xF8, 0x0F, 0xF0, 0x01, 0x80, 0x01, 0x80, 0x01, 0x80, 0x01,
    0x80, 0x01, 0x80, 0x00, 0x00, 0x00, 0x00, 0x00, 0x00, 0x00, 0x00, 0x00, 0x00, 0x00, 0x00, 0x00,
    0x00, 0x30, 0x0C, 0x30, 0x1C, 0x30, 0x38, 0x30, 0x70, 0x30, 0xE0, 0x31, 0xC0, 0x33, 0x80, 0x37,
    0x00, 0x3E, 0x00, 0x3C, 0x00, 0x3C, 0x00, 0x3E, 0x00, 0x37, 0x00, 0x33, 0x80, 0x31, 0xC0, 0x30,
    0xE0, 0x30, 0x70, 0x30, 0x38, 0x30, 0x1C, 0x30, 0x0E, 0x00, 0x06, 0x00, 0x06, 0x00, 0x06, 0x00,
    0x06, 0x00, 0x06, 0x00, 0x00, 0x00, 0x00, 0x00, 0x00, 0x00, 0x00, 0x00, 0x00, 0x00, 0x00, 0x00,
    0x00, 0x00, 0x00, 0x00, 0x00, 0x00, 0x00, 0x00, 0x00, 0x00, 0x00, 0x00, 0x00, 0x18, 0x1C, 0x18,
    0x38, 0x18, 0x70, 0x18, 0xE0, 0x19, 0xC0, 0x1B, 0x80, 0x1F, 0x00, 0x1F, 0x00, 0x1B, 0x80, 0x19,
    0xC0, 0x18, 0xE0, 0x18, 0x70, 0x18, 0x38, 0x18, 0x1C, 0x00, 0x0C, 0x00, 0x0C, 0x00, 0x0C, 0x00,
    0x0C, 0x00, 0x0C, 0x00, 0x00, 0x00, 0x00, 0x00, 0x00, 0x00, 0x00, 0x00, 0x00, 0x00, 0x00, 0x00,
    0x00, 0x60, 0x0C, 0x60, 0x0C, 0x60, 0x1C, 0x60, 0x38, 0x6C, 0x70, 0x6C, 0xE0, 0x6D, 0xC0, 0x6F,
    0x80, 0x6F, 0x00, 0x7E, 0x00, 0x7E, 0x00, 0x6F, 0x00, 0x6F, 0x80, 0x6D, 0xC0, 0x6C, 0xE0, 0x6C,
    0x70, 0x60, 0x38, 0x60, 0x1C, 0x60, 0x0C, 0x60, 0x0C, 0x00, 0x00, 0x00, 0x00, 0x00, 0x00, 0x00,
    0x00, 0x00, 0x00, 0x00, 0x00, 0x00, 0x00, 0x00, 0x00, 0x00, 0x00, 0x00, 0x00, 0x00, 0x00, 0x00,
    0x00, 0x00, 0x00, 0x00, 0x00, 0x00, 0x00, 0x00, 0x00, 0x00, 0x00, 0x00, 0x00, 0x30, 0x0C, 0x30,
    0x1C, 0x36, 0x38, 0x36, 0x70, 0x36, 0xE0, 0x37, 0xC0, 0x3F, 0x80, 0x3F, 0x80, 0x37, 0xC0, 0x36,
    0xE0, 0x36, 0x70, 0x36, 0x38, 0x30, 0x1C, 0x30, 0x0C, 0x00, 0x00, 0x00, 0x00, 0x00, 0x00, 0x00,
    0x00, 0x00, 0x00, 0x00, 0x00, 0x00, 0x00, 0x00, 0x00, 0x00, 0x00, 0x00, 0x00, 0x00, 0x00, 0x00,
    0x00, 0xF0, 0x0C, 0xF0, 0x1C, 0x30, 0x38, 0x30, 0x70, 0x30, 0xE0, 0x31, 0xC0, 0x33, 0x80, 0x37,
    0x00, 0x3E, 0x00, 0x3C, 0x00, 0x3C, 0x00, 0x3E, 0x00, 0x37, 0x00, 0x33, 0x80, 0x31, 0xC0, 0x30,
    0xE0, 0x30, 0x70, 0x30, 0x38, 0x30, 0x1C, 0x30, 0x0C, 0x00, 0x00, 0x00, 0x00, 0x00, 0x00, 0x00,
    0x00, 0x00, 0x00, 0x00, 0x00, 0x00, 0x00, 0x00, 0x00, 0x00, 0x00, 0x00, 0x00, 0x00, 0x00, 0x00,
    0x00, 0x00, 0x00, 0x00, 0x00, 0x00, 0x00, 0x00, 0x00, 0x00, 0x00, 0x00, 0x00, 0x78, 0x1C, 0x78,
    0x38, 0x18, 0x70, 0x18, 0xE0, 0x19, 0xC0, 0x1B, 0x80, 0x1F, 0x00, 0x1F, 0x00, 0x1B, 0x80, 0x19,
    0xC0, 0x18, 0xE0, 0x18, 0x70, 0x18, 0x38, 0x18, 0x1C, 0x00, 0x00, 0x00, 0x00, 0x00, 0x00, 0x00,
    0x00, 0x00, 0x00, 0x00, 0x00, 0x00, 0x00, 0x00, 0x00, 0x00, 0x00, 0x00, 0x00, 0x00, 0x00, 0x00,
    0x00, 0x30, 0x0C, 0x30, 0x0C, 0x30, 0x0C, 0x30, 0x0C, 0x30, 0x0C, 0x30, 0x0C, 0x30, 0x0C, 0x30,
    0x0C, 0x30, 0x0C, 0x3F, 0xFC, 0x3F, 0xFC, 0x30, 0x0C, 0x30, 0x0C, 0x30, 0x0C, 0x30, 0x0C, 0x30,
    0x0C, 0x30, 0x0C, 0x30, 0x0C, 0x30, 0x0E, 0x30, 0x0F, 0x00, 0x03, 0x00, 0x03, 0x00, 0x03, 0x00,
    0x03, 0x00, 0x03, 0x00, 0x00, 0x00, 0x00, 0x00, 0x00, 0x00, 0x00, 0x00, 0x00, 0x00, 0x00, 0x00,
    0x00, 0x00, 0x00, 0x00, 0x00, 0x00, 0x00, 0x00, 0x00, 0x00, 0x00, 0x00, 0x00, 0x30, 0x0C, 0x30,
    0x0C, 0x30, 0x0C, 0x30, 0x0C, 0x30, 0x0C, 0x30, 0x0C, 0x3F, 0xFC, 0x3F, 0xFC, 0x30, 0x0C, 0x30,
    0x0C, 0x30, 0x0C, 0x30, 0x0C, 0x30, 0x0E, 0x30, 0x0F, 0x00, 0x03, 0x00, 0x03, 0x00, 0x03, 0x00,
    0x03, 0x00, 0x03, 0x00, 0x00, 0x00, 0x00, 0x00, 0x00, 0x00, 0x00, 0x00, 0x00, 0x00, 0x00, 0x00,
    0x00, 0x60, 0x7F, 0x60, 0x7F, 0x60, 0x60, 0x60, 0x60, 0x60, 0x60, 0x60, 0x60, 0x60, 0x60, 0x60,
    0x60, 0x60, 0x60, 0x7F, 0xE0, 0x7F, 0xE0, 0x60, 0x60, 0x60, 0x60, 0x60, 0x60, 0x60, 0x60, 0x60,
    0x60, 0x60, 0x60, 0x60, 0x60, 0x60, 0x60, 0x60, 0x60, 0x00, 0x00, 0x00, 0x00, 0x00, 0x00, 0x00,
    0x00, 0x00, 0x00, 0x00, 0x00, 0x00, 0x00, 0x00, 0x00, 0x00, 0x00, 0x00, 0x00, 0x00, 0x00, 0x00,
    0x00, 0x00, 0x00, 0x00, 0x00, 0x00, 0x00, 0x00, 0x00, 0x00, 0x00, 0x00, 0x00, 0x60, 0x7F, 0x60,
    0x7F, 0x60, 0x60, 0x60, 0x60, 0x60, 0x60, 0x60, 0x60, 0x7F, 0xE0, 0x7F, 0xE0, 0x60, 0x60, 0x60,
    0x60, 0x60, 0x60, 0x60, 0x60, 0x60, 0x60, 0x60, 0x60, 0x00, 0x00, 0x00, 0x00, 0x00, 0x00, 0x00,
    0x00, 0x00, 0x00, 0x00, 0x00, 0xFF, 0xFC, 0x00, 0x7F, 0xFF, 0x00, 0x3F, 0xFF, 0x80, 0x1C, 0x01,
    0xC0, 0x0E, 0x00, 0xE0, 0x07, 0x00, 0x70, 0x03, 0x80, 0x38, 0x01, 0xC0, 0x1C, 0xC0, 0xE0, 0x0F,
    0xFC, 0x70, 0x07, 0xFF, 0x38, 0x03, 0xC7, 0xDC, 0x01, 0xC0, 0xEE, 0x00, 0xE0, 0x7F, 0x00, 0x70,
    0x1F, 0x80, 0x38, 0x0F, 0xC0, 0x1C, 0x0F, 0xE0, 0x0E, 0x07, 0x70, 0x07, 0x0F, 0xB8, 0x03, 0xBF,
    0x80, 0x00, 0x1F, 0x80, 0x00, 0x00, 0x00, 0x7F, 0xF0, 0x07, 0xFF, 0x80, 0x3F, 0xFC, 0x01, 0xC0,
    0xE0, 0x0E, 0x07, 0x00, 0x70, 0x38, 0x03, 0x81, 0xFE, 0x1C, 0x0F, 0xFC, 0xE0, 0x7F, 0xF7, 0x03,
    0x83, 0xF8, 0x1C, 0x0F, 0xC0, 0xE0, 0x7E, 0x07, 0x03, 0xF0, 0x38, 0x1C, 0x00, 0x01, 0xC0, 0x00,
    0x3E, 0x00, 0x01, 0xE0, 0x00, 0x0C, 0x00, 0x03, 0x80, 0x00, 0x1F, 0x00, 0x00, 0x7E, 0x00, 0x01,
    0xE0, 0x7F, 0x07, 0x83, 0xFF, 0x0E, 0x07, 0x9E, 0x3C, 0x1E, 0x0E, 0x70, 0x38, 0x1C, 0xE0, 0x70,
    0x39, 0xC0, 0xE0, 0x73, 0x81, 0xC0, 0xE7, 0x03, 0x81, 0xCE, 0x07, 0x07, 0x8E, 0x07, 0x0E, 0x1C,
    0x0F, 0x3C, 0x3C, 0x0F, 0xF0, 0x3E, 0x1F, 0xC4, 0x3F, 0xFF, 0xF8, 0x1F, 0xFF, 0xF8, 0x07, 0x03,
    0x80, 0x0E, 0x00, 0x0F, 0x80, 0x07, 0xC7, 0xC1, 0xC7, 0xF8, 0xE1, 0xEF, 0x38, 0xE1, 0xEE, 0x38,
    0x3B, 0x8E, 0x0E, 0xE3, 0x83, 0xB8, 0xF1, 0xCF, 0x1C, 0xF1, 0xE3, 0xF8, 0x3F, 0xFF, 0xC7, 0xFF,
    0xF0, 0x38, 0x70, 0x00, 0x00, 0x00, 0x00, 0x00, 0x00, 0x00, 0x00, 0x00, 0x00, 0x00, 0x00, 0x0F,
    0xF0, 0x1F, 0xF8, 0x38, 0x1C, 0x30, 0x0C, 0x30, 0x0C, 0x30, 0x00, 0x30, 0x00, 0x30, 0x00, 0x30,
    0x00, 0x30, 0x00, 0x30, 0x00, 0x30, 0x00, 0x30, 0x00, 0x30, 0x00, 0x30, 0x00, 0x30, 0x0C, 0x30,
    0x0C, 0x38, 0x1C, 0x1F, 0xF8, 0x0F, 0xF0, 0x01, 0x80, 0x01, 0x80, 0x01, 0x80, 0x01, 0x80, 0x01,
    0x80, 0x00, 0x00, 0x00, 0x00, 0x00, 0x00, 0x00, 0x00, 0x00, 0x00, 0x00, 0x00, 0x00, 0x00, 0x00,
    0x00, 0x00, 0x00, 0x00, 0x00, 0x00, 0x00, 0x00, 0x00, 0x00, 0x00, 0x0F, 0xF0, 0x1F, 0xF8, 0x38,
    0x1C, 0x30, 0x0C, 0x30, 0x00, 0x30, 0x00, 0x30, 0x00, 0x30, 0x00, 0x30, 0x00, 0x30, 0x00, 0x30,
    0x0C, 0x38, 0x1C, 0x1F, 0xF8, 0x0F, 0xF0, 0x01, 0x80, 0x01, 0x80, 0x01, 0x80, 0x01, 0x80, 0x01,
    0x80, 0x00, 0x00, 0xFF, 0xFF, 0xFF, 0xFF, 0xFF, 0xC1, 0xE0, 0x07, 0x80, 0x1E, 0x00, 0x78, 0x01,
    0xE0, 0x07, 0x80, 0x1E, 0x00, 0x78, 0x01, 0xE0, 0x07, 0x80, 0x1E, 0x00, 0x78, 0x01, 0xE0, 0x07,
    0x80, 0x1F, 0x00, 0x7C, 0x00, 0x70, 0x01, 0xC0, 0x07, 0x00, 0x1C, 0x00, 0xFF, 0xFF, 0xFF, 0xFF,
    0xF0, 0xE0, 0x0E, 0x00, 0xE0, 0x0E, 0x00, 0xE0, 0x0E, 0x00, 0xE0, 0x0E, 0x00, 0xE0, 0x0F, 0x80,
    0xF8, 0x03, 0x80, 0x38, 0x03, 0x80, 0x38, 0x00, 0x00, 0x00, 0x00, 0x00, 0x00, 0x00, 0x00, 0x00,
    0x00, 0x00, 0x00, 0x30, 0x0C, 0x30, 0x0C, 0x30, 0x0C, 0x18, 0x18, 0x18, 0x18, 0x0C, 0x30, 0x0C,
    0x30, 0x06, 0x60, 0x06, 0x60, 0x03, 0xC0, 0x03, 0xC0, 0x01, 0x80, 0x01, 0x80, 0x01, 0x80, 0x01,
    0x80, 0x01, 0x80, 0x01, 0x80, 0x01, 0x80, 0x01, 0x80, 0x01, 0x80, 0x00, 0x00, 0x00, 0x00, 0x00,
    0x00, 0x00, 0x00, 0x00, 0x00, 0x00, 0x00, 0x00, 0x00, 0x00, 0x00, 0x00, 0x00, 0x00, 0x00, 0x00,
    0x00, 0x00, 0x00, 0x00, 0x00, 0x00, 0x00, 0x00, 0x00, 0x00, 0x00, 0x00, 0x00, 0x00, 0x00, 0x30,
    0x0C, 0x30, 0x0C, 0x30, 0x0C, 0x18, 0x18, 0x18, 0x18, 0x18, 0x18, 0x0C, 0x30, 0x0C, 0x30, 0x06,
    0x60, 0x06, 0x60, 0x03, 0xC0, 0x03, 0xC0, 0x01, 0x80, 0x01, 0x80, 0x01, 0x80, 0x01, 0x80, 0x01,
    0x80, 0x01, 0x80, 0x01, 0x80, 0x00, 0x00, 0x00, 0x00, 0x00, 0x00, 0x00, 0x00, 0x00, 0x00, 0x00,
    0x00, 0x00, 0x00, 0x30, 0x0C, 0x30, 0x0C, 0x30, 0x0C, 0x18, 0x18, 0x18, 0x18, 0x0C, 0x30, 0x0C,
    0x30, 0x06, 0x60, 0x06, 0x60, 0x03, 0xC0, 0x03, 0xC0, 0x01, 0x80, 0x1F, 0xF8, 0x1F, 0xF8, 0x01,
    0x80, 0x01, 0x80, 0x01, 0x80, 0x01, 0x80, 0x01, 0x80, 0x01, 0x80, 0x00, 0x00, 0x00, 0x00, 0x00,
    0x00, 0x00, 0x00, 0x00, 0x00, 0x00, 0x00, 0x00, 0x00, 0x00, 0x00, 0x00, 0x00, 0x00, 0x00, 0x00,
    0x00, 0x00, 0x00, 0x00, 0x00, 0x00, 0x00, 0x00, 0x00, 0x00, 0x00, 0x00, 0x00, 0x00, 0x00, 0x30,
    0x0C, 0x30, 0x0C, 0x30, 0x0C, 0x18, 0x18, 0x18, 0x18, 0x18, 0x18, 0x0C, 0x30, 0x0C, 0x30, 0x06,
    0x60, 0x06, 0x60, 0x03, 0xC0, 0x03, 0xC0, 0x01, 0x80, 0x1F, 0xF8, 0x1F, 0xF8, 0x01, 0x80, 0x01,
    0x80, 0x01, 0x80, 0x01, 0x80, 0x00, 0x00, 0x00, 0x00, 0x00, 0x00, 0x00, 0x00, 0x00, 0x00, 0x00,
    0x00, 0x00, 0x00, 0x30, 0x0C, 0x30, 0x0C, 0x18, 0x18, 0x18, 0x18, 0x0C, 0x30, 0x0C, 0x30, 0x06,
    0x60, 0x06, 0x60, 0x03, 0xC0, 0x03, 0xC0, 0x03, 0xC0, 0x03, 0xC0, 0x06, 0x60, 0x06, 0x60, 0x0C,
    0x30, 0x0C, 0x30, 0x18, 0x18, 0x18, 0x18, 0x30, 0x0E, 0x30, 0x0F, 0x00, 0x03, 0x00, 0x03, 0x00,
    0x03, 0x00, 0x03, 0x00, 0x03, 0x00, 0x00, 0x00, 0x00, 0x00, 0x00, 0x00, 0x00, 0x00, 0x00, 0x00,
    0x00, 0x00, 0x00, 0x00, 0x00, 0x00, 0x00, 0x00, 0x00, 0x00, 0x00, 0x00, 0x00, 0x00, 0x00, 0x30,
    0x0C, 0x30, 0x0C, 0x38, 0x1C, 0x1C, 0x38, 0x0E, 0x70, 0x07, 0xE0, 0x03, 0xC0, 0x03, 0xC0, 0x07,
    0xE0, 0x0E, 0x70, 0x1C, 0x38, 0x38, 0x1C, 0x30, 0x0E, 0x30, 0x0F, 0x00, 0x03, 0x00, 0x03, 0x00,
    0x03, 0x00, 0x03, 0x00, 0x03, 0x00, 0x00, 0xFF, 0xFC, 0x63, 0xFF, 0xF1, 0xCF, 0xFF, 0xC7, 0x01,
    0xC0, 0x1C, 0x07, 0x00, 0x70, 0x1C, 0x01, 0xC0, 0x70, 0x07, 0x01, 0xC0, 0x1C, 0x07, 0x00, 0x70,
    0x1C, 0x01, 0xC0, 0x70, 0x07, 0x01, 0xC0, 0x1C, 0x07, 0x00, 0x70, 0x1C, 0x01, 0xC0, 0x70, 0x07,
    0x01, 0xC0, 0x1C, 0x07, 0x00, 0x70, 0x1F, 0xFF, 0xF0, 0x7F, 0xFF, 0xC0, 0x00, 0x07, 0x00, 0x00,
    0x1C, 0x00, 0x00, 0x70, 0x00, 0x01, 0xC0, 0xFF, 0x8E, 0x7F, 0xC7, 0x3F, 0xE3, 0x83, 0x81, 0xC1,
    0xC0, 0xE0, 0xE0, 0x70, 0x70, 0x38, 0x38, 0x1C, 0x1C, 0x0E, 0x0E, 0x07, 0x07, 0x03, 0x83, 0x81,
    0xC1, 0xFF, 0xF0, 0xFF, 0xF8, 0x00, 0x1C, 0x00, 0x0E, 0x00, 0x07, 0x00, 0x03, 0x80, 0x00, 0x00,
    0x00, 0x00, 0x00, 0x00, 0x00, 0x00, 0x00, 0x00, 0x00, 0x00, 0x30, 0x0C, 0x30, 0x0C, 0x30, 0x0C,
    0x30, 0x0C, 0x30, 0x0C, 0x30, 0x0C, 0x30, 0x0C, 0x30, 0x0C, 0x30, 0x0C, 0x38, 0x0C, 0x1F, 0xFC,
    0x0F, 0xFC, 0x00, 0x0C, 0x00, 0x0C, 0x00, 0x0C, 0x00, 0x0C, 0x00, 0x0C, 0x00, 0x0C, 0x00, 0x0E,
    0x00, 0x0F, 0x00, 0x03, 0x00, 0x03, 0x00, 0x03, 0x00, 0x03, 0x00, 0x03, 0x00, 0x00, 0x00, 0x00,
    0x00, 0x00, 0x00, 0x00, 0x00, 0x00, 0x00, 0x00, 0x00, 0x00, 0x00, 0x00, 0x00, 0x00, 0x00, 0x00,
    0x00, 0x00, 0x00, 0x00, 0x00, 0x00, 0x30, 0x0C, 0x30, 0x0C, 0x30, 0x0C, 0x30, 0x0C, 0x30, 0x0C,
    0x38, 0x0C, 0x1F, 0xFC, 0x0F, 0xFC, 0x00, 0x0C, 0x00, 0x0C, 0x00, 0x0C, 0x00, 0x0C, 0x00, 0x0E,
    0x00, 0x0F, 0x00, 0x03, 0x00, 0x03, 0x00, 0x03, 0x00, 0x03, 0x00, 0x03, 0x00, 0x00, 0x00, 0x00,
    0x00, 0x00, 0x00, 0x00, 0x00, 0x00, 0x00, 0x00, 0x00, 0x00, 0x30, 0x0C, 0x30, 0x0C, 0x30, 0x0C,
    0x30, 0x0C, 0x30, 0x0C, 0x30, 0x0C, 0x31, 0x8C, 0x31, 0x8C, 0x31, 0x8C, 0x39, 0x8C, 0x1F, 0xFC,
    0x0F, 0xFC, 0x01, 0x8C, 0x01, 0x8C, 0x01, 0x8C, 0x01, 0x8C, 0x00, 0x0C, 0x00, 0x0C, 0x00, 0x0C,
    0x00, 0x0C, 0x00, 0x00, 0x00, 0x00, 0x00, 0x00, 0x00, 0x00, 0x00, 0x00, 0x00, 0x00, 0x00, 0x00,
    0x00, 0x00, 0x00, 0x00, 0x00, 0x00, 0x00, 0x00, 0x00, 0x00, 0x00, 0x00, 0x00, 0x00, 0x00, 0x00,
    0x00, 0x00, 0x00, 0x00, 0x00, 0x00, 0x30, 0x0C, 0x30, 0x0C, 0x30, 0x0C, 0x31, 0x8C, 0x31, 0x8C,
    0x39, 0x8C, 0x1F, 0xFC, 0x0F, 0xFC, 0x01, 0x8C, 0x01, 0x8C, 0x01, 0x8C, 0x00, 0x0C, 0x00, 0x0C,
    0x00, 0x0C, 0x00, 0x00, 0x00, 0x00, 0x00, 0x00, 0x00, 0x00, 0x00, 0x00, 0x00, 0x00, 0x00, 0x00,
    0x00, 0x00, 0x00, 0x00, 0x00, 0x00, 0x00, 0x00, 0x00, 0x00, 0x30, 0x00, 0x30, 0x00, 0x30, 0x00,
    0x30, 0x00, 0x30, 0x00, 0x30, 0x00, 0x30, 0x00, 0x30, 0x00, 0x3F, 0xF0, 0x3F, 0xF8, 0x30, 0x1C,
    0x30, 0x0C, 0x30, 0x0C, 0x30, 0x0C, 0x30, 0x0C, 0x30, 0x0C, 0x30, 0x0C, 0x30, 0x0C, 0x30, 0x0C,
    0x30, 0x0C, 0x00, 0x00, 0x00, 0x00, 0x00, 0x00, 0x00, 0x00, 0x00, 0x00, 0x00, 0x00, 0x00, 0x00,
    0x00, 0x00, 0x00, 0x00, 0x00, 0x00, 0x00, 0x00, 0x00, 0x00, 0x00, 0x00, 0x00, 0x00, 0x00, 0x00,
    0x00, 0x00, 0x00, 0x00, 0x00, 0x00, 0x30, 0x00, 0x30, 0x00, 0x30, 0x00, 0x30, 0x00, 0x30, 0x00,
    0x3F, 0xF0, 0x3F, 0xF8, 0x30, 0x1C, 0x30, 0x0C, 0x30, 0x0C, 0x30, 0x0C, 0x30, 0x0C, 0x30, 0x0C,
    0x30, 0x0C, 0x00, 0x00, 0x00, 0x00, 0x00, 0x00, 0x00, 0x00, 0x00, 0x00, 0x00, 0x00, 0x00, 0x3C,
    0x00, 0x1F, 0xF0, 0x03, 0xFF, 0xC0, 0x7C, 0x3C, 0x07, 0x01, 0xE0, 0xE0, 0x0E, 0xEE, 0x00, 0xFE,
    0xE0, 0x07, 0xFE, 0x00, 0x7F, 0xFF, 0xFF, 0x7F, 0xFF, 0xF1, 0xE0, 0x00, 0x0E, 0x00, 0x00, 0xE0,
    0x07, 0x0F, 0x00, 0xE0, 0x70, 0x1E, 0x07, 0xC3, 0xC0, 0x3F, 0xF8, 0x00, 0xFF, 0x00, 0x03, 0x80,
    0x00, 0xF8, 0x01, 0xFF, 0x00, 0xFF, 0xD8, 0xE0, 0xEE, 0x70, 0x3F, 0x70, 0x1D, 0xFF, 0xFE, 0x7F,
    0xFF, 0x0E, 0x00, 0x07, 0x00, 0x01, 0xC0, 0xC0, 0xF0, 0xE0, 0x3F, 0xF0, 0x0F, 0xF0, 0x01, 0xC0,
    0x00, 0x3C, 0x00, 0x1F, 0xF0, 0x03, 0xFF, 0xC0, 0x7C, 0x3C, 0x07, 0x01, 0xE0, 0xE0, 0x0E, 0xEE,
    0x00, 0xFE, 0xE0, 0x07, 0xFE, 0x00, 0x7F, 0xFF, 0xFF, 0x7F, 0xFF, 0xF1, 0xE0, 0x00, 0x0E, 0x00,
    0x00, 0xE0, 0x07, 0x0F, 0x00, 0xE0, 0x70, 0x1E, 0x07, 0xC3, 0xC0, 0x3F, 0xF8, 0x00, 0xFF, 0x00,
    0x03, 0x80, 0x00, 0x38, 0x00, 0x03, 0x80, 0x00, 0x38, 0x00, 0x00, 0xF8, 0x01, 0xFF, 0x00, 0xFF,
    0xD8, 0xE0, 0xEE, 0x70, 0x3F, 0x70, 0x1D, 0xFF, 0xFE, 0x7F, 0xFF, 0x0E, 0x00, 0x07, 0x00, 0x01,
    0xC0, 0xC0, 0xF0, 0xE0, 0x3F, 0xF0, 0x0F, 0xF0, 0x01, 0xC0, 0x00, 0xF0, 0x00, 0x3C, 0x00, 0x3E,
    0x00, 0x1E, 0x00, 0x00, 0x00, 0x00, 0x00, 0x00, 0x00, 0x00, 0x00, 0x00, 0x00, 0x00, 0x00, 0x00,
    0x00, 0x07, 0xE0, 0x07, 0xE0, 0x01, 0x80, 0x01, 0x80, 0x01, 0x80, 0x01, 0x80, 0x01, 0x80, 0x01,
    0x80, 0x01, 0x80, 0x01, 0x80, 0x01, 0x80, 0x01, 0x80, 0x01, 0x80, 0x01, 0x80, 0x01, 0x80, 0x01,
    0x80, 0x01, 0x80, 0x01, 0x80, 0x07, 0xE0, 0x07, 0xE0, 0x00, 0x00, 0x00, 0x00, 0x00, 0x00, 0x00,
    0x00, 0x00, 0x00, 0x00, 0x00, 0x00, 0x00, 0x0C, 0x30, 0x0C, 0x30, 0x07, 0xE0, 0x03, 0xC0, 0x00,
    0x00, 0x31, 0x8C, 0x31, 0x8C, 0x31, 0x8C, 0x31, 0x8C, 0x31, 0x8C, 0x31, 0x8C, 0x39, 0x9C, 0x1D,
    0xB8, 0x0F, 0xF0, 0x07, 0xE0, 0x0F, 0xF0, 0x1D, 0xB8, 0x39, 0x9C, 0x31, 0x8C, 0x31, 0x8C, 0x31,
    0x8C, 0x31, 0x8C, 0x31, 0x8C, 0x31, 0x8C, 0x31, 0x8C, 0x00, 0x00, 0x00, 0x00, 0x00, 0x00, 0x00,
    0x00, 0x00, 0x00, 0x00, 0x00, 0x00, 0x00, 0x00, 0x00, 0x00, 0x00, 0x00, 0x00, 0x00, 0x00, 0x00,
    0x00, 0x0C, 0x30, 0x0C, 0x30, 0x07, 0xE0, 0x03, 0xC0, 0x00, 0x00, 0x00, 0x00, 0x31, 0x8C, 0x31,
    0x8C, 0x31, 0x8C, 0x39, 0x9C, 0x1D, 0xB8, 0x0F, 0xF0, 0x07, 0xE0, 0x0F, 0xF0, 0x1D, 0xB8, 0x39,
    0x9C, 0x31, 0x8C, 0x31, 0x8C, 0x31, 0x8C, 0x31, 0x8C, 0x00, 0x00, 0x00, 0x00, 0x00, 0x00, 0x00,
    0x00, 0x00, 0x00, 0x00, 0x00, 0xC0, 0x1B, 0x80, 0xEE, 0x07, 0xB8, 0x3C, 0xE1, 0xE3, 0x87, 0x0E,
    0x38, 0x39, 0xE0, 0xFF, 0x03, 0xFF, 0x0F, 0xFF, 0x38, 0x3C, 0xE0, 0x3B, 0x80, 0xEE, 0x01, 0xF8,
    0x07, 0xE0, 0x1F, 0x80, 0xFE, 0x03, 0x80, 0x1E, 0x01, 0xF0, 0x07, 0xC0, 0x1C, 0x00, 0x60, 0x77,
    0x07, 0xB8, 0x79, 0xC7, 0x8E, 0x78, 0x73, 0x83, 0xFE, 0x1F, 0xFC, 0xFF, 0xF7, 0x03, 0xB8, 0x1D,
    0xC0, 0x7E, 0x03, 0xF0, 0x38, 0x03, 0xC0, 0x3C, 0x01, 0xC0, 0x00, 0x00, 0x0F, 0xFE, 0x03, 0xFF,
    0xC0, 0xFF, 0xF0, 0x38, 0x1C, 0x1C, 0x07, 0x07, 0x01, 0xC1, 0xC0, 0x70, 0x70, 0x1C, 0x1C, 0x07,
    0x07, 0x01, 0xC1, 0xC0, 0x70, 0x70, 0x1C, 0x1C, 0x07, 0x07, 0x01, 0xC1, 0xC0, 0x70, 0xE0, 0x1C,
    0x78, 0x07, 0x3E, 0x01, 0xFF, 0x00, 0x7C, 0x00, 0x0E, 0x00, 0x03, 0x80, 0x00, 0xE0, 0x00, 0x30,
    0x1F, 0xF8, 0x3F, 0xF0, 0x7F, 0xE0, 0xE1, 0xC1, 0xC3, 0x83, 0x87, 0x07, 0x0E, 0x0C, 0x1C, 0x38,
    0x38, 0x70, 0x70, 0xE0, 0xE3, 0xC1, 0xCF, 0x03, 0xFE, 0x07, 0xC0, 0x03, 0x00, 0x0E, 0x00, 0x1C,
    0x00, 0x38, 0xC0, 0x0D, 0xC0, 0x1F, 0x80, 0x3F, 0x00, 0x7E, 0x00, 0xFC, 0x01, 0xF8, 0x03, 0xF0,
    0x07, 0xFF, 0xFF, 0xFF, 0xFF, 0xFF, 0xFF, 0x00, 0x7E, 0x00, 0xFC, 0x01, 0xF8, 0x03, 0xF0, 0x07,
    0xE0, 0x0F, 0xC0, 0x1F, 0x80, 0x38, 0x00, 0x70, 0x00, 0xE0, 0x03, 0xC0, 0x1F, 0x00, 0x3E, 0x00,
    0x30, 0x60, 0x7E, 0x07, 0xE0, 0x7E, 0x07, 0xE0, 0x7E, 0x07, 0xFF, 0xFF, 0xFF, 0xE0, 0x7E, 0x07,
    0xE0, 0x7E, 0x07, 0xE0, 0x7E, 0x07, 0x00, 0x70, 0x07, 0x00, 0x70, 0x1F, 0x03, 0xE0, 0x18, 0xC0,
    0x0C, 0x70, 0x07, 0x38, 0x03, 0x9C, 0x01, 0xCE, 0x00, 0xE7, 0x00, 0x73, 0x80, 0x39, 0xC0, 0x1C,
    0xFF, 0xFE, 0x7F, 0xFF, 0x3F, 0xFF, 0x9C, 0x01, 0xCE, 0x00, 0xE7, 0x00, 0x73, 0x80, 0x39, 0xC0,
    0x1C, 0xE0, 0x0E, 0x70, 0x07, 0xF8, 0x03, 0xE0, 0x00, 0xE0, 0x00, 0x70, 0x00, 0x38, 0x00, 0x38,
    0x60, 0x71, 0xC0, 0xE3, 0x81, 0xC7, 0x03, 0x8E, 0x07, 0x1C, 0x0E, 0x3F, 0xFC, 0x7F, 0xF8, 0xE0,
    0x71, 0xC0, 0xE3, 0x81, 0xC7, 0x03, 0x8E, 0x07, 0xDC, 0x0F, 0x80, 0x07, 0x00, 0x1C, 0x00, 0x38,
    0x00, 0x70, 0x60, 0x0C, 0xF0, 0x0E, 0xF0, 0x0E, 0xF0, 0x0E, 0xF0, 0x0E, 0xF0, 0x0E, 0xF0, 0x0E,
    0x70, 0x0E, 0x70, 0x1E, 0x78, 0x7E, 0x3F, 0xFE, 0x1F, 0xFE, 0x03, 0x0E, 0x00, 0x0E, 0x00, 0x0E,
    0x00, 0x0E, 0x00, 0x0E, 0x00, 0x0F, 0x00, 0x0F, 0x00, 0x07, 0x00, 0x07, 0x00, 0x07, 0x00, 0x07,
    0x60, 0x73, 0x81, 0xCE, 0x07, 0x38, 0x1C, 0xE0, 0x71, 0x81, 0xC7, 0x07, 0x1F, 0xFC, 0x3F, 0xF0,
    0x7F, 0xC0, 0x07, 0x00, 0x1C, 0x00, 0x7C, 0x01, 0xF0, 0x01, 0xC0, 0x07, 0x00, 0x1C, 0x00, 0x70,
    0xE0, 0x01, 0xC7, 0x80, 0x1F, 0x3C, 0x00, 0xF9, 0xF0, 0x07, 0xCF, 0x80, 0x7E, 0x7E, 0x03, 0xF3,
    0xF0, 0x3B, 0x9F, 0x81, 0xDC, 0xEE, 0x0E, 0xE7, 0x70, 0xE7, 0x3B, 0xC7, 0x39, 0xCE, 0x71, 0xCE,
    0x73, 0x8E, 0x71, 0xDC, 0x73, 0x8F, 0xC3, 0x9C, 0x7E, 0x1C, 0xE1, 0xF0, 0xE7, 0x0F, 0x07, 0xF8,
    0x38, 0x3C, 0x00, 0x00, 0xE0, 0x00, 0x07, 0x00, 0x00, 0x38, 0x00, 0x03, 0x80, 0x70, 0x07, 0x1F,
    0x01, 0xF3, 0xE0, 0x3E, 0x7E, 0x0F, 0xCF, 0xC1, 0xF9, 0xDC, 0x77, 0x3B, 0x8E, 0xE7, 0x71, 0xDC,
    0xE7, 0x73, 0x9C, 0xEE, 0x73, 0x8F, 0x8E, 0x71, 0xF1, 0xCE, 0x1C, 0x3F, 0xC3, 0x87, 0x80, 0x00,
    0x70, 0x00, 0x0E, 0x00, 0x01, 0xC0, 0x00, 0x70, 0x00, 0x00, 0x00, 0x00, 0x00, 0x00, 0x00, 0x00,
    0x00, 0x00, 0x00, 0x00, 0x07, 0x80, 0x07, 0x80, 0x01, 0x80, 0x01, 0x80, 0x01, 0x80, 0x01, 0x80,
    0x01, 0x80, 0x01, 0x80, 0x01, 0x80, 0x01, 0x80, 0x01, 0x80, 0x01, 0x80, 0x01, 0x80, 0x01, 0x80,
    0x01, 0x80, 0x01, 0x80, 0x01, 0x80, 0x01, 0x80, 0x07, 0xE0, 0x07, 0xE0, 0x00, 0x00, 0x00, 0x00,
    0x00, 0x00, 0x00, 0x00, 0x00, 0x00, 0x00, 0x00, 0x00, 0x00, 0x0C, 0x30, 0x0C, 0x30, 0x07, 0xE0,
    0x03, 0xC0, 0x00, 0x00, 0x0F, 0xF0, 0x1F, 0xF8, 0x38, 0x1C, 0x30, 0x0C, 0x30, 0x0C, 0x30, 0x0C,
    0x30, 0x0C, 0x30, 0x0C, 0x30, 0x0C, 0x30, 0x0C, 0x3F, 0xFC, 0x3F, 0xFC, 0x30, 0x0C, 0x30, 0x0C,
    0x30, 0x0C, 0x30, 0x0C, 0x30, 0x0C, 0x30, 0x0C, 0x30, 0x0C, 0x30, 0x0C, 0x00, 0x00, 0x00, 0x00,
    0x00, 0x00, 0x00, 0x00, 0x00, 0x00, 0x00, 0x00, 0x00, 0x00, 0x00, 0x00, 0x00, 0x00, 0x00, 0x00,
    0x00, 0x00, 0x00, 0x00, 0x0C, 0x30, 0x0C, 0x30, 0x07, 0xE0, 0x03, 0xC0, 0x00, 0x00, 0x00, 0x00,
    0x1F, 0xF0, 0x1F, 0xF8, 0x00, 0x1C, 0x00, 0x0C, 0x00, 0x0C, 0x0F, 0xFC, 0x1F, 0xFC, 0x38, 0x0C,
    0x30, 0x0C, 0x30, 0x0C, 0x30, 0x0C, 0x38, 0x0C, 0x1F, 0xFC, 0x0F, 0xFC, 0x00, 0x00, 0x00, 0x00,
    0x00, 0x00, 0x00, 0x00, 0x00, 0x00, 0x00, 0x00, 0x00, 0x00, 0x0C, 0x30, 0x0C, 0x30, 0x0C, 0x30,
    0x0C, 0x30, 0x00, 0x00, 0x0F, 0xF0, 0x1F, 0xF8, 0x38, 0x1C, 0x30, 0x0C, 0x30, 0x0C, 0x30, 0x0C,
    0x30, 0x0C, 0x30, 0x0C, 0x30, 0x0C, 0x30, 0x0C, 0x3F, 0xFC, 0x3F, 0xFC, 0x30, 0x0C, 0x30, 0x0C,
    0x30, 0x0C, 0x30, 0x0C, 0x30, 0x0C, 0x30, 0x0C, 0x30, 0x0C, 0x30, 0x0C, 0x00, 0x00, 0x00, 0x00,
    0x00, 0x00, 0x00, 0x00, 0x00, 0x00, 0x00, 0x00, 0x00, 0x00, 0x00, 0x00, 0x00, 0x00, 0x00, 0x00,
    0x00, 0x00, 0x00, 0x00, 0x0C, 0x30, 0x0C, 0x30, 0x0C, 0x30, 0x0C, 0x30, 0x00, 0x00, 0x00, 0x00,
    0x1F, 0xF0, 0x1F, 0xF8, 0x00, 0x1C, 0x00, 0x0C, 0x00, 0x0C, 0x0F, 0xFC, 0x1F, 0xFC, 0x38, 0x0C,
    0x30, 0x0C, 0x30, 0x0C, 0x30, 0x0C, 0x38, 0x0C, 0x1F, 0xFC, 0x0F, 0xFC, 0x00, 0x00, 0x00, 0x00,
    0x00, 0x00, 0x00, 0x00, 0x00, 0x00, 0x00, 0x00, 0x00, 0x00, 0x00, 0x00, 0x00, 0x00, 0x00, 0x00,
    0x00, 0x00, 0x00, 0x00, 0x1F, 0xFF, 0x3F, 0xFF, 0x70, 0xC0, 0x60, 0xC0, 0x60, 0xC0, 0x60, 0xC0,
    0x60, 0xC0, 0x60, 0xC0, 0x60, 0xC0, 0x7F, 0xFE, 0x7F, 0xFE, 0x60, 0xC0, 0x60, 0xC0, 0x60, 0xC0,
    0x60, 0xC0, 0x60, 0xC0, 0x60, 0xC0, 0x60, 0xC0, 0x60, 0xFF, 0x60, 0xFF, 0x00, 0x00, 0x00, 0x00,
    0x00, 0x00, 0x00, 0x00, 0x00, 0x00, 0x00, 0x00, 0x00, 0x00, 0x00, 0x00, 0x00, 0x00, 0x00, 0x00,
    0x00, 0x00, 0x00, 0x00, 0x00, 0x00, 0x00, 0x00, 0x00, 0x00, 0x00, 0x00, 0x00, 0x00, 0x00, 0x00,
    0x3E, 0xF8, 0x3F, 0xFC, 0x01, 0x8E, 0x01, 0x86, 0x01, 0x86, 0x1F, 0x86, 0x3F, 0xFE, 0x71, 0xFE,
    0x61, 0x80, 0x61, 0x80, 0x61, 0x80, 0x71, 0xC6, 0x3F, 0xFE, 0x1F, 0x7C, 0x00, 0x00, 0x00, 0x00,
    0x00, 0x00, 0x00, 0x00, 0x00, 0x00, 0x00, 0x00, 0x00, 0x00, 0x0C, 0x30, 0x0C, 0x30, 0x07, 0xE0,
    0x03, 0xC0, 0x00, 0x00, 0x3F, 0xFC, 0x3F, 0xFC, 0x30, 0x00, 0x30, 0x00, 0x30, 0x00, 0x30, 0x00,
    0x30, 0x00, 0x30, 0x00, 0x30, 0x00, 0x3F, 0xE0, 0x3F, 0xE0, 0x30, 0x00, 0x30, 0x00, 0x30, 0x00,
    0x30, 0x00, 0x30, 0x00, 0x30, 0x00, 0x30, 0x00, 0x3F, 0xFC, 0x3F, 0xFC, 0x00, 0x00, 0x00, 0x00,
    0x00, 0x00, 0x00, 0x00, 0x00, 0x00, 0x00, 0x00, 0x00, 0x00, 0x00, 0x00, 0x00, 0x00, 0x00, 0x00,
    0x00, 0x00, 0x00, 0x00, 0x0C, 0x30, 0x0C, 0x30, 0x07, 0xE0, 0x03, 0xC0, 0x00, 0x00, 0x00, 0x00,
    0x0F, 0xF0, 0x1F, 0xF8, 0x38, 0x1C, 0x30, 0x0C, 0x30, 0x0C, 0x30, 0x0C, 0x3F, 0xFC, 0x3F, 0xFC,
    0x30, 0x00, 0x30, 0x00, 0x30, 0x00, 0x38, 0x0C, 0x1F, 0xFC, 0x0F, 0xF8, 0x00, 0x00, 0x00, 0x00,
    0x00, 0x00, 0x00, 0x00, 0x00, 0x00, 0x00, 0x00, 0x00, 0x00, 0x00, 0x00, 0x00, 0x00, 0x00, 0x00,
    0x00, 0x00, 0x00, 0x00, 0x0F, 0xF0, 0x1F, 0xF8, 0x38, 0x1C, 0x30, 0x0C, 0x30, 0x0C, 0x00, 0x0C,
    0x00, 0x0C, 0x00, 0x0C, 0x00, 0x0C, 0x3F, 0xFC, 0x3F, 0xFC, 0x30, 0x0C, 0x30, 0x0C, 0x30, 0x0C,
    0x30, 0x0C, 0x30, 0x0C, 0x30, 0x0C, 0x38, 0x1C, 0x1F, 0xF8, 0x0F, 0xF0, 0x00, 0x00, 0x00, 0x00,
    0x00, 0x00, 0x00, 0x00, 0x00, 0x00, 0x00, 0x00, 0x00, 0x00, 0x00, 0x00, 0x00, 0x00, 0x00, 0x00,
    0x00, 0x00, 0x00, 0x00, 0x00, 0x00, 0x00, 0x00, 0x00, 0x00, 0x00, 0x00, 0x00, 0x00, 0x00, 0x00,
    0x1F, 0xF0, 0x3F, 0xF8, 0x30, 0x1C, 0x00, 0x0C, 0x00, 0x0C, 0x00, 0x0C, 0x3F, 0xFC, 0x3F, 0xFC,
    0x30, 0x0C, 0x30, 0x0C, 0x30, 0x0C, 0x38, 0x1C, 0x1F, 0xF8, 0x0F, 0xF0, 0x00, 0x00, 0x00, 0x00,
    0x00, 0x00, 0x00, 0x00, 0x00, 0x00, 0x00, 0x00, 0x00, 0x00, 0x0C, 0x30, 0x0C, 0x30, 0x0C, 0x30,
    0x0C, 0x30, 0x00, 0x00, 0x0F, 0xF0, 0x1F, 0xF8, 0x38, 0x1C, 0x30, 0x0C, 0x30, 0x0C, 0x00, 0x0C,
    0x00, 0x0C, 0x00, 0x0C, 0x00, 0x0C, 0x3F, 0xFC, 0x3F, 0xFC, 0x30, 0x0C, 0x30, 0x0C, 0x30, 0x0C,
    0x30, 0x0C, 0x30, 0x0C, 0x30, 0x0C, 0x38, 0x1C, 0x1F, 0xF8, 0x0F, 0xF0, 0x00, 0x00, 0x00, 0x00,
    0x00, 0x00, 0x00, 0x00, 0x00, 0x00, 0x00, 0x00, 0x00, 0x00, 0x00, 0x00, 0x00, 0x00, 0x00, 0x00,
    0x00, 0x00, 0x00, 0x00, 0x0C, 0x30, 0x0C, 0x30, 0x0C, 0x30, 0x0C, 0x30, 0x00, 0x00, 0x00, 0x00,
    0x1F, 0xF0, 0x3F, 0xF8, 0x30, 0x1C, 0x00, 0x0C, 0x00, 0x0C, 0x00, 0x0C, 0x3F, 0xFC, 0x3F, 0xFC,
    0x30, 0x0C, 0x30, 0x0C, 0x30, 0x0C, 0x38, 0x1C, 0x1F, 0xF8, 0x0F, 0xF0, 0x00, 0x00, 0x00, 0x00,
    0x00, 0x00, 0x00, 0x00, 0x00, 0x00, 0x00, 0x00, 0x00, 0x00, 0x0C, 0x30, 0x0C, 0x30, 0x0C, 0x30,
    0x0C, 0x30, 0x00, 0x00, 0x31, 0x8C, 0x31, 0x8C, 0x31, 0x8C, 0x31, 0x8C, 0x31, 0x8C, 0x31, 0x8C,
    0x39, 0x9C, 0x1D, 0xB8, 0x0F, 0xF0, 0x07, 0xE0, 0x0F, 0xF0, 0x1D, 0xB8, 0x39, 0x9C, 0x31, 0x8C,
    0x31, 0x8C, 0x31, 0x8C, 0x31, 0x8C, 0x31, 0x8C, 0x31, 0x8C, 0x31, 0x8C, 0x00, 0x00, 0x00, 0x00,
    0x00, 0x00, 0x00, 0x00, 0x00, 0x00, 0x00, 0x00, 0x00, 0x00, 0x00, 0x00, 0x00, 0x00, 0x00, 0x00,
    0x00, 0x00, 0x00, 0x00, 0x0C, 0x30, 0x0C, 0x30, 0x0C, 0x30, 0x0C, 0x30, 0x00, 0x00, 0x00, 0x00,
    0x31, 0x8C, 0x31, 0x8C, 0x31, 0x8C, 0x39, 0x9C, 0x1D, 0xB8, 0x0F, 0xF0, 0x07, 0xE0, 0x0F, 0xF0,
    0x1D, 0xB8, 0x39, 0x9C, 0x31, 0x8C, 0x31, 0x8C, 0x31, 0x8C, 0x31, 0x8C, 0x00, 0x00, 0x00, 0x00,
    0x00, 0x00, 0x00, 0x00, 0x00, 0x00, 0x00, 0x00, 0x00, 0x00, 0x0C, 0x30, 0x0C, 0x30, 0x0C, 0x30,
    0x0C, 0x30, 0x00, 0x00, 0x0F, 0xF0, 0x1F, 0xF8, 0x38, 0x1C, 0x30, 0x0C, 0x30, 0x0C, 0x00, 0x0C,
    0x00, 0x0C, 0x00, 0x0C, 0x00, 0x1C, 0x07, 0xF8, 0x07, 0xF8, 0x00, 0x1C, 0x00, 0x0C, 0x00, 0x0C,
    0x00, 0x0C, 0x30, 0x0C, 0x30, 0x0C, 0x38, 0x1C, 0x1F, 0xF8, 0x0F, 0xF0, 0x00, 0x00, 0x00, 0x00,
    0x00, 0x00, 0x00, 0x00, 0x00, 0x00, 0x00, 0x00, 0x00, 0x00, 0x00, 0x00, 0x00, 0x00, 0x00, 0x00,
    0x00, 0x00, 0x00, 0x00, 0x0C, 0x30, 0x0C, 0x30, 0x0C, 0x30, 0x0C, 0x30, 0x00, 0x00, 0x00, 0x00,
    0x0F, 0xF0, 0x1F, 0xF8, 0x38, 0x1C, 0x30, 0x0C, 0x00, 0x0C, 0x00, 0x1C, 0x03, 0xF8, 0x03, 0xF8,
    0x00, 0x1C, 0x00, 0x0C, 0x30, 0x0C, 0x38, 0x1C, 0x1F, 0xF8, 0x0F, 0xF0, 0x00, 0x00, 0x00, 0x00,
    0x00, 0x00, 0x00, 0x00, 0x00, 0x00, 0x00, 0x00, 0x3F, 0xF3, 0xFF, 0xDF, 0xFE, 0x01, 0xE0, 0x1E,
    0x01, 0xE0, 0x0E, 0x00, 0xE0, 0x0F, 0x80, 0x7F, 0x00, 0x7C, 0x00, 0xF0, 0x03, 0x80, 0x1F, 0x80,
    0xFE, 0x07, 0x78, 0x7B, 0xFF, 0x87, 0xF8, 0x0E, 0x00, 0x3F, 0xF3, 0xFF, 0xDF, 0xFE, 0x01, 0xE0,
    0x1E, 0x01, 0xE0, 0x0E, 0x00, 0xE0, 0x0F, 0x80, 0x7F, 0x00, 0x7C, 0x00, 0xF0, 0x03, 0x80, 0x1F,
    0x80, 0xFE, 0x07, 0x78, 0x7B, 0xFF, 0x87, 0xF8, 0x0E, 0x00, 0x00, 0x00, 0x00, 0x00, 0x0F, 0xF0,
    0x0F, 0xF0, 0x00, 0x00, 0x00, 0x00, 0x30, 0x0C, 0x30, 0x0C, 0x30, 0x0C, 0x30, 0x0C, 0x30, 0x0C,
    0x30, 0x1C, 0x30, 0x3C, 0x30, 0x7C, 0x30, 0xEC, 0x31, 0xCC, 0x33, 0x8C, 0x37, 0x0C, 0x3E, 0x0C,
    0x3C, 0x0C, 0x38, 0x0C, 0x30, 0x0C, 0x30, 0x0C, 0x30, 0x0C, 0x30, 0x0C, 0x30, 0x0C, 0x00, 0x00,
    0x00, 0x00, 0x00, 0x00, 0x00, 0x00, 0x00, 0x00, 0x00, 0x00, 0x00, 0x00, 0x00, 0x00, 0x00, 0x00,
    0x00, 0x00, 0x00, 0x00, 0x00, 0x00, 0x00, 0x00, 0x00, 0x00, 0x0F, 0xF0, 0x0F, 0xF0, 0x00, 0x00,
    0x00, 0x00, 0x30, 0x0C, 0x30, 0x0C, 0x30, 0x0C, 0x30, 0x0C, 0x30, 0x0C, 0x30, 0x0C, 0x30, 0x0C,
    0x30, 0x0C, 0x30, 0x0C, 0x30, 0x0C, 0x30, 0x0C, 0x38, 0x0C, 0x1F, 0xFC, 0x0F, 0xFC, 0x00, 0x00,
    0x00, 0x00, 0x00, 0x00, 0x00, 0x00, 0x00, 0x00, 0x00, 0x00, 0x00, 0x00, 0x0C, 0x30, 0x0C, 0x30,
    0x0C, 0x30, 0x0C, 0x30, 0x00, 0x00, 0x30, 0x0C, 0x30, 0x0C, 0x30, 0x0C, 0x30, 0x0C, 0x30, 0x0C,
    0x30, 0x1C, 0x30, 0x3C, 0x30, 0x7C, 0x30, 0xEC, 0x31, 0xCC, 0x33, 0x8C, 0x37, 0x0C, 0x3E, 0x0C,
    0x3C, 0x0C, 0x38, 0x0C, 0x30, 0x0C, 0x30, 0x0C, 0x30, 0x0C, 0x30, 0x0C, 0x30, 0x0C, 0x00, 0x00,
    0x00, 0x00, 0x00, 0x00, 0x00, 0x00, 0x00, 0x00, 0x00, 0x00, 0x00, 0x00, 0x00, 0x00, 0x00, 0x00,
    0x00, 0x00, 0x00, 0x00, 0x00, 0x00, 0x0C, 0x30, 0x0C, 0x30, 0x0C, 0x30, 0x0C, 0x30, 0x00, 0x00,
    0x00, 0x00, 0x30, 0x0C, 0x30, 0x0C, 0x30, 0x0C, 0x30, 0x0C, 0x30, 0x0C, 0x30, 0x0C, 0x30, 0x0C,
    0x30, 0x0C, 0x30, 0x0C, 0x30, 0x0C, 0x30, 0x0C, 0x38, 0x0C, 0x1F, 0xFC, 0x0F, 0xFC, 0x00, 0x00,
    0x00, 0x00, 0x00, 0x00, 0x00, 0x00, 0x00, 0x00, 0x00, 0x00, 0x00, 0x00, 0x0C, 0x30, 0x0C, 0x30,
    0x0C, 0x30, 0x0C, 0x30, 0x00, 0x00, 0x0F, 0xF0, 0x1F, 0xF8, 0x38, 0x1C, 0x30, 0x0C, 0x30, 0x0C,
    0x30, 0x0C, 0x30, 0x0C, 0x30, 0x0C, 0x30, 0x0C, 0x30, 0x0C, 0x30, 0x0C, 0x30, 0x0C, 0x30, 0x0C,
    0x30, 0x0C, 0x30, 0x0C, 0x30, 0x0C, 0x30, 0x0C, 0x38, 0x1C, 0x1F, 0xF8, 0x0F, 0xF0, 0x00, 0x00,
    0x00, 0x00, 0x00, 0x00, 0x00, 0x00, 0x00, 0x00, 0x00, 0x00, 0x00, 0x00, 0x00, 0x00, 0x00, 0x00,
    0x00, 0x00, 0x00, 0x00, 0x00, 0x00, 0x0C, 0x30, 0x0C, 0x30, 0x0C, 0x30, 0x0C, 0x30, 0x00, 0x00,
    0x00, 0x00, 0x0F, 0xF0, 0x1F, 0xF8, 0x38, 0x1C, 0x30, 0x0C, 0x30, 0x0C, 0x30, 0x0C, 0x30, 0x0C,
    0x30, 0x0C, 0x30, 0x0C, 0x30, 0x0C, 0x30, 0x0C, 0x38, 0x1C, 0x1F, 0xF8, 0x0F, 0xF0, 0x00, 0x00,
    0x00, 0x00, 0x00, 0x00, 0x00, 0x00, 0x00, 0x00, 0x00, 0x00, 0x00, 0x00, 0x00, 0x00, 0x00, 0x00,
    0x00, 0x00, 0x00, 0x00, 0x00, 0x00, 0x0F, 0xF0, 0x1F, 0xF8, 0x38, 0x1C, 0x30, 0x0C, 0x30, 0x0C,
    0x30, 0x0C, 0x30, 0x0C, 0x30, 0x0C, 0x30, 0x0C, 0x3F, 0xFC, 0x3F, 0xFC, 0x30, 0x0C, 0x30, 0x0C,
    0x30, 0x0C, 0x30, 0x0C, 0x30, 0x0C, 0x30, 0x0C, 0x38, 0x1C, 0x1F, 0xF8, 0x0F, 0xF0, 0x00, 0x00,
    0x00, 0x00, 0x00, 0x00, 0x00, 0x00, 0x00, 0x00, 0x00, 0x00, 0x00, 0x00, 0x00, 0x00, 0x00, 0x00,
    0x00, 0x00, 0x00, 0x00, 0x00, 0x00, 0x00, 0x00, 0x00, 0x00, 0x00, 0x00, 0x00, 0x00, 0x00, 0x00,
    0x00, 0x00, 0x0F, 0xF0, 0x1F, 0xF8, 0x38, 0x1C, 0x30, 0x0C, 0x30, 0x0C, 0x30, 0x0C, 0x3F, 0xFC,
    0x3F, 0xFC, 0x30, 0x0C, 0x30, 0x0C, 0x30, 0x0C, 0x38, 0x1C, 0x1F, 0xF8, 0x0F, 0xF0, 0x00, 0x00,
    0x00, 0x00, 0x00, 0x00, 0x00, 0x00, 0x00, 0x00, 0x00, 0x00, 0x00, 0x00, 0x0C, 0x30, 0x0C, 0x30,
    0x0C, 0x30, 0x0C, 0x30, 0x00, 0x00, 0x0F, 0xF0, 0x1F, 0xF8, 0x38, 0x1C, 0x30, 0x0C, 0x30, 0x0C,
    0x30, 0x0C, 0x30, 0x0C, 0x30, 0x0C, 0x30, 0x0C, 0x3F, 0xFC, 0x3F, 0xFC, 0x30, 0x0C, 0x30, 0x0C,
    0x30, 0x0C, 0x30, 0x0C, 0x30, 0x0C, 0x30, 0x0C, 0x38, 0x1C, 0x1F, 0xF8, 0x0F, 0xF0, 0x00, 0x00,
    0x00, 0x00, 0x00, 0x00, 0x00, 0x00, 0x00, 0x00, 0x00, 0x00, 0x00, 0x00, 0x00, 0x00, 0x00, 0x00,
    0x00, 0x00, 0x00, 0x00, 0x00, 0x00, 0x0C, 0x30, 0x0C, 0x30, 0x0C, 0x30, 0x0C, 0x30, 0x00, 0x00,
    0x00, 0x00, 0x0F, 0xF0, 0x1F, 0xF8, 0x38, 0x1C, 0x30, 0x0C, 0x30, 0x0C, 0x30, 0x0C, 0x3F, 0xFC,
    0x3F, 0xFC, 0x30, 0x0C, 0x30, 0x0C, 0x30, 0x0C, 0x38, 0x1C, 0x1F, 0xF8, 0x0F, 0xF0, 0x00, 0x00,
    0x00, 0x00, 0x00, 0x00, 0x00, 0x00, 0x00, 0x00, 0x00, 0x00, 0x00, 0x00, 0x0C, 0x30, 0x0C, 0x30,
    0x0C, 0x30, 0x0C, 0x30, 0x00, 0x00, 0x0F, 0xF0, 0x1F, 0xF8, 0x38, 0x1C, 0x30, 0x0C, 0x30, 0x0C,
    0x00, 0x0C, 0x00, 0x0C, 0x00, 0x0C, 0x00, 0x0C, 0x07, 0xFC, 0x07, 0xFC, 0x00, 0x0C, 0x00, 0x0C,
    0x00, 0x0C, 0x00, 0x0C, 0x30, 0x0C, 0x30, 0x0C, 0x38, 0x1C, 0x1F, 0xF8, 0x0F, 0xF0, 0x00, 0x00,
    0x00, 0x00, 0x00, 0x00, 0x00, 0x00, 0x00, 0x00, 0x00, 0x00, 0x00, 0x00, 0x00, 0x00, 0x00, 0x00,
    0x00, 0x00, 0x00, 0x00, 0x00, 0x00, 0x0C, 0x30, 0x0C, 0x30, 0x0C, 0x30, 0x0C, 0x30, 0x00, 0x00,
    0x00, 0x00, 0x0F, 0xF0, 0x1F, 0xF8, 0x38, 0x1C, 0x30, 0x0C, 0x00, 0x0C, 0x00, 0x0C, 0x03, 0xFC,
    0x03, 0xFC, 0x00, 0x0C, 0x00, 0x0C, 0x30, 0x0C, 0x38, 0x1C, 0x1F, 0xF8, 0x0F, 0xF0, 0x00, 0x00,
    0x00, 0x00, 0x00, 0x00, 0x00, 0x00, 0x00, 0x00, 0x00, 0x00, 0x00, 0x00, 0x00, 0x00, 0x0F, 0xF0,
    0x0F, 0xF0, 0x00, 0x00, 0x00, 0x00, 0x30, 0x0C, 0x30, 0x0C, 0x30, 0x0C, 0x30, 0x0C, 0x30, 0x0C,
    0x30, 0x0C, 0x30, 0x0C, 0x30, 0x0C, 0x30, 0x0C, 0x38, 0x0C, 0x1F, 0xFC, 0x0F, 0xFC, 0x00, 0x0C,
    0x00, 0x0C, 0x00, 0x0C, 0x00, 0x0C, 0x00, 0x0C, 0x00, 0x1C, 0x1F, 0xF8, 0x1F, 0xF0, 0x00, 0x00,
    0x00, 0x00, 0x00, 0x00, 0x00, 0x00, 0x00, 0x00, 0x00, 0x00, 0x00, 0x00, 0x00, 0x00, 0x00, 0x00,
    0x00, 0x00, 0x00, 0x00, 0x00, 0x00, 0x00, 0x00, 0x00, 0x00, 0x0F, 0xF0, 0x0F, 0xF0, 0x00, 0x00,
    0x00, 0x00, 0x30, 0x0C, 0x30, 0x0C, 0x30, 0x0C, 0x30, 0x0C, 0x30, 0x0C, 0x30, 0x0C, 0x30, 0x0C,
    0x30, 0x0C, 0x30, 0x0C, 0x30, 0x0C, 0x30, 0x0C, 0x38, 0x0C, 0x1F, 0xFC, 0x0F, 0xFC, 0x00, 0x0C,
    0x00, 0x0C, 0x00, 0x1C, 0x1F, 0xF8, 0x1F, 0xF0, 0x00, 0x00, 0x00, 0x00, 0x0C, 0x30, 0x0C, 0x30,
    0x0C, 0x30, 0x0C, 0x30, 0x00, 0x00, 0x30, 0x0C, 0x30, 0x0C, 0x30, 0x0C, 0x30, 0x0C, 0x30, 0x0C,
    0x30, 0x0C, 0x30, 0x0C, 0x30, 0x0C, 0x30, 0x0C, 0x38, 0x0C, 0x1F, 0xFC, 0x0F, 0xFC, 0x00, 0x0C,
    0x00, 0x0C, 0x00, 0x0C, 0x00, 0x0C, 0x00, 0x0C, 0x00, 0x1C, 0x1F, 0xF8, 0x1F, 0xF0, 0x00, 0x00,
    0x00, 0x00, 0x00, 0x00, 0x00, 0x00, 0x00, 0x00, 0x00, 0x00, 0x00, 0x00, 0x00, 0x00, 0x00, 0x00,
    0x00, 0x00, 0x00, 0x00, 0x00, 0x00, 0x0C, 0x30, 0x0C, 0x30, 0x0C, 0x30, 0x0C, 0x30, 0x00, 0x00,
    0x00, 0x00, 0x30, 0x0C, 0x30, 0x0C, 0x30, 0x0C, 0x30, 0x0C, 0x30, 0x0C, 0x30, 0x0C, 0x30, 0x0C,
    0x30, 0x0C, 0x30, 0x0C, 0x30, 0x0C, 0x30, 0x0C, 0x38, 0x0C, 0x1F, 0xFC, 0x0F, 0xFC, 0x00, 0x0C,
    0x00, 0x0C, 0x00, 0x1C, 0x1F, 0xF8, 0x1F, 0xF0, 0x00, 0x00, 0x00, 0x00, 0x01, 0xCE, 0x03, 0x9C,
    0x07, 0x38, 0x0E, 0x70, 0x00, 0x00, 0x30, 0x0C, 0x30, 0x0C, 0x30, 0x0C, 0x30, 0x0C, 0x30, 0x0C,
    0x30, 0x0C, 0x30, 0x0C, 0x30, 0x0C, 0x30, 0x0C, 0x38, 0x0C, 0x1F, 0xFC, 0x0F, 0xFC, 0x00, 0x0C,
    0x00, 0x0C, 0x00, 0x0C, 0x00, 0x0C, 0x00, 0x0C, 0x00, 0x1C, 0x1F, 0xF8, 0x1F, 0xF0, 0x00, 0x00,
    0x00, 0x00, 0x00, 0x00, 0x00, 0x00, 0x00, 0x00, 0x00, 0x00, 0x00, 0x00, 0x00, 0x00, 0x00, 0x00,
    0x00, 0x00, 0x00, 0x00, 0x00, 0x00, 0x01, 0xCE, 0x03, 0x9C, 0x07, 0x38, 0x0E, 0x70, 0x00, 0x00,
    0x00, 0x00, 0x30, 0x0C, 0x30, 0x0C, 0x30, 0x0C, 0x30, 0x0C, 0x30, 0x0C, 0x30, 0x0C, 0x30, 0x0C,
    0x30, 0x0C, 0x30, 0x0C, 0x30, 0x0C, 0x30, 0x0C, 0x38, 0x0C, 0x1F, 0xFC, 0x0F, 0xFC, 0x00, 0x0C,
    0x00, 0x0C, 0x00, 0x1C, 0x1F, 0xF8, 0x1F, 0xF0, 0x00, 0x00, 0x00, 0x00, 0x0C, 0x30, 0x0C, 0x30,
    0x0C, 0x30, 0x0C, 0x30, 0x00, 0x00, 0x30, 0x0C, 0x30, 0x0C, 0x30, 0x0C, 0x30, 0x0C, 0x30, 0x0C,
    0x30, 0x0C, 0x30, 0x0C, 0x30, 0x0C, 0x30, 0x0C, 0x38, 0x0C, 0x1F, 0xFC, 0x0F, 0xFC, 0x00, 0x0C,
    0x00, 0x0C, 0x00, 0x0C, 0x00, 0x0C, 0x00, 0x0C, 0x00, 0x0C, 0x00, 0x0C, 0x00, 0x0C, 0x00, 0x00,
    0x00, 0x00, 0x00, 0x00, 0x00, 0x00, 0x00, 0x00, 0x00, 0x00, 0x00, 0x00, 0x00, 0x00, 0x00, 0x00,
    0x00, 0x00, 0x00, 0x00, 0x00, 0x00, 0x0C, 0x30, 0x0C, 0x30, 0x0C, 0x30, 0x0C, 0x30, 0x00, 0x00,
    0x00, 0x00, 0x30, 0x0C, 0x30, 0x0C, 0x30, 0x0C, 0x30, 0x0C, 0x30, 0x0C, 0x38, 0x0C, 0x1F, 0xFC,
    0x0F, 0xFC, 0x00, 0x0C, 0x00, 0x0C, 0x00, 0x0C, 0x00, 0x0C, 0x00, 0x0C, 0x00, 0x0C, 0x00, 0x00,
    0x00, 0x00, 0x00, 0x00, 0x00, 0x00, 0x00, 0x00, 0x00, 0x00, 0xFF, 0xEF, 0xFF, 0xFF, 0xFE, 0x00,
    0xE0, 0x0E, 0x00, 0xE0, 0x0E, 0x00, 0xE0, 0x0E, 0x00, 0xE0, 0x0E, 0x00, 0xE0, 0x0E, 0x00, 0xE0,
    0x0E, 0x00, 0xE0, 0x0F, 0x80, 0xF8, 0x03, 0x80, 0x38, 0x03, 0x80, 0x38, 0x00, 0x7F, 0xFF, 0xFF,
    0xFF, 0x80, 0xE0, 0x38, 0x0E, 0x03, 0x80, 0xE0, 0x38, 0x0E, 0x03, 0x80, 0xF8, 0x3E, 0x03, 0x80,
    0xE0, 0x38, 0x0E, 0x00, 0x00, 0x00, 0x0C, 0x30, 0x0C, 0x30, 0x0C, 0x30, 0x0C, 0x30, 0x00, 0x00,
    0x60, 0x0C, 0x60, 0x0C, 0x60, 0x0C, 0x60, 0x0C, 0x60, 0x0C, 0x60, 0x0C, 0x7F, 0x0C, 0x7F, 0x8C,
    0x61, 0xCC, 0x60, 0xCC, 0x60, 0xCC, 0x60, 0xCC, 0x60, 0xCC, 0x60, 0xCC, 0x60, 0xCC, 0x60, 0xCC,
    0x60, 0xCC, 0x61, 0xCC, 0x7F, 0x8C, 0x7F, 0x0C, 0x00, 0x00, 0x00, 0x00, 0x00, 0x00, 0x00, 0x00,
    0x00, 0x00, 0x00, 0x00, 0x00, 0x00, 0x00, 0x00, 0x00, 0x00, 0x00, 0x00, 0x00, 0x00, 0x00, 0x00,
    0x0C, 0x30, 0x0C, 0x30, 0x0C, 0x30, 0x0C, 0x30, 0x00, 0x00, 0x00, 0x00, 0x60, 0x0C, 0x60, 0x0C,
    0x60, 0x0C, 0x60, 0x0C, 0x7F, 0x0C, 0x7F, 0x8C, 0x61, 0xCC, 0x60, 0xCC, 0x60, 0xCC, 0x60, 0xCC,
    0x60, 0xCC, 0x61, 0xCC, 0x7F, 0x8C, 0x7F, 0x0C, 0x00, 0x00, 0x00, 0x00, 0x00, 0x00, 0x00, 0x00,
    0x00, 0x00, 0x00, 0x00, 0x1F, 0xF8, 0xFF, 0xF3, 0xFF, 0xCE, 0x00, 0x38, 0x00, 0xE0, 0x03, 0x80,
    0x0E, 0x00, 0x38, 0x03, 0xFF, 0x0F, 0xFC, 0x0E, 0x00, 0x38, 0x00, 0xE0, 0x03, 0x80, 0x0E, 0x00,
    0x38, 0x00, 0xF8, 0x03, 0xE0, 0x03, 0x80, 0x0E, 0x00, 0x38, 0x07, 0xE0, 0x1F, 0x00, 0x30, 0x00,
    0x3F, 0xEF, 0xFD, 0xFF, 0xB8, 0x07, 0x00, 0xE0, 0x3F, 0xC7, 0xF8, 0x70, 0x0E, 0x01, 0xC0, 0x38,
    0x07, 0xC0, 0xF8, 0x03, 0x00, 0x60, 0x1C, 0x0F, 0x81, 0xE0, 0x30, 0x00, 0x70, 0x07, 0x1E, 0x03,
    0xC3, 0x80, 0xE0, 0xF0, 0x70, 0x1E, 0x3C, 0x03, 0x8E, 0x00, 0xF7, 0x00, 0x1F, 0xC0, 0x03, 0xE0,
    0x00, 0x70, 0x00, 0x3E, 0x00, 0x1F, 0xC0, 0x07, 0x70, 0x03, 0x9E, 0x01, 0xE3, 0xC0, 0x70, 0x70,
    0x38, 0x1E, 0x1E, 0x03, 0xF7, 0x00, 0x7C, 0x00, 0x07, 0x00, 0x01, 0xC0, 0x00, 0x70, 0x00, 0xF8,
    0x00, 0x3E, 0x00, 0x04, 0x00, 0x70, 0x73, 0x83, 0x8E, 0x38, 0x73, 0xC1, 0xDC, 0x0F, 0xC0, 0x3E,
    0x01, 0xE0, 0x0F, 0x80, 0xFE, 0x07, 0x70, 0x71, 0xC7, 0x8E, 0x38, 0x38, 0x01, 0xC0, 0x0E, 0x00,
    0x70, 0x1F, 0x80, 0xF8, 0x03, 0x00, 0x70, 0x07, 0x3C, 0x07, 0x8E, 0x03, 0x87, 0x83, 0x81, 0xE3,
    0xC0, 0x71, 0xC0, 0x3D, 0xC0, 0x0F, 0xE0, 0x3F, 0xFE, 0x1F, 0xFF, 0x0F, 0xFF, 0x80, 0xFE, 0x00,
    0x77, 0x00, 0x73, 0xC0, 0x78, 0xF0, 0x38, 0x38, 0x38, 0x1E, 0x3C, 0x07, 0x9C, 0x01, 0xC0, 0x70,
    0x3B, 0xC3, 0x8E, 0x3C, 0x39, 0xC1, 0xDC, 0x07, 0xE1, 0xFF, 0xCF, 0xFE, 0x0F, 0x80, 0xFE, 0x07,
    0x78, 0x71, 0xC7, 0x87, 0x38, 0x3C, 0x01, 0xC0, 0x00, 0xE0, 0x00, 0xF8, 0x00, 0x7C, 0x00, 0x77,
    0x00, 0x3B, 0x80, 0x1D, 0xC0, 0x1C, 0x70, 0x0E, 0x38, 0x07, 0x1C, 0x07, 0x07, 0x03, 0x83, 0x81,
    0xFF, 0xC1, 0xFF, 0xF0, 0xE0, 0x38, 0xF0, 0x1E, 0x70, 0x07, 0x38, 0x03, 0xBC, 0x00, 0xE0, 0x00,
    0x00, 0x00, 0x00, 0x0E, 0x00, 0x07, 0x00, 0x03, 0x80, 0x00, 0x80, 0x00, 0x1F, 0x8F, 0xF9, 0xFF,
    0xF0, 0x72, 0x0E, 0x01, 0xCF, 0xFB, 0xFF, 0xF8, 0xFC, 0x1F, 0x83, 0xF0, 0xFF, 0xFE, 0xFF, 0xC7,
    0x00, 0x00, 0x0E, 0x01, 0xE0, 0x38, 0x02, 0x00, 0x03, 0xC0, 0x01, 0xF0, 0x00, 0x30, 0x00, 0x38,
    0x00, 0x00, 0x00, 0x0E, 0x00, 0x07, 0x00, 0x07, 0xC0, 0x03, 0xE0, 0x03, 0xB8, 0x01, 0xDC, 0x00,
    0xEE, 0x00, 0xE3, 0x80, 0x71, 0xC0, 0x38, 0xE0, 0x38, 0x38, 0x1C, 0x1C, 0x0F, 0xFE, 0x0F, 0xFF,
    0x87, 0x01, 0xC7, 0x80, 0xF3, 0x80, 0x39, 0xC0, 0x1D, 0xE0, 0x07, 0x1E, 0x03, 0xE0, 0x1C, 0x03,
    0x00, 0x00, 0x3F, 0x1F, 0xF3, 0xFF, 0xE0, 0xE4, 0x1C, 0x03, 0x9F, 0xF7, 0xFF, 0xF1, 0xF8, 0x3F,
    0x07, 0xE1, 0xFF, 0xFD, 0xFF, 0x8E, 0x00, 0x00, 0x1C, 0x00, 0x0E, 0x00, 0x0E, 0x00, 0x07, 0x00,
    0x1C, 0x00, 0x1F, 0x00, 0x1D, 0xC0, 0x0E, 0x70, 0x00, 0x00, 0x00, 0xE0, 0x00, 0x70, 0x00, 0x7C,
    0x00, 0x3E, 0x00, 0x3B, 0x80, 0x1D, 0xC0, 0x0E, 0xE0, 0x0E, 0x38, 0x07, 0x1C, 0x03, 0x8E, 0x03,
    0x83, 0x81, 0xC1, 0xC0, 0xFF, 0xE0, 0xFF, 0xF8, 0x70, 0x1C, 0x78, 0x0F, 0x38, 0x03, 0x9C, 0x01,
    0xDE, 0x00, 0x70, 0x00, 0x70, 0x0E, 0x00, 0xC0, 0x1C, 0x0E, 0x01, 0xF0, 0x1F, 0x83, 0x9C, 0x00,
    0x01, 0xF8, 0x7F, 0xC7, 0xFE, 0xE0, 0xE2, 0x0E, 0x00, 0xE3, 0xFE, 0x7F, 0xEF, 0x8E, 0xE0, 0xEE,
    0x0E, 0xE1, 0xEF, 0xFE, 0x7F, 0xE1, 0xC0, 0x00, 0xE0, 0x00, 0x38, 0x00, 0x0C, 0x00, 0x07, 0x00,
    0x1C, 0x00, 0x1F, 0x00, 0x1D, 0xC0, 0x0E, 0x70, 0x00, 0x00, 0x00, 0xE0, 0x00, 0x70, 0x00, 0x7C,
    0x00, 0x3E, 0x00, 0x3B, 0x80, 0x1D, 0xC0, 0x0E, 0xE0, 0x0E, 0x38, 0x07, 0x1C, 0x03, 0x8E, 0x03,
    0x83, 0x81, 0xC1, 0xC0, 0xFF, 0xE0, 0xFF, 0xF8, 0x70, 0x1C, 0x78, 0x0F, 0x38, 0x03, 0x9C, 0x01,
    0xDE, 0x00, 0x70, 0x03, 0x80, 0x70, 0x07, 0x00, 0x60, 0xE0, 0x3E, 0x07, 0xE1, 0xCE, 0x00, 0x03,
    0xF1, 0xFF, 0x3F, 0xFE, 0x0E, 0x41, 0xC0, 0x39, 0xFF, 0x7F, 0xFF, 0x1F, 0x83, 0xF0, 0x7E, 0x1F,
    0xFF, 0xDF, 0xF8, 0xE0, 0x00, 0x78, 0x00, 0x3C, 0x00, 0x0E, 0x00, 0x06, 0x00, 0x1C, 0x00, 0x1F,
    0x00, 0x1D, 0xC0, 0x0E, 0x70, 0x00, 0x00, 0x00, 0xE0, 0x00, 0x70, 0x00, 0x7C, 0x00, 0x3E, 0x00,
    0x3B, 0x80, 0x1D, 0xC0, 0x0E, 0xE0, 0x0E, 0x38, 0x07, 0x1C, 0x03, 0x8E, 0x03, 0x83, 0x81, 0xC1,
    0xC0, 0xFF, 0xE0, 0xFF, 0xF8, 0x70, 0x1C, 0x78, 0x0F, 0x38, 0x03, 0x9C, 0x01, 0xDE, 0x00, 0x70,
    0x03, 0xC0, 0x78, 0x03, 0x00, 0xE0, 0xE0, 0x3E, 0x07, 0xE1, 0xCE, 0x00, 0x03, 0xF1, 0xFF, 0x3F,
    0xFE, 0x0E, 0x41, 0xC0, 0x39, 0xFF, 0x7F, 0xFF, 0x1F, 0x83, 0xF0, 0x7E, 0x1F, 0xFF, 0xDF, 0xF8,
    0xE0, 0x03, 0x10, 0x03, 0xF8, 0x01, 0xFC, 0x00, 0x8C, 0x00, 0x1C, 0x00, 0x1F, 0x00, 0x1D, 0xC0,
    0x0E, 0x70, 0x00, 0x00, 0x00, 0xE0, 0x00, 0x70, 0x00, 0x7C, 0x00, 0x3E, 0x00, 0x3B, 0x80, 0x1D,
    0xC0, 0x0E, 0xE0, 0x0E, 0x38, 0x07, 0x1C, 0x03, 0x8E, 0x03, 0x83, 0x81, 0xC1, 0xC0, 0xFF, 0xE0,
    0xFF, 0xF8, 0x70, 0x1C, 0x78, 0x0F, 0x38, 0x03, 0x9C, 0x01, 0xDE, 0x00, 0x70, 0x18, 0x87, 0xF8,
    0xFE, 0x18, 0x80, 0xE0, 0x3E, 0x07, 0xE1, 0xCE, 0x00, 0x03, 0xF1, 0xFF, 0x3F, 0xFE, 0x0E, 0x41,
    0xC0, 0x39, 0xFF, 0x7F, 0xFF, 0x1F, 0x83, 0xF0, 0x7E, 0x1F, 0xFF, 0xDF, 0xF8, 0xE0, 0x01, 0xC0,
    0x01, 0xF0, 0x01, 0xDC, 0x00, 0xC7, 0x00, 0x00, 0x00, 0x0E, 0x00, 0x07, 0x00, 0x07, 0xC0, 0x03,
    0xE0, 0x03, 0xB8, 0x01, 0xDC, 0x00, 0xEE, 0x00, 0xE3, 0x80, 0x71, 0xC0, 0x38, 0xE0, 0x38, 0x38,
    0x1C, 0x1C, 0x0F, 0xFE, 0x0F, 0xFF, 0x87, 0x01, 0xC7, 0x80, 0xF3, 0x80, 0x39, 0xC0, 0x1D, 0xE0,
    0x07, 0x00, 0x00, 0x00, 0x00, 0x00, 0x70, 0x00, 0x38, 0x00, 0x1C, 0x00, 0x04, 0x00, 0x0F, 0x03,
    0xE0, 0xEE, 0x18, 0xE0, 0x00, 0x3F, 0x1F, 0xF3, 0xFF, 0xE0, 0xE4, 0x1C, 0x03, 0x9F, 0xF7, 0xFF,
    0xF1, 0xF8, 0x3F, 0x07, 0xE1, 0xFF, 0xFD, 0xFF, 0x8E, 0x00, 0x00, 0x1C, 0x03, 0xC0, 0x70, 0x04,
    0x00, 0x00, 0x70, 0x00, 0x70, 0x00, 0x38, 0x00, 0x18, 0x00, 0x63, 0x00, 0x31, 0x80, 0x1F, 0xC0,
    0x07, 0xC0, 0x00, 0x00, 0x00, 0xE0, 0x00, 0x70, 0x00, 0x7C, 0x00, 0x3E, 0x00, 0x3B, 0x80, 0x1D,
    0xC0, 0x0E, 0xE0, 0x0E, 0x38, 0x07, 0x1C, 0x03, 0x8E, 0x03, 0x83, 0x81, 0xC1, 0xC0, 0xFF, 0xE0,
    0xFF, 0xF8, 0x70, 0x1C, 0x78, 0x0F, 0x38, 0x03, 0x9C, 0x01, 0xDE, 0x00, 0x70, 0x03, 0x80, 0x70,
    0x1C, 0x03, 0x03, 0x1C, 0x73, 0x8F, 0xE0, 0xF8, 0x00, 0x03, 0xF1, 0xFF, 0x3F, 0xFE, 0x0E, 0x41,
    0xC0, 0x39, 0xFF, 0x7F, 0xFF, 0x1F, 0x83, 0xF0, 0x7E, 0x1F, 0xFF, 0xDF, 0xF8, 0xE0, 0x07, 0x00,
    0x01, 0xC0, 0x00, 0xE0, 0x00, 0x38, 0x00, 0x63, 0x00, 0x31, 0x80, 0x1F, 0xC0, 0x07, 0xC0, 0x00,
    0x00, 0x00, 0xE0, 0x00, 0x70, 0x00, 0x7C, 0x00, 0x3E, 0x00, 0x3B, 0x80, 0x1D, 0xC0, 0x0E, 0xE0,
    0x0E, 0x38, 0x07, 0x1C, 0x03, 0x8E, 0x03, 0x83, 0x81, 0xC1, 0xC0, 0xFF, 0xE0, 0xFF, 0xF8, 0x70,
    0x1C, 0x78, 0x0F, 0x38, 0x03, 0x9C, 0x01, 0xDE, 0x00, 0x70, 0x38, 0x03, 0x80, 0x30, 0x07, 0x03,
    0x18, 0x63, 0x0F, 0xE0, 0xF8, 0x00, 0x03, 0xF1, 0xFF, 0x3F, 0xFE, 0x0E, 0x41, 0xC0, 0x39, 0xFF,
    0x7F, 0xFF, 0x1F, 0x83, 0xF0, 0x7E, 0x1F, 0xFF, 0xDF, 0xF8, 0xE0, 0x03, 0xC0, 0x01, 0xF0, 0x00,
    0x38, 0x00, 0x18, 0x00, 0x63, 0x00, 0x31, 0x80, 0x1F, 0xC0, 0x07, 0xC0, 0x00, 0x00, 0x00, 0xE0,
    0x00, 0x70, 0x00, 0x7C, 0x00, 0x3E, 0x00, 0x3B, 0x80, 0x1D, 0xC0, 0x0E, 0xE0, 0x0E, 0x38, 0x07,
    0x1C, 0x03, 0x8E, 0x03, 0x83, 0x81, 0xC1, 0xC0, 0xFF, 0xE0, 0xFF, 0xF8, 0x70, 0x1C, 0x78, 0x0F,
    0x38, 0x03, 0x9C, 0x01, 0xDE, 0x00, 0x70, 0x1E, 0x03, 0xE0, 0x1C, 0x03, 0x03, 0x1C, 0x73, 0x8F,
    0xE0, 0xF8, 0x00, 0x03, 0xF1, 0xFF, 0x3F, 0xFE, 0x0E, 0x41, 0xC0, 0x39, 0xFF, 0x7F, 0xFF, 0x1F,
    0x83, 0xF0, 0x7E, 0x1F, 0xFF, 0xDF, 0xF8, 0xE0, 0x03, 0x10, 0x03, 0xF8, 0x01, 0xFC, 0x00, 0xCC,
    0x00, 0x63, 0x00, 0x31, 0x80, 0x1F, 0xC0, 0x07, 0xC0, 0x00, 0x00, 0x00, 0xE0, 0x00, 0x70, 0x00,
    0x7C, 0x00, 0x3E, 0x00, 0x3B, 0x80, 0x1D, 0xC0, 0x0E, 0xE0, 0x0E, 0x38, 0x07, 0x1C, 0x03, 0x8E,
    0x03, 0x83, 0x81, 0xC1, 0xC0, 0xFF, 0xE0, 0xFF, 0xF8, 0x70, 0x1C, 0x78, 0x0F, 0x38, 0x03, 0x9C,
    0x01, 0xDE, 0x00, 0x70, 0x18, 0x87, 0xF8, 0xFE, 0x18, 0x83, 0x18, 0x73, 0x0F, 0xE0, 0xF8, 0x00,
    0x03, 0xF1, 0xFF, 0x3F, 0xFE, 0x0E, 0x41, 0xC0, 0x39, 0xFF, 0x7F, 0xFF, 0x1F, 0x83, 0xF0, 0x7E,
    0x1F, 0xFF, 0xDF, 0xF8, 0xE0, 0x06, 0x30, 0x03, 0xB8, 0x01, 0xFC, 0x00, 0x38, 0x00, 0x00, 0x00,
    0x0E, 0x00, 0x07, 0x00, 0x07, 0xC0, 0x03, 0xE0, 0x03, 0xB8, 0x01, 0xDC, 0x00, 0xEE, 0x00, 0xE3,
    0x80, 0x71, 0xC0, 0x38, 0xE0, 0x38, 0x38, 0x1C, 0x1C, 0x0F, 0xFE, 0x0F, 0xFF, 0x87, 0x01, 0xC7,
    0x80, 0xF3, 0x80, 0x39, 0xC0, 0x1D, 0xE0, 0x07, 0x00, 0x00, 0x00, 0x00, 0x00, 0x70, 0x00, 0x38,
    0x00, 0x1C, 0x00, 0x04, 0x00, 0x31, 0xC7, 0x30, 0x7E, 0x07, 0x80, 0x00, 0x3F, 0x1F, 0xF3, 0xFF,
    0xE0, 0xE4, 0x1C, 0x03, 0x9F, 0xF7, 0xFF, 0xF1, 0xF8, 0x3F, 0x07, 0xE1, 0xFF, 0xFD, 0xFF, 0x8E,
    0x00, 0x00, 0x1C, 0x03, 0xC0, 0x70, 0x04, 0x00, 0x00, 0x00, 0x00, 0x00, 0x00, 0x00, 0x00, 0x00,
    0x00, 0x00, 0x00, 0x00, 0x3F, 0xFC, 0x3F, 0xFC, 0x30, 0x00, 0x30, 0x00, 0x30, 0x00, 0x30, 0x00,
    0x30, 0x00, 0x30, 0x00, 0x30, 0x00, 0x3F, 0xE0, 0x3F, 0xE0, 0x30, 0x00, 0x30, 0x00, 0x30, 0x00,
    0x30, 0x00, 0x30, 0x00, 0x30, 0x00, 0x30, 0x00, 0x3F, 0xFC, 0x3F, 0xFC, 0x00, 0x00, 0x01, 0x80,
    0x01, 0x80, 0x01, 0x80, 0x01, 0x80, 0x00, 0x00, 0x00, 0x00, 0x00, 0x00, 0x00, 0x00, 0x00, 0x00,
    0x00, 0x00, 0x00, 0x00, 0x00, 0x00, 0x00, 0x00, 0x00, 0x00, 0x00, 0x00, 0x00, 0x00, 0x00, 0x00,
    0x0F, 0xF0, 0x1F, 0xF8, 0x38, 0x1C, 0x30, 0x0C, 0x30, 0x0C, 0x30, 0x0C, 0x3F, 0xFC, 0x3F, 0xFC,
    0x30, 0x00, 0x30, 0x00, 0x30, 0x00, 0x38, 0x0C, 0x1F, 0xFC, 0x0F, 0xF8, 0x00, 0x00, 0x01, 0x80,
    0x01, 0x80, 0x01, 0x80, 0x01, 0x80, 0x00, 0x00, 0x1E, 0x01, 0xF0, 0x07, 0x00, 0x60, 0x00, 0x0F,
    0xFE, 0xFF, 0xFF, 0xFF, 0xE0, 0x0E, 0x00, 0xE0, 0x0E, 0x00, 0xE0, 0x0F, 0xFE, 0xFF, 0xEF, 0xFE,
    0xE0, 0x0E, 0x00, 0xE0, 0x0E, 0x00, 0xE0, 0x0E, 0x00, 0xFF, 0xFF, 0xFF, 0x0F, 0x00, 0x78, 0x00,
    0xC0, 0x0E, 0x00, 0x00, 0x07, 0xC0, 0xFF, 0x0F, 0xFC, 0x70, 0x77, 0x03, 0xB8, 0x0D, 0xFF, 0xFF,
    0xFF, 0xF0, 0x03, 0x80, 0x1C, 0x0E, 0x78, 0xF1, 0xFF, 0x07, 0xF0, 0x0E, 0x00, 0x00, 0x00, 0x0F,
    0x18, 0x1B, 0x98, 0x19, 0xD8, 0x18, 0xF0, 0x00, 0x00, 0x3F, 0xFC, 0x3F, 0xFC, 0x30, 0x00, 0x30,
    0x00, 0x30, 0x00, 0x30, 0x00, 0x30, 0x00, 0x30, 0x00, 0x30, 0x00, 0x3F, 0xE0, 0x3F, 0xE0, 0x30,
    0x00, 0x30, 0x00, 0x30, 0x00, 0x30, 0x00, 0x30, 0x00, 0x30, 0x00, 0x30, 0x00, 0x3F, 0xFC, 0x3F,
    0xFC, 0x00, 0x00, 0x00, 0x00, 0x00, 0x00, 0x00, 0x00, 0x00, 0x00, 0x00, 0x00, 0x00, 0x00, 0x00,
    0x00, 0x00, 0x00, 0x00, 0x00, 0x00, 0x00, 0x00, 0x00, 0x0F, 0x18, 0x1B, 0x98, 0x19, 0xD8, 0x18,
    0xF0, 0x00, 0x00, 0x00, 0x00, 0x0F, 0xF0, 0x1F, 0xF8, 0x38, 0x1C, 0x30, 0x0C, 0x30, 0x0C, 0x30,
    0x0C, 0x3F, 0xFC, 0x3F, 0xFC, 0x30, 0x00, 0x30, 0x00, 0x30, 0x00, 0x38, 0x0C, 0x1F, 0xFC, 0x0F,
    0xF8, 0x00, 0x00, 0x00, 0x00, 0x00, 0x00, 0x00, 0x00, 0x00, 0x00, 0x00, 0x00, 0x00, 0x70, 0x0E,
    0x00, 0xC0, 0x1C, 0x0E, 0x01, 0xF0, 0x1F, 0x83, 0x9C, 0x00, 0x0F, 0xFE, 0xFF, 0xFF, 0xFF, 0xE0,
    0x0E, 0x00, 0xE0, 0x0E, 0x00, 0xE0, 0x0F, 0xFE, 0xFF, 0xEF, 0xFE, 0xE0, 0x0E, 0x00, 0xE0, 0x0E,
    0x00, 0xE0, 0x0E, 0x00, 0xFF, 0xFF, 0xFF, 0x00, 0x70, 0x03, 0x80, 0x38, 0x01, 0x80, 0x70, 0x07,
    0xC0, 0x7F, 0x07, 0x38, 0x00, 0x00, 0x7C, 0x0F, 0xF0, 0xFF, 0xC7, 0x07, 0x70, 0x3B, 0x80, 0xDF,
    0xFF, 0xFF, 0xFF, 0x00, 0x38, 0x01, 0xC0, 0xE7, 0x8F, 0x1F, 0xF0, 0x7F, 0x00, 0xE0, 0x03, 0x80,
    0x38, 0x01, 0xC0, 0x0C, 0x0E, 0x01, 0xF0, 0x1F, 0x83, 0x9C, 0x00, 0x0F, 0xFE, 0xFF, 0xFF, 0xFF,
    0xE0, 0x0E, 0x00, 0xE0, 0x0E, 0x00, 0xE0, 0x0F, 0xFE, 0xFF, 0xEF, 0xFE, 0xE0, 0x0E, 0x00, 0xE0,
    0x0E, 0x00, 0xE0, 0x0E, 0x00, 0xFF, 0xFF, 0xFF, 0x03, 0x80, 0x0E, 0x00, 0x70, 0x01, 0x80, 0x70,
    0x07, 0xC0, 0x7F, 0x07, 0x38, 0x00, 0x00, 0x7C, 0x0F, 0xF0, 0xFF, 0xC7, 0x07, 0x70, 0x3B, 0x80,
    0xDF, 0xFF, 0xFF, 0xFF, 0x00, 0x38, 0x01, 0xC0, 0xE7, 0x8F, 0x1F, 0xF0, 0x7F, 0x00, 0xE0, 0x03,
    0xC0, 0x3C, 0x00, 0xC0, 0x1C, 0x0E, 0x01, 0xF0, 0x1F, 0x83, 0x9C, 0x00, 0x0F, 0xFE, 0xFF, 0xFF,
    0xFF, 0xE0, 0x0E, 0x00, 0xE0, 0x0E, 0x00, 0xE0, 0x0F, 0xFE, 0xFF, 0xEF, 0xFE, 0xE0, 0x0E, 0x00,
    0xE0, 0x0E, 0x00, 0xE0, 0x0E, 0x00, 0xFF, 0xFF, 0xFF, 0x03, 0xC0, 0x1F, 0x00, 0x38, 0x01, 0x80,
    0x70, 0x07, 0xC0, 0x7F, 0x07, 0x38, 0x00, 0x00, 0x7C, 0x0F, 0xF0, 0xFF, 0xC7, 0x07, 0x70, 0x3B,
    0x80, 0xDF, 0xFF, 0xFF, 0xFF, 0x00, 0x38, 0x01, 0xC0, 0xE7, 0x8F, 0x1F, 0xF0, 0x7F, 0x00, 0xE0,
    0x18, 0x83, 0xFC, 0x3F, 0x83, 0x10, 0x0E, 0x01, 0xF0, 0x1F, 0x83, 0x9C, 0x00, 0x0F, 0xFE, 0xFF,
    0xFF, 0xFF, 0xE0, 0x0E, 0x00, 0xE0, 0x0E, 0x00, 0xE0, 0x0F, 0xFE, 0xFF, 0xEF, 0xFE, 0xE0, 0x0E,
    0x00, 0xE0, 0x0E, 0x00, 0xE0, 0x0E, 0x00, 0xFF, 0xFF, 0xFF, 0x0C, 0xC0, 0xFE, 0x0F, 0xF0, 0x22,
    0x00, 0x70, 0x07, 0xC0, 0x7F, 0x07, 0x38, 0x00, 0x00, 0x7C, 0x0F, 0xF0, 0xFF, 0xC7, 0x07, 0x70,
    0x3B, 0x80, 0xDF, 0xFF, 0xFF, 0xFF, 0x00, 0x38, 0x01, 0xC0, 0xE7, 0x8F, 0x1F, 0xF0, 0x7F, 0x00,
    0xE0, 0x0F, 0x01, 0xF0, 0x3B, 0x83, 0x9C, 0x00, 0x0F, 0xFE, 0xFF, 0xFF, 0xFF, 0xE0, 0x0E, 0x00,
    0xE0, 0x0E, 0x00, 0xE0, 0x0F, 0xFE, 0xFF, 0xEF, 0xFE, 0xE0, 0x0E, 0x00, 0xE0, 0x0E, 0x00, 0xE0,
    0x0E, 0x00, 0xFF, 0xFF, 0xFF, 0x00, 0x00, 0x00, 0x06, 0x00, 0xF0, 0x0F, 0x00, 0x40, 0x0F, 0x00,
    0x7C, 0x07, 0x70, 0x73, 0x80, 0x00, 0x07, 0xC0, 0xFF, 0x0F, 0xFC, 0x70, 0x77, 0x03, 0xB8, 0x0D,
    0xFF, 0xFF, 0xFF, 0xF0, 0x03, 0x80, 0x1C, 0x0E, 0x78, 0xF1, 0xFF, 0x07, 0xF0, 0x0E, 0x00, 0x00,
    0x03, 0x80, 0x3C, 0x00, 0xE0, 0x02, 0x00, 0xF7, 0x8C, 0xE0, 0x31, 0xCE, 0x73, 0x9C, 0xE7, 0x39,
    0xCE, 0x73, 0x9C, 0xE7, 0x39, 0xCE, 0x7B, 0xCE, 0x60, 0x19, 0xCE, 0x73, 0x9C, 0xE7, 0x39, 0xCE,
    0x73, 0x9C, 0x00, 0x00, 0x00, 0x00, 0x00, 0x00, 0x00, 0x00, 0x00, 0x00, 0x00, 0x00, 0x07, 0xE0,
    0x07, 0xE0, 0x01, 0x80, 0x01, 0x80, 0x01, 0x80, 0x01, 0x80, 0x01, 0x80, 0x01, 0x80, 0x01, 0x80,
    0x01, 0x80, 0x01, 0x80, 0x01, 0x80, 0x01, 0x80, 0x01, 0x80, 0x01, 0x80, 0x01, 0x80, 0x01, 0x80,
    0x01, 0x80, 0x07, 0xE0, 0x07, 0xE0, 0x00, 0x00, 0x01, 0x80, 0x01, 0x80, 0x01, 0x80, 0x01, 0x80,
    0x00, 0x00, 0x00, 0x00, 0x00, 0x00, 0x00, 0x00, 0x00, 0x00, 0x00, 0x00, 0x00, 0x00, 0x01, 0x80,
    0x01, 0x80, 0x01, 0x80, 0x01, 0x80, 0x00, 0x00, 0x00, 0x00, 0x07, 0x80, 0x07, 0x80, 0x01, 0x80,
    0x01, 0x80, 0x01, 0x80, 0x01, 0x80, 0x01, 0x80, 0x01, 0x80, 0x01, 0x80, 0x01, 0x80, 0x01, 0x80,
    0x01, 0x80, 0x07, 0xE0, 0x07, 0xE0, 0x00, 0x00, 0x01, 0x80, 0x01, 0x80, 0x01, 0x80, 0x01, 0x80,
    0x00, 0x00, 0x00, 0x00, 0x00, 0x00, 0x00, 0x00, 0x00, 0x00, 0x00, 0x00, 0x00, 0x00, 0x0F, 0xF0,
    0x1F, 0xF8, 0x38, 0x1C, 0x30, 0x0C, 0x30, 0x0C, 0x30, 0x0C, 0x30, 0x0C, 0x30, 0x0C, 0x30, 0x0C,
    0x30, 0x0C, 0x30, 0x0C, 0x30, 0x0C, 0x30, 0x0C, 0x30, 0x0C, 0x30, 0x0C, 0x30, 0x0C, 0x30, 0x0C,
    0x38, 0x1C, 0x1F, 0xF8, 0x0F, 0xF0, 0x00, 0x00, 0x01, 0x80, 0x01, 0x80, 0x01, 0x80, 0x01, 0x80,
    0x00, 0x00, 0x00, 0x00, 0x00, 0x00, 0x00, 0x00, 0x00, 0x00, 0x00, 0x00, 0x00, 0x00, 0x00, 0x00,
    0x00, 0x00, 0x00, 0x00, 0x00, 0x00, 0x00, 0x00, 0x00, 0x00, 0x0F, 0xF0, 0x1F, 0xF8, 0x38, 0x1C,
    0x30, 0x0C, 0x30, 0x0C, 0x30, 0x0C, 0x30, 0x0C, 0x30, 0x0C, 0x30, 0x0C, 0x30, 0x0C, 0x30, 0x0C,
    0x38, 0x1C, 0x1F, 0xF8, 0x0F, 0xF0, 0x00, 0x00, 0x01, 0x80, 0x01, 0x80, 0x01, 0x80, 0x01, 0x80,
    0x00, 0x00, 0x03, 0xC0, 0x01, 0xF0, 0x00, 0x30, 0x00, 0x38, 0x00, 0x00, 0x00, 0x1F, 0x00, 0x3F,
    0xE0, 0x3F, 0xF8, 0x3C, 0x1E, 0x3C, 0x07, 0x9C, 0x01, 0xDE, 0x00, 0xFE, 0x00, 0x3F, 0x00, 0x1F,
    0x80, 0x0F, 0xC0, 0x07, 0xE0, 0x03, 0xF0, 0x01, 0xDC, 0x01, 0xCE, 0x00, 0xE7, 0x80, 0xF1, 0xF1,
    0xF0, 0x7F, 0xF0, 0x1F, 0xF0, 0x01, 0xC0, 0x00, 0x0F, 0x00, 0x78, 0x00, 0xC0, 0x0E, 0x00, 0x00,
    0x07, 0xC0, 0xFF, 0x8F, 0xFC, 0x70, 0x77, 0x03, 0xB8, 0x0F, 0xC0, 0x7E, 0x03, 0xF0, 0x1F, 0x80,
    0xFE, 0x0E, 0x78, 0xF1, 0xFF, 0x07, 0xF0, 0x0E, 0x00, 0x00, 0x1C, 0x00, 0x0E, 0x00, 0x0E, 0x00,
    0x07, 0x00, 0x1C, 0x00, 0x1F, 0x00, 0x1D, 0xC0, 0x0E, 0x70, 0x00, 0x00, 0x01, 0xF0, 0x03, 0xFE,
    0x03, 0xFF, 0x83, 0xC1, 0xE3, 0xC0, 0x79, 0xC0, 0x1D, 0xE0, 0x0F, 0xE0, 0x03, 0xF0, 0x01, 0xF8,
    0x00, 0xFC, 0x00, 0x7E, 0x00, 0x3F, 0x00, 0x1D, 0xC0, 0x1C, 0xE0, 0x0E, 0x78, 0x0F, 0x1F, 0x1F,
    0x07, 0xFF, 0x01, 0xFF, 0x00, 0x1C, 0x00, 0x00, 0x70, 0x03, 0x80, 0x38, 0x01, 0x80, 0x70, 0x07,
    0xC0, 0x77, 0x07, 0x38, 0x00, 0x00, 0x7C, 0x0F, 0xF8, 0xFF, 0xC7, 0x07, 0x70, 0x3B, 0x80, 0xFC,
    0x07, 0xE0, 0x3F, 0x01, 0xF8, 0x0F, 0xE0, 0xE7, 0x8F, 0x1F, 0xF0, 0x7F, 0x00, 0xE0, 0x00, 0xE0,
    0x00, 0x38, 0x00, 0x0C, 0x00, 0x07, 0x00, 0x1C, 0x00, 0x1F, 0x00, 0x1D, 0xC0, 0x0E, 0x70, 0x00,
    0x00, 0x01, 0xF0, 0x03, 0xFE, 0x03, 0xFF, 0x83, 0xC1, 0xE3, 0xC0, 0x79, 0xC0, 0x1D, 0xE0, 0x0F,
    0xE0, 0x03, 0xF0, 0x01, 0xF8, 0x00, 0xFC, 0x00, 0x7E, 0x00, 0x3F, 0x00, 0x1D, 0xC0, 0x1C, 0xE0,
    0x0E, 0x78, 0x0F, 0x1F, 0x1F, 0x07, 0xFF, 0x01, 0xFF, 0x00, 0x1C, 0x00, 0x03, 0x80, 0x0E, 0x00,
    0x70, 0x01, 0xC0, 0x70, 0x07, 0xC0, 0x77, 0x07, 0x38, 0x00, 0x00, 0x7C, 0x0F, 0xF8, 0xFF, 0xC7,
    0x07, 0x70, 0x3B, 0x80, 0xFC, 0x07, 0xE0, 0x3F, 0x01, 0xF8, 0x0F, 0xE0, 0xE7, 0x8F, 0x1F, 0xF0,
    0x7F, 0x00, 0xE0, 0x00, 0x78, 0x00, 0x3C, 0x00, 0x0E, 0x00, 0x06, 0x00, 0x1C, 0x00, 0x1F, 0x00,
    0x1D, 0xC0, 0x0E, 0x70, 0x00, 0x00, 0x01, 0xF0, 0x03, 0xFE, 0x03, 0xFF, 0x83, 0xC1, 0xE3, 0xC0,
    0x79, 0xC0, 0x1D, 0xE0, 0x0F, 0xE0, 0x03, 0xF0, 0x01, 0xF8, 0x00, 0xFC, 0x00, 0x7E, 0x00, 0x3F,
    0x00, 0x1D, 0xC0, 0x1C, 0xE0, 0x0E, 0x78, 0x0F, 0x1F, 0x1F, 0x07, 0xFF, 0x01, 0xFF, 0x00, 0x1C,
    0x00, 0x03, 0xC0, 0x1F, 0x00, 0x38, 0x01, 0x80, 0x70, 0x07, 0xC0, 0x77, 0x07, 0x38, 0x00, 0x00,
    0x7C, 0x0F, 0xF8, 0xFF, 0xC7, 0x07, 0x70, 0x3B, 0x80, 0xFC, 0x07, 0xE0, 0x3F, 0x01, 0xF8, 0x0F,
    0xE0, 0xE7, 0x8F, 0x1F, 0xF0, 0x7F, 0x00, 0xE0, 0x03, 0x10, 0x03, 0xF8, 0x01, 0xFC, 0x00, 0x8C,
    0x00, 0x1C, 0x00, 0x1F, 0x00, 0x1D, 0xC0, 0x0E, 0x70, 0x00, 0x00, 0x01, 0xF0, 0x03, 0xFE, 0x03,
    0xFF, 0x83, 0xC1, 0xE3, 0xC0, 0x79, 0xC0, 0x1D, 0xE0, 0x0F, 0xE0, 0x03, 0xF0, 0x01, 0xF8, 0x00,
    0xFC, 0x00, 0x7E, 0x00, 0x3F, 0x00, 0x1D, 0xC0, 0x1C, 0xE0, 0x0E, 0x78, 0x0F, 0x1F, 0x1F, 0x07,
    0xFF, 0x01, 0xFF, 0x00, 0x1C, 0x00, 0x0C, 0xC0, 0xFE, 0x07, 0xF0, 0x23, 0x00, 0x70, 0x07, 0xC0,
    0x77, 0x07, 0x38, 0x00, 0x00, 0x7C, 0x0F, 0xF8, 0xFF, 0xC7, 0x07, 0x70, 0x3B, 0x80, 0xFC, 0x07,
    0xE0, 0x3F, 0x01, 0xF8, 0x0F, 0xE0, 0xE7, 0x8F, 0x1F, 0xF0, 0x7F, 0x00, 0xE0, 0x01, 0xC0, 0x01,
    0xF0, 0x01, 0xDC, 0x00, 0xC7, 0x00, 0x00, 0x00, 0x1F, 0x00, 0x3F, 0xE0, 0x3F, 0xF8, 0x3C, 0x1E,
    0x3C, 0x07, 0x9C, 0x01, 0xDE, 0x00, 0xFE, 0x00, 0x3F, 0x00, 0x1F, 0x80, 0x0F, 0xC0, 0x07, 0xE0,
    0x03, 0xF0, 0x01, 0xDC, 0x01, 0xCE, 0x00, 0xE7, 0x80, 0xF1, 0xF1, 0xF0, 0x7F, 0xF0, 0x1F, 0xF0,
    0x01, 0xC0, 0x00, 0x00, 0x00, 0x70, 0x00, 0x38, 0x00, 0x1C, 0x00, 0x04, 0x00, 0x07, 0x00, 0x7C,
    0x07, 0x70, 0x71, 0x80, 0x00, 0x07, 0xC0, 0xFF, 0x8F, 0xFC, 0x70, 0x77, 0x03, 0xB8, 0x0F, 0xC0,
    0x7E, 0x03, 0xF0, 0x1F, 0x80, 0xFE, 0x0E, 0x78, 0xF1, 0xFF, 0x07, 0xF0, 0x0E, 0x00, 0x00, 0x03,
    0x80, 0x1C, 0x00, 0xE0, 0x02, 0x00, 0x00, 0x70, 0x00, 0x70, 0x00, 0x38, 0x00, 0x38, 0x70, 0x00,
    0x38, 0x1F, 0xFC, 0x3F, 0xFE, 0x3F, 0xFE, 0x3C, 0x1E, 0x3C, 0x07, 0x9C, 0x01, 0xDE, 0x00, 0xFE,
    0x00, 0x3F, 0x00, 0x1F, 0x80, 0x0F, 0xC0, 0x07, 0xE0, 0x03, 0xF0, 0x01, 0xDC, 0x01, 0xCE, 0x00,
    0xE7, 0x80, 0xF1, 0xF1, 0xF0, 0x7F, 0xF0, 0x1F, 0xF0, 0x01, 0xC0, 0x00, 0x01, 0xC0, 0x1C, 0x00,
    0xC6, 0x0E, 0x70, 0x03, 0x87, 0xFC, 0xFF, 0xEF, 0xFC, 0x70, 0x77, 0x03, 0xB8, 0x0F, 0xC0, 0x7E,
    0x03, 0xF0, 0x1F, 0x80, 0xFE, 0x0E, 0x78, 0xF1, 0xFF, 0x07, 0xF0, 0x0E, 0x00, 0x07, 0x00, 0x01,
    0xC0, 0x00, 0xE0, 0x00, 0x38, 0x70, 0x00, 0x38, 0x1F, 0xFC, 0x3F, 0xFE, 0x3F, 0xFE, 0x3C, 0x1E,
    0x3C, 0x07, 0x9C, 0x01, 0xDE, 0x00, 0xFE, 0x00, 0x3F, 0x00, 0x1F, 0x80, 0x0F, 0xC0, 0x07, 0xE0,
    0x03, 0xF0, 0x01, 0xDC, 0x01, 0xCE, 0x00, 0xE7, 0x80, 0xF1, 0xF1, 0xF0, 0x7F, 0xF0, 0x1F, 0xF0,
    0x01, 0xC0, 0x00, 0x1C, 0x00, 0x70, 0x03, 0x86, 0x0C, 0x70, 0x03, 0x87, 0xFC, 0xFF, 0xEF, 0xFC,
    0x70, 0x77, 0x03, 0xB8, 0x0F, 0xC0, 0x7E, 0x03, 0xF0, 0x1F, 0x80, 0xFE, 0x0E, 0x78, 0xF1, 0xFF,
    0x07, 0xF0, 0x0E, 0x00, 0x03, 0xC0, 0x01, 0xF0, 0x00, 0x30, 0x00, 0x38, 0x70, 0x00, 0x38, 0x1F,
    0xFC, 0x3F, 0xFE, 0x3F, 0xFE, 0x3C, 0x1E, 0x3C, 0x07, 0x9C, 0x01, 0xDE, 0x00, 0xFE, 0x00, 0x3F,
    0x00, 0x1F, 0x80, 0x0F, 0xC0, 0x07, 0xE0, 0x03, 0xF0, 0x01, 0xDC, 0x01, 0xCE, 0x00, 0xE7, 0x80,
    0xF1, 0xF1, 0xF0, 0x7F, 0xF0, 0x1F, 0xF0, 0x01, 0xC0, 0x00, 0x0F, 0x00, 0x78, 0x00, 0xC6, 0x0E,
    0x70, 0x03, 0x87, 0xFC, 0xFF, 0xEF, 0xFC, 0x70, 0x77, 0x03, 0xB8, 0x0F, 0xC0, 0x7E, 0x03, 0xF0,
    0x1F, 0x80, 0xFE, 0x0E, 0x78, 0xF1, 0xFF, 0x07, 0xF0, 0x0E, 0x00, 0x03, 0x30, 0x03, 0xF8, 0x01,
    0xFC, 0x00, 0x00, 0x70, 0x00, 0x38, 0x1F, 0xFC, 0x3F, 0xFE, 0x3F, 0xFE, 0x3C, 0x1E, 0x3C, 0x07,
    0x9C, 0x01, 0xDE, 0x00, 0xFE, 0x00, 0x3F, 0x00, 0x1F, 0x80, 0x0F, 0xC0, 0x07, 0xE0, 0x03, 0xF0,
    0x01, 0xDC, 0x01, 0xCE, 0x00, 0xE7, 0x80, 0xF1, 0xF1, 0xF0, 0x7F, 0xF0, 0x1F, 0xF0, 0x01, 0xC0,
    0x00, 0x0C, 0xC0, 0xFE, 0x07, 0xF6, 0x00, 0x70, 0x03, 0x87, 0xFC, 0xFF, 0xEF, 0xFC, 0x70, 0x77,
    0x03, 0xB8, 0x0F, 0xC0, 0x7E, 0x03, 0xF0, 0x1F, 0x80, 0xFE, 0x0E, 0x78, 0xF1, 0xFF, 0x07, 0xF0,
    0x0E, 0x00, 0x00, 0x03, 0x80, 0x01, 0xC0, 0xFF, 0xE1, 0xFF, 0xF1, 0xFF, 0xF1, 0xE0, 0xF1, 0xE0,
    0x3C, 0xE0, 0x0E, 0xF0, 0x07, 0xF0, 0x01, 0xF8, 0x00, 0xFC, 0x00, 0x7E, 0x00, 0x3F, 0x00, 0x1F,
    0x80, 0x0E, 0xE0, 0x0E, 0x70, 0x07, 0x3C, 0x07, 0x8F, 0x8F, 0x83, 0xFF, 0x80, 0xFF, 0x80, 0x0E,
    0x00, 0x00, 0x00, 0x03, 0x80, 0x01, 0xC0, 0x00, 0xE0, 0x00, 0x20, 0x00, 0x00, 0x18, 0x01, 0xC0,
    0x0E, 0x1F, 0xF3, 0xFF, 0xBF, 0xF1, 0xC1, 0xDC, 0x0E, 0xE0, 0x3F, 0x01, 0xF8, 0x0F, 0xC0, 0x7E,
    0x03, 0xF8, 0x39, 0xE3, 0xC7, 0xFC, 0x1F, 0xC0, 0x38, 0x00, 0x00, 0x0E, 0x00, 0x70, 0x03, 0x80,
    0x08, 0x00, 0x00, 0x00, 0x00, 0x00, 0x00, 0x00, 0x00, 0x00, 0x00, 0x00, 0x00, 0x00, 0x30, 0x0C,
    0x30, 0x0C, 0x30, 0x0C, 0x30, 0x0C, 0x30, 0x0C, 0x30, 0x0C, 0x30, 0x0C, 0x30, 0x0C, 0x30, 0x0C,
    0x30, 0x0C, 0x30, 0x0C, 0x30, 0x0C, 0x30, 0x0C, 0x30, 0x0C, 0x30, 0x0C, 0x30, 0x0C, 0x30, 0x0C,
    0x38, 0x1C, 0x1F, 0xF8, 0x0F, 0xF0, 0x00, 0x00, 0x01, 0x80, 0x01, 0x80, 0x01, 0x80, 0x01, 0x80,
    0x00, 0x00, 0x00, 0x00, 0x00, 0x00, 0x00, 0x00, 0x00, 0x00, 0x00, 0x00, 0x00, 0x00, 0x00, 0x00,
    0x00, 0x00, 0x00, 0x00, 0x00, 0x00, 0x00, 0x00, 0x00, 0x00, 0x30, 0x0C, 0x30, 0x0C, 0x30, 0x0C,
    0x30, 0x0C, 0x30, 0x0C, 0x30, 0x0C, 0x30, 0x0C, 0x30, 0x0C, 0x30, 0x0C, 0x30, 0x0C, 0x30, 0x0C,
    0x38, 0x0C, 0x1F, 0xFC, 0x0F, 0xFC, 0x00, 0x00, 0x00, 0xC0, 0x00, 0xC0, 0x00, 0xC0, 0x00, 0xC0,
    0x00, 0x00, 0x07, 0x80, 0x0F, 0x00, 0x06, 0x00, 0x1C, 0x00, 0x00, 0x18, 0x01, 0xB8, 0x03, 0xF0,
    0x07, 0xE0, 0x0F, 0xC0, 0x1F, 0x80, 0x3F, 0x00, 0x7E, 0x00, 0xFC, 0x01, 0xF8, 0x03, 0xF0, 0x07,
    0xE0, 0x0F, 0xC0, 0x1F, 0x80, 0x3F, 0x00, 0xEF, 0x01, 0xCF, 0x0F, 0x8F, 0xFE, 0x0F, 0xF8, 0x07,
    0x80, 0x0F, 0x00, 0xF0, 0x03, 0x00, 0x70, 0x00, 0x06, 0x07, 0xE0, 0x7E, 0x07, 0xE0, 0x7E, 0x07,
    0xE0, 0x7E, 0x07, 0xE0, 0x7E, 0x07, 0xE0, 0x77, 0x07, 0x78, 0xF7, 0xFF, 0x3F, 0xF0, 0x40, 0x01,
    0xC0, 0x00, 0xE0, 0x00, 0xE0, 0x00, 0x70, 0x70, 0x00, 0x3E, 0x00, 0x7F, 0x80, 0x3F, 0xC0, 0x1E,
    0xE0, 0x0E, 0x70, 0x07, 0x38, 0x03, 0x9C, 0x01, 0xCE, 0x00, 0xE7, 0x00, 0x73, 0x80, 0x39, 0xC0,
    0x1C, 0xE0, 0x0E, 0x70, 0x07, 0x38, 0x03, 0x9C, 0x03, 0x8F, 0x01, 0xC3, 0xC3, 0xE0, 0xFF, 0xE0,
    0x3F, 0xE0, 0x07, 0x80, 0x00, 0x03, 0xC0, 0x0E, 0x00, 0x30, 0xC1, 0xC7, 0x00, 0x1D, 0x81, 0xFE,
    0x07, 0xF8, 0x1C, 0xE0, 0x73, 0x81, 0xCE, 0x07, 0x38, 0x1C, 0xE0, 0x73, 0x81, 0xCE, 0x07, 0x1C,
    0x1C, 0x78, 0xF1, 0xFF, 0xC3, 0xFF, 0x01, 0x00, 0x0E, 0x00, 0x07, 0x00, 0x01, 0xC0, 0x00, 0x60,
    0x70, 0x00, 0x3E, 0x00, 0x7F, 0x80, 0x3F, 0xC0, 0x1E, 0xE0, 0x0E, 0x70, 0x07, 0x38, 0x03, 0x9C,
    0x01, 0xCE, 0x00, 0xE7, 0x00, 0x73, 0x80, 0x39, 0xC0, 0x1C, 0xE0, 0x0E, 0x70, 0x07, 0x38, 0x03,
    0x9C, 0x03, 0x8F, 0x01, 0xC3, 0xC3, 0xE0, 0xFF, 0xE0, 0x3F, 0xE0, 0x07, 0x80, 0x00, 0x1C, 0x00,
    0x78, 0x00, 0xE0, 0xC1, 0x87, 0x00, 0x1D, 0x81, 0xFE, 0x07, 0xF8, 0x1C, 0xE0, 0x73, 0x81, 0xCE,
    0x07, 0x38, 0x1C, 0xE0, 0x73, 0x81, 0xCE, 0x07, 0x1C, 0x1C, 0x78, 0xF1, 0xFF, 0xC3, 0xFF, 0x01,
    0x00, 0x07, 0x80, 0x03, 0xC0, 0x00, 0x60, 0x00, 0x70, 0x70, 0x00, 0x3E, 0x00, 0x7F, 0x80, 0x3F,
    0xC0, 0x1E, 0xE0, 0x0E, 0x70, 0x07, 0x38, 0x03, 0x9C, 0x01, 0xCE, 0x00, 0xE7, 0x00, 0x73, 0x80,
    0x39, 0xC0, 0x1C, 0xE0, 0x0E, 0x70, 0x07, 0x38, 0x03, 0x9C, 0x03, 0x8F, 0x01, 0xC3, 0xC3, 0xE0,
    0xFF, 0xE0, 0x3F, 0xE0, 0x07, 0x80, 0x00, 0x0F, 0x00, 0x3C, 0x00, 0x30, 0xC1, 0xC7, 0x00, 0x1D,
    0x81, 0xFE, 0x07, 0xF8, 0x1C, 0xE0, 0x73, 0x81, 0xCE, 0x07, 0x38, 0x1C, 0xE0, 0x73, 0x81, 0xCE,
    0x07, 0x1C, 0x1C, 0x78, 0xF1, 0xFF, 0xC3, 0xFF, 0x01, 0x00, 0x0E, 0x60, 0x07, 0xF0, 0x07, 0xF8,
    0x00, 0x00, 0x70, 0x00, 0x3E, 0x00, 0x7F, 0x80, 0x3F, 0xC0, 0x1E, 0xE0, 0x0E, 0x70, 0x07, 0x38,
    0x03, 0x9C, 0x01, 0xCE, 0x00, 0xE7, 0x00, 0x73, 0x80, 0x39, 0xC0, 0x1C, 0xE0, 0x0E, 0x70, 0x07,
    0x38, 0x03, 0x9C, 0x03, 0x8F, 0x01, 0xC3, 0xC3, 0xE0, 0xFF, 0xE0, 0x3F, 0xE0, 0x07, 0x80, 0x00,
    0x0C, 0xC0, 0x7F, 0x03, 0xFC, 0xC0, 0x07, 0x00, 0x1D, 0x81, 0xFE, 0x07, 0xF8, 0x1C, 0xE0, 0x73,
    0x81, 0xCE, 0x07, 0x38, 0x1C, 0xE0, 0x73, 0x81, 0xCE, 0x07, 0x1C, 0x1C, 0x78, 0xF1, 0xFF, 0xC3,
    0xFF, 0x01, 0x00, 0x00, 0x03, 0x80, 0x01, 0xF0, 0x03, 0xFC, 0x01, 0xFE, 0x00, 0xF7, 0x00, 0x73,
    0x80, 0x39, 0xC0, 0x1C, 0xE0, 0x0E, 0x70, 0x07, 0x38, 0x03, 0x9C, 0x01, 0xCE, 0x00, 0xE7, 0x00,
    0x73, 0x80, 0x39, 0xC0, 0x1C, 0xE0, 0x1C, 0x78, 0x0E, 0x1E, 0x1F, 0x07, 0xFF, 0x01, 0xFF, 0x00,
    0x3C, 0x00, 0x00, 0x00, 0x07, 0x00, 0x07, 0x80, 0x01, 0xC0, 0x00, 0x40, 0x00, 0x00, 0x0C, 0x00,
    0x70, 0x01, 0xD8, 0x1F, 0xE0, 0x7F, 0x81, 0xCE, 0x07, 0x38, 0x1C, 0xE0, 0x73, 0x81, 0xCE, 0x07,
    0x38, 0x1C, 0xE0, 0x71, 0xC1, 0xC7, 0x8F, 0x1F, 0xFC, 0x3F, 0xF0, 0x10, 0x00, 0x00, 0x01, 0xC0,
    0x07, 0x00, 0x1C, 0x00, 0x20, 0x00, 0x07, 0x00, 0x01, 0xC0, 0x00, 0xE0, 0x00, 0x30, 0x00, 0x00,
    0x03, 0x00, 0x19, 0xC0, 0x1C, 0xF0, 0x1E, 0x38, 0x0E, 0x1E, 0x0E, 0x07, 0x0F, 0x01, 0xC7, 0x00,
    0xF7, 0x00, 0x3B, 0x80, 0x0F, 0x80, 0x07, 0xC0, 0x01, 0xC0, 0x00, 0xE0, 0x00, 0x70, 0x00, 0x38,
    0x00, 0x1C, 0x00, 0x0E, 0x00, 0x07, 0x00, 0x03, 0x80, 0x0E, 0x00, 0x38, 0x00, 0x70, 0x01, 0xC0,
    0x00, 0x03, 0x80, 0xE7, 0x03, 0x9C, 0x0E, 0x70, 0x70, 0xE1, 0xC3, 0x87, 0x0F, 0x38, 0x1C, 0xE0,
    0x73, 0x00, 0xFC, 0x03, 0xF0, 0x0F, 0x80, 0x1E, 0x00, 0x78, 0x01, 0xC0, 0x07, 0x00, 0x38, 0x03,
    0xE0, 0x1F, 0x00, 0x30, 0x00, 0x60, 0x03, 0x38, 0x03, 0x9E, 0x03, 0xC7, 0x01, 0xC3, 0xC1, 0xC0,
    0xE1, 0xE0, 0x38, 0xE0, 0x1E, 0xE0, 0x07, 0x70, 0x01, 0xF0, 0x00, 0xF8, 0x00, 0x38, 0x00, 0x1C,
    0x00, 0x0E, 0x00, 0x07, 0x00, 0x03, 0x80, 0x01, 0xC0, 0x00, 0xE0, 0x00, 0x70, 0x00, 0x00, 0x00,
    0x00, 0x00, 0x0E, 0x00, 0x07, 0x00, 0x03, 0x80, 0x00, 0x80, 0x00, 0xE0, 0x39, 0xC0, 0xE7, 0x03,
    0x9C, 0x1C, 0x38, 0x70, 0xE1, 0xC3, 0xCE, 0x07, 0x38, 0x1C, 0xC0, 0x3F, 0x00, 0xFC, 0x03, 0xE0,
    0x07, 0x80, 0x1E, 0x00, 0x70, 0x01, 0xC0, 0x0E, 0x70, 0xFB, 0xC7, 0xC7, 0x0C, 0x08, 0x03, 0xC0,
    0x01, 0xF0, 0x00, 0x30, 0x00, 0x38, 0x00, 0x00, 0x03, 0x00, 0x19, 0xC0, 0x1C, 0xF0, 0x1E, 0x38,
    0x0E, 0x1E, 0x0E, 0x07, 0x0F, 0x01, 0xC7, 0x00, 0xF7, 0x00, 0x3B, 0x80, 0x0F, 0x80, 0x07, 0xC0,
    0x01, 0xC0, 0x00, 0xE0, 0x00, 0x70, 0x00, 0x38, 0x00, 0x1C, 0x00, 0x0E, 0x00, 0x07, 0x00, 0x03,
    0x80, 0x07, 0x80, 0x1E, 0x00, 0x38, 0x00, 0xC0, 0x00, 0x03, 0x80, 0xE7, 0x03, 0x9C, 0x0E, 0x70,
    0x70, 0xE1, 0xC3, 0x87, 0x0F, 0x38, 0x1C, 0xE0, 0x73, 0x00, 0xFC, 0x03, 0xF0, 0x0F, 0x80, 0x1E,
    0x00, 0x78, 0x01, 0xC0, 0x07, 0x00, 0x38, 0x03, 0xE0, 0x1F, 0x00, 0x30, 0x00, 0x00, 0x00, 0x0F,
    0x18, 0x1B, 0x98, 0x19, 0xD8, 0x18, 0xF0, 0x00, 0x00, 0x30, 0x0C, 0x30, 0x0C, 0x30, 0x0C, 0x18,
    0x18, 0x18, 0x18, 0x0C, 0x30, 0x0C, 0x30, 0x06, 0x60, 0x06, 0x60, 0x03, 0xC0, 0x03, 0xC0, 0x01,
    0x80, 0x01, 0x80, 0x01, 0x80, 0x01, 0x80, 0x01, 0x80, 0x01, 0x80, 0x01, 0x80, 0x01, 0x80, 0x01,
    0x80, 0x00, 0x00, 0x00, 0x00, 0x00, 0x00, 0x00, 0x00, 0x00, 0x00, 0x00, 0x00, 0x00, 0x00, 0x00,
    0x00, 0x00, 0x00, 0x00, 0x00, 0x00, 0x00, 0x00, 0x00, 0x0F, 0x18, 0x1B, 0x98, 0x19, 0xD8, 0x18,
    0xF0, 0x00, 0x00, 0x00, 0x00, 0x30, 0x0C, 0x30, 0x0C, 0x30, 0x0C, 0x30, 0x0C, 0x30, 0x0C, 0x30,
    0x0C, 0x30, 0x0C, 0x30, 0x0C, 0x30, 0x0C, 0x30, 0x0C, 0x30, 0x0C, 0x38, 0x0C, 0x1F, 0xFC, 0x0F,
    0xFC, 0x00, 0x0C, 0x00, 0x0C, 0x00, 0x1C, 0x1F, 0xF8, 0x1F, 0xF0, 0x00, 0x00, 0x00, 0x00, 0x00,
    0x00, 0x00, 0x00, 0x00, 0x00, 0x00, 0x00, 0x00, 0x00, 0x00, 0x00, 0x00, 0x00, 0x00, 0x00, 0x00,
    0x00, 0x00, 0x00, 0x00, 0x00, 0x00, 0x00, 0x00, 0x00, 0x00, 0x00, 0x00, 0x00, 0x00, 0x00, 0x00,
    0x00, 0x00, 0x00, 0x00, 0x00, 0x00, 0x00, 0x00, 0x00, 0x00, 0x00, 0x00, 0x00, 0x00, 0x00, 0x00,
    0x00, 0x00, 0x00, 0x00, 0x00, 0x00, 0x00, 0x00, 0x00, 0x00, 0x00, 0x00, 0x00, 0x00, 0x00, 0x00,
    0x00, 0x00, 0x00, 0x00, 0x00, 0x00, 0x00, 0x00, 0x00, 0x00, 0x00, 0x00, 0x00, 0x00, 0x00, 0x00,
    0x00, 0x00, 0x00, 0x00, 0x00, 0x00, 0x00, 0x00, 0x00, 0x00, 0x00, 0x00, 0x00, 0x00, 0x00, 0x00,
    0x00, 0x00, 0x00, 0x00, 0x00, 0x00, 0x00, 0x00, 0x00, 0x00, 0x00, 0x00, 0x00, 0x00, 0x00, 0x00,
    0x00, 0x00, 0x00, 0x00, 0x00, 0x00, 0x00, 0x00, 0x00, 0x00, 0x00, 0x00, 0x00, 0x00, 0x00, 0x00,
    0x00, 0x00, 0x00, 0x00, 0x00, 0x00, 0x00, 0x00, 0x00, 0x00, 0x00, 0x00, 0x00, 0x00, 0x00, 0x00,
    0x00, 0x00, 0x00, 0x00, 0x00, 0x00, 0x00, 0x00, 0x00, 0x00, 0x00, 0x00, 0x00, 0x00, 0x00, 0x00,
    0x00, 0x00, 0x00, 0x00, 0x00, 0x00, 0x00, 0x00, 0x00, 0x00, 0x00, 0x00, 0x00, 0x00, 0x00, 0x00,
    0x00, 0x00, 0x00, 0x00, 0x00, 0x00, 0x00, 0x00, 0x00, 0x00, 0x00, 0x00, 0x00, 0x00, 0x00, 0x00,
    0x00, 0x00, 0x00, 0x00, 0x00, 0x00, 0x00, 0x00, 0x00, 0x00, 0x00, 0x00, 0x00, 0x00, 0x00, 0x00,
    0x00, 0x00, 0x00, 0x00, 0x00, 0x00, 0x00, 0x00, 0x00, 0x00, 0x00, 0x00, 0x00, 0x00, 0x00, 0x00,
    0x00, 0x00, 0x00, 0x00, 0x00, 0x00, 0x00, 0x00, 0x00, 0x00, 0x00, 0x00, 0x00, 0x00, 0x00, 0x00,
    0x00, 0x00, 0x00, 0x00, 0x00, 0x00, 0x00, 0x00, 0x00, 0x00, 0x00, 0x00, 0x00, 0x00, 0x00, 0x00,
    0x00, 0x00, 0x00, 0x00, 0x00, 0x00, 0x00, 0x00, 0x00, 0x00, 0x00, 0x00, 0x00, 0x00, 0x00, 0x00,
    0x00, 0x00, 0x00, 0x00, 0x00, 0x00, 0x00, 0x00, 0x00, 0x00, 0x00, 0x00, 0x00, 0x00, 0x00, 0x00,
    0x00, 0x00, 0x00, 0x00, 0x00, 0x00, 0x00, 0x00, 0x00, 0x00, 0x00, 0x00, 0x00, 0x00, 0x00, 0x00,
    0x00, 0x00, 0x00, 0x00, 0x00, 0x00, 0x00, 0x00, 0x00, 0x00, 0x00, 0x00, 0x00, 0x00, 0x00, 0x00,
    0x00, 0x00, 0x00, 0x00, 0x00, 0x00, 0x00, 0x00, 0x00, 0x00, 0x00, 0x00, 0x00, 0x00, 0x00, 0x00,
    0x00, 0x00, 0x00, 0x00, 0x00, 0x00, 0x00, 0x00, 0x00, 0x00, 0x00, 0x00, 0x00, 0x00, 0x00, 0x00,
    0x00, 0x00, 0x00, 0x00, 0x00, 0x00, 0x00, 0x00, 0x00, 0x00, 0x00, 0x00, 0x00, 0x00, 0x00, 0x00,
    0x00, 0x00, 0x00, 0x00, 0x00, 0x00, 0x00, 0x00, 0x00, 0x00, 0x00, 0x00, 0x00, 0x00, 0x00, 0x00,
    0x00, 0x00, 0x00, 0x00, 0x00, 0x00, 0x00, 0x00, 0x00, 0x00, 0x00, 0x00, 0x00, 0x00, 0x00, 0x00,
    0x00, 0x00, 0x00, 0x00, 0x00, 0x00, 0x00, 0x00, 0x00, 0x00, 0x00, 0x00, 0x00, 0x00, 0x00, 0x00,
    0x00, 0x00, 0x00, 0x00, 0x00, 0x00, 0x00, 0x00, 0x00, 0x00, 0x00, 0x00, 0x00, 0x00, 0x00, 0x00,
    0x00, 0x00, 0x00, 0x00, 0x00, 0x00, 0x00, 0x00, 0x00, 0x00, 0x00, 0x00, 0x00, 0x00, 0x00, 0x00,
    0x00, 0x00, 0x00, 0x00, 0x00, 0x00, 0x00, 0x00, 0x00, 0x00, 0x00, 0x00, 0x00, 0x00, 0x00, 0x00,
    0x00, 0x00, 0x00, 0x00, 0x00, 0x00, 0x00, 0x00, 0x00, 0x00, 0x00, 0x00, 0x00, 0x00, 0x00, 0x00,
    0x00, 0x00, 0x00, 0x00, 0x00, 0x00, 0x00, 0x00, 0x00, 0x00, 0x00, 0x00, 0x00, 0x00, 0x00, 0x00,
    0x00, 0x00, 0x00, 0x00, 0x00, 0x00, 0x00, 0x00, 0x00, 0x00, 0x00, 0x00, 0x00, 0x00, 0x00, 0x00,
    0x00, 0x00, 0x00, 0x00, 0x00, 0x00, 0x00, 0x00, 0x00, 0x00, 0x00, 0x00, 0x00, 0x00, 0x00, 0x00,
    0x00, 0x00, 0x00, 0x00, 0x00, 0x00, 0x00, 0x00, 0x00, 0x00, 0x00, 0x00, 0x00, 0x00, 0x00, 0x00,
    0x00, 0x00, 0x00, 0x00, 0x00, 0x00, 0x00, 0x00, 0x00, 0x00, 0x00, 0x00, 0x00, 0x00, 0x00, 0x00,
    0x00, 0x00, 0x00, 0x00, 0x00, 0x00, 0x00, 0x00, 0x00, 0x00, 0x00, 0x00, 0x00, 0x00, 0x00, 0x00,
    0x00, 0x00, 0x00, 0x00, 0x00, 0x00, 0x00, 0x00, 0x00, 0x00, 0x00, 0x00, 0x00, 0x00, 0x00, 0x00,
    0x00, 0x00, 0x00, 0x00, 0x00, 0x00, 0x00, 0x00, 0x00, 0x00, 0x00, 0x00, 0x00, 0x00, 0x00, 0x00,
    0x00, 0x00, 0x00, 0x00, 0x00, 0x00, 0x00, 0x00, 0x00, 0x00, 0x00, 0x00, 0x00, 0x00, 0x00, 0x00,
    0x00, 0x00, 0x00, 0x00, 0x00, 0x00, 0x00, 0x00, 0x00, 0x00, 0x00, 0x00, 0x00, 0x00, 0x00, 0x00,
    0x00, 0x00, 0x00, 0x00, 0x00, 0x00, 0x00, 0x00, 0x00, 0x00, 0x00, 0x00, 0x00, 0x00, 0x00, 0x00,
    0x00, 0x00, 0x00, 0x00, 0x00, 0x00, 0x00, 0x00, 0x00, 0x00, 0x00, 0x00, 0x00, 0x00, 0x00, 0x00,
    0x00, 0x00, 0x00, 0x00, 0x00, 0x00, 0x00, 0x00, 0x00, 0x00, 0x00, 0x00, 0x00, 0x00, 0x00, 0x00,
    0x00, 0x00, 0x00, 0x00, 0x00, 0x00, 0x00, 0x00, 0x00, 0x00, 0x00, 0x00, 0x00, 0x00, 0x00, 0x00,
    0x00, 0x00, 0x00, 0x00, 0x00, 0x00, 0x00, 0x00, 0x00, 0x00, 0x00, 0x00, 0x00, 0x00, 0x00, 0x00,
    0x00, 0x00, 0x00, 0x00, 0x00, 0x00, 0x00, 0x00, 0x00, 0x00, 0x00, 0x1F, 0xF8, 0x1F, 0xF8, 0x00,
    0x00, 0x00, 0x00, 0x00, 0x00, 0x00, 0x00, 0x00, 0x00, 0x00, 0x00, 0x00, 0x00, 0x00, 0x00, 0x00,
    0x00, 0x00, 0x00, 0x00, 0x00, 0x00, 0x00, 0x00, 0x00, 0x00, 0x00, 0x00, 0x00, 0x00, 0x00, 0x00,
    0x00, 0x00, 0x00, 0x00, 0x00, 0x00, 0x00, 0x00, 0x00, 0x00, 0x00, 0x00, 0x00, 0x00, 0x00, 0x00,
    0x00, 0x00, 0x00, 0x00, 0x00, 0x00, 0x00, 0x00, 0x00, 0x00, 0x00, 0x1F, 0xF8, 0x1F, 0xF8, 0x00,
    0x00, 0x00, 0x00, 0x00, 0x00, 0x00, 0x00, 0x00, 0x00, 0x00, 0x00, 0x00, 0x00, 0x00, 0x00, 0x00,
    0x00, 0x00, 0x00, 0x00, 0x00, 0x00, 0x00, 0x00, 0x00, 0x00, 0x00, 0x00, 0x00, 0x00, 0x00, 0x00,
    0x00, 0x00, 0x00, 0x00, 0x00, 0x00, 0x00, 0x00, 0x00, 0x00, 0x00, 0x00, 0x00, 0x00, 0x00, 0x00,
    0x00, 0x00, 0x00, 0x00, 0x00, 0x00, 0x00, 0x00, 0x00, 0x00, 0x00, 0x3F, 0xFC, 0x3F, 0xFC, 0x00,
    0x00, 0x00, 0x00, 0x00, 0x00, 0x00, 0x00, 0x00, 0x00, 0x00, 0x00, 0x00, 0x00, 0x00, 0x00, 0x00,
    0x00, 0x00, 0x00, 0x00, 0x00, 0x00, 0x00, 0x00, 0x00, 0x00, 0x00, 0x00, 0x00, 0x00, 0x00, 0x00,
    0x00, 0x00, 0x00, 0x00, 0x00, 0x00, 0x00, 0x00, 0x00, 0x00, 0x00, 0x00, 0x00, 0x00, 0x00, 0x00,
    0x00, 0x00, 0x00, 0x00, 0x00, 0x00, 0x00, 0x00, 0x00, 0x00, 0x00, 0x3F, 0xFC, 0x3F, 0xFC, 0x00,
    0x00, 0x00, 0x00, 0x00, 0x00, 0x00, 0x00, 0x00, 0x00, 0x00, 0x00, 0x00, 0x00, 0x00, 0x00, 0x00,
    0x00, 0x00, 0x00, 0x00, 0x00, 0x00, 0x00, 0x00, 0x00, 0x00, 0x00, 0x00, 0x00, 0x00, 0x00, 0x00,
    0x00, 0x00, 0x00, 0x00, 0x00, 0x00, 0x00, 0x00, 0x00, 0x00, 0x00, 0x00, 0x00, 0x00, 0x00, 0x00,
    0x00, 0x00, 0x00, 0x00, 0x00, 0x00, 0x00, 0x00, 0x00, 0x00, 0x00, 0x7F, 0xFC, 0x7F, 0xFC, 0x00,
    0x00, 0x00, 0x00, 0x00, 0x00, 0x00, 0x00, 0x00, 0x00, 0x00, 0x00, 0x00, 0x00, 0x00, 0x00, 0x00,
    0x00, 0x00, 0x00, 0x00, 0x00, 0x00, 0x00, 0x00, 0x00, 0x00, 0x00, 0x00, 0x00, 0x00, 0x00, 0x00,
    0x00, 0x00, 0x00, 0x00, 0x00, 0x00, 0x00, 0x00, 0x00, 0x00, 0x00, 0x00, 0x00, 0x00, 0x00, 0x00,
    0x00, 0x00, 0x00, 0x00, 0x00, 0x00, 0x00, 0x00, 0x00, 0x00, 0x00, 0x7F, 0xFC, 0x7F, 0xFC, 0x00,
    0x00, 0x00, 0x00, 0x00, 0x00, 0x00, 0x00, 0x00, 0x00, 0x00, 0x00, 0x00, 0x00, 0x00, 0x00, 0x00,
    0x00, 0x00, 0x00, 0x00, 0x00, 0x00, 0x00, 0x00, 0x00, 0x00, 0x00, 0x00, 0x00, 0x00, 0x00, 0x00,
    0x00, 0x00, 0x00, 0x00, 0x00, 0x00, 0x00, 0x00, 0x00, 0x06, 0x60, 0x06, 0x60, 0x06, 0x60, 0x06,
    0x60, 0x06, 0x60, 0x06, 0x60, 0x06, 0x60, 0x06, 0x60, 0x06, 0x60, 0x06, 0x60, 0x06, 0x60, 0x06,
    0x60, 0x06, 0x60, 0x06, 0x60, 0x06, 0x60, 0x06, 0x60, 0x06, 0x60, 0x06, 0x60, 0x06, 0x60, 0x06,
    0x60, 0x00, 0x00, 0x00, 0x00, 0x00, 0x00, 0x00, 0x00, 0x00, 0x00, 0x00, 0x00, 0x00, 0x00, 0x00,
    0x00, 0x00, 0x00, 0x00, 0x00, 0x00, 0x00, 0x00, 0x00, 0x00, 0x00, 0x00, 0x00, 0x00, 0x00, 0x00,
    0x00, 0x00, 0x00, 0x00, 0x00, 0x00, 0x00, 0x00, 0x00, 0x00, 0x00, 0x00, 0x00, 0x00, 0x00, 0x00,
    0x00, 0x00, 0x00, 0x00, 0x00, 0x00, 0x00, 0x00, 0x00, 0x00, 0x00, 0x00, 0x00, 0x00, 0x00, 0x00,
    0x00, 0x3F, 0xFC, 0x3F, 0xFC, 0x00, 0x00, 0x00, 0x00, 0x3F, 0xFC, 0x3F, 0xFC, 0x00, 0x00, 0x00,
    0x00, 0x00, 0x00, 0x00, 0x00, 0x00, 0xC0, 0x00, 0xC0, 0x01, 0x80, 0x01, 0x80, 0x01, 0x80, 0x01,
    0x80, 0x00, 0x00, 0x00, 0x00, 0x00, 0x00, 0x00, 0x00, 0x00, 0x00, 0x00, 0x00, 0x00, 0x00, 0x00,
    0x00, 0x00, 0x00, 0x00, 0x00, 0x00, 0x00, 0x00, 0x00, 0x00, 0x00, 0x00, 0x00, 0x00, 0x00, 0x00,
    0x00, 0x00, 0x00, 0x00, 0x00, 0x00, 0x00, 0x00, 0x00, 0x00, 0x00, 0x00, 0x00, 0x00, 0x00, 0x00,
    0x00, 0x00, 0x00, 0x00, 0x00, 0x01, 0x80, 0x01, 0x80, 0x01, 0x80, 0x01, 0x80, 0x03, 0x00, 0x03,
    0x00, 0x00, 0x00, 0x00, 0x00, 0x00, 0x00, 0x00, 0x00, 0x00, 0x00, 0x00, 0x00, 0x00, 0x00, 0x00,
    0x00, 0x00, 0x00, 0x00, 0x00, 0x00, 0x00, 0x00, 0x00, 0x00, 0x00, 0x00, 0x00, 0x00, 0x00, 0x00,
    0x00, 0x00, 0x00, 0x00, 0x00, 0x00, 0x00, 0x00, 0x00, 0x00, 0x00, 0x00, 0x00, 0x00, 0x00, 0x00,
    0x00, 0x00, 0x00, 0x00, 0x00, 0x00, 0x00, 0x00, 0x00, 0x00, 0x00, 0x00, 0x00, 0x00, 0x00, 0x00,
    0x00, 0x00, 0x00, 0x00, 0x00, 0x00, 0x00, 0x00, 0x00, 0x00, 0x00, 0x00, 0x00, 0x00, 0x00, 0x00,
    0x00, 0x00, 0x00, 0x00, 0x00, 0x00, 0x00, 0x00, 0x00, 0x01, 0x80, 0x01, 0x80, 0x01, 0x80, 0x01,
    0x80, 0x03, 0x00, 0x03, 0x00, 0x00, 0x00, 0x00, 0x00, 0x00, 0x00, 0x00, 0x00, 0x00, 0x00, 0x00,
    0x00, 0x00, 0x00, 0x00, 0x00, 0x01, 0x80, 0x01, 0x80, 0x01, 0x80, 0x01, 0x80, 0x00, 0xC0, 0x00,
    0xC0, 0x00, 0x00, 0x00, 0x00, 0x00, 0x00, 0x00, 0x00, 0x00, 0x00, 0x00, 0x00, 0x00, 0x00, 0x00,
    0x00, 0x00, 0x00, 0x00, 0x00, 0x00, 0x00, 0x00, 0x00, 0x00, 0x00, 0x00, 0x00, 0x00, 0x00, 0x00,
    0x00, 0x00, 0x00, 0x00, 0x00, 0x00, 0x00, 0x00, 0x00, 0x00, 0x00, 0x00, 0x00, 0x00, 0x00, 0x00,
    0x00, 0x00, 0x00, 0x00, 0x00, 0x06, 0x18, 0x06, 0x18, 0x0C, 0x30, 0x0C, 0x30, 0x0C, 0x30, 0x0C,
    0x30, 0x00, 0x00, 0x00, 0x00, 0x00, 0x00, 0x00, 0x00, 0x00, 0x00, 0x00, 0x00, 0x00, 0x00, 0x00,
    0x00, 0x00, 0x00, 0x00, 0x00, 0x00, 0x00, 0x00, 0x00, 0x00, 0x00, 0x00, 0x00, 0x00, 0x00, 0x00,
    0x00, 0x00, 0x00, 0x00, 0x00, 0x00, 0x00, 0x00, 0x00, 0x00, 0x00, 0x00, 0x00, 0x00, 0x00, 0x00,
    0x00, 0x00, 0x00, 0x00, 0x00, 0x06, 0x18, 0x06, 0x18, 0x06, 0x18, 0x06, 0x18, 0x0C, 0x30, 0x0C,
    0x30, 0x00, 0x00, 0x00, 0x00, 0x00, 0x00, 0x00, 0x00, 0x00, 0x00, 0x00, 0x00, 0x00, 0x00, 0x00,
    0x00, 0x00, 0x00, 0x00, 0x00, 0x00, 0x00, 0x00, 0x00, 0x00, 0x00, 0x00, 0x00, 0x00, 0x00, 0x00,
    0x00, 0x00, 0x00, 0x00, 0x00, 0x00, 0x00, 0x00, 0x00, 0x00, 0x00, 0x00, 0x00, 0x00, 0x00, 0x00,
    0x00, 0x00, 0x00, 0x00, 0x00, 0x00, 0x00, 0x00, 0x00, 0x00, 0x00, 0x00, 0x00, 0x00, 0x00, 0x00,
    0x00, 0x00, 0x00, 0x00, 0x00, 0x00, 0x00, 0x00, 0x00, 0x00, 0x00, 0x00, 0x00, 0x00, 0x00, 0x00,
    0x00, 0x00, 0x00, 0x00, 0x00, 0x00, 0x00, 0x00, 0x00, 0x0C, 0x30, 0x0C, 0x30, 0x0C, 0x30, 0x0C,
    0x30, 0x18, 0x60, 0x18, 0x60, 0x00, 0x00, 0x00, 0x00, 0x00, 0x00, 0x00, 0x00, 0x00, 0x00, 0x00,
    0x00, 0x00, 0x00, 0x00, 0x00, 0x18, 0x60, 0x18, 0x60, 0x18, 0x60, 0x18, 0x60, 0x0C, 0x30, 0x0C,
    0x30, 0x00, 0x00, 0x00, 0x00, 0x00, 0x00, 0x00, 0x00, 0x00, 0x00, 0x00, 0x00, 0x00, 0x00, 0x00,
    0x00, 0x00, 0x00, 0x00, 0x00, 0x00, 0x00, 0x00, 0x00, 0x00, 0x00, 0x00, 0x00, 0x00, 0x00, 0x00,
    0x00, 0x00, 0x00, 0x00, 0x00, 0x00, 0x00, 0x00, 0x00, 0x00, 0x00, 0x00, 0x00, 0x00, 0x00, 0x00,
    0x00, 0x00, 0x00, 0x00, 0x00, 0x00, 0x00, 0x00, 0x00, 0x01, 0x80, 0x01, 0x80, 0x01, 0x80, 0x01,
    0x80, 0x1F, 0xF8, 0x1F, 0xF8, 0x01, 0x80, 0x01, 0x80, 0x01, 0x80, 0x01, 0x80, 0x01, 0x80, 0x01,
    0x80, 0x01, 0x80, 0x01, 0x80, 0x01, 0x80, 0x01, 0x80, 0x01, 0x80, 0x01, 0x80, 0x01, 0x80, 0x01,
    0x80, 0x00, 0x00, 0x00, 0x00, 0x00, 0x00, 0x00, 0x00, 0x00, 0x00, 0x00, 0x00, 0x00, 0x00, 0x00,
    0x00, 0x00, 0x00, 0x00, 0x00, 0x00, 0x00, 0x00, 0x00, 0x01, 0x80, 0x01, 0x80, 0x01, 0x80, 0x01,
    0x80, 0x1F, 0xF8, 0x1F, 0xF8, 0x01, 0x80, 0x01, 0x80, 0x01, 0x80, 0x01, 0x80, 0x01, 0x80, 0x01,
    0x80, 0x01, 0x80, 0x01, 0x80, 0x1F, 0xF8, 0x1F, 0xF8, 0x01, 0x80, 0x01, 0x80, 0x01, 0x80, 0x01,
    0x80, 0x00, 0x00, 0x00, 0x00, 0x00, 0x00, 0x00, 0x00, 0x00, 0x00, 0x00, 0x00, 0x00, 0x00, 0x00,
    0x00, 0x00, 0x00, 0x00, 0x00, 0x00, 0x00, 0x00, 0x00, 0x00, 0x00, 0x00, 0x00, 0x00, 0x00, 0x00,
    0x00, 0x00, 0x00, 0x00, 0x00, 0x00, 0x00, 0x03, 0xC0, 0x07, 0xE0, 0x07, 0xE0, 0x07, 0xE0, 0x07,
    0xE0, 0x03, 0xC0, 0x00, 0x00, 0x00, 0x00, 0x00, 0x00, 0x00, 0x00, 0x00, 0x00, 0x00, 0x00, 0x00,
    0x00, 0x00, 0x00, 0x00, 0x00, 0x00, 0x00, 0x00, 0x00, 0x00, 0x00, 0x00, 0x00, 0x01, 0x83, 0xC7,
    0xCF, 0xFF, 0xBE, 0x70, 0x80, 0x03, 0xBC, 0xE2, 0x00, 0x00, 0x0E, 0x1F, 0xC7, 0xB8, 0x72, 0x00,
    0x00, 0x00, 0x00, 0x00, 0x00, 0x00, 0x00, 0x00, 0x00, 0x00, 0x00, 0x00, 0x00, 0x00, 0x00, 0x00,
    0x00, 0x00, 0x00, 0x00, 0x00, 0x00, 0x00, 0x00, 0x00, 0x00, 0x00, 0x00, 0x00, 0x00, 0x00, 0x00,
    0x00, 0x00, 0x00, 0x00, 0x00, 0x00, 0x00, 0x00, 0x00, 0x00, 0x00, 0x00, 0x31, 0x8C, 0x31, 0x8C,
    0x31, 0x8C, 0x31, 0x8C, 0x00, 0x00, 0x00, 0x00, 0x00, 0x00, 0x00, 0x00, 0x00, 0x00, 0x00, 0x00,
    0x03, 0xBC, 0xE2, 0x00, 0x00, 0x00, 0x00, 0x00, 0x00, 0x00, 0x00, 0x00, 0x00, 0x00, 0x00, 0x00,
    0x1C, 0x30, 0x3E, 0x30, 0x36, 0x60, 0x36, 0x60, 0x3E, 0xC0, 0x1C, 0xC0, 0x01, 0x80, 0x01, 0x80,
    0x03, 0x00, 0x03, 0x00, 0x06, 0x00, 0x06, 0x00, 0x0C, 0x00, 0x0C, 0x00, 0x19, 0xDC, 0x1B, 0xFE,
    0x33, 0x76, 0x33, 0x76, 0x63, 0xFE, 0x61, 0xDC, 0x00, 0x00, 0x00, 0x00, 0x00, 0x00, 0x00, 0x00,
    0x00, 0x00, 0x00, 0x00, 0x3C, 0x01, 0x80, 0x00, 0x03, 0xF0, 0x1C, 0x00, 0x00, 0x1F, 0xC1, 0xC0,
    0x00, 0x01, 0xCE, 0x0E, 0x00, 0x00, 0x0E, 0x30, 0xE0, 0x00, 0x00, 0x73, 0x8E, 0x00, 0x00, 0x03,
    0x9C, 0x70, 0x00, 0x00, 0x0F, 0xC7, 0x00, 0x00, 0x00, 0x3E, 0x70, 0x00, 0x00, 0x00, 0x03, 0x80,
    0x00, 0x00, 0x00, 0x38, 0x00, 0x00, 0x00, 0x03, 0x8F, 0x87, 0xC7, 0xE0, 0x1C, 0xFE, 0x7F, 0x3F,
    0x81, 0xC7, 0x33, 0x3B, 0x9C, 0x1C, 0x31, 0xF8, 0xDC, 0xE0, 0xC1, 0x8F, 0xC6, 0xE7, 0x0E, 0x0C,
    0x7E, 0x37, 0x38, 0xE0, 0x7F, 0x3F, 0x9F, 0xCE, 0x01, 0xF9, 0xF8, 0xFC, 0x00, 0x07, 0x03, 0x81,
    0x80, 0x00, 0x00, 0x00, 0x00, 0x00, 0x00, 0x00, 0x00, 0x01, 0xC0, 0x01, 0xC0, 0x01, 0xC0, 0x01,
    0x80, 0x01, 0x80, 0x01, 0x80, 0x01, 0x80, 0x01, 0x80, 0x00, 0x00, 0x00, 0x00, 0x00, 0x00, 0x00,
    0x00, 0x00, 0x00, 0x00, 0x00, 0x00, 0x00, 0x00, 0x00, 0x00, 0x00, 0x00, 0x00, 0x00, 0x00, 0x00,
    0x00, 0x00, 0x00, 0x00, 0x00, 0x00, 0x00, 0x00, 0x00, 0x00, 0x00, 0x00, 0x00, 0x00, 0x00, 0x00,
    0x00, 0x00, 0x00, 0x00, 0x00, 0x00, 0x00, 0x00, 0x00, 0x1C, 0x70, 0x1C, 0x70, 0x1C, 0x70, 0x18,
    0x60, 0x18, 0x60, 0x18, 0x60, 0x18, 0x60, 0x18, 0x60, 0x00, 0x00, 0x00, 0x00, 0x00, 0x00, 0x00,
    0x00, 0x00, 0x00, 0x00, 0x00, 0x00, 0x00, 0x00, 0x00, 0x00, 0x00, 0x00, 0x00, 0x00, 0x00, 0x00,
    0x00, 0x00, 0x00, 0x00, 0x00, 0x00, 0x00, 0x00, 0x00, 0x00, 0x00, 0x00, 0x00, 0x00, 0x00, 0x00,
    0x00, 0x63, 0x0F, 0x8E, 0x7E, 0x39, 0xF9, 0xC7, 0xE7, 0x1B, 0x9C, 0x6C, 0x71, 0xB1, 0x86, 0xCE,
    0xEE, 0x66, 0x76, 0xC3, 0x73, 0xB9, 0xDC, 0x76, 0x3B, 0x1D, 0xCE, 0xC3, 0xC3, 0x1B, 0x9C, 0x7E,
    0x71, 0xF8, 0xE7, 0x63, 0x9D, 0x8E, 0x77, 0x38, 0xD8, 0x63, 0x1C, 0x0F, 0x83, 0xE1, 0xDC, 0xE3,
    0xB8, 0xE0, 0x00, 0x00, 0x00, 0x00, 0x00, 0x00, 0x00, 0x00, 0x00, 0x00, 0x00, 0x00, 0x00, 0x00,
    0x00, 0x00, 0x00, 0x00, 0x00, 0x00, 0x00, 0x00, 0x00, 0x00, 0x00, 0x70, 0x00, 0xE0, 0x01, 0xC0,
    0x03, 0x80, 0x07, 0x00, 0x0E, 0x00, 0x1C, 0x00, 0x1C, 0x00, 0x0E, 0x00, 0x07, 0x00, 0x03, 0x80,
    0x01, 0xC0, 0x00, 0xE0, 0x00, 0x70, 0x00, 0x00, 0x00, 0x00, 0x00, 0x00, 0x00, 0x00, 0x00, 0x00,
    0x00, 0x00, 0x00, 0x00, 0x00, 0x00, 0x00, 0x00, 0x00, 0x00, 0x00, 0x00, 0x00, 0x00, 0x00, 0x00,
    0x00, 0x00, 0x00, 0x00, 0x00, 0x00, 0x00, 0x00, 0x00, 0x00, 0x1C, 0x00, 0x0E, 0x00, 0x07, 0x00,
    0x03, 0x80, 0x01, 0xC0, 0x00, 0xE0, 0x00, 0x70, 0x00, 0x70, 0x00, 0xE0, 0x01, 0xC0, 0x03, 0x80,
    0x07, 0x00, 0x0E, 0x00, 0x1C, 0x00, 0x00, 0x00, 0x00, 0x00, 0x00, 0x00, 0x00, 0x00, 0x00, 0x00,
    0x00, 0x00, 0x00, 0x00, 0x1C, 0x03, 0x7B, 0x1E, 0xDE, 0x3C, 0xF0, 0x7F, 0x8E, 0xFD, 0xF9, 0xEF,
    0xEF, 0xDC, 0x7F, 0x83, 0xCF, 0x1E, 0xDE, 0x37, 0xB0, 0x1E, 0x00, 0x30, 0x00, 0x00, 0x00, 0x00,
    0x00, 0x00, 0x00, 0x00, 0x00, 0x00, 0x00, 0x00, 0x00, 0x0C, 0x30, 0x0C, 0x30, 0x0C, 0x30, 0x0C,
    0x30, 0x0C, 0x30, 0x0C, 0x30, 0x0C, 0x30, 0x0C, 0x30, 0x0C, 0x30, 0x0C, 0x30, 0x0C, 0x30, 0x0C,
    0x30, 0x0C, 0x30, 0x00, 0x00, 0x00, 0x00, 0x00, 0x00, 0x0C, 0x30, 0x0C, 0x30, 0x0C, 0x30, 0x0C,
    0x30, 0x00, 0x00, 0x00, 0x00, 0x00, 0x00, 0x00, 0x00, 0x00, 0x00, 0x00, 0x00, 0x0F, 0x03, 0xFC,
    0x3F, 0xE7, 0x0E, 0x70, 0x76, 0x67, 0x0E, 0x70, 0xEE, 0x0F, 0xE0, 0xFC, 0x07, 0x80, 0x70, 0x06,
    0x00, 0x60, 0x00, 0x00, 0x00, 0x0E, 0x00, 0xF0, 0x0E, 0x00, 0x00, 0x00, 0x00, 0x00, 0x00, 0x3F,
    0xFC, 0x3F, 0xFC, 0x00, 0x00, 0x00, 0x00, 0x00, 0x00, 0x00, 0x00, 0x00, 0x00, 0x00, 0x00, 0x00,
    0x00, 0x00, 0x00, 0x00, 0x00, 0x00, 0x00, 0x00, 0x00, 0x00, 0x00, 0x00, 0x00, 0x00, 0x00, 0x00,
    0x00, 0x00, 0x00, 0x00, 0x00, 0x00, 0x00, 0x00, 0x00, 0x00, 0x00, 0x00, 0x00, 0x00, 0x00, 0x00,
    0x00, 0x00, 0x00, 0x00, 0x00, 0x00, 0x00, 0x00, 0x00, 0x00, 0x00, 0x60, 0x00, 0x67, 0x80, 0x1F,
    0x7F, 0xFF, 0xE1, 0xFF, 0xF8, 0x07, 0xFE, 0x00, 0x07, 0xFE, 0x01, 0xFF, 0xF8, 0x7F, 0xFF, 0xE7,
    0x80, 0x1F, 0x20, 0x00, 0x20, 0x00, 0x00, 0x18, 0x07, 0x00, 0xC0, 0x38, 0x0E, 0x01, 0xC0, 0x70,
    0x0E, 0x03, 0xC0, 0xFC, 0x19, 0xC7, 0x38, 0xC3, 0x00, 0x00, 0x00, 0x00, 0x05, 0xC0, 0x07, 0xE0,
    0x07, 0xE0, 0x0F, 0xF0, 0x03, 0xC0, 0x07, 0xE0, 0x01, 0x80, 0x18, 0x18, 0x7E, 0x7E, 0x7E, 0x7E,
    0xFF, 0xFF, 0xFF, 0xFF, 0x7E, 0x7E, 0x7E, 0x7E, 0x18, 0x18, 0x7E, 0xFF, 0xFE, 0x00, 0x02, 0x00,
    0x06, 0x00, 0x0E, 0x00, 0x1C, 0x00, 0x38, 0x00, 0x38, 0x00, 0x70, 0x00, 0xE0, 0x00, 0xE0, 0x01,
    0xC0, 0x03, 0x80, 0x03, 0x80, 0x07, 0x00, 0x0E, 0x00, 0x0E, 0x00, 0x1C, 0x00, 0x38, 0x00, 0x30,
    0x00, 0x70, 0x00, 0x7B, 0xFF, 0xF8, 0xE3, 0x8E, 0x38, 0xE3, 0x8E, 0x3F, 0xFF, 0x8E, 0x38, 0xE3,
    0x8E, 0x38, 0xE3, 0xFF, 0xFF, 0xFB, 0xFF, 0xC7, 0x1C, 0x71, 0xC7, 0x1C, 0x71, 0xFF, 0xFC, 0x71,
    0xC7, 0x1C, 0x71, 0xC7, 0x1F, 0xFF, 0xFE, 0x0F, 0x00, 0x78, 0x1F, 0xE0, 0xFF, 0x0F, 0xF8, 0xFF,
    0xCF, 0x1E, 0x70, 0xF7, 0x07, 0x38, 0x3B, 0x83, 0x98, 0x1C, 0x01, 0xC0, 0x0E, 0x01, 0xE0, 0x0E,
    0x01, 0xE0, 0x0F, 0x03, 0xE0, 0x1F, 0x01, 0xE0, 0x0E, 0x00, 0xE0, 0x0F, 0x00, 0xE0, 0x07, 0x00,
    0x70, 0x03, 0x80, 0x00, 0x00, 0x00, 0x00, 0x00, 0x00, 0x0F, 0x00, 0x70, 0x07, 0x80, 0x3C, 0x03,
    0xC0, 0x1C, 0x00, 0x00, 0x00, 0x00, 0x0F, 0x01, 0x8F, 0xF0, 0x73, 0xFE, 0x1D, 0xE3, 0xC7, 0x70,
    0x71, 0xDC, 0x1C, 0x70, 0x07, 0x1C, 0x03, 0xC7, 0x01, 0xE1, 0xC1, 0xF0, 0x70, 0x78, 0x1C, 0x1C,
    0x07, 0x0E, 0x01, 0xC3, 0x80, 0x70, 0x00, 0x00, 0x00, 0x00, 0x0F, 0x01, 0xC3, 0xC0, 0xF0, 0xF0,
    0x1C, 0x00, 0x00, 0x60, 0x3C, 0x1C, 0x3F, 0xC7, 0x1F, 0xF9, 0xC7, 0x0E, 0x71, 0xC1, 0xDC, 0x60,
    0x77, 0x00, 0x1D, 0xC0, 0x0E, 0x70, 0x0F, 0x9C, 0x07, 0xC7, 0x01, 0xC1, 0xC0, 0xE0, 0x70, 0x38,
    0x1C, 0x0E, 0x00, 0x00, 0x00, 0x00, 0x00, 0x70, 0x38, 0x3C, 0x0F, 0x07, 0x03, 0x80, 0x80, 0x40,
    0xFF, 0xFF, 0xFF, 0xE0, 0x70, 0x38, 0x1C, 0x0E, 0x06, 0x03, 0x01, 0x81, 0xC0, 0xE0, 0x70, 0x38,
    0x1C, 0x0E, 0x07, 0x03, 0x01, 0x80, 0x00, 0xFE, 0x0F, 0xF8, 0xFF, 0xEE, 0xFE, 0xEF, 0xFE, 0xFF,
    0xEF, 0xFE, 0xFF, 0xEF, 0xFE, 0xFE, 0xEF, 0xEE, 0xFC, 0xE6, 0x0E, 0x00, 0xE0, 0x0E, 0x00, 0xE0,
    0x0E, 0x00, 0xE0, 0x00, 0x0F, 0xF3, 0xFF, 0x7F, 0xF7, 0xF7, 0xFF, 0x7F, 0xF7, 0xFF, 0x77, 0xF7,
    0x7F, 0x73, 0xFF, 0x1F, 0xF0, 0x7F, 0x0F, 0xFC, 0xFF, 0xEE, 0x7F, 0xE7, 0xFE, 0x7F, 0xE7, 0xFE,
    0x7F, 0xE7, 0xFF, 0xFE, 0xFF, 0xC0, 0x0C, 0x01, 0x81, 0x30, 0x76, 0xEF, 0xFC, 0x7E, 0x0F, 0xC7,
    0xFE, 0xED, 0xC1, 0x80, 0x30, 0x00, 0x00, 0x77, 0x9C, 0x40, 0x00, 0x00, 0x00, 0x1C, 0xE7, 0x1C,
    0xE7, 0x18, 0xC0, 0x07, 0xFE, 0x01, 0xFF, 0xF8, 0x7F, 0xFF, 0xE7, 0x80, 0x1E, 0x60, 0x00, 0x60,
    0x00, 0x00, 0x00, 0x00, 0x00, 0x00, 0x00, 0x00, 0x00, 0x00, 0x00, 0x00, 0x00, 0x00, 0x00, 0x00,
    0x00, 0x00, 0x00, 0x00, 0x00, 0x00, 0x00, 0x00, 0x00, 0x00, 0x00, 0x00, 0x00, 0x00, 0x00, 0x00,
    0x00, 0x00, 0x00, 0x00, 0x00, 0x60, 0x00, 0x67, 0x80, 0x1E, 0x7F, 0xFF, 0xE1, 0xFF, 0xF8, 0x07,
    0xFE, 0x00, 0x04, 0x01, 0xC1, 0x39, 0x3F, 0xE7, 0xFC, 0x7E, 0x0F, 0xE7, 0xFE, 0x6E, 0xC1, 0xC0,
    0x38, 0x00, 0x00, 0x00, 0x08, 0x03, 0x82, 0x72, 0x7F, 0xCF, 0xF8, 0xFC, 0x1F, 0xCF, 0xFC, 0xDD,
    0x83, 0x80, 0x70, 0x00, 0x00, 0x00, 0x06, 0x00, 0x0E, 0x00, 0x0C, 0x70, 0x1C, 0xF8, 0x38, 0xF8,
    0x70, 0x70, 0x70, 0x00, 0xE0, 0x01, 0xC0, 0x01, 0xC0, 0x03, 0x80, 0x07, 0x00, 0x07, 0x0E, 0x0E,
    0x1F, 0x1C, 0x1F, 0x1C, 0x1F, 0x38, 0x0E, 0x70, 0x00, 0x60, 0x00, 0x00, 0x00, 0x3F, 0x00, 0xFF,
    0xC6, 0x67, 0xFF, 0x00, 0xFE, 0x00, 0x38, 0x03, 0xFC, 0x01, 0xFF, 0xF8, 0x3F, 0xFF, 0xC7, 0xE0,
    0x7F, 0x70, 0x00, 0x60, 0x06, 0x06, 0xD9, 0xFF, 0x1F, 0xCF, 0xFF, 0xFF, 0xDF, 0xF9, 0xFE, 0x7F,
    0xC5, 0xD8, 0x18, 0x00, 0x63, 0x0C, 0x6E, 0x39, 0xCE, 0xE3, 0x9C, 0xEE, 0x71, 0xCE, 0xE7, 0x18,
    0xEE, 0x71, 0x8C, 0xC7, 0x18, 0xCC, 0x61, 0x8C, 0x00, 0x00, 0x00, 0x00, 0x00, 0x00, 0x03, 0xC0,
    0x07, 0xE0, 0x0C, 0x30, 0x0C, 0x30, 0x0C, 0x30, 0x0C, 0x30, 0x0C, 0x30, 0x0C, 0x30, 0x0C, 0x30,
    0x07, 0xE0, 0x03, 0xC0, 0x00, 0x00, 0x00, 0x00, 0x00, 0x00, 0x00, 0x00, 0x00, 0x00, 0x00, 0x00,
    0x00, 0x00, 0x00, 0x00, 0x00, 0x00, 0x00, 0x00, 0x00, 0x00, 0x00, 0x00, 0x00, 0x00, 0x00, 0x00,
    0x00, 0x00, 0x00, 0x00, 0x00, 0x00, 0x00, 0x00, 0x01, 0x80, 0x01, 0x80, 0x01, 0x80, 0x00, 0x00,
    0x07, 0x80, 0x07, 0x80, 0x01, 0x80, 0x01, 0x80, 0x01, 0x80, 0x01, 0x80, 0x01, 0x80, 0x01, 0x80,
    0x07, 0xE0, 0x07, 0xE0, 0x00, 0x00, 0x00, 0x00, 0x00, 0x00, 0x00, 0x00, 0x00, 0x00, 0x00, 0x00,
    0x00, 0x00, 0x00, 0x00, 0x00, 0x00, 0x00, 0x00, 0x00, 0x00, 0x00, 0x00, 0x00, 0x00, 0x00, 0x00,
    0x00, 0x00, 0x00, 0x00, 0x00, 0x00, 0x00, 0x00, 0x00, 0x00, 0x00, 0x00, 0x00, 0x00, 0x00, 0x30,
    0x00, 0x70, 0x00, 0xF0, 0x01, 0xF0, 0x03, 0xB0, 0x07, 0x30, 0x0E, 0x30, 0x0F, 0xF0, 0x0F, 0xF0,
    0x00, 0x30, 0x00, 0x30, 0x00, 0x00, 0x00, 0x00, 0x00, 0x00, 0x00, 0x00, 0x00, 0x00, 0x00, 0x00,
    0x00, 0x00, 0x00, 0x00, 0x00, 0x00, 0x00, 0x00, 0x00, 0x00, 0x00, 0x00, 0x00, 0x00, 0x00, 0x00,
    0x00, 0x00, 0x00, 0x00, 0x00, 0x00, 0x00, 0x00, 0x00, 0x00, 0x00, 0x00, 0x00, 0x00, 0x0F, 0xE0,
    0x0F, 0xE0, 0x0C, 0x00, 0x0C, 0x00, 0x0F, 0xE0, 0x0F, 0xF0, 0x00, 0x30, 0x00, 0x30, 0x0C, 0x30,
    0x0F, 0xF0, 0x07, 0xE0, 0x00, 0x00, 0x00, 0x00, 0x00, 0x00, 0x00, 0x00, 0x00, 0x00, 0x00, 0x00,
    0x00, 0x00, 0x00, 0x00, 0x00, 0x00, 0x00, 0x00, 0x00, 0x00, 0x00, 0x00, 0x00, 0x00, 0x00, 0x00,
    0x00, 0x00, 0x00, 0x00, 0x00, 0x00, 0x00, 0x00, 0x00, 0x00, 0x00, 0x00, 0x00, 0x00, 0x03, 0xE0,
    0x07, 0xE0, 0x0C, 0x00, 0x0C, 0x00, 0x0F, 0xE0, 0x0F, 0xF0, 0x0C, 0x30, 0x0C, 0x30, 0x0C, 0x30,
    0x0F, 0xF0, 0x07, 0xE0, 0x00, 0x00, 0x00, 0x00, 0x00, 0x00, 0x00, 0x00, 0x00, 0x00, 0x00, 0x00,
    0x00, 0x00, 0x00, 0x00, 0x00, 0x00, 0x00, 0x00, 0x00, 0x00, 0x00, 0x00, 0x00, 0x00, 0x00, 0x00,
    0x00, 0x00, 0x00, 0x00, 0x00, 0x00, 0x00, 0x00, 0x00, 0x00, 0x00, 0x00, 0x00, 0x00, 0x0F, 0xF0,
    0x0F, 0xF0, 0x0C, 0x30, 0x00, 0x30, 0x00, 0x60, 0x00, 0x60, 0x00, 0xC0, 0x00, 0xC0, 0x01, 0x80,
    0x01, 0x80, 0x01, 0x80, 0x00, 0x00, 0x00, 0x00, 0x00, 0x00, 0x00, 0x00, 0x00, 0x00, 0x00, 0x00,
    0x00, 0x00, 0x00, 0x00, 0x00, 0x00, 0x00, 0x00, 0x00, 0x00, 0x00, 0x00, 0x00, 0x00, 0x00, 0x00,
    0x00, 0x00, 0x00, 0x00, 0x00, 0x00, 0x00, 0x00, 0x00, 0x00, 0x00, 0x00, 0x00, 0x00, 0x07, 0xE0,
    0x0F, 0xF0, 0x0C, 0x30, 0x0C, 0x30, 0x0F, 0xF0, 0x07, 0xE0, 0x0C, 0x30, 0x0C, 0x30, 0x0C, 0x30,
    0x0F, 0xF0, 0x07, 0xE0, 0x00, 0x00, 0x00, 0x00, 0x00, 0x00, 0x00, 0x00, 0x00, 0x00, 0x00, 0x00,
    0x00, 0x00, 0x00, 0x00, 0x00, 0x00, 0x00, 0x00, 0x00, 0x00, 0x00, 0x00, 0x00, 0x00, 0x00, 0x00,
    0x00, 0x00, 0x00, 0x00, 0x00, 0x00, 0x00, 0x00, 0x00, 0x00, 0x00, 0x00, 0x00, 0x00, 0x07, 0xE0,
    0x0F, 0xF0, 0x0C, 0x30, 0x0C, 0x30, 0x0C, 0x30, 0x0F, 0xF0, 0x07, 0xF0, 0x00, 0x30, 0x00, 0x30,
    0x07, 0xE0, 0x07, 0xC0, 0x00, 0x00, 0x00, 0x00, 0x00, 0x00, 0x00, 0x00, 0x00, 0x00, 0x00, 0x00,
    0x00, 0x00, 0x00, 0x00, 0x00, 0x00, 0x00, 0x00, 0x00, 0x00, 0x00, 0x00, 0x00, 0x00, 0x00, 0x00,
    0x00, 0x00, 0x00, 0x00, 0x00, 0x00, 0x00, 0x00, 0x00, 0x00, 0x00, 0x00, 0x00, 0x00, 0x00, 0x00,
    0x00, 0x00, 0x01, 0x80, 0x01, 0x80, 0x01, 0x80, 0x0F, 0xF0, 0x0F, 0xF0, 0x01, 0x80, 0x01, 0x80,
    0x01, 0x80, 0x00, 0x00, 0x00, 0x00, 0x00, 0x00, 0x00, 0x00, 0x00, 0x00, 0x00, 0x00, 0x00, 0x00,
    0x00, 0x00, 0x00, 0x00, 0x00, 0x00, 0x00, 0x00, 0x00, 0x00, 0x00, 0x00, 0x00, 0x00, 0x00, 0x00,
    0x00, 0x00, 0x00, 0x00, 0x00, 0x00, 0x00, 0x00, 0x00, 0x00, 0x00, 0x00, 0x00, 0x00, 0x00, 0x00,
    0x00, 0x00, 0x00, 0x00, 0x00, 0x00, 0x00, 0x00, 0x1F, 0xF0, 0x1F, 0xF0, 0x00, 0x00, 0x00, 0x00,
    0x00, 0x00, 0x00, 0x00, 0x00, 0x00, 0x00, 0x00, 0x00, 0x00, 0x00, 0x00, 0x00, 0x00, 0x00, 0x00,
    0x00, 0x00, 0x00, 0x00, 0x00, 0x00, 0x00, 0x00, 0x00, 0x00, 0x00, 0x00, 0x00, 0x00, 0x00, 0x00,
    0x00, 0x00, 0x00, 0x00, 0x00, 0x00, 0x00, 0x00, 0x00, 0x00, 0x00, 0x00, 0x00, 0x00, 0x00, 0x00,
    0x00, 0x00, 0x1F, 0xF0, 0x1F, 0xF0, 0x00, 0x00, 0x00, 0x00, 0x00, 0x00, 0x1F, 0xF0, 0x1F, 0xF0,
    0x00, 0x00, 0x00, 0x00, 0x00, 0x00, 0x00, 0x00, 0x00, 0x00, 0x00, 0x00, 0x00, 0x00, 0x00, 0x00,
    0x00, 0x00, 0x00, 0x00, 0x00, 0x00, 0x00, 0x00, 0x00, 0x00, 0x00, 0x00, 0x00, 0x00, 0x00, 0x00,
    0x00, 0x00, 0x00, 0x00, 0x00, 0x00, 0x00, 0x00, 0x00, 0x00, 0x00, 0x00, 0x00, 0x00, 0x00, 0xC0,
    0x01, 0x80, 0x03, 0x00, 0x03, 0x00, 0x03, 0x00, 0x03, 0x00, 0x03, 0x00, 0x03, 0x00, 0x03, 0x00,
    0x01, 0x80, 0x00, 0xC0, 0x00, 0x00, 0x00, 0x00, 0x00, 0x00, 0x00, 0x00, 0x00, 0x00, 0x00, 0x00,
    0x00, 0x00, 0x00, 0x00, 0x00, 0x00, 0x00, 0x00, 0x00, 0x00, 0x00, 0x00, 0x00, 0x00, 0x00, 0x00,
    0x00, 0x00, 0x00, 0x00, 0x00, 0x00, 0x00, 0x00, 0x00, 0x00, 0x00, 0x00, 0x00, 0x00, 0x03, 0x00,
    0x01, 0x80, 0x00, 0xC0, 0x00, 0xC0, 0x00, 0xC0, 0x00, 0xC0, 0x00, 0xC0, 0x00, 0xC0, 0x00, 0xC0,
    0x01, 0x80, 0x03, 0x00, 0x00, 0x00, 0x00, 0x00, 0x00, 0x00, 0x00, 0x00, 0x00, 0x00, 0x00, 0x00,
    0x00, 0x00, 0x00, 0x00, 0x00, 0x00, 0x00, 0x00, 0x00, 0x00, 0x00, 0x00, 0x00, 0x00, 0x00, 0x00,
    0x00, 0x00, 0x00, 0x00, 0x00, 0x00, 0x00, 0x00, 0x00, 0x00, 0x00, 0x00, 0x00, 0x00, 0x00, 0x00,
    0x1F, 0xC0, 0x1F, 0xE0, 0x18, 0x30, 0x18, 0x30, 0x18, 0x30, 0x18, 0x30, 0x18, 0x30, 0x18, 0x30,
    0x18, 0x30, 0x18, 0x30, 0x00, 0x00, 0x00, 0x00, 0x00, 0x00, 0x00, 0x00, 0x00, 0x00, 0x00, 0x00,
    0x00, 0x00, 0x00, 0x00, 0x00, 0x00, 0x00, 0x00, 0x00, 0x00, 0x00, 0x00, 0x00, 0x00, 0x00, 0x00,
    0x00, 0x00, 0x00, 0x00, 0x00, 0x00, 0x00, 0x00, 0x00, 0x00, 0x00, 0x00, 0x00, 0x00, 0x00, 0x00,
    0x00, 0x00, 0x00, 0x00, 0x00, 0x00, 0x00, 0x00, 0x00, 0x00, 0x00, 0x00, 0x00, 0x00, 0x00, 0x00,
    0x00, 0x00, 0x00, 0x00, 0x00, 0x00, 0x00, 0x00, 0x00, 0x00, 0x00, 0x00, 0x03, 0xC0, 0x07, 0xE0,
    0x0C, 0x30, 0x0C, 0x30, 0x0C, 0x30, 0x0C, 0x30, 0x0C, 0x30, 0x0C, 0x30, 0x0C, 0x30, 0x07, 0xE0,
    0x03, 0xC0, 0x00, 0x00, 0x00, 0x00, 0x00, 0x00, 0x00, 0x00, 0x00, 0x00, 0x00, 0x00, 0x00, 0x00,
    0x00, 0x00, 0x00, 0x00, 0x00, 0x00, 0x00, 0x00, 0x00, 0x00, 0x00, 0x00, 0x00, 0x00, 0x00, 0x00,
    0x00, 0x00, 0x00, 0x00, 0x00, 0x00, 0x00, 0x00, 0x00, 0x00, 0x00, 0x00, 0x01, 0x80, 0x03, 0x80,
    0x07, 0x80, 0x07, 0x80, 0x01, 0x80, 0x01, 0x80, 0x01, 0x80, 0x01, 0x80, 0x01, 0x80, 0x07, 0xE0,
    0x07, 0xE0, 0x00, 0x00, 0x00, 0x00, 0x00, 0x00, 0x00, 0x00, 0x00, 0x00, 0x00, 0x00, 0x00, 0x00,
    0x00, 0x00, 0x00, 0x00, 0x00, 0x00, 0x00, 0x00, 0x00, 0x00, 0x00, 0x00, 0x00, 0x00, 0x00, 0x00,
    0x00, 0x00, 0x00, 0x00, 0x00, 0x00, 0x00, 0x00, 0x00, 0x00, 0x00, 0x00, 0x07, 0xE0, 0x0F, 0xF0,
    0x0C, 0x30, 0x0C, 0x30, 0x00, 0x70, 0x00, 0xE0, 0x01, 0xC0, 0x03, 0x80, 0x07, 0x00, 0x0F, 0xF0,
    0x0F, 0xF0, 0x00, 0x00, 0x00, 0x00, 0x00, 0x00, 0x00, 0x00, 0x00, 0x00, 0x00, 0x00, 0x00, 0x00,
    0x00, 0x00, 0x00, 0x00, 0x00, 0x00, 0x00, 0x00, 0x00, 0x00, 0x00, 0x00, 0x00, 0x00, 0x00, 0x00,
    0x00, 0x00, 0x00, 0x00, 0x00, 0x00, 0x00, 0x00, 0x00, 0x00, 0x00, 0x00, 0x07, 0xE0, 0x0F, 0xF0,
    0x0C, 0x30, 0x00, 0x30, 0x01, 0xE0, 0x01, 0xE0, 0x00, 0x30, 0x00, 0x30, 0x0C, 0x30, 0x0F, 0xF0,
    0x07, 0xE0, 0x00, 0x00, 0x00, 0x00, 0x00, 0x00, 0x00, 0x00, 0x00, 0x00, 0x00, 0x00, 0x00, 0x00,
    0x00, 0x00, 0x00, 0x00, 0x00, 0x00, 0x00, 0x00, 0x00, 0x00, 0x00, 0x00, 0x00, 0x00, 0x00, 0x00,
    0x00, 0x00, 0x00, 0x00, 0x00, 0x00, 0x00, 0x00, 0x00, 0x00, 0x00, 0x00, 0x00, 0x30, 0x00, 0x70,
    0x00, 0xF0, 0x01, 0xF0, 0x03, 0xB0, 0x07, 0x30, 0x0E, 0x30, 0x0F, 0xF0, 0x0F, 0xF0, 0x00, 0x30,
    0x00, 0x30, 0x00, 0x00, 0x00, 0x00, 0x00, 0x00, 0x00, 0x00, 0x00, 0x00, 0x00, 0x00, 0x00, 0x00,
    0x00, 0x00, 0x00, 0x00, 0x00, 0x00, 0x00, 0x00, 0x00, 0x00, 0x00, 0x00, 0x00, 0x00, 0x00, 0x00,
    0x00, 0x00, 0x00, 0x00, 0x00, 0x00, 0x00, 0x00, 0x00, 0x00, 0x00, 0x00, 0x0F, 0xE0, 0x0F, 0xE0,
    0x0C, 0x00, 0x0C, 0x00, 0x0F, 0xE0, 0x0F, 0xF0, 0x00, 0x30, 0x00, 0x30, 0x0C, 0x30, 0x0F, 0xF0,
    0x07, 0xE0, 0x00, 0x00, 0x00, 0x00, 0x00, 0x00, 0x00, 0x00, 0x00, 0x00, 0x00, 0x00, 0x00, 0x00,
    0x00, 0x00, 0x00, 0x00, 0x00, 0x00, 0x00, 0x00, 0x00, 0x00, 0x00, 0x00, 0x00, 0x00, 0x00, 0x00,
    0x00, 0x00, 0x00, 0x00, 0x00, 0x00, 0x00, 0x00, 0x00, 0x00, 0x00, 0x00, 0x03, 0xE0, 0x07, 0xE0,
    0x0C, 0x00, 0x0C, 0x00, 0x0F, 0xE0, 0x0F, 0xF0, 0x0C, 0x30, 0x0C, 0x30, 0x0C, 0x30, 0x0F, 0xF0,
    0x07, 0xE0, 0x00, 0x00, 0x00, 0x00, 0x00, 0x00, 0x00, 0x00, 0x00, 0x00, 0x00, 0x00, 0x00, 0x00,
    0x00, 0x00, 0x00, 0x00, 0x00, 0x00, 0x00, 0x00, 0x00, 0x00, 0x00, 0x00, 0x00, 0x00, 0x00, 0x00,
    0x00, 0x00, 0x00, 0x00, 0x00, 0x00, 0x00, 0x00, 0x00, 0x00, 0x00, 0x00, 0x0F, 0xF0, 0x0F, 0xF0,
    0x0C, 0x30, 0x00, 0x30, 0x00, 0x60, 0x00, 0x60, 0x00, 0xC0, 0x00, 0xC0, 0x01, 0x80, 0x01, 0x80,
    0x01, 0x80, 0x00, 0x00, 0x00, 0x00, 0x00, 0x00, 0x00, 0x00, 0x00, 0x00, 0x00, 0x00, 0x00, 0x00,
    0x00, 0x00, 0x00, 0x00, 0x00, 0x00, 0x00, 0x00, 0x00, 0x00, 0x00, 0x00, 0x00, 0x00, 0x00, 0x00,
    0x00, 0x00, 0x00, 0x00, 0x00, 0x00, 0x00, 0x00, 0x00, 0x00, 0x00, 0x00, 0x07, 0xE0, 0x0F, 0xF0,
    0x0C, 0x30, 0x0C, 0x30, 0x0F, 0xF0, 0x07, 0xE0, 0x0C, 0x30, 0x0C, 0x30, 0x0C, 0x30, 0x0F, 0xF0,
    0x07, 0xE0, 0x00, 0x00, 0x00, 0x00, 0x00, 0x00, 0x00, 0x00, 0x00, 0x00, 0x00, 0x00, 0x00, 0x00,
    0x00, 0x00, 0x00, 0x00, 0x00, 0x00, 0x00, 0x00, 0x00, 0x00, 0x00, 0x00, 0x00, 0x00, 0x00, 0x00,
    0x00, 0x00, 0x00, 0x00, 0x00, 0x00, 0x00, 0x00, 0x00, 0x00, 0x00, 0x00, 0x07, 0xE0, 0x0F, 0xF0,
    0x0C, 0x30, 0x0C, 0x30, 0x0C, 0x30, 0x0F, 0xF0, 0x07, 0xF0, 0x00, 0x30, 0x00, 0x30, 0x07, 0xE0,
    0x07, 0xC0, 0x00, 0x00, 0x00, 0x00, 0x00, 0x00, 0x00, 0x00, 0x00, 0x00, 0x00, 0x00, 0x00, 0x00,
    0x00, 0x00, 0x00, 0x00, 0x00, 0x00, 0x00, 0x00, 0x00, 0x00, 0x00, 0x00, 0x00, 0x00, 0x00, 0x00,
    0x00, 0x00, 0x00, 0x00, 0x00, 0x00, 0x00, 0x00, 0x00, 0x00, 0x00, 0x00, 0x00, 0x00, 0x00, 0x00,
    0x01, 0x80, 0x01, 0x80, 0x01, 0x80, 0x0F, 0xF0, 0x0F, 0xF0, 0x01, 0x80, 0x01, 0x80, 0x01, 0x80,
    0x00, 0x00, 0x00, 0x00, 0x00, 0x00, 0x00, 0x00, 0x00, 0x00, 0x00, 0x00, 0x00, 0x00, 0x00, 0x00,
    0x00, 0x00, 0x00, 0x00, 0x00, 0x00, 0x00, 0x00, 0x00, 0x00, 0x00, 0x00, 0x00, 0x00, 0x00, 0x00,
    0x00, 0x00, 0x00, 0x00, 0x00, 0x00, 0x00, 0x00, 0x00, 0x00, 0x00, 0x00, 0x00, 0x00, 0x00, 0x00,
    0x00, 0x00, 0x00, 0x00, 0x00, 0x00, 0x1F, 0xF0, 0x1F, 0xF0, 0x00, 0x00, 0x00, 0x00, 0x00, 0x00,
    0x00, 0x00, 0x00, 0x00, 0x00, 0x00, 0x00, 0x00, 0x00, 0x00, 0x00, 0x00, 0x00, 0x00, 0x00, 0x00,
    0x00, 0x00, 0x00, 0x00, 0x00, 0x00, 0x00, 0x00, 0x00, 0x00, 0x00, 0x00, 0x00, 0x00, 0x00, 0x00,
    0x00, 0x00, 0x00, 0x00, 0x00, 0x00, 0x00, 0x00, 0x00, 0x00, 0x00, 0x00, 0x00, 0x00, 0x00, 0x00,
    0x1F, 0xF0, 0x1F, 0xF0, 0x00, 0x00, 0x00, 0x00, 0x00, 0x00, 0x1F, 0xF0, 0x1F, 0xF0, 0x00, 0x00,
    0x00, 0x00, 0x00, 0x00, 0x00, 0x00, 0x00, 0x00, 0x00, 0x00, 0x00, 0x00, 0x00, 0x00, 0x00, 0x00,
    0x00, 0x00, 0x00, 0x00, 0x00, 0x00, 0x00, 0x00, 0x00, 0x00, 0x00, 0x00, 0x00, 0x00, 0x00, 0x00,
    0x00, 0x00, 0x00, 0x00, 0x00, 0x00, 0x00, 0x00, 0x00, 0x00, 0x00, 0x00, 0x00, 0xC0, 0x01, 0x80,
    0x03, 0x00, 0x03, 0x00, 0x03, 0x00, 0x03, 0x00, 0x03, 0x00, 0x03, 0x00, 0x03, 0x00, 0x01, 0x80,
    0x00, 0xC0, 0x00, 0x00, 0x00, 0x00, 0x00, 0x00, 0x00, 0x00, 0x00, 0x00, 0x00, 0x00, 0x00, 0x00,
    0x00, 0x00, 0x00, 0x00, 0x00, 0x00, 0x00, 0x00, 0x00, 0x00, 0x00, 0x00, 0x00, 0x00, 0x00, 0x00,
    0x00, 0x00, 0x00, 0x00, 0x00, 0x00, 0x00, 0x00, 0x00, 0x00, 0x00, 0x00, 0x03, 0x00, 0x01, 0x80,
    0x00, 0xC0, 0x00, 0xC0, 0x00, 0xC0, 0x00, 0xC0, 0x00, 0xC0, 0x00, 0xC0, 0x00, 0xC0, 0x01, 0x80,
    0x03, 0x00, 0x00, 0x00, 0x00, 0x00, 0x00, 0x00, 0x00, 0x00, 0x00, 0x00, 0x00, 0x00, 0x00, 0x00,
    0x00, 0x00, 0x00, 0x00, 0x00, 0x00, 0x00, 0x00, 0x00, 0x00, 0x00, 0x00, 0x00, 0x00, 0x00, 0x00,
    0x00, 0x00, 0x00, 0x00, 0x00, 0x00, 0x00, 0x00, 0x00, 0x00, 0x00, 0x00, 0x00, 0x00, 0x0F, 0xC0,
    0x0F, 0xE0, 0x00, 0x30, 0x00, 0x30, 0x0F, 0xF0, 0x1F, 0xF0, 0x18, 0x30, 0x18, 0x30, 0x1F, 0xF0,
    0x0F, 0xF0, 0x00, 0x00, 0x00, 0x00, 0x00, 0x00, 0x00, 0x00, 0x00, 0x00, 0x00, 0x00, 0x00, 0x00,
    0x00, 0x00, 0x00, 0x00, 0x00, 0x00, 0x00, 0x00, 0x00, 0x00, 0x00, 0x00, 0x00, 0x00, 0x00, 0x00,
    0x00, 0x00, 0x00, 0x00, 0x00, 0x00, 0x00, 0x00, 0x00, 0x00, 0x00, 0x00, 0x00, 0x00, 0x07, 0xC0,
    0x0F, 0xE0, 0x18, 0x30, 0x18, 0x30, 0x1F, 0xF0, 0x1F, 0xF0, 0x18, 0x00, 0x18, 0x00, 0x0F, 0xF0,
    0x07, 0xE0, 0x00, 0x00, 0x00, 0x00, 0x00, 0x00, 0x00, 0x00, 0x00, 0x00, 0x00, 0x00, 0x00, 0x00,
    0x00, 0x00, 0x00, 0x00, 0x00, 0x00, 0x00, 0x00, 0x00, 0x00, 0x00, 0x00, 0x00, 0x00, 0x00, 0x00,
    0x00, 0x00, 0x00, 0x00, 0x00, 0x00, 0x00, 0x00, 0x00, 0x00, 0x00, 0x00, 0x00, 0x00, 0x07, 0xC0,
    0x0F, 0xE0, 0x18, 0x30, 0x18, 0x30, 0x18, 0x30, 0x18, 0x30, 0x18, 0x30, 0x18, 0x30, 0x0F, 0xE0,
    0x07, 0xC0, 0x00, 0x00, 0x00, 0x00, 0x00, 0x00, 0x00, 0x00, 0x00, 0x00, 0x00, 0x00, 0x00, 0x00,
    0x00, 0x00, 0x00, 0x00, 0x00, 0x00, 0x00, 0x00, 0x00, 0x00, 0x00, 0x00, 0x00, 0x00, 0x00, 0x00,
    0x00, 0x00, 0x00, 0x00, 0x00, 0x00, 0x00, 0x00, 0x00, 0x00, 0x00, 0x00, 0x00, 0x00, 0x18, 0x30,
    0x1C, 0x70, 0x0E, 0xE0, 0x07, 0xC0, 0x03, 0x80, 0x03, 0x80, 0x07, 0xC0, 0x0E, 0xE0, 0x1C, 0x70,
    0x18, 0x30, 0x00, 0x00, 0x00, 0x00, 0x00, 0x00, 0x00, 0x00, 0x00, 0x00, 0x00, 0x00, 0x00, 0x00,
    0x00, 0x00, 0x00, 0x00, 0x00, 0x00, 0x00, 0x00, 0x00, 0x00, 0x00, 0x00, 0x00, 0x00, 0x00, 0x00,
    0x00, 0x00, 0x00, 0x00, 0x00, 0x00, 0x00, 0x00, 0x00, 0x00, 0x00, 0x00, 0x00, 0x00, 0x0F, 0xC0,
    0x1F, 0xE0, 0x00, 0x30, 0x00, 0x30, 0x1F, 0xF0, 0x1F, 0xF0, 0x18, 0x30, 0x18, 0x30, 0x0F, 0xE0,
    0x07, 0xC0, 0x00, 0x00, 0x00, 0x00, 0x00, 0x00, 0x00, 0x00, 0x00, 0x00, 0x00, 0x00, 0x00, 0x00,
    0x00, 0x00, 0x00, 0x00, 0x00, 0x00, 0x00, 0x00, 0x00, 0x00, 0x00, 0x00, 0x00, 0x00, 0x00, 0x00,
    0x00, 0x00, 0x00, 0x00, 0x00, 0x00, 0x18, 0x00, 0x18, 0x00, 0x18, 0x00, 0x18, 0x00, 0x1F, 0xC0,
    0x1F, 0xE0, 0x18, 0x30, 0x18, 0x30, 0x18, 0x30, 0x18, 0x30, 0x18, 0x30, 0x18, 0x30, 0x18, 0x30,
    0x18, 0x30, 0x00, 0x00, 0x00, 0x00, 0x00, 0x00, 0x00, 0x00, 0x00, 0x00, 0x00, 0x00, 0x00, 0x00,
    0x00, 0x00, 0x00, 0x00, 0x00, 0x00, 0x00, 0x00, 0x00, 0x00, 0x00, 0x00, 0x00, 0x00, 0x00, 0x00,
    0x00, 0x00, 0x00, 0x00, 0x00, 0x00, 0x0C, 0x00, 0x0C, 0x00, 0x0C, 0x00, 0x0C, 0x00, 0x0C, 0x38,
    0x0C, 0x70, 0x0C, 0xE0, 0x0D, 0xC0, 0x0F, 0x80, 0x0F, 0x80, 0x0D, 0xC0, 0x0C, 0xE0, 0x0C, 0x70,
    0x0C, 0x38, 0x00, 0x00, 0x00, 0x00, 0x00, 0x00, 0x00, 0x00, 0x00, 0x00, 0x00, 0x00, 0x00, 0x00,
    0x00, 0x00, 0x00, 0x00, 0x00, 0x00, 0x00, 0x00, 0x00, 0x00, 0x00, 0x00, 0x00, 0x00, 0x00, 0x00,
    0x00, 0x00, 0x00, 0x00, 0x00, 0x00, 0x07, 0x80, 0x07, 0x80, 0x01, 0x80, 0x01, 0x80, 0x01, 0x80,
    0x01, 0x80, 0x01, 0x80, 0x01, 0x80, 0x01, 0x80, 0x01, 0x80, 0x01, 0x80, 0x01, 0x80, 0x07, 0xE0,
    0x07, 0xE0, 0x00, 0x00, 0x00, 0x00, 0x00, 0x00, 0x00, 0x00, 0x00, 0x00, 0x00, 0x00, 0x00, 0x00,
    0x00, 0x00, 0x00, 0x00, 0x00, 0x00, 0x00, 0x00, 0x00, 0x00, 0x00, 0x00, 0x00, 0x00, 0x00, 0x00,
    0x00, 0x00, 0x00, 0x00, 0x00, 0x00, 0x00, 0x00, 0x00, 0x00, 0x00, 0x00, 0x00, 0x00, 0x3F, 0xF0,
    0x3F, 0xF8, 0x31, 0x8C, 0x31, 0x8C, 0x31, 0x8C, 0x31, 0x8C, 0x31, 0x8C, 0x31, 0x8C, 0x31, 0x8C,
    0x31, 0x8C, 0x00, 0x00, 0x00, 0x00, 0x00, 0x00, 0xCE, 0x7F, 0xBF, 0xDC, 0x7E, 0x3F, 0x1F, 0x8F,
    0xC7, 0x00, 0x00, 0x00, 0x00, 0x00, 0x00, 0x00, 0x00, 0x00, 0x00, 0x00, 0x00, 0x00, 0x00, 0x00,
    0x00, 0x00, 0x00, 0x00, 0x00, 0x00, 0x00, 0x00, 0x00, 0x00, 0x00, 0x00, 0x00, 0x00, 0x00, 0x00,
    0x00, 0x00, 0x00, 0x00, 0x00, 0x00, 0x00, 0x00, 0x00, 0x1F, 0xC0, 0x1F, 0xE0, 0x18, 0x30, 0x18,
    0x30, 0x18, 0x30, 0x18, 0x30, 0x18, 0x30, 0x18, 0x30, 0x1F, 0xE0, 0x1F, 0xC0, 0x18, 0x00, 0x18,
    0x00, 0x18, 0x00, 0x1E, 0x3F, 0x9D, 0xEF, 0x83, 0xF1, 0x7D, 0xFE, 0xFE, 0x1C, 0x00, 0x01, 0xCF,
    0xFF, 0xF9, 0xC7, 0x1C, 0x7C, 0xF1, 0x80, 0x0F, 0x80, 0x3F, 0xC0, 0x7D, 0xE0, 0x70, 0xE0, 0x70,
    0x70, 0x70, 0x00, 0x73, 0xFE, 0x73, 0xFF, 0x73, 0xFE, 0x73, 0x80, 0x7B, 0x80, 0x3F, 0xFC, 0x1F,
    0xFE, 0x07, 0xFC, 0x03, 0x80, 0x03, 0x80, 0x03, 0x80, 0x03, 0xFE, 0x03, 0xFF, 0x00, 0x00, 0x00,
    0x64, 0x00, 0x6C, 0x03, 0xEC, 0x0F, 0xF8, 0x1F, 0xFC, 0x3C, 0xDE, 0x79, 0x9F, 0x71, 0xB7, 0xF1,
    0xB7, 0xE3, 0x30, 0xE3, 0x60, 0xE3, 0x60, 0xE2, 0x60, 0xE6, 0xC0, 0xE6, 0xC0, 0x76, 0xC7, 0x7C,
    0x87, 0x7D, 0x8F, 0x3F, 0xBE, 0x1F, 0xFC, 0x1F, 0xF8, 0x1B, 0xC0, 0x33, 0x00, 0x12, 0x00, 0x03,
    0xE0, 0x0F, 0xF8, 0x1F, 0xFC, 0x3C, 0x1E, 0x78, 0x0F, 0x70, 0x07, 0xF0, 0x07, 0xE0, 0x00, 0xE1,
    0x9C, 0xE1, 0xFE, 0xE1, 0xFC, 0xE1, 0xE0, 0xE1, 0xC0, 0x71, 0xC7, 0x71, 0xC7, 0x79, 0xCE, 0x3F,
    0xFE, 0x1F, 0xFC, 0x0F, 0xF8, 0x01, 0xC0, 0x0F, 0xFC, 0x3F, 0xFC, 0x7F, 0xF8, 0xE0, 0x01, 0xC0,
    0x03, 0x80, 0x07, 0x00, 0x0E, 0x00, 0x1C, 0x00, 0x3F, 0xF8, 0x7F, 0xF0, 0xE0, 0x01, 0xC0, 0x03,
    0x80, 0x3F, 0xE0, 0x7F, 0xC0, 0x1C, 0x00, 0x38, 0x00, 0x70, 0x00, 0x03, 0x80, 0x7F, 0x07, 0xFC,
    0x78, 0xF3, 0x83, 0x9C, 0x1C, 0xE0, 0x1F, 0xF8, 0xFF, 0xC7, 0xFE, 0x0E, 0x01, 0xFF, 0x8F, 0xFC,
    0x1C, 0x00, 0xE0, 0x07, 0x07, 0x70, 0x3F, 0xFF, 0xFF, 0xFC, 0x00, 0x38, 0x00, 0x07, 0x01, 0x9E,
    0xFE, 0x7F, 0xFF, 0xEF, 0xFF, 0xFD, 0xE1, 0xE3, 0xFC, 0x38, 0x3F, 0x07, 0x07, 0xE1, 0xE0, 0xFC,
    0x3C, 0x1F, 0x8F, 0x83, 0xF1, 0xF0, 0x7E, 0x3E, 0x0F, 0xCF, 0xC1, 0xF9, 0xF8, 0x3F, 0x77, 0x07,
    0x0E, 0x00, 0x01, 0xC0, 0x00, 0x38, 0x01, 0x87, 0x80, 0x70, 0xF8, 0x0E, 0x1F, 0x01, 0xC3, 0xF0,
    0x38, 0x7E, 0x07, 0x0E, 0xE0, 0xE7, 0xFF, 0xFF, 0xFF, 0xFF, 0xFF, 0xFF, 0xFC, 0xE3, 0xCE, 0x7F,
    0xFF, 0xFF, 0xFF, 0xFE, 0x70, 0x7F, 0x0E, 0x07, 0xE1, 0xC0, 0xFC, 0x38, 0x0F, 0x87, 0x00, 0xF0,
    0xE0, 0x1E, 0x00, 0x00, 0x00, 0x00, 0x00, 0x00, 0x00, 0x00, 0x00, 0x00, 0x00, 0x00, 0x00, 0x7F,
    0x00, 0x7F, 0x80, 0x61, 0xC0, 0x60, 0xC0, 0x60, 0xC0, 0x60, 0xC0, 0x60, 0xC0, 0x60, 0xC0, 0x61,
    0xC0, 0x7F, 0xB0, 0x7F, 0x30, 0x60, 0x30, 0x61, 0xFE, 0x61, 0xFE, 0x60, 0x30, 0x60, 0x30, 0x60,
    0x30, 0x60, 0x30, 0x60, 0x3E, 0x60, 0x1E, 0x00, 0x00, 0x00, 0x00, 0x00, 0x00, 0x00, 0x00, 0x00,
    0x00, 0x00, 0x00, 0xFE, 0x00, 0x00, 0x7F, 0xF0, 0x00, 0x3F, 0xFC, 0x00, 0x1C, 0x1E, 0x00, 0x0E,
    0x03, 0x80, 0x07, 0x01, 0xC3, 0xE3, 0x80, 0xE7, 0xF9, 0xC0, 0x73, 0xFE, 0xE0, 0x7B, 0x83, 0xFF,
    0xF9, 0xC0, 0x3F, 0xF8, 0xF0, 0x1F, 0xF8, 0x3F, 0x8E, 0x1C, 0x0F, 0xF7, 0x0F, 0x00, 0xFB, 0x83,
    0x80, 0x0F, 0xC1, 0xE7, 0x07, 0xE0, 0x73, 0x87, 0xF0, 0x3D, 0xFF, 0xB8, 0x0E, 0x7F, 0x80, 0x00,
    0x07, 0x00, 0x60, 0x18, 0x06, 0xE0, 0x3C, 0x0E, 0x70, 0x3C, 0x0E, 0x70, 0x7C, 0x0E, 0x70, 0x7C,
    0x0E, 0x70, 0x7E, 0x1C, 0x38, 0x7E, 0x1C, 0xFF, 0xFF, 0xFE, 0xFF, 0xFF, 0xFE, 0x38, 0xE7, 0x38,
    0x1C, 0xE7, 0x38, 0xFF, 0xFF, 0xFE, 0xFF, 0xFF, 0xFE, 0x1F, 0xC3, 0xF0, 0x0F, 0x83, 0xF0, 0x0F,
    0x81, 0xF0, 0x0F, 0x81, 0xE0, 0x07, 0x81, 0xE0, 0x07, 0x01, 0xE0, 0x00, 0x00, 0x00, 0x00, 0x00,
    0x00, 0x00, 0x00, 0x00, 0x00, 0x00, 0x00, 0x7F, 0x86, 0x7F, 0xC6, 0x60, 0xE6, 0x60, 0x66, 0x60,
    0x66, 0x60, 0x66, 0x66, 0x66, 0x66, 0x66, 0x66, 0x66, 0x66, 0x66, 0x66, 0x66, 0x66, 0x66, 0x66,
    0x66, 0x66, 0x66, 0x66, 0x06, 0x66, 0x06, 0x66, 0x06, 0x66, 0x0E, 0x67, 0xFC, 0x67, 0xF8, 0x00,
    0x00, 0x00, 0x00, 0x00, 0x00, 0x00, 0x00, 0x00, 0x00, 0x00, 0x00, 0x00, 0x30, 0x00, 0x70, 0x0F,
    0xF0, 0x1F, 0xE0, 0x03, 0x83, 0xE7, 0x0F, 0xEE, 0x3F, 0xFC, 0x70, 0xF9, 0xC0, 0xF3, 0x80, 0xE7,
    0x01, 0xCE, 0x03, 0x9C, 0x07, 0x38, 0x1E, 0x78, 0x3C, 0x78, 0xF8, 0xFF, 0xF0, 0xFE, 0xE0, 0x30,
    0x00, 0x00, 0x00, 0x00, 0x3F, 0xFE, 0x7F, 0xFC, 0x00, 0x00, 0x00, 0x00, 0x00, 0x00, 0x00, 0x00,
    0x00, 0x00, 0x00, 0x00, 0x00, 0x00, 0x03, 0xF0, 0x07, 0xF8, 0x0E, 0x1C, 0x1C, 0x0E, 0x38, 0x00,
    0x30, 0x00, 0x30, 0x00, 0xFF, 0xC0, 0xFF, 0xC0, 0x30, 0x00, 0x30, 0x00, 0xFF, 0xC0, 0xFF, 0xC0,
    0x30, 0x00, 0x30, 0x00, 0x38, 0x00, 0x1C, 0x0E, 0x0E, 0x1C, 0x07, 0xF8, 0x03, 0xF0, 0x00, 0x00,
    0x00, 0x00, 0x00, 0x00, 0x00, 0x00, 0x00, 0x00, 0x00, 0x00, 0x18, 0x03, 0x87, 0x01, 0xE1, 0xC0,
    0xF0, 0x70, 0x78, 0x1C, 0x3C, 0x07, 0x1E, 0x01, 0xCF, 0x00, 0x77, 0x80, 0xFF, 0xFF, 0xBF, 0xFF,
    0xEF, 0xFF, 0xF8, 0x7F, 0xC0, 0x1E, 0x70, 0x07, 0x0E, 0x01, 0xC3, 0xC0, 0x70, 0x78, 0x1C, 0x0E,
    0x07, 0x01, 0xC1, 0xC0, 0x78, 0x00, 0x00, 0x00, 0x00, 0x00, 0x00, 0x00, 0x00, 0x00, 0x00, 0x00,
    0x00, 0x3F, 0xFC, 0x3F, 0xFC, 0x01, 0x80, 0x01, 0x80, 0x01, 0x80, 0x01, 0x80, 0x01, 0x80, 0x01,
    0xB8, 0x01, 0xF0, 0x03, 0xC0, 0x0F, 0xB8, 0x1D, 0xF0, 0x03, 0xC0, 0x0F, 0x80, 0x1D, 0x80, 0x01,
    0x80, 0x01, 0x80, 0x01, 0x80, 0x01, 0x80, 0x01, 0x80, 0x00, 0x00, 0x00, 0x00, 0x00, 0x00, 0x00,
    0x00, 0x00, 0x00, 0x00, 0x00, 0x07, 0x00, 0x00, 0x00, 0x03, 0x80, 0x00, 0x00, 0x01, 0xFC, 0x00,
    0x00, 0x07, 0xFF, 0xC0, 0x00, 0x03, 0xFF, 0xF0, 0x00, 0x01, 0xF8, 0x7C, 0x00, 0x00, 0x1C, 0x0E,
    0x00, 0x00, 0x0E, 0x03, 0x81, 0xF0, 0x07, 0x01, 0xC3, 0xFC, 0x03, 0x80, 0xE3, 0xFF, 0x01, 0xC0,
    0x39, 0xC3, 0xC0, 0xE0, 0x1D, 0xC0, 0xE0, 0x70, 0x0E, 0xE0, 0x70, 0x38, 0x07, 0x70, 0x1C, 0xFC,
    0x07, 0x38, 0x0E, 0xFE, 0x03, 0x9C, 0x07, 0xFF, 0x01, 0xCE, 0x07, 0x73, 0xC1, 0xE7, 0x03, 0xB9,
    0xF1, 0xE3, 0xC3, 0xDF, 0xFF, 0xE1, 0xFF, 0xC7, 0xCF, 0xE0, 0xFF, 0xC0, 0xC1, 0xC0, 0x73, 0x80,
    0x00, 0x00, 0x38, 0x00, 0x00, 0x00, 0x1C, 0x00, 0x00, 0x00, 0x0E, 0x00, 0x00, 0x00, 0x07, 0x00,
    0x00, 0x00, 0x00, 0x00, 0x00, 0x1F, 0x80, 0x3F, 0xF0, 0x3F, 0xF8, 0x38, 0x3C, 0x7F, 0xFF, 0xFF,
    0xFF, 0x7F, 0xFF, 0x38, 0x0E, 0xFF, 0xFF, 0xFF, 0xFF, 0x38, 0x1C, 0x38, 0x7C, 0x3F, 0xF8, 0x3F,
    0xF0, 0x38, 0x00, 0x38, 0x00, 0x38, 0x00, 0x38, 0x00, 0x38, 0x00, 0x01, 0xC0, 0x00, 0xE0, 0x00,
    0xF8, 0x01, 0xFF, 0x01, 0xFF, 0xC1, 0xEE, 0xF1, 0xE7, 0x3C, 0xE3, 0x8E, 0xF1, 0xC7, 0x70, 0xE0,
    0x38, 0x70, 0x1C, 0x3F, 0xEE, 0x1F, 0xF7, 0x0F, 0xFB, 0x87, 0x1C, 0xE3, 0x8E, 0x71, 0xC7, 0x3C,
    0xE7, 0x8F, 0xFF, 0x83, 0xFF, 0x80, 0xFF, 0x80, 0x0E, 0x00, 0x07, 0x00, 0x03, 0x00, 0x01, 0xC0,
    0x00, 0xE0, 0x00, 0xF8, 0x00, 0x7C, 0x00, 0x77, 0x00, 0x3B, 0x80, 0x1D, 0xC0, 0x1C, 0x70, 0x7F,
    0xFF, 0x3F, 0xFF, 0x87, 0x07, 0x03, 0x83, 0x87, 0xFF, 0xF3, 0xFF, 0xF9, 0xFF, 0xFC, 0xF0, 0x1E,
    0x70, 0x07, 0x38, 0x03, 0xBC, 0x00, 0xE0, 0x07, 0x80, 0x7F, 0x83, 0xFF, 0x1E, 0x1C, 0x70, 0x70,
    0xC1, 0xC0, 0x07, 0x3F, 0xFF, 0xFF, 0xFC, 0x00, 0x0F, 0xFF, 0xFF, 0xFF, 0xFF, 0xFD, 0xC0, 0x07,
    0x03, 0x9C, 0x0E, 0x78, 0xF8, 0xFF, 0xC1, 0xFE, 0x01, 0xC0, 0x01, 0xC0, 0x01, 0xC0, 0x03, 0xE0,
    0x0F, 0xF8, 0x1F, 0xFC, 0x3D, 0xDE, 0x79, 0xCF, 0x71, 0xC7, 0xF1, 0xC7, 0xE1, 0xC0, 0xE1, 0xC0,
    0xE1, 0xC0, 0xE1, 0xC0, 0xE1, 0xC0, 0xE1, 0xC0, 0x71, 0xC7, 0x71, 0xC7, 0x79, 0xCF, 0x3F, 0xFE,
    0x1F, 0xFC, 0x0F, 0xF8, 0x01, 0xC0, 0x01, 0xC0, 0x01, 0xC0, 0xFF, 0xFF, 0xFF, 0xFF, 0xFF, 0xC0,
    0x00, 0xFF, 0xFF, 0xFF, 0xFF, 0xFF, 0xC1, 0xE0, 0x07, 0x80, 0x1E, 0x00, 0x78, 0x01, 0xE0, 0x07,
    0x80, 0x1E, 0x00, 0x78, 0x01, 0xE0, 0x07, 0x80, 0x1E, 0x00, 0x78, 0x00, 0x7F, 0xFB, 0xFF, 0xFF,
    0xFE, 0x07, 0x80, 0x1C, 0x3F, 0xFF, 0xFF, 0xEF, 0xFE, 0x01, 0xC3, 0xFE, 0x3F, 0xE0, 0xFC, 0x03,
    0x80, 0x1E, 0x00, 0x78, 0x01, 0xE0, 0x07, 0x80, 0x1E, 0x00, 0xF0, 0x18, 0x01, 0xC0, 0x0E, 0x60,
    0x7F, 0x03, 0xF8, 0x3F, 0x03, 0xE2, 0x1F, 0xF0, 0x3F, 0x83, 0xF8, 0x3F, 0x01, 0xF0, 0x7B, 0x87,
    0x9C, 0x38, 0xE1, 0xC7, 0x1E, 0x39, 0xE1, 0xFE, 0x0F, 0xE0, 0x38, 0x00, 0x01, 0x80, 0x03, 0xC0,
    0x03, 0xC0, 0x07, 0xE0, 0x1F, 0xF8, 0x3F, 0xFC, 0x3B, 0xDC, 0x73, 0xDE, 0x73, 0xCE, 0x73, 0xCE,
    0xE3, 0xCF, 0xE3, 0xC7, 0xE3, 0xC7, 0xE3, 0xC7, 0x0F, 0xE0, 0x0F, 0xFE, 0x07, 0xFF, 0x83, 0x81,
    0xE1, 0xC0, 0x70, 0xE0, 0x38, 0x70, 0x1C, 0x38, 0x0E, 0x1C, 0x07, 0x3F, 0xFF, 0xBF, 0xFF, 0x8F,
    0xFF, 0x01, 0xC0, 0x03, 0xFE, 0x03, 0xFF, 0x00, 0xFF, 0x80, 0x1C, 0x00, 0x0E, 0x00, 0x07, 0x00,
    0x00, 0x06, 0x60, 0x06, 0xE0, 0x07, 0xE0, 0x0F, 0xF0, 0x1F, 0xF8, 0x3E, 0xFC, 0x7E, 0xFE, 0x76,
    0xEE, 0x76, 0xEE, 0xE6, 0xEF, 0xE6, 0x67, 0xE0, 0x00, 0x70, 0x00, 0x70, 0x00, 0x70, 0x00, 0x38,
    0x00, 0x1F, 0x00, 0xFF, 0xFE, 0xFF, 0xFE, 0x3B, 0x01, 0xD8, 0x3F, 0xC1, 0xFF, 0x8F, 0xFF, 0x70,
    0x7B, 0x81, 0xDC, 0x07, 0xE0, 0x3F, 0x03, 0xBF, 0xFD, 0xFF, 0x8F, 0xFF, 0x70, 0x3F, 0x80, 0xFC,
    0x07, 0xE0, 0x3F, 0x01, 0xF8, 0x3F, 0xFF, 0xEF, 0xFE, 0x1D, 0x80, 0xEC, 0x02, 0x60, 0x00, 0x00,
    0x00, 0x00, 0x00, 0x00, 0x00, 0x00, 0x00, 0x00, 0x00, 0x00, 0x00, 0x00, 0x00, 0x00, 0x00, 0x00,
    0x00, 0x00, 0x03, 0x00, 0x07, 0x00, 0x0E, 0x00, 0x1C, 0x00, 0x38, 0x00, 0x7F, 0xFE, 0x7F, 0xFE,
    0x38, 0x00, 0x1C, 0x00, 0x0E, 0x00, 0x07, 0x00, 0x03, 0x00, 0x00, 0x00, 0x00, 0x00, 0x00, 0x00,
    0x00, 0x00, 0x00, 0x00, 0x00, 0x00, 0x00, 0x00, 0x00, 0x00, 0x00, 0x00, 0x00, 0x00, 0x00, 0x00,
    0x00, 0x00, 0x00, 0x00, 0x00, 0x00, 0x00, 0x00, 0x00, 0x00, 0x01, 0x80, 0x03, 0xC0, 0x07, 0xE0,
    0x0F, 0xF0, 0x1D, 0xB8, 0x39, 0x9C, 0x31, 0x8C, 0x01, 0x80, 0x01, 0x80, 0x01, 0x80, 0x01, 0x80,
    0x01, 0x80, 0x01, 0x80, 0x01, 0x80, 0x01, 0x80, 0x01, 0x80, 0x01, 0x80, 0x01, 0x80, 0x01, 0x80,
    0x01, 0x80, 0x00, 0x00, 0x00, 0x00, 0x00, 0x00, 0x00, 0x00, 0x00, 0x00, 0x00, 0x00, 0x00, 0x00,
    0x00, 0x00, 0x00, 0x00, 0x00, 0x00, 0x00, 0x00, 0x00, 0x00, 0x00, 0x00, 0x00, 0x00, 0x00, 0x00,
    0x00, 0x00, 0x00, 0xC0, 0x00, 0xE0, 0x00, 0x70, 0x00, 0x38, 0x00, 0x1C, 0x7F, 0xFE, 0x7F, 0xFE,
    0x00, 0x1C, 0x00, 0x38, 0x00, 0x70, 0x00, 0xE0, 0x00, 0xC0, 0x00, 0x00, 0x00, 0x00, 0x00, 0x00,
    0x00, 0x00, 0x00, 0x00, 0x00, 0x00, 0x00, 0x00, 0x00, 0x00, 0x00, 0x00, 0x00, 0x00, 0x00, 0x00,
    0x00, 0x00, 0x00, 0x00, 0x00, 0x00, 0x00, 0x00, 0x00, 0x00, 0x01, 0x80, 0x01, 0x80, 0x01, 0x80,
    0x01, 0x80, 0x01, 0x80, 0x01, 0x80, 0x01, 0x80, 0x01, 0x80, 0x01, 0x80, 0x01, 0x80, 0x01, 0x80,
    0x01, 0x80, 0x01, 0x80, 0x31, 0x8C, 0x39, 0x9C, 0x1D, 0xB8, 0x0F, 0xF0, 0x07, 0xE0, 0x03, 0xC0,
    0x01, 0x80, 0x00, 0x00, 0x00, 0x00, 0x00, 0x00, 0x00, 0x00, 0x00, 0x00, 0x00, 0x00, 0x00, 0x00,
    0x00, 0x00, 0x00, 0x00, 0x00, 0x00, 0x00, 0x00, 0x00, 0x00, 0x00, 0x00, 0x00, 0x00, 0x00, 0x00,
    0x00, 0x00, 0x06, 0x60, 0x0E, 0x70, 0x1C, 0x38, 0x38, 0x1C, 0x70, 0x0E, 0xFF, 0xFF, 0xFF, 0xFF,
    0x70, 0x0E, 0x38, 0x1C, 0x1C, 0x38, 0x0E, 0x70, 0x06, 0x60, 0x00, 0x00, 0x00, 0x00, 0x00, 0x00,
    0x00, 0x00, 0x00, 0x00, 0x00, 0x00, 0x00, 0x00, 0x00, 0x00, 0x00, 0x00, 0x00, 0x00, 0x00, 0x00,
    0x00, 0x00, 0x00, 0x00, 0x00, 0x00, 0x00, 0x00, 0x00, 0x00, 0x01, 0x80, 0x03, 0xC0, 0x07, 0xE0,
    0x0F, 0xF0, 0x1D, 0xB8, 0x39, 0x9C, 0x31, 0x8C, 0x01, 0x80, 0x01, 0x80, 0x01, 0x80, 0x01, 0x80,
    0x01, 0x80, 0x01, 0x80, 0x31, 0x8C, 0x39, 0x9C, 0x1D, 0xB8, 0x0F, 0xF0, 0x07, 0xE0, 0x03, 0xC0,
    0x01, 0x80, 0x00, 0x00, 0x00, 0x00, 0x00, 0x00, 0x00, 0x00, 0x00, 0x00, 0x00, 0x00, 0x7F, 0xF0,
    0xFF, 0xF1, 0xFF, 0xC3, 0xE0, 0x07, 0xE0, 0x0D, 0xE0, 0x19, 0xE0, 0x31, 0xE0, 0x61, 0xE0, 0xC1,
    0xE1, 0x81, 0xE3, 0x01, 0xE0, 0x01, 0xE0, 0x01, 0x80, 0x00, 0x00, 0x1F, 0xFC, 0x3F, 0xFC, 0x7F,
    0xF8, 0x03, 0xF0, 0x0F, 0xE0, 0x3D, 0xC0, 0xF3, 0x83, 0xC7, 0x0F, 0x0E, 0x3C, 0x1C, 0xF0, 0x3B,
    0xC0, 0x77, 0x00, 0x0C, 0x00, 0x00, 0x00, 0x00, 0x20, 0x00, 0xE0, 0x01, 0xE0, 0x31, 0xE0, 0x71,
    0xE0, 0xE1, 0xE1, 0xC1, 0xE3, 0x81, 0xE7, 0x01, 0xEE, 0x01, 0xFC, 0x01, 0xF8, 0x01, 0xF1, 0xFF,
    0xE3, 0xFF, 0xC0, 0x00, 0x0C, 0x00, 0x3D, 0x80, 0xF3, 0x03, 0xC6, 0x0F, 0x0C, 0x3C, 0x18, 0xF0,
    0x33, 0xC0, 0x6F, 0x00, 0xDC, 0x01, 0xF0, 0x03, 0xC0, 0x07, 0xFF, 0x8F, 0xFF, 0x00, 0x00, 0x00,
    0x00, 0x00, 0x00, 0x00, 0x00, 0x00, 0x00, 0x00, 0x00, 0x00, 0x00, 0x00, 0x00, 0x00, 0x00, 0x00,
    0x00, 0x00, 0x03, 0x06, 0x07, 0x06, 0x0E, 0x06, 0x1C, 0x06, 0x38, 0x06, 0x7F, 0xFE, 0x7F, 0xFE,
    0x38, 0x06, 0x1C, 0x06, 0x0E, 0x06, 0x07, 0x06, 0x03, 0x06, 0x00, 0x00, 0x00, 0x00, 0x00, 0x00,
    0x00, 0x00, 0x00, 0x00, 0x00, 0x00, 0x00, 0x00, 0x00, 0x00, 0x00, 0x00, 0x00, 0x00, 0x00, 0x00,
    0x00, 0x00, 0x00, 0x00, 0x00, 0x00, 0x00, 0x00, 0x00, 0x00, 0x00, 0x00, 0x00, 0x00, 0x00, 0x00,
    0x00, 0x00, 0x60, 0xC0, 0x60, 0xE0, 0x60, 0x70, 0x60, 0x38, 0x60, 0x1C, 0x7F, 0xFE, 0x7F, 0xFE,
    0x60, 0x1C, 0x60, 0x38, 0x60, 0x70, 0x60, 0xE0, 0x60, 0xC0, 0x00, 0x00, 0x00, 0x00, 0x00, 0x00,
    0x00, 0x00, 0x00, 0x00, 0x00, 0x00, 0x00, 0x00, 0x00, 0x00, 0x00, 0x00, 0x00, 0x00, 0x00, 0x00,
    0x00, 0x00, 0x00, 0x00, 0x00, 0x00, 0x00, 0x00, 0x00, 0x00, 0x01, 0x80, 0x03, 0xC0, 0x07, 0xE0,
    0x0F, 0xF0, 0x1D, 0xB8, 0x39, 0x9C, 0x31, 0x8C, 0x01, 0x80, 0x01, 0x80, 0x01, 0x80, 0x01, 0x80,
    0x31, 0x8C, 0x39, 0x9C, 0x1D, 0xB8, 0x0F, 0xF0, 0x07, 0xE0, 0x03, 0xC0, 0x01, 0x80, 0x3F, 0xFC,
    0x3F, 0xFC, 0x00, 0x00, 0x00, 0x00, 0x00, 0x00, 0x00, 0x00, 0x00, 0x00, 0x00, 0x00, 0x00, 0x00,
    0x78, 0x00, 0x00, 0x3E, 0x00, 0x00, 0x1F, 0x80, 0x30, 0x00, 0xE0, 0x3C, 0x00, 0x70, 0x3C, 0x00,
    0x1C, 0x3C, 0x00, 0x0E, 0x3C, 0x00, 0x0E, 0x3C, 0x00, 0x07, 0x3C, 0x00, 0x0F, 0xBF, 0xFF, 0xFF,
    0x9F, 0xFF, 0xFF, 0x87, 0x80, 0x00, 0x01, 0xE0, 0x00, 0x00, 0x78, 0x00, 0x00, 0x1E, 0x00, 0x00,
    0x07, 0x80, 0x00, 0x01, 0xE0, 0x00, 0x00, 0x60, 0x00, 0x00, 0x1E, 0x00, 0x00, 0x1F, 0x80, 0x00,
    0x1F, 0x80, 0x00, 0x1E, 0x00, 0x30, 0x0E, 0x00, 0x1C, 0x07, 0x00, 0x0F, 0x03, 0x80, 0x03, 0xC1,
    0xC0, 0x00, 0xF0, 0xF0, 0x00, 0x3C, 0x3C, 0x00, 0x0F, 0x0F, 0xFF, 0xFF, 0xC3, 0xFF, 0xFF, 0xE0,
    0x00, 0x00, 0xE0, 0x00, 0x01, 0xE0, 0x00, 0x01, 0xE0, 0x00, 0x01, 0xE0, 0x00, 0x01, 0xE0, 0x00,
    0x00, 0xE0, 0x00, 0x00, 0x60, 0x00, 0x04, 0x00, 0x00, 0x60, 0x00, 0x07, 0x00, 0x00, 0x78, 0x00,
    0x07, 0xFF, 0xFF, 0x7F, 0xFF, 0xFD, 0xFF, 0xFF, 0xC7, 0x80, 0x06, 0x1C, 0x00, 0x30, 0x60, 0x01,
    0x81, 0x00, 0x0C, 0x00, 0x00, 0x60, 0x00, 0x03, 0x00, 0x00, 0x18, 0x00, 0x00, 0xC0, 0x00, 0x06,
    0x00, 0x00, 0x30, 0x00, 0x01, 0x80, 0x00, 0x0C, 0x00, 0x03, 0x00, 0x00, 0x1C, 0x00, 0x00, 0xF0,
    0x00, 0x07, 0xCF, 0xFF, 0xFF, 0x7F, 0xFF, 0xFB, 0xFF, 0xFF, 0xDC, 0x00, 0x7C, 0xE0, 0x03, 0xC7,
    0x00, 0x1C, 0x38, 0x00, 0xC1, 0xC0, 0x00, 0x0E, 0x00, 0x00, 0x70, 0x00, 0x03, 0x80, 0x00, 0x1C,
    0x00, 0x00, 0xE0, 0x00, 0x07, 0x00, 0x00, 0x38, 0x00, 0x00, 0x00, 0x00, 0x00, 0x00, 0x00, 0x00,
    0x00, 0x00, 0x00, 0x00, 0x00, 0x00, 0x00, 0x0C, 0x00, 0x0C, 0x00, 0x0C, 0x00, 0x0C, 0x00, 0x0C,
    0x00, 0x0C, 0x00, 0x0C, 0x00, 0x0C, 0x03, 0x0C, 0x07, 0x0C, 0x0E, 0x0C, 0x1C, 0x0C, 0x38, 0x0C,
    0x7F, 0xFC, 0x7F, 0xFC, 0x38, 0x00, 0x1C, 0x00, 0x0E, 0x00, 0x07, 0x00, 0x03, 0x00, 0x00, 0x00,
    0x00, 0x00, 0x00, 0x00, 0x00, 0x00, 0x00, 0x00, 0x00, 0x00, 0x00, 0x00, 0x00, 0x00, 0x00, 0x00,
    0x00, 0x00, 0x00, 0x00, 0x00, 0x00, 0x60, 0x00, 0x60, 0x00, 0x60, 0x00, 0x60, 0x00, 0x60, 0x00,
    0x60, 0x00, 0x60, 0x00, 0x60, 0x00, 0x61, 0x80, 0x61, 0xC0, 0x60, 0xE0, 0x60, 0x70, 0x60, 0x38,
    0x7F, 0xFC, 0x7F, 0xFC, 0x00, 0x38, 0x00, 0x70, 0x00, 0xE0, 0x01, 0xC0, 0x01, 0x80, 0x00, 0x00,
    0x00, 0x00, 0x00, 0x00, 0x00, 0x00, 0x00, 0x00, 0x00, 0x00, 0x7F, 0xF0, 0x7F, 0xF8, 0x3F, 0xFC,
    0x00, 0x06, 0x00, 0x03, 0x00, 0x01, 0x80, 0x00, 0xC0, 0x00, 0x60, 0x00, 0x30, 0x00, 0x18, 0x00,
    0x0C, 0x00, 0x06, 0x00, 0x03, 0x00, 0x01, 0x80, 0x0F, 0xFC, 0x03, 0xFC, 0x00, 0xFC, 0x00, 0x3C,
    0x00, 0x0C, 0x00, 0x00, 0x00, 0x00, 0x00, 0x00, 0x00, 0x00, 0x00, 0x00, 0x00, 0x00, 0x00, 0x00,
    0x00, 0x00, 0x00, 0x00, 0x00, 0x00, 0x00, 0x00, 0x0C, 0x00, 0x0C, 0x00, 0x0C, 0x00, 0x0C, 0x00,
    0x0C, 0x03, 0x0C, 0x07, 0x0C, 0x0E, 0x0C, 0x1C, 0x0C, 0x38, 0x0C, 0x7F, 0xFC, 0x7F, 0xFC, 0x38,
    0x00, 0x1C, 0x00, 0x0E, 0x00, 0x07, 0x00, 0x03, 0x00, 0x00, 0x00, 0x00, 0x00, 0x00, 0x00, 0x00,
    0x00, 0x00, 0x00, 0x00, 0x00, 0x00, 0x00, 0x00, 0x0C, 0x00, 0x03, 0x80, 0x00, 0xF0, 0x00, 0x3E,
    0x00, 0x0F, 0xF8, 0x01, 0xFF, 0xC0, 0x1F, 0x7C, 0x01, 0xE3, 0xC0, 0x1C, 0x38, 0x01, 0x83, 0x80,
    0x00, 0x70, 0x00, 0x0E, 0x00, 0x00, 0xF8, 0x00, 0x1B, 0x00, 0x07, 0x70, 0x00, 0xEE, 0x00, 0x1C,
    0xE0, 0x07, 0x1E, 0x01, 0xC1, 0xF9, 0xF8, 0x1F, 0xFC, 0x00, 0xFF, 0x00, 0x00, 0x00, 0x00, 0x00,
    0x00, 0x00, 0x00, 0x00, 0x00, 0x00, 0x00, 0x00, 0x00, 0x00, 0x00, 0x00, 0x00, 0x00, 0x7F, 0x00,
    0x7F, 0x00, 0x1F, 0x00, 0x3B, 0x18, 0x33, 0x18, 0x63, 0x0C, 0x60, 0x0C, 0x60, 0x0C, 0x60, 0x0C,
    0x60, 0x0C, 0x30, 0x18, 0x38, 0x38, 0x1F, 0xF0, 0x0F, 0xE0, 0x00, 0x00, 0x00, 0x00, 0x00, 0x00,
    0x00, 0x00, 0x00, 0x00, 0x00, 0x00, 0x00, 0x00, 0x00, 0x00, 0x00, 0x00, 0x00, 0x00, 0x00, 0x00,
    0x00, 0x00, 0x00, 0x00, 0x00, 0x00, 0x00, 0x00, 0x00, 0x00, 0x00, 0x00, 0x00, 0x00, 0x08, 0x00,
    0x18, 0x00, 0x38, 0x00, 0x70, 0x00, 0xFF, 0xFE, 0xFF, 0xFE, 0x00, 0x00, 0x00, 0x00, 0xFF, 0xFE,
    0xFF, 0xFE, 0x00, 0x1C, 0x00, 0x38, 0x00, 0x30, 0x00, 0x20, 0x00, 0x00, 0x00, 0x00, 0x00, 0x00,
    0x00, 0x00, 0x00, 0x00, 0x00, 0x00, 0x00, 0x00, 0x00, 0x00, 0x00, 0x00, 0x00, 0x00, 0x00, 0x00,
    0x00, 0x00, 0x00, 0x00, 0x00, 0x00, 0x00, 0x00, 0x00, 0x00, 0x00, 0x00, 0x00, 0x00, 0x00, 0x20,
    0x00, 0x30, 0x00, 0x38, 0x00, 0x1C, 0xFF, 0xFE, 0xFF, 0xFE, 0x00, 0x00, 0x00, 0x00, 0xFF, 0xFE,
    0xFF, 0xFE, 0x70, 0x00, 0x38, 0x00, 0x18, 0x00, 0x08, 0x00, 0x00, 0x00, 0x00, 0x00, 0x00, 0x00,
    0x00, 0x00, 0x00, 0x00, 0x00, 0x00, 0x00, 0x00, 0x00, 0x00, 0x00, 0x00, 0x00, 0x00, 0x00, 0x00,
    0x00, 0x00, 0x00, 0x00, 0x00, 0x00, 0x00, 0x00, 0x00, 0x00, 0x00, 0x00, 0x00, 0x00, 0x00, 0x00,
    0x06, 0x00, 0x0E, 0x00, 0x1C, 0x00, 0x3F, 0xFE, 0x7F, 0xFE, 0xF0, 0x00, 0xF0, 0x00, 0x7F, 0xFE,
    0x3F, 0xFE, 0x1C, 0x00, 0x0E, 0x00, 0x06, 0x00, 0x00, 0x00, 0x00, 0x00, 0x00, 0x00, 0x00, 0x00,
    0x00, 0x00, 0x00, 0x00, 0x00, 0x00, 0x00, 0x00, 0x00, 0x00, 0x00, 0x00, 0x00, 0x00, 0x00, 0x00,
    0x00, 0x00, 0x00, 0x00, 0x00, 0x00, 0x00, 0x00, 0x01, 0x80, 0x03, 0xC0, 0x07, 0xE0, 0x0F, 0xF0,
    0x1E, 0x78, 0x3E, 0x7C, 0x36, 0x6C, 0x06, 0x60, 0x06, 0x60, 0x06, 0x60, 0x06, 0x60, 0x06, 0x60,
    0x06, 0x60, 0x06, 0x60, 0x06, 0x60, 0x06, 0x60, 0x06, 0x60, 0x06, 0x60, 0x06, 0x60, 0x06, 0x60,
    0x00, 0x00, 0x00, 0x00, 0x00, 0x00, 0x00, 0x00, 0x00, 0x00, 0x00, 0x00, 0x00, 0x00, 0x00, 0x00,
    0x00, 0x00, 0x00, 0x00, 0x00, 0x00, 0x00, 0x00, 0x00, 0x00, 0x00, 0x00, 0x00, 0x00, 0x00, 0x00,
    0x00, 0xC0, 0x00, 0xE0, 0x00, 0x70, 0xFF, 0xF8, 0xFF, 0xFC, 0x00, 0x1E, 0x00, 0x1E, 0xFF, 0xFC,
    0xFF, 0xF8, 0x00, 0x70, 0x00, 0xE0, 0x00, 0xC0, 0x00, 0x00, 0x00, 0x00, 0x00, 0x00, 0x00, 0x00,
    0x00, 0x00, 0x00, 0x00, 0x00, 0x00, 0x00, 0x00, 0x00, 0x00, 0x00, 0x00, 0x00, 0x00, 0x00, 0x00,
    0x00, 0x00, 0x00, 0x00, 0x00, 0x00, 0x00, 0x00, 0x06, 0x60, 0x06, 0x60, 0x06, 0x60, 0x06, 0x60,
    0x06, 0x60, 0x06, 0x60, 0x06, 0x60, 0x06, 0x60, 0x06, 0x60, 0x06, 0x60, 0x06, 0x60, 0x06, 0x60,
    0x06, 0x60, 0x36, 0x6C, 0x3E, 0x7C, 0x1E, 0x78, 0x0F, 0xF0, 0x07, 0xE0, 0x03, 0xC0, 0x01, 0x80,
    0x00, 0x00, 0x00, 0x00, 0x00, 0x00, 0x00, 0x00, 0x00, 0x00, 0x00, 0x00, 0x00, 0x00, 0x00, 0x00,
    0x00, 0x00, 0x00, 0x00, 0x00, 0x00, 0x00, 0x00, 0x00, 0x00, 0x00, 0x00, 0x00, 0x00, 0x00, 0x00,
    0x06, 0x60, 0x0E, 0x70, 0x1C, 0x38, 0x3F, 0xFC, 0x7F, 0xFE, 0xF0, 0x0F, 0xF0, 0x0F, 0x7F, 0xFE,
    0x3F, 0xFC, 0x1C, 0x38, 0x0E, 0x70, 0x06, 0x60, 0x00, 0x00, 0x00, 0x00, 0x00, 0x00, 0x00, 0x00,
    0x00, 0x00, 0x00, 0x00, 0x00, 0x00, 0x00, 0x00, 0x00, 0x00, 0x00, 0x00, 0x00, 0x00, 0x00, 0x00,
    0x00, 0x00, 0x00, 0x00, 0x00, 0x00, 0x00, 0x00, 0x01, 0x80, 0x03, 0xC0, 0x07, 0xE0, 0x0F, 0xF0,
    0x1E, 0x78, 0x3E, 0x7C, 0x36, 0x6C, 0x06, 0x60, 0x06, 0x60, 0x06, 0x60, 0x06, 0x60, 0x06, 0x60,
    0x06, 0x60, 0x36, 0x6C, 0x3E, 0x7C, 0x1E, 0x78, 0x0F, 0xF0, 0x07, 0xE0, 0x03, 0xC0, 0x01, 0x80,
    0x00, 0x00, 0x00, 0x00, 0x00, 0x00, 0x00, 0x00, 0x00, 0x00, 0x00, 0x00, 0x04, 0x01, 0xC0, 0x7C,
    0x1F, 0xC7, 0xFD, 0xFF, 0xC3, 0x80, 0x70, 0x7F, 0xCF, 0xF9, 0xFF, 0x07, 0x07, 0xFC, 0xFF, 0x9F,
    0xF0, 0x70, 0x0E, 0x01, 0xC0, 0x38, 0x00, 0x0E, 0x01, 0xC0, 0x38, 0x07, 0x00, 0xE0, 0xFF, 0x9F,
    0xF0, 0x70, 0x0E, 0x0F, 0xF9, 0xFF, 0x07, 0x00, 0xE0, 0x1C, 0x3F, 0xFB, 0xFE, 0x3F, 0x83, 0xE0,
    0x38, 0x02, 0x00, 0xC0, 0x00, 0x07, 0x06, 0x00, 0x38, 0x70, 0x01, 0xC7, 0x80, 0x0E, 0x7C, 0x00,
    0x77, 0xFF, 0xFF, 0xBF, 0xFF, 0xFC, 0xF8, 0x00, 0xE3, 0xC0, 0x07, 0x0E, 0x00, 0x38, 0x30, 0x01,
    0x80, 0x00, 0x00, 0x00, 0x00, 0x18, 0x00, 0x40, 0xC0, 0x03, 0x06, 0x00, 0x1C, 0x30, 0x01, 0xF1,
    0xFF, 0xFF, 0xCF, 0xFF, 0xFE, 0x60, 0x01, 0xE3, 0x00, 0x0E, 0x18, 0x00, 0x60, 0xC0, 0x02, 0x06,
    0x00, 0x00, 0x30, 0x00, 0x20, 0x00, 0x01, 0xC0, 0x00, 0x0F, 0x80, 0x00, 0x7F, 0x00, 0x03, 0xCE,
    0x00, 0x1E, 0x1C, 0x00, 0xF0, 0x38, 0x07, 0x80, 0x70, 0x3C, 0x00, 0xE1, 0xFC, 0x0F, 0xCF, 0xF0,
    0x3F, 0x81, 0xC0, 0xC0, 0x07, 0x03, 0x00, 0x1C, 0x0C, 0x00, 0x70, 0x30, 0x01, 0xC0, 0xC0, 0x07,
    0x03, 0x00, 0x1C, 0x0C, 0x00, 0x7F, 0xF0, 0x01, 0xFF, 0xC0, 0x00, 0x20, 0x00, 0x01, 0xC0, 0x00,
    0x0F, 0x80, 0x00, 0x7F, 0x00, 0x03, 0xCE, 0x00, 0x1E, 0x1C, 0x00, 0xF0, 0x38, 0x07, 0x80, 0x70,
    0x3C, 0x00, 0xE1, 0xFC, 0x0F, 0xCF, 0xF0, 0x3F, 0x81, 0xC0, 0xC0, 0x07, 0x03, 0x00, 0x1C, 0x0C,
    0x00, 0x7F, 0xF0, 0x01, 0xFF, 0xC0, 0x03, 0xFF, 0x00, 0x00, 0x00, 0x00, 0x7F, 0xF0, 0x01, 0xFF,
    0xC0, 0x07, 0x03, 0x00, 0x1C, 0x0C, 0x00, 0x7F, 0xF0, 0x01, 0xFF, 0xC0, 0x00, 0x00, 0x00, 0x00,
    0x00, 0x00, 0x00, 0x00, 0x00, 0x00, 0x00, 0x00, 0x60, 0x0C, 0x60, 0x0C, 0x60, 0x0C, 0x60, 0x0C,
    0x30, 0x18, 0x30, 0x18, 0x3F, 0xF8, 0x3F, 0xF8, 0x18, 0x30, 0x18, 0x30, 0x18, 0x30, 0x0C, 0x60,
    0x0C, 0x60, 0x0C, 0x60, 0x06, 0xC0, 0x06, 0xC0, 0x06, 0xC0, 0x03, 0x80, 0x03, 0x80, 0x03, 0x80,
    0x00, 0x00, 0x00, 0x00, 0x00, 0x00, 0x00, 0x00, 0x00, 0x00, 0x00, 0x00, 0x1F, 0x01, 0xFE, 0x0F,
    0xF8, 0x43, 0xE0, 0x07, 0x00, 0x38, 0x3C, 0xE3, 0xFF, 0x3F, 0xFB, 0xC3, 0xDC, 0x0E, 0xE0, 0x77,
    0x03, 0xB8, 0x1D, 0xC0, 0xEE, 0x0E, 0x78, 0xF1, 0xFF, 0x07, 0xF0, 0x06, 0x00, 0x00, 0x00, 0x00,
    0x00, 0x00, 0x00, 0x00, 0x00, 0x00, 0x00, 0x00, 0x00, 0x3F, 0xFC, 0x3F, 0xFC, 0x00, 0x0C, 0x00,
    0x0C, 0x00, 0x0C, 0x00, 0x0C, 0x00, 0x0C, 0x00, 0x0C, 0x00, 0x0C, 0x3F, 0xFC, 0x3F, 0xFC, 0x00,
    0x0C, 0x00, 0x0C, 0x00, 0x0C, 0x00, 0x0C, 0x00, 0x0C, 0x00, 0x0C, 0x00, 0x0C, 0x3F, 0xFC, 0x3F,
    0xFC, 0x00, 0x00, 0x00, 0x00, 0x00, 0x00, 0x00, 0x00, 0x00, 0x00, 0x00, 0x00, 0x00, 0x00, 0x00,
    0x00, 0x00, 0x00, 0x00, 0x0C, 0x00, 0x0C, 0x00, 0x1C, 0x3F, 0xFC, 0x3F, 0xFC, 0x00, 0x3C, 0x00,
    0x6C, 0x00, 0x6C, 0x00, 0xCC, 0x00, 0xCC, 0x01, 0x8C, 0x01, 0x8C, 0x3F, 0xFC, 0x3F, 0xFC, 0x03,
    0x0C, 0x03, 0x0C, 0x06, 0x0C, 0x06, 0x0C, 0x0C, 0x0C, 0x0C, 0x0C, 0x18, 0x0C, 0x3F, 0xFC, 0x3F,
    0xFC, 0x30, 0x00, 0x60, 0x00, 0x60, 0x00, 0x00, 0x00, 0x00, 0x00, 0x00, 0x00, 0x00, 0x00, 0x00,
    0x00, 0x00, 0x00, 0x00, 0x00, 0x00, 0x00, 0x00, 0x00, 0x00, 0x18, 0x00, 0x18, 0x00, 0x30, 0x00,
    0x30, 0x0F, 0xE0, 0x1F, 0xF0, 0x30, 0xD8, 0x30, 0xD8, 0x31, 0x98, 0x31, 0x98, 0x33, 0x18, 0x33,
    0x18, 0x36, 0x18, 0x36, 0x18, 0x1F, 0xF0, 0x0F, 0xE0, 0x18, 0x00, 0x18, 0x00, 0x30, 0x00, 0x30,
    0x00, 0x00, 0x00, 0x00, 0x00, 0x00, 0x00, 0x00, 0x00, 0x00, 0x00, 0x00, 0x00, 0x00, 0x00, 0x00,
    0x00, 0x00, 0x00, 0x00, 0x00, 0x00, 0x00, 0x00, 0x00, 0x01, 0x80, 0x01, 0x80, 0x01, 0x80, 0x03,
    0xC0, 0x03, 0xC0, 0x03, 0xC0, 0x06, 0x60, 0x06, 0x60, 0x06, 0x60, 0x0C, 0x30, 0x0C, 0x30, 0x0C,
    0x30, 0x18, 0x18, 0x18, 0x18, 0x18, 0x18, 0x30, 0x0C, 0x30, 0x0C, 0x30, 0x0C, 0x3F, 0xFC, 0x3F,
    0xFC, 0x00, 0x00, 0x00, 0x00, 0x00, 0x00, 0x00, 0x00, 0x00, 0x00, 0x00, 0x00, 0x00, 0x00, 0x00,
    0x00, 0x00, 0x00, 0x00, 0x00, 0x00, 0x00, 0x00, 0x00, 0x3F, 0xFC, 0x3F, 0xFC, 0x30, 0x0C, 0x30,
    0x0C, 0x30, 0x0C, 0x18, 0x18, 0x18, 0x18, 0x18, 0x18, 0x0C, 0x30, 0x0C, 0x30, 0x0C, 0x30, 0x06,
    0x60, 0x06, 0x60, 0x06, 0x60, 0x03, 0xC0, 0x03, 0xC0, 0x03, 0xC0, 0x01, 0x80, 0x01, 0x80, 0x01,
    0x80, 0x00, 0x00, 0x00, 0x00, 0x00, 0x00, 0x00, 0x00, 0x00, 0x00, 0x00, 0x00, 0x00, 0x00, 0x00,
    0x00, 0x00, 0x00, 0x00, 0x00, 0x00, 0x00, 0x00, 0x00, 0x01, 0xFC, 0x07, 0xFC, 0x0E, 0x00, 0x18,
    0x00, 0x18, 0x00, 0x30, 0x00, 0x30, 0x00, 0x30, 0x00, 0x30, 0x00, 0x3F, 0xFC, 0x3F, 0xFC, 0x30,
    0x00, 0x30, 0x00, 0x30, 0x00, 0x30, 0x00, 0x18, 0x00, 0x18, 0x00, 0x0E, 0x00, 0x07, 0xFC, 0x01,
    0xFC, 0x00, 0x00, 0x00, 0x00, 0x00, 0x00, 0x00, 0x00, 0x00, 0x00, 0x00, 0x00, 0x00, 0x00, 0x00,
    0x00, 0x00, 0x00, 0x00, 0x06, 0x00, 0x06, 0x00, 0x0C, 0x01, 0xFC, 0x07, 0xFC, 0x0E, 0x18, 0x18,
    0x30, 0x18, 0x30, 0x30, 0x60, 0x30, 0x60, 0x30, 0xC0, 0x30, 0xC0, 0x3F, 0xFC, 0x3F, 0xFC, 0x31,
    0x80, 0x31, 0x80, 0x33, 0x00, 0x33, 0x00, 0x16, 0x00, 0x1E, 0x00, 0x0E, 0x00, 0x0F, 0xFC, 0x19,
    0xFC, 0x18, 0x00, 0x30, 0x00, 0x30, 0x00, 0x00, 0x00, 0x00, 0x00, 0x00, 0x00, 0x00, 0x00, 0x00,
    0x00, 0x00, 0x00, 0x00, 0x00, 0x00, 0x00, 0x00, 0x00, 0x00, 0x00, 0x00, 0x00, 0x00, 0x00, 0x03,
    0xFC, 0x0F, 0xFC, 0x1C, 0x00, 0x18, 0x00, 0x30, 0x00, 0x30, 0x00, 0x3F, 0xFC, 0x3F, 0xFC, 0x30,
    0x00, 0x30, 0x00, 0x18, 0x00, 0x1C, 0x00, 0x0F, 0xFC, 0x03, 0xFC, 0x00, 0x00, 0x00, 0x00, 0x00,
    0x00, 0x00, 0x00, 0x00, 0x00, 0x00, 0x00, 0x00, 0x00, 0x00, 0x00, 0x00, 0x00, 0x00, 0x00, 0x00,
    0x00, 0x00, 0x00, 0x00, 0x00, 0x00, 0x00, 0x00, 0x00, 0x3F, 0x80, 0x3F, 0xE0, 0x00, 0x70, 0x00,
    0x18, 0x00, 0x18, 0x00, 0x0C, 0x00, 0x0C, 0x00, 0x0C, 0x00, 0x0C, 0x3F, 0xFC, 0x3F, 0xFC, 0x00,
    0x0C, 0x00, 0x0C, 0x00, 0x0C, 0x00, 0x0C, 0x00, 0x18, 0x00, 0x18, 0x00, 0x70, 0x3F, 0xE0, 0x3F,
    0x80, 0x00, 0x00, 0x00, 0x00, 0x00, 0x00, 0x00, 0x00, 0x00, 0x00, 0x00, 0x00, 0x00, 0x00, 0x00,
    0x00, 0x00, 0x00, 0x60, 0x00, 0x60, 0x00, 0x30, 0x00, 0x3F, 0x80, 0x3F, 0xE0, 0x18, 0x70, 0x0C,
    0x18, 0x0C, 0x18, 0x06, 0x0C, 0x06, 0x0C, 0x03, 0x0C, 0x03, 0x0C, 0x3F, 0xFC, 0x3F, 0xFC, 0x01,
    0x8C, 0x01, 0x8C, 0x00, 0xCC, 0x00, 0xCC, 0x00, 0x68, 0x00, 0x78, 0x00, 0x70, 0x3F, 0xF0, 0x3F,
    0x98, 0x00, 0x18, 0x00, 0x0C, 0x00, 0x0C, 0x00, 0x00, 0x00, 0x00, 0x00, 0x00, 0x00, 0x00, 0x00,
    0x00, 0x00, 0x00, 0x00, 0x00, 0x00, 0x00, 0x00, 0x00, 0x00, 0x00, 0x00, 0x00, 0x00, 0x00, 0x3F,
    0xC0, 0x3F, 0xF0, 0x00, 0x38, 0x00, 0x18, 0x00, 0x0C, 0x00, 0x0C, 0x3F, 0xFC, 0x3F, 0xFC, 0x00,
    0x0C, 0x00, 0x0C, 0x00, 0x18, 0x00, 0x38, 0x3F, 0xF0, 0x3F, 0xC0, 0x00, 0x00, 0x00, 0x00, 0x00,
    0x00, 0x00, 0x00, 0x00, 0x00, 0x00, 0x00, 0x00, 0x00, 0x00, 0x00, 0x00, 0x00, 0xFF, 0xFF, 0xFF,
    0xFF, 0xFF, 0xF8, 0x07, 0xE0, 0x1F, 0x80, 0x7E, 0x01, 0xF8, 0x07, 0xE0, 0x1F, 0x80, 0x7E, 0x01,
    0xF8, 0x07, 0xE0, 0x1F, 0x80, 0x7E, 0x01, 0xF8, 0x07, 0xE0, 0x1F, 0x80, 0x7E, 0x01, 0xF8, 0x07,
    0xE0, 0x1F, 0x80, 0x70, 0x7F, 0xFC, 0xFF, 0xF9, 0xFF, 0xF3, 0xC0, 0x03, 0xC0, 0x03, 0xC0, 0x03,
    0xC0, 0x03, 0x80, 0x07, 0x80, 0x07, 0x80, 0x07, 0x80, 0x07, 0x00, 0x1E, 0x00, 0x78, 0x00, 0xE0,
    0x03, 0x80, 0x0F, 0x00, 0x3C, 0x00, 0xF0, 0x03, 0xC0, 0x07, 0xFF, 0xEF, 0xFF, 0xDF, 0xFF, 0x80,
    0x00, 0x00, 0x00, 0x00, 0x00, 0x00, 0x00, 0x00, 0x00, 0x00, 0x00, 0x00, 0x00, 0x00, 0x00, 0x00,
    0x00, 0x00, 0x00, 0x00, 0x00, 0x00, 0x00, 0x00, 0x00, 0x00, 0x00, 0x00, 0x00, 0x00, 0x3F, 0xFC,
    0x3F, 0xFC, 0x00, 0x00, 0x00, 0x00, 0x00, 0x00, 0x00, 0x00, 0x00, 0x00, 0x00, 0x00, 0x00, 0x00,
    0x00, 0x00, 0x00, 0x00, 0x00, 0x00, 0x00, 0x00, 0x00, 0x00, 0x00, 0x00, 0x00, 0x00, 0x00, 0x00,
    0x00, 0x00, 0x00, 0x00, 0x00, 0x00, 0x00, 0x00, 0x00, 0x00, 0x00, 0x00, 0x00, 0x00, 0x00, 0x00,
    0x00, 0x00, 0x00, 0x00, 0x3F, 0xFC, 0x3F, 0xFC, 0x00, 0x00, 0x00, 0x00, 0x01, 0x80, 0x01, 0x80,
    0x01, 0x80, 0x01, 0x80, 0x01, 0x80, 0x3F, 0xFC, 0x3F, 0xFC, 0x01, 0x80, 0x01, 0x80, 0x01, 0x80,
    0x01, 0x80, 0x01, 0x80, 0x00, 0x00, 0x00, 0x00, 0x00, 0x00, 0x00, 0x00, 0x00, 0x00, 0x00, 0x00,
    0x00, 0x00, 0x00, 0x00, 0x00, 0x00, 0x00, 0x00, 0x00, 0x00, 0x00, 0x00, 0x00, 0x00, 0x00, 0x00,
    0x01, 0x80, 0x01, 0x80, 0x01, 0x80, 0x01, 0x80, 0x00, 0x00, 0x00, 0x00, 0x01, 0x80, 0x01, 0x80,
    0x01, 0x80, 0x01, 0x80, 0x01, 0x80, 0x3F, 0xFC, 0x3F, 0xFC, 0x01, 0x80, 0x01, 0x80, 0x01, 0x80,
    0x01, 0x80, 0x01, 0x80, 0x00, 0x00, 0x00, 0x00, 0x00, 0x00, 0x00, 0x00, 0x00, 0x00, 0x00, 0x00,
    0x00, 0x00, 0x00, 0x00, 0x00, 0x00, 0x00, 0x00, 0x00, 0x00, 0x00, 0x00, 0x00, 0x00, 0x00, 0x00,
    0x00, 0x00, 0x00, 0x00, 0x00, 0x0C, 0x00, 0x1C, 0x00, 0x38, 0x00, 0x70, 0x00, 0xE0, 0x01, 0xC0,
    0x03, 0x80, 0x07, 0x00, 0x0E, 0x00, 0x1C, 0x00, 0x38, 0x00, 0x70, 0x00, 0x60, 0x00, 0x00, 0x00,
    0x00, 0x00, 0x00, 0x00, 0x00, 0x00, 0x00, 0x00, 0x00, 0x00, 0x00, 0x00, 0x00, 0x00, 0x00, 0x00,
    0x00, 0x00, 0x00, 0x00, 0x00, 0x00, 0x00, 0x00, 0x00, 0x00, 0x00, 0x00, 0x00, 0x00, 0x00, 0x00,
    0x00, 0x00, 0x00, 0x00, 0x60, 0x00, 0x70, 0x00, 0x38, 0x00, 0x1C, 0x00, 0x0E, 0x00, 0x07, 0x00,
    0x03, 0x80, 0x01, 0xC0, 0x00, 0xE0, 0x00, 0x70, 0x00, 0x38, 0x00, 0x1C, 0x00, 0x0C, 0x00, 0x00,
    0x00, 0x00, 0x00, 0x00, 0x00, 0x00, 0x00, 0x00, 0x00, 0x00, 0x00, 0x00, 0x00, 0x00, 0x00, 0x00,
    0x00, 0x00, 0x00, 0x00, 0x00, 0x00, 0x00, 0x00, 0x00, 0x00, 0x00, 0x00, 0x00, 0x00, 0x00, 0x00,
    0x00, 0x00, 0x00, 0x00, 0x00, 0x00, 0x00, 0x00, 0x00, 0x00, 0x03, 0x80, 0x07, 0xC0, 0x07, 0xC0,
    0x07, 0xC0, 0x03, 0x80, 0x00, 0x00, 0x00, 0x00, 0x00, 0x00, 0x00, 0x00, 0x00, 0x00, 0x00, 0x00,
    0x00, 0x00, 0x00, 0x00, 0x00, 0x00, 0x00, 0x00, 0x00, 0x00, 0x00, 0x00, 0x00, 0x00, 0x00, 0x00,
    0x00, 0x00, 0x00, 0x00, 0x00, 0x00, 0x00, 0x1E, 0x00, 0x1E, 0x00, 0x18, 0x00, 0x18, 0x00, 0x18,
    0x00, 0x18, 0x00, 0x18, 0x00, 0x18, 0x00, 0x18, 0x00, 0x18, 0x00, 0x18, 0x00, 0x18, 0x30, 0x18,
    0x30, 0x18, 0x30, 0x18, 0x38, 0x18, 0x1C, 0x18, 0x0E, 0x18, 0x07, 0x18, 0x03, 0x98, 0x01, 0xD8,
    0x00, 0xF8, 0x00, 0x78, 0x00, 0x00, 0x00, 0x00, 0x00, 0x00, 0x00, 0x00, 0x00, 0x00, 0x00, 0x00,
    0x00, 0x00, 0x00, 0x00, 0x00, 0x00, 0x00, 0x00, 0x00, 0x00, 0x00, 0x00, 0x00, 0x00, 0x00, 0x00,
    0x00, 0x00, 0x00, 0x00, 0x00, 0x00, 0x1E, 0x78, 0x3F, 0xFC, 0x73, 0xCE, 0x61, 0x86, 0x61, 0x86,
    0x61, 0x86, 0x61, 0x86, 0x73, 0xCE, 0x3F, 0xFC, 0x1E, 0x78, 0x00, 0x00, 0x00, 0x00, 0x00, 0x00,
    0x00, 0x00, 0x00, 0x00, 0x00, 0x00, 0x00, 0x00, 0x00, 0x00, 0x00, 0x00, 0x00, 0x00, 0x00, 0x00,
    0x00, 0x00, 0x00, 0x00, 0x00, 0x00, 0x00, 0x00, 0x00, 0x00, 0x00, 0x00, 0x00, 0x00, 0x00, 0x00,
    0x00, 0x00, 0x00, 0x00, 0x30, 0x00, 0x30, 0x00, 0x30, 0x00, 0x30, 0x00, 0x30, 0x00, 0x30, 0x00,
    0x30, 0x00, 0x30, 0x00, 0x30, 0x00, 0x30, 0x00, 0x3F, 0xFC, 0x3F, 0xFC, 0x00, 0x00, 0x00, 0x00,
    0x00, 0x00, 0x00, 0x00, 0x00, 0x00, 0x00, 0x00, 0x00, 0x00, 0x00, 0x00, 0x00, 0x00, 0x00, 0x00,
    0x00, 0x00, 0x00, 0x00, 0x00, 0x00, 0x00, 0x00, 0x00, 0x00, 0x00, 0x00, 0x06, 0x60, 0x06, 0x60,
    0x06, 0x60, 0x06, 0x60, 0x06, 0x60, 0x06, 0x60, 0x06, 0x60, 0x06, 0x60, 0x06, 0x60, 0x06, 0x60,
    0x06, 0x60, 0x06, 0x60, 0x06, 0x60, 0x06, 0x60, 0x06, 0x60, 0x06, 0x60, 0x06, 0x60, 0x06, 0x60,
    0x06, 0x60, 0x06, 0x60, 0x00, 0x00, 0x00, 0x00, 0x00, 0x00, 0x00, 0x00, 0x00, 0x00, 0x00, 0x00,
    0x00, 0x00, 0x00, 0x00, 0x00, 0x00, 0x00, 0x00, 0x00, 0x00, 0x00, 0x00, 0x00, 0x00, 0x00, 0x00,
    0x00, 0x00, 0x00, 0x00, 0x00, 0x00, 0x00, 0x00, 0x01, 0x80, 0x01, 0x80, 0x03, 0xC0, 0x03, 0xC0,
    0x06, 0x60, 0x06, 0x60, 0x0C, 0x30, 0x0C, 0x30, 0x0C, 0x30, 0x18, 0x18, 0x18, 0x18, 0x18, 0x18,
    0x30, 0x0C, 0x30, 0x0C, 0x00, 0x00, 0x00, 0x00, 0x00, 0x00, 0x00, 0x00, 0x00, 0x00, 0x00, 0x00,
    0x00, 0x00, 0x00, 0x00, 0x00, 0x00, 0x00, 0x00, 0x00, 0x00, 0x00, 0x00, 0x00, 0x00, 0x00, 0x00,
    0x00, 0x00, 0x00, 0x00, 0x00, 0x00, 0x00, 0x00, 0x30, 0x0C, 0x30, 0x0C, 0x18, 0x18, 0x18, 0x18,
    0x18, 0x18, 0x0C, 0x30, 0x0C, 0x30, 0x0C, 0x30, 0x06, 0x60, 0x06, 0x60, 0x03, 0xC0, 0x03, 0xC0,
    0x01, 0x80, 0x01, 0x80, 0x00, 0x00, 0x00, 0x00, 0x00, 0x00, 0x00, 0x00, 0x00, 0x00, 0x00, 0x00,
    0x00, 0x00, 0x00, 0x00, 0x00, 0x00, 0x00, 0x00, 0x00, 0x00, 0x00, 0x00, 0x00, 0x00, 0x00, 0x00,
    0x00, 0x00, 0x00, 0x00, 0x07, 0xE0, 0x0F, 0xF0, 0x1C, 0x38, 0x18, 0x18, 0x30, 0x0C, 0x30, 0x0C,
    0x30, 0x0C, 0x30, 0x0C, 0x30, 0x0C, 0x30, 0x0C, 0x30, 0x0C, 0x30, 0x0C, 0x30, 0x0C, 0x30, 0x0C,
    0x30, 0x0C, 0x30, 0x0C, 0x00, 0x00, 0x00, 0x00, 0x00, 0x00, 0x00, 0x00, 0x00, 0x00, 0x00, 0x00,
    0x00, 0x00, 0x00, 0x00, 0x00, 0x00, 0x00, 0x00, 0x00, 0x00, 0x00, 0x00, 0x00, 0x00, 0x00, 0x00,
    0x00, 0x00, 0x00, 0x00, 0x30, 0x0C, 0x30, 0x0C, 0x30, 0x0C, 0x30, 0x0C, 0x30, 0x0C, 0x30, 0x0C,
    0x30, 0x0C, 0x30, 0x0C, 0x30, 0x0C, 0x30, 0x0C, 0x30, 0x0C, 0x30, 0x0C, 0x18, 0x18, 0x1C, 0x38,
    0x0F, 0xF0, 0x07, 0xE0, 0x00, 0x00, 0x00, 0x00, 0x00, 0x00, 0x00, 0x00, 0x00, 0x00, 0x00, 0x00,
    0x01, 0x81, 0xF0, 0xFC, 0x38, 0x1C, 0x07, 0x01, 0xC0, 0x70, 0x1C, 0x07, 0x01, 0xC0, 0x70, 0x1C,
    0x07, 0x01, 0xC0, 0x70, 0x1C, 0x07, 0x01, 0xC0, 0x70, 0x1C, 0x07, 0x01, 0xC1, 0xF0, 0xFC, 0x3E,
    0x00, 0x03, 0xBC, 0xE2, 0x00, 0x00, 0x00, 0x00, 0xEF, 0x38, 0x80, 0x00, 0x00, 0x00, 0x00, 0x00,
    0x00, 0x00, 0x00, 0x00, 0x00, 0x00, 0x00, 0x00, 0x00, 0x00, 0x00, 0x00, 0x00, 0x00, 0x00, 0x00,
    0x00, 0x1F, 0x0C, 0x3F, 0x9C, 0x39, 0xFC, 0x30, 0xF8, 0x00, 0x00, 0x00, 0x00, 0x1F, 0x0C, 0x3F,
    0x9C, 0x39, 0xFC, 0x30, 0xF8, 0x00, 0x00, 0x00, 0x00, 0x00, 0x00, 0x00, 0x00, 0x00, 0x00, 0x00,
    0x00, 0x00, 0x00, 0x00, 0x00, 0x00, 0x00, 0x00, 0x00, 0x00, 0x00, 0x00, 0x00, 0x00, 0x00, 0x00,
    0x00, 0x00, 0x00, 0x00, 0x00, 0x00, 0x00, 0x00, 0x00, 0x00, 0x00, 0x00, 0x00, 0x00, 0x00, 0x00,
    0x1C, 0x00, 0x38, 0x7F, 0xFC, 0x7F, 0xFC, 0x00, 0xE0, 0x01, 0xC0, 0x03, 0x80, 0x07, 0x00, 0x7F,
    0xFC, 0x7F, 0xFC, 0x38, 0x00, 0x70, 0x00, 0x00, 0x00, 0x00, 0x00, 0x00, 0x00, 0x00, 0x00, 0x00,
    0x00, 0x00, 0x00, 0x00, 0x00, 0x00, 0x00, 0x00, 0x00, 0x00, 0x00, 0x00, 0x00, 0x00, 0x00, 0x00,
    0x00, 0x00, 0x00, 0x00, 0x00, 0x00, 0x00, 0x00, 0x00, 0x00, 0x00, 0x00, 0x00, 0x3F, 0xFC, 0x3F,
    0xFC, 0x00, 0x00, 0x00, 0x00, 0x00, 0x00, 0x00, 0x00, 0x3F, 0xFC, 0x3F, 0xFC, 0x00, 0x00, 0x00,
    0x00, 0x00, 0x00, 0x00, 0x00, 0x3F, 0xFC, 0x3F, 0xFC, 0x00, 0x00, 0x00, 0x00, 0x00, 0x00, 0x00,
    0x00, 0x00, 0x00, 0x00, 0x00, 0x00, 0x00, 0x00, 0x00, 0x00, 0x00, 0x00, 0x00, 0x00, 0x00, 0x00,
    0x00, 0x00, 0x00, 0x00, 0x00, 0x00, 0x00, 0x00, 0x38, 0x00, 0x70, 0x00, 0xE0, 0x01, 0xC0, 0x03,
    0x80, 0x07, 0x00, 0x0E, 0x00, 0x1C, 0x00, 0x1C, 0x00, 0x0E, 0x00, 0x07, 0x00, 0x03, 0x80, 0x01,
    0xC0, 0x00, 0xE0, 0x00, 0x70, 0x00, 0x38, 0x00, 0x00, 0x00, 0x00, 0x3F, 0xFC, 0x3F, 0xFC, 0x00,
    0x00, 0x00, 0x00, 0x00, 0x00, 0x00, 0x00, 0x00, 0x00, 0x00, 0x00, 0x00, 0x00, 0x00, 0x00, 0x00,
    0x00, 0x00, 0x00, 0x00, 0x00, 0x00, 0x00, 0x1C, 0x00, 0x0E, 0x00, 0x07, 0x00, 0x03, 0x80, 0x01,
    0xC0, 0x00, 0xE0, 0x00, 0x70, 0x00, 0x38, 0x00, 0x38, 0x00, 0x70, 0x00, 0xE0, 0x01, 0xC0, 0x03,
    0x80, 0x07, 0x00, 0x0E, 0x00, 0x1C, 0x00, 0x00, 0x00, 0x00, 0x00, 0x3F, 0xFC, 0x3F, 0xFC, 0x00,
    0x00, 0x00, 0x00, 0x00, 0x00, 0x00, 0x00, 0x00, 0x00, 0x00, 0x00, 0x00, 0x00, 0x00, 0x00, 0x00,
    0x00, 0x00, 0x00, 0x00, 0x00, 0x00, 0x00, 0x00, 0x00, 0x00, 0xC3, 0x01, 0xC7, 0x03, 0x8E, 0x07,
    0x1C, 0x0E, 0x38, 0x1C, 0x70, 0x38, 0xE0, 0x71, 0xC0, 0xE3, 0x80, 0xE3, 0x80, 0x71, 0xC0, 0x38,
    0xE0, 0x1C, 0x70, 0x0E, 0x38, 0x07, 0x1C, 0x03, 0x8E, 0x01, 0xC7, 0x00, 0xC3, 0x00, 0x00, 0x00,
    0x00, 0x00, 0x00, 0x00, 0x00, 0x00, 0x00, 0x00, 0x00, 0x00, 0x00, 0x00, 0x00, 0x00, 0x00, 0x00,
    0x00, 0x00, 0x00, 0x00, 0x00, 0x00, 0x00, 0x00, 0x00, 0xC3, 0x00, 0xE3, 0x80, 0x71, 0xC0, 0x38,
    0xE0, 0x1C, 0x70, 0x0E, 0x38, 0x07, 0x1C, 0x03, 0x8E, 0x01, 0xC7, 0x01, 0xC7, 0x03, 0x8E, 0x07,
    0x1C, 0x0E, 0x38, 0x1C, 0x70, 0x38, 0xE0, 0x71, 0xC0, 0xE3, 0x80, 0xC3, 0x00, 0x00, 0x00, 0x00,
    0x00, 0x00, 0x00, 0x00, 0x00, 0x00, 0x00, 0x00, 0x00, 0x00, 0x00, 0x00, 0x00, 0x00, 0x00, 0x00,
    0x00, 0x00, 0x00, 0x00, 0x00, 0x00, 0x00, 0x00, 0x00, 0x00, 0x00, 0x00, 0x00, 0x07, 0xFC, 0x1F,
    0xFC, 0x38, 0x00, 0x70, 0x00, 0x60, 0x00, 0x60, 0x00, 0x60, 0x00, 0x60, 0x00, 0x60, 0x00, 0x60,
    0x00, 0x70, 0x00, 0x38, 0x00, 0x1F, 0xFC, 0x07, 0xFC, 0x00, 0x00, 0x00, 0x00, 0x00, 0x00, 0x00,
    0x00, 0x00, 0x00, 0x00, 0x00, 0x00, 0x00, 0x00, 0x00, 0x00, 0x00, 0x00, 0x00, 0x00, 0x00, 0x00,
    0x00, 0x00, 0x00, 0x00, 0x00, 0x00, 0x00, 0x00, 0x00, 0x00, 0x00, 0x00, 0x00, 0x7F, 0xC0, 0x7F,
    0xF0, 0x00, 0x38, 0x00, 0x1C, 0x00, 0x0C, 0x00, 0x0C, 0x00, 0x0C, 0x00, 0x0C, 0x00, 0x0C, 0x00,
    0x0C, 0x00, 0x1C, 0x00, 0x38, 0x7F, 0xF0, 0x7F, 0xC0, 0x00, 0x00, 0x00, 0x00, 0x00, 0x00, 0x00,
    0x00, 0x00, 0x00, 0x00, 0x00, 0x00, 0x00, 0x00, 0x00, 0x00, 0x00, 0x00, 0x00, 0x00, 0x00, 0x00,
    0x00, 0x00, 0x00, 0x00, 0x00, 0x00, 0x00, 0x00, 0x00, 0x07, 0xFC, 0x1F, 0xFC, 0x38, 0x00, 0x70,
    0x00, 0x60, 0x00, 0x60, 0x00, 0x60, 0x00, 0x60, 0x00, 0x60, 0x00, 0x60, 0x00, 0x70, 0x00, 0x38,
    0x00, 0x1F, 0xFC, 0x07, 0xFC, 0x00, 0x00, 0x00, 0x00, 0x7F, 0xFC, 0x7F, 0xFC, 0x00, 0x00, 0x00,
    0x00, 0x00, 0x00, 0x00, 0x00, 0x00, 0x00, 0x00, 0x00, 0x00, 0x00, 0x00, 0x00, 0x00, 0x00, 0x00,
    0x00, 0x00, 0x00, 0x00, 0x00, 0x00, 0x00, 0x00, 0x00, 0x7F, 0xC0, 0x7F, 0xF0, 0x00, 0x38, 0x00,
    0x1C, 0x00, 0x0C, 0x00, 0x0C, 0x00, 0x0C, 0x00, 0x0C, 0x00, 0x0C, 0x00, 0x0C, 0x00, 0x1C, 0x00,
    0x38, 0x7F, 0xF0, 0x7F, 0xC0, 0x00, 0x00, 0x00, 0x00, 0x7F, 0xFC, 0x7F, 0xFC, 0x00, 0x00, 0x00,
    0x00, 0x00, 0x00, 0x00, 0x00, 0x00, 0x00, 0x00, 0x00, 0x00, 0x00, 0x00, 0x00, 0xE0, 0x00, 0x00,
    0x03, 0xFF, 0xC0, 0x00, 0x01, 0xFF, 0xFF, 0x00, 0x00, 0x7F, 0x07, 0xF0, 0x00, 0x3F, 0x00, 0x1F,
    0x80, 0x0F, 0x80, 0x00, 0xF8, 0x03, 0xC0, 0x00, 0x07, 0x80, 0xF0, 0x00, 0x00, 0x70, 0x1C, 0x00,
    0x00, 0x07, 0x07, 0x00, 0x18, 0x00, 0xF0, 0xE0, 0x03, 0x80, 0x0E, 0x38, 0x00, 0x70, 0x00, 0xE7,
    0x00, 0x0E, 0x00, 0x1D, 0xC0, 0x01, 0xC0, 0x03, 0xB8, 0x00, 0x38, 0x00, 0x37, 0x00, 0x07, 0x00,
    0x07, 0xE0, 0x00, 0xE0, 0x00, 0xFC, 0x0F, 0xFF, 0xF8, 0x1F, 0x81, 0xFF, 0xFF, 0x03, 0xF0, 0x00,
    0x70, 0x00, 0x7E, 0x00, 0x0E, 0x00, 0x0F, 0xC0, 0x01, 0xC0, 0x01, 0x98, 0x00, 0x38, 0x00, 0x73,
    0x80, 0x07, 0x00, 0x0E, 0x70, 0x00, 0xE0, 0x03, 0xC7, 0x00, 0x1C, 0x00, 0x70, 0xF0, 0x00, 0x00,
    0x1E, 0x0E, 0x00, 0x00, 0x07, 0x80, 0xE0, 0x00, 0x01, 0xE0, 0x1E, 0x00, 0x00, 0x78, 0x01, 0xF0,
    0x00, 0x1E, 0x00, 0x1F, 0x80, 0x0F, 0x80, 0x00, 0xFF, 0xBF, 0xE0, 0x00, 0x07, 0xFF, 0xF0, 0x00,
    0x00, 0x3F, 0xF8, 0x00, 0x00, 0x00, 0x00, 0xE0, 0x00, 0x00, 0x03, 0xFF, 0xC0, 0x00, 0x01, 0xFF,
    0xFF, 0x00, 0x00, 0x7F, 0x07, 0xF0, 0x00, 0x3F, 0x00, 0x1F, 0x80, 0x0F, 0x80, 0x00, 0xF8, 0x03,
    0xC0, 0x00, 0x07, 0x80, 0xF0, 0x00, 0x00, 0x70, 0x1C, 0x00, 0x00, 0x07, 0x07, 0x00, 0x00, 0x00,
    0xF0, 0xE0, 0x00, 0x00, 0x0E, 0x38, 0x00, 0x00, 0x00, 0xE7, 0x00, 0x00, 0x00, 0x1D, 0xC0, 0x00,
    0x00, 0x03, 0xB8, 0x00, 0x00, 0x00, 0x37, 0x00, 0x00, 0x00, 0x07, 0xE0, 0x0F, 0xFE, 0x00, 0xFC,
    0x03, 0xFF, 0xC0, 0x1F, 0x80, 0x7F, 0xF8, 0x03, 0xF0, 0x00, 0x00, 0x00, 0x7E, 0x00, 0x00, 0x00,
    0x0F, 0xC0, 0x00, 0x00, 0x01, 0x98, 0x00, 0x00, 0x00, 0x73, 0x80, 0x00, 0x00, 0x0E, 0x70, 0x00,
    0x00, 0x03, 0xC7, 0x00, 0x00, 0x00, 0x70, 0xF0, 0x00, 0x00, 0x1E, 0x0E, 0x00, 0x00, 0x07, 0x80,
    0xE0, 0x00, 0x01, 0xE0, 0x1E, 0x00, 0x00, 0x78, 0x01, 0xF0, 0x00, 0x1E, 0x00, 0x1F, 0x80, 0x0F,
    0x80, 0x00, 0xFF, 0xBF, 0xE0, 0x00, 0x07, 0xFF, 0xF0, 0x00, 0x00, 0x3F, 0xF8, 0x00, 0x00, 0x00,
    0x00, 0xE0, 0x00, 0x00, 0x03, 0xFF, 0xC0, 0x00, 0x01, 0xFF, 0xFF, 0x00, 0x00, 0x7F, 0x07, 0xF0,
    0x00, 0x3F, 0x00, 0x1F, 0x80, 0x0F, 0x80, 0x00, 0xF8, 0x03, 0xC0, 0x00, 0x07, 0x80, 0xF0, 0x00,
    0x00, 0x70, 0x1C, 0x00, 0x00, 0x07, 0x07, 0x00, 0x00, 0x00, 0xF0, 0xE0, 0x00, 0x00, 0x0E, 0x38,
    0x00, 0x00, 0x00, 0xE7, 0x00, 0xC0, 0x60, 0x1D, 0xC0, 0x1C, 0x1C, 0x03, 0xB8, 0x03, 0xC7, 0x80,
    0x37, 0x00, 0x3D, 0xE0, 0x07, 0xE0, 0x03, 0xF8, 0x00, 0xFC, 0x00, 0x3E, 0x00, 0x1F, 0x80, 0x07,
    0xC0, 0x03, 0xF0, 0x01, 0xFC, 0x00, 0x7E, 0x00, 0x7B, 0xC0, 0x0F, 0xC0, 0x1E, 0x3C, 0x01, 0x98,
    0x03, 0x83, 0x80, 0x73, 0x80, 0x60, 0x20, 0x0E, 0x70, 0x00, 0x00, 0x03, 0xC7, 0x00, 0x00, 0x00,
    0x70, 0xF0, 0x00, 0x00, 0x1E, 0x0E, 0x00, 0x00, 0x07, 0x80, 0xE0, 0x00, 0x01, 0xE0, 0x1E, 0x00,
    0x00, 0x78, 0x01, 0xF0, 0x00, 0x1E, 0x00, 0x1F, 0x80, 0x0F, 0x80, 0x00, 0xFF, 0xBF, 0xE0, 0x00,
    0x07, 0xFF, 0xF0, 0x00, 0x00, 0x3F, 0xF8, 0x00, 0x00, 0x00, 0x00, 0xE0, 0x00, 0x00, 0x03, 0xFF,
    0xC0, 0x00, 0x01, 0xFF, 0xFF, 0x00, 0x00, 0x7F, 0x07, 0xF0, 0x00, 0x3F, 0x00, 0x1F, 0x80, 0x0F,
    0x80, 0x00, 0xF8, 0x03, 0xC0, 0x00, 0x07, 0x80, 0xF0, 0x00, 0x00, 0x70, 0x1C, 0x00, 0x00, 0x07,
    0x07, 0x00, 0x00, 0x00, 0xF0, 0xE0, 0x00, 0x08, 0x0E, 0x38, 0x00, 0x03, 0x80, 0xE7, 0x00, 0x00,
    0xF0, 0x1D, 0xC0, 0x00, 0x3C, 0x03, 0xB8, 0x00, 0x0F, 0x00, 0x37, 0x00, 0x01, 0xC0, 0x07, 0xE0,
    0x00, 0x70, 0x00, 0xFC, 0x00, 0x1E, 0x00, 0x1F, 0x80, 0x07, 0x80, 0x03, 0xF0, 0x01, 0xE0, 0x00,
    0x7E, 0x00, 0x78, 0x00, 0x0F, 0xC0, 0x0E, 0x00, 0x01, 0x98, 0x03, 0x80, 0x00, 0x73, 0x80, 0xF0,
    0x00, 0x0E, 0x70, 0x1C, 0x00, 0x03, 0xC7, 0x00, 0x00, 0x00, 0x70, 0xF0, 0x00, 0x00, 0x1E, 0x0E,
    0x00, 0x00, 0x07, 0x80, 0xE0, 0x00, 0x01, 0xE0, 0x1E, 0x00, 0x00, 0x78, 0x01, 0xF0, 0x00, 0x1E,
    0x00, 0x1F, 0x80, 0x0F, 0x80, 0x00, 0xFF, 0xBF, 0xE0, 0x00, 0x07, 0xFF, 0xF0, 0x00, 0x00, 0x3F,
    0xF8, 0x00, 0x00, 0x00, 0x00, 0x00, 0x00, 0x00, 0x00, 0x00, 0x00, 0x00, 0x00, 0x00, 0x00, 0x00,
    0x00, 0x00, 0x00, 0x00, 0x00, 0x00, 0x00, 0x01, 0x80, 0x01, 0x80, 0x01, 0x80, 0x01, 0x80, 0x01,
    0x80, 0x01, 0x80, 0x01, 0x80, 0x01, 0x80, 0x01, 0x80, 0x01, 0x80, 0x01, 0x80, 0x01, 0x80, 0x01,
    0x80, 0x01, 0x80, 0x3F, 0xFC, 0x3F, 0xFC, 0x00, 0x00, 0x00, 0x00, 0x00, 0x00, 0x00, 0x00, 0x00,
    0x00, 0x00, 0x00, 0x00, 0x00, 0x00, 0x00, 0x00, 0x00, 0x00, 0x00, 0x00, 0x00, 0x00, 0x00, 0x07,
    0xE0, 0x0F, 0xF0, 0x1C, 0x38, 0x18, 0x18, 0x30, 0x0C, 0x30, 0x0C, 0x30, 0x0C, 0x30, 0x0C, 0x30,
    0x0C, 0x30, 0x0C, 0x30, 0x0C, 0x30, 0x0C, 0x30, 0x0C, 0x30, 0x0C, 0x30, 0x0C, 0x30, 0x0C, 0x30,
    0x0C, 0x30, 0x0C, 0x30, 0x0C, 0x30, 0x0C, 0x00, 0x00, 0x00, 0x00, 0x00, 0x00, 0x00, 0x00, 0x00,
    0x00, 0x00, 0x00, 0x00, 0x00, 0x00, 0x00, 0x00, 0x00, 0x00, 0x00, 0x00, 0x00, 0x00, 0x00, 0x30,
    0x0C, 0x30, 0x0C, 0x30, 0x0C, 0x30, 0x0C, 0x30, 0x0C, 0x30, 0x0C, 0x30, 0x0C, 0x30, 0x0C, 0x30,
    0x0C, 0x30, 0x0C, 0x30, 0x0C, 0x30, 0x0C, 0x30, 0x0C, 0x30, 0x0C, 0x30, 0x0C, 0x30, 0x0C, 0x18,
    0x18, 0x1C, 0x38, 0x0F, 0xF0, 0x07, 0xE0, 0x00, 0x00, 0x00, 0x00, 0x00, 0x00, 0x00, 0x00, 0x00,
    0x00, 0x00, 0x00, 0x00, 0x00, 0x00, 0x00, 0x00, 0x00, 0x00, 0x00, 0x00, 0x00, 0x00, 0x00, 0x3F,
    0xFC, 0x3F, 0xFC, 0x30, 0x0C, 0x30, 0x0C, 0x30, 0x0C, 0x30, 0x0C, 0x30, 0x0C, 0x30, 0x0C, 0x30,
    0x0C, 0x30, 0x0C, 0x30, 0x0C, 0x30, 0x0C, 0x30, 0x0C, 0x30, 0x0C, 0x30, 0x0C, 0x30, 0x0C, 0x30,
    0x0C, 0x30, 0x0C, 0x3F, 0xFC, 0x3F, 0xFC, 0x00, 0x00, 0x00, 0x00, 0x00, 0x00, 0x00, 0x00, 0x00,
    0x00, 0x00, 0x00,
};

static const EpdGlyph inter_12_regularGlyphs[] = {
    { 0, 0, 0, 0, 0, 0, 0 }, // U+0000
    { 0, 0, 0, 0, 0, 0, 0 }, // U+0001
    { 0, 0, 0, 0, 0, 0, 0 }, // U+0002
    { 0, 0, 0, 0, 0, 0, 0 }, // U+0003
    { 0, 0, 0, 0, 0, 0, 0 }, // U+0004
    { 0, 0, 0, 0, 0, 0, 0 }, // U+0005
    { 0, 0, 0, 0, 0, 0, 0 }, // U+0006
    { 0, 0, 0, 0, 0, 0, 0 }, // U+0007
    { 0, 0, 0, 0, 0, 0, 0 }, // U+0008
    { 0, 0, 0, 0, 0, 0, 0 }, // U+0009
    { 0, 0, 0, 0, 0, 0, 0 }, // U+000A
    { 0, 0, 0, 0, 0, 0, 0 }, // U+000B
    { 0, 0, 0, 0, 0, 0, 0 }, // U+000C
    { 0, 0, 0, 0, 0, 0, 0 }, // U+000D
    { 0, 0, 0, 0, 0, 0, 0 }, // U+000E
    { 0, 0, 0, 0, 0, 0, 0 }, // U+000F
    { 0, 0, 0, 0, 0, 0, 0 }, // U+0010
    { 0, 0, 0, 0, 0, 0, 0 }, // U+0011
    { 0, 0, 0, 0, 0, 0, 0 }, // U+0012
    { 0, 0, 0, 0, 0, 0, 0 }, // U+0013
    { 0, 0, 0, 0, 0, 0, 0 }, // U+0014
    { 0, 0, 0, 0, 0, 0, 0 }, // U+0015
    { 0, 0, 0, 0, 0, 0, 0 }, // U+0016
    { 0, 0, 0, 0, 0, 0, 0 }, // U+0017
    { 0, 0, 0, 0, 0, 0, 0 }, // U+0018
    { 0, 0, 0, 0, 0, 0, 0 }, // U+0019
    { 0, 0, 0, 0, 0, 0, 0 }, // U+001A
    { 0, 0, 0, 0, 0, 0, 0 }, // U+001B
    { 0, 0, 0, 0, 0, 0, 0 }, // U+001C
    { 0, 0, 0, 0, 0, 0, 0 }, // U+001D
    { 0, 0, 0, 0, 0, 0, 0 }, // U+001E
    { 0, 0, 0, 0, 0, 0, 0 }, // U+001F
    { 16, 32, 256, 0, 26, 64, 0 }, // U+0020
    { 16, 32, 256, 0, 26, 64, 64 }, // !
    { 16, 32, 256, 0, 26, 64, 128 }, // "
    { 16, 32, 256, 0, 26, 64, 192 }, // #
    { 16, 32, 256, 0, 26, 64, 256 }, // $
    { 16, 32, 256, 0, 26, 64, 320 }, // %
    { 16, 32, 256, 0, 26, 64, 384 }, // &
    { 16, 32, 256, 0, 26, 64, 448 }, // '
    { 16, 32, 256, 0, 26, 64, 512 }, // (
    { 16, 32, 256, 0, 26, 64, 576 }, // )
    { 16, 32, 256, 0, 26, 64, 640 }, // *
    { 16, 32, 256, 0, 26, 64, 704 }, // +
    { 16, 32, 256, 0, 26, 64, 768 }, // ,
    { 16, 32, 256, 0, 26, 64, 832 }, // -
    { 16, 32, 256, 0, 26, 64, 896 }, // .
    { 16, 32, 256, 0, 26, 64, 960 }, // /
    { 16, 32, 256, 0, 26, 64, 1024 }, // 0
    { 16, 32, 256, 0, 26, 64, 1088 }, // 1
    { 16, 32, 256, 0, 26, 64, 1152 }, // 2
    { 16, 32, 256, 0, 26, 64, 1216 }, // 3
    { 16, 32, 256, 0, 26, 64, 1280 }, // 4
    { 16, 32, 256, 0, 26, 64, 1344 }, // 5
    { 16, 32, 256, 0, 26, 64, 1408 }, // 6
    { 16, 32, 256, 0, 26, 64, 1472 }, // 7
    { 16, 32, 256, 0, 26, 64, 1536 }, // 8
    { 16, 32, 256, 0, 26, 64, 1600 }, // 9
    { 16, 32, 256, 0, 26, 64, 1664 }, // :
    { 16, 32, 256, 0, 26, 64, 1728 }, // ;
    { 16, 32, 256, 0, 26, 64, 1792 }, // <
    { 16, 32, 256, 0, 26, 64, 1856 }, // =
    { 16, 32, 256, 0, 26, 64, 1920 }, // >
    { 16, 32, 256, 0, 26, 64, 1984 }, // ?
    { 16, 32, 256, 0, 26, 64, 2048 }, // @
    { 16, 32, 256, 0, 26, 64, 2112 }, // A
    { 16, 32, 256, 0, 26, 64, 2176 }, // B
    { 16, 32, 256, 0, 26, 64, 2240 }, // C
    { 16, 32, 256, 0, 26, 64, 2304 }, // D
    { 16, 32, 256, 0, 26, 64, 2368 }, // E
    { 16, 32, 256, 0, 26, 64, 2432 }, // F
    { 16, 32, 256, 0, 26, 64, 2496 }, // G
    { 16, 32, 256, 0, 26, 64, 2560 }, // H
    { 16, 32, 256, 0, 26, 64, 2624 }, // I
    { 16, 32, 256, 0, 26, 64, 2688 }, // J
    { 16, 32, 256, 0, 26, 64, 2752 }, // K
    { 16, 32, 256, 0, 26, 64, 2816 }, // L
    { 16, 32, 256, 0, 26, 64, 2880 }, // M
    { 16, 32, 256, 0, 26, 64, 2944 }, // N
    { 16, 32, 256, 0, 26, 64, 3008 }, // O
    { 16, 32, 256, 0, 26, 64, 3072 }, // P
    { 16, 32, 256, 0, 26, 64, 3136 }, // Q
    { 16, 32, 256, 0, 26, 64, 3200 }, // R
    { 16, 32, 256, 0, 26, 64, 3264 }, // S
    { 16, 32, 256, 0, 26, 64, 3328 }, // T
    { 16, 32, 256, 0, 26, 64, 3392 }, // U
    { 16, 32, 256, 0, 26, 64, 3456 }, // V
    { 16, 32, 256, 0, 26, 64, 3520 }, // W
    { 16, 32, 256, 0, 26, 64, 3584 }, // X
    { 16, 32, 256, 0, 26, 64, 3648 }, // Y
    { 16, 32, 256, 0, 26, 64, 3712 }, // Z
    { 16, 32, 256, 0, 26, 64, 3776 }, // [
    { 16, 32, 256, 0, 26, 64, 3840 }, // <backslash>
    { 16, 32, 256, 0, 26, 64, 3904 }, // ]
    { 16, 32, 256, 0, 26, 64, 3968 }, // ^
    { 16, 32, 256, 0, 26, 64, 4032 }, // _
    { 16, 32, 256, 0, 26, 64, 4096 }, // `
    { 16, 32, 256, 0, 26, 64, 4160 }, // a
    { 16, 32, 256, 0, 26, 64, 4224 }, // b
    { 16, 32, 256, 0, 26, 64, 4288 }, // c
    { 16, 32, 256, 0, 26, 64, 4352 }, // d
    { 16, 32, 256, 0, 26, 64, 4416 }, // e
    { 16, 32, 256, 0, 26, 64, 4480 }, // f
    { 16, 32, 256, 0, 26, 64, 4544 }, // g
    { 16, 32, 256, 0, 26, 64, 4608 }, // h
    { 16, 32, 256, 0, 26, 64, 4672 }, // i
    { 16, 32, 256, 0, 26, 64, 4736 }, // j
    { 16, 32, 256, 0, 26, 64, 4800 }, // k
    { 16, 32, 256, 0, 26, 64, 4864 }, // l
    { 16, 32, 256, 0, 26, 64, 4928 }, // m
    { 16, 32, 256, 0, 26, 64, 4992 }, // n
    { 16, 32, 256, 0, 26, 64, 5056 }, // o
    { 16, 32, 256, 0, 26, 64, 5120 }, // p
    { 16, 32, 256, 0, 26, 64, 5184 }, // q
    { 16, 32, 256, 0, 26, 64, 5248 }, // r
    { 16, 32, 256, 0, 26, 64, 5312 }, // s
    { 16, 32, 256, 0, 26, 64, 5376 }, // t
    { 16, 32, 256, 0, 26, 64, 5440 }, // u
    { 16, 32, 256, 0, 26, 64, 5504 }, // v
    { 16, 32, 256, 0, 26, 64, 5568 }, // w
    { 16, 32, 256, 0, 26, 64, 5632 }, // x
    { 16, 32, 256, 0, 26, 64, 5696 }, // y
    { 16, 32, 256, 0, 26, 64, 5760 }, // z
    { 16, 32, 256, 0, 26, 64, 5824 }, // {
    { 16, 32, 256, 0, 26, 64, 5888 }, // |
    { 16, 32, 256, 0, 26, 64, 5952 }, // }
    { 16, 32, 256, 0, 26, 64, 6016 }, // ~
    { 0, 0, 0, 0, 0, 0, 6080 }, // U+007F
    { 0, 0, 0, 0, 0, 0, 6080 }, // U+0080
    { 0, 0, 0, 0, 0, 0, 6080 }, // U+0081
    { 0, 0, 0, 0, 0, 0, 6080 }, // U+0082
    { 0, 0, 0, 0, 0, 0, 6080 }, // U+0083
    { 0, 0, 0, 0, 0, 0, 6080 }, // U+0084
    { 0, 0, 0, 0, 0, 0, 6080 }, // U+0085
    { 0, 0, 0, 0, 0, 0, 6080 }, // U+0086
    { 0, 0, 0, 0, 0, 0, 6080 }, // U+0087
    { 0, 0, 0, 0, 0, 0, 6080 }, // U+0088
    { 0, 0, 0, 0, 0, 0, 6080 }, // U+0089
    { 0, 0, 0, 0, 0, 0, 6080 }, // U+008A
    { 0, 0, 0, 0, 0, 0, 6080 }, // U+008B
    { 0, 0, 0, 0, 0, 0, 6080 }, // U+008C
    { 0, 0, 0, 0, 0, 0, 6080 }, // U+008D
    { 0, 0, 0, 0, 0, 0, 6080 }, // U+008E
    { 0, 0, 0, 0, 0, 0, 6080 }, // U+008F
    { 0, 0, 0, 0, 0, 0, 6080 }, // U+0090
    { 0, 0, 0, 0, 0, 0, 6080 }, // U+0091
    { 0, 0, 0, 0, 0, 0, 6080 }, // U+0092
    { 0, 0, 0, 0, 0, 0, 6080 }, // U+0093
    { 0, 0, 0, 0, 0, 0, 6080 }, // U+0094
    { 0, 0, 0, 0, 0, 0, 6080 }, // U+0095
    { 0, 0, 0, 0, 0, 0, 6080 }, // U+0096
    { 0, 0, 0, 0, 0, 0, 6080 }, // U+0097
    { 0, 0, 0, 0, 0, 0, 6080 }, // U+0098
    { 0, 0, 0, 0, 0, 0, 6080 }, // U+0099
    { 0, 0, 0, 0, 0, 0, 6080 }, // U+009A
    { 0, 0, 0, 0, 0, 0, 6080 }, // U+009B
    { 0, 0, 0, 0, 0, 0, 6080 }, // U+009C
    { 0, 0, 0, 0, 0, 0, 6080 }, // U+009D
    { 0, 0, 0, 0, 0, 0, 6080 }, // U+009E
    { 0, 0, 0, 0, 0, 0, 6080 }, // U+009F
    { 16, 32, 256, 0, 26, 64, 6080 }, // U+00A0
    { 16, 32, 256, 0, 26, 64, 6144 }, // U+00A1
    { 16, 32, 256, 0, 26, 64, 6208 }, // U+00A2
    { 16, 32, 256, 0, 26, 64, 6272 }, // U+00A3
    { 16, 32, 256, 0, 26, 64, 6336 }, // U+00A4
    { 16, 32, 256, 0, 26, 64, 6400 }, // U+00A5
    { 16, 32, 256, 0, 26, 64, 6464 }, // U+00A6
    { 16, 32, 256, 0, 26, 64, 6528 }, // U+00A7
    { 16, 32, 256, 0, 26, 64, 6592 }, // U+00A8
    { 16, 32, 256, 0, 26, 64, 6656 }, // U+00A9
    { 16, 32, 256, 0, 26, 64, 6720 }, // U+00AA
    { 16, 32, 256, 0, 26, 64, 6784 }, // U+00AB
    { 16, 32, 256, 0, 26, 64, 6848 }, // U+00AC
    { 0, 0, 0, 0, 0, 0, 6912 }, // U+00AD
    { 16, 32, 256, 0, 26, 64, 6912 }, // U+00AE
    { 16, 32, 256, 0, 26, 64, 6976 }, // U+00AF
    { 16, 32, 256, 0, 26, 64, 7040 }, // U+00B0
    { 16, 32, 256, 0, 26, 64, 7104 }, // U+00B1
    { 16, 32, 256, 0, 26, 64, 7168 }, // U+00B2
    { 16, 32, 256, 0, 26, 64, 7232 }, // U+00B3
    { 16, 32, 256, 0, 26, 64, 7296 }, // U+00B4
    { 16, 32, 256, 0, 26, 64, 7360 }, // U+00B5
    { 16, 32, 256, 0, 26, 64, 7424 }, // U+00B6
    { 16, 32, 256, 0, 26, 64, 7488 }, // U+00B7
    { 16, 32, 256, 0, 26, 64, 7552 }, // U+00B8
    { 16, 32, 256, 0, 26, 64, 7616 }, // U+00B9
    { 16, 32, 256, 0, 26, 64, 7680 }, // U+00BA
    { 16, 32, 256, 0, 26, 64, 7744 }, // U+00BB
    { 16, 32, 256, 0, 26, 64, 7808 }, // U+00BC
    { 16, 32, 256, 0, 26, 64, 7872 }, // U+00BD
    { 16, 32, 256, 0, 26, 64, 7936 }, // U+00BE
    { 16, 32, 256, 0, 26, 64, 8000 }, // U+00BF
    { 16, 32, 256, 0, 26, 64, 8064 }, // U+00C0
    { 16, 32, 256, 0, 26, 64, 8128 }, // U+00C1
    { 16, 32, 256, 0, 26, 64, 8192 }, // U+00C2
    { 16, 32, 256, 0, 26, 64, 8256 }, // U+00C3
    { 16, 32, 256, 0, 26, 64, 8320 }, // U+00C4
    { 16, 32, 256, 0, 26, 64, 8384 }, // U+00C5
    { 16, 32, 256, 0, 26, 64, 8448 }, // U+00C6
    { 16, 32, 256, 0, 26, 64, 8512 }, // U+00C7
    { 16, 32, 256, 0, 26, 64, 8576 }, // U+00C8
    { 16, 32, 256, 0, 26, 64, 8640 }, // U+00C9
    { 16, 32, 256, 0, 26, 64, 8704 }, // U+00CA
    { 16, 32, 256, 0, 26, 64, 8768 }, // U+00CB
    { 16, 32, 256, 0, 26, 64, 8832 }, // U+00CC
    { 16, 32, 256, 0, 26, 64, 8896 }, // U+00CD
    { 16, 32, 256, 0, 26, 64, 8960 }, // U+00CE
    { 16, 32, 256, 0, 26, 64, 9024 }, // U+00CF
    { 16, 32, 256, 0, 26, 64, 9088 }, // U+00D0
    { 16, 32, 256, 0, 26, 64, 9152 }, // U+00D1
    { 16, 32, 256, 0, 26, 64, 9216 }, // U+00D2
    { 16, 32, 256, 0, 26, 64, 9280 }, // U+00D3
    { 16, 32, 256, 0, 26, 64, 9344 }, // U+00D4
    { 16, 32, 256, 0, 26, 64, 9408 }, // U+00D5
    { 16, 32, 256, 0, 26, 64, 9472 }, // U+00D6
    { 16, 32, 256, 0, 26, 64, 9536 }, // U+00D7
    { 16, 32, 256, 0, 26, 64, 9600 }, // U+00D8
    { 16, 32, 256, 0, 26, 64, 9664 }, // U+00D9
    { 16, 32, 256, 0, 26, 64, 9728 }, // U+00DA
    { 16, 32, 256, 0, 26, 64, 9792 }, // U+00DB
    { 16, 32, 256, 0, 26, 64, 9856 }, // U+00DC
    { 16, 32, 256, 0, 26, 64, 9920 }, // U+00DD
    { 16, 32, 256, 0, 26, 64, 9984 }, // U+00DE
    { 16, 32, 256, 0, 26, 64, 10048 }, // U+00DF
    { 16, 32, 256, 0, 26, 64, 10112 }, // U+00E0
    { 16, 32, 256, 0, 26, 64, 10176 }, // U+00E1
    { 16, 32, 256, 0, 26, 64, 10240 }, // U+00E2
    { 16, 32, 256, 0, 26, 64, 10304 }, // U+00E3
    { 16, 32, 256, 0, 26, 64, 10368 }, // U+00E4
    { 16, 32, 256, 0, 26, 64, 10432 }, // U+00E5
    { 16, 32, 256, 0, 26, 64, 10496 }, // U+00E6
    { 16, 32, 256, 0, 26, 64, 10560 }, // U+00E7
    { 16, 32, 256, 0, 26, 64, 10624 }, // U+00E8
    { 16, 32, 256, 0, 26, 64, 10688 }, // U+00E9
    { 16, 32, 256, 0, 26, 64, 10752 }, // U+00EA
    { 16, 32, 256, 0, 26, 64, 10816 }, // U+00EB
    { 16, 32, 256, 0, 26, 64, 10880 }, // U+00EC
    { 16, 32, 256, 0, 26, 64, 10944 }, // U+00ED
    { 16, 32, 256, 0, 26, 64, 11008 }, // U+00EE
    { 16, 32, 256, 0, 26, 64, 11072 }, // U+00EF
    { 16, 32, 256, 0, 26, 64, 11136 }, // U+00F0
    { 16, 32, 256, 0, 26, 64, 11200 }, // U+00F1
    { 16, 32, 256, 0, 26, 64, 11264 }, // U+00F2
    { 16, 32, 256, 0, 26, 64, 11328 }, // U+00F3
    { 16, 32, 256, 0, 26, 64, 11392 }, // U+00F4
    { 16, 32, 256, 0, 26, 64, 11456 }, // U+00F5
    { 16, 32, 256, 0, 26, 64, 11520 }, // U+00F6
    { 16, 32, 256, 0, 26, 64, 11584 }, // U+00F7
    { 16, 32, 256, 0, 26, 64, 11648 }, // U+00F8
    { 16, 32, 256, 0, 26, 64, 11712 }, // U+00F9
    { 16, 32, 256, 0, 26, 64, 11776 }, // U+00FA
    { 16, 32, 256, 0, 26, 64, 11840 }, // U+00FB
    { 16, 32, 256, 0, 26, 64, 11904 }, // U+00FC
    { 16, 32, 256, 0, 26, 64, 11968 }, // U+00FD
    { 16, 32, 256, 0, 26, 64, 12032 }, // U+00FE
    { 16, 32, 256, 0, 26, 64, 12096 }, // U+00FF
    { 16, 32, 256, 0, 26, 64, 12160 }, // U+0100
    { 16, 32, 256, 0, 26, 64, 12224 }, // U+0101
    { 16, 32, 256, 0, 26, 64, 12288 }, // U+0102
    { 16, 32, 256, 0, 26, 64, 12352 }, // U+0103
    { 16, 32, 256, 0, 26, 64, 12416 }, // U+0104
    { 16, 32, 256, 0, 26, 64, 12480 }, // U+0105
    { 16, 32, 256, 0, 26, 64, 12544 }, // U+0106
    { 16, 32, 256, 0, 26, 64, 12608 }, // U+0107
    { 16, 32, 256, 0, 26, 64, 12672 }, // U+0108
    { 16, 32, 256, 0, 26, 64, 12736 }, // U+0109
    { 16, 32, 256, 0, 26, 64, 12800 }, // U+010A
    { 16, 32, 256, 0, 26, 64, 12864 }, // U+010B
    { 16, 32, 256, 0, 26, 64, 12928 }, // U+010C
    { 16, 32, 256, 0, 26, 64, 12992 }, // U+010D
    { 16, 32, 256, 0, 26, 64, 13056 }, // U+010E
    { 16, 32, 256, 0, 26, 64, 13120 }, // U+010F
    { 16, 32, 256, 0, 26, 64, 13184 }, // U+0110
    { 16, 32, 256, 0, 26, 64, 13248 }, // U+0111
    { 16, 32, 256, 0, 26, 64, 13312 }, // U+0112
    { 16, 32, 256, 0, 26, 64, 13376 }, // U+0113
    { 16, 32, 256, 0, 26, 64, 13440 }, // U+0114
    { 16, 32, 256, 0, 26, 64, 13504 }, // U+0115
    { 16, 32, 256, 0, 26, 64, 13568 }, // U+0116
    { 16, 32, 256, 0, 26, 64, 13632 }, // U+0117
    { 16, 32, 256, 0, 26, 64, 13696 }, // U+0118
    { 16, 32, 256, 0, 26, 64, 13760 }, // U+0119
    { 16, 32, 256, 0, 26, 64, 13824 }, // U+011A
    { 16, 32, 256, 0, 26, 64, 13888 }, // U+011B
    { 16, 32, 256, 0, 26, 64, 13952 }, // U+011C
    { 16, 32, 256, 0, 26, 64, 14016 }, // U+011D
    { 16, 32, 256, 0, 26, 64, 14080 }, // U+011E
    { 16, 32, 256, 0, 26, 64, 14144 }, // U+011F
    { 16, 32, 256, 0, 26, 64, 14208 }, // U+0120
    { 16, 32, 256, 0, 26, 64, 14272 }, // U+0121
    { 16, 32, 256, 0, 26, 64, 14336 }, // U+0122
    { 16, 32, 256, 0, 26, 64, 14400 }, // U+0123
    { 16, 32, 256, 0, 26, 64, 14464 }, // U+0124
    { 16, 32, 256, 0, 26, 64, 14528 }, // U+0125
    { 16, 32, 256, 0, 26, 64, 14592 }, // U+0126
    { 16, 32, 256, 0, 26, 64, 14656 }, // U+0127
    { 16, 32, 256, 0, 26, 64, 14720 }, // U+0128
    { 16, 32, 256, 0, 26, 64, 14784 }, // U+0129
    { 16, 32, 256, 0, 26, 64, 14848 }, // U+012A
    { 16, 32, 256, 0, 26, 64, 14912 }, // U+012B
    { 16, 32, 256, 0, 26, 64, 14976 }, // U+012C
    { 16, 32, 256, 0, 26, 64, 15040 }, // U+012D
    { 16, 32, 256, 0, 26, 64, 15104 }, // U+012E
    { 16, 32, 256, 0, 26, 64, 15168 }, // U+012F
    { 16, 32, 256, 0, 26, 64, 15232 }, // U+0130
    { 16, 32, 256, 0, 26, 64, 15296 }, // U+0131
    { 16, 32, 256, 0, 26, 64, 15360 }, // U+0132
    { 16, 32, 256, 0, 26, 64, 15424 }, // U+0133
    { 16, 32, 256, 0, 26, 64, 15488 }, // U+0134
    { 16, 32, 256, 0, 26, 64, 15552 }, // U+0135
    { 16, 32, 256, 0, 26, 64, 15616 }, // U+0136
    { 16, 32, 256, 0, 26, 64, 15680 }, // U+0137
    { 16, 32, 256, 0, 26, 64, 15744 }, // U+0138
    { 16, 32, 256, 0, 26, 64, 15808 }, // U+0139
    { 16, 32, 256, 0, 26, 64, 15872 }, // U+013A
    { 16, 32, 256, 0, 26, 64, 15936 }, // U+013B
    { 16, 32, 256, 0, 26, 64, 16000 }, // U+013C
    { 16, 32, 256, 0, 26, 64, 16064 }, // U+013D
    { 16, 32, 256, 0, 26, 64, 16128 }, // U+013E
    { 16, 32, 256, 0, 26, 64, 16192 }, // U+013F
    { 16, 32, 256, 0, 26, 64, 16256 }, // U+0140
    { 16, 32, 256, 0, 26, 64, 16320 }, // U+0141
    { 16, 32, 256, 0, 26, 64, 16384 }, // U+0142
    { 16, 32, 256, 0, 26, 64, 16448 }, // U+0143
    { 16, 32, 256, 0, 26, 64, 16512 }, // U+0144
    { 16, 32, 256, 0, 26, 64, 16576 }, // U+0145
    { 16, 32, 256, 0, 26, 64, 16640 }, // U+0146
    { 16, 32, 256, 0, 26, 64, 16704 }, // U+0147
    { 16, 32, 256, 0, 26, 64, 16768 }, // U+0148
    { 16, 32, 256, 0, 26, 64, 16832 }, // U+0149
    { 16, 32, 256, 0, 26, 64, 16896 }, // U+014A
    { 16, 32, 256, 0, 26, 64, 16960 }, // U+014B
    { 16, 32, 256, 0, 26, 64, 17024 }, // U+014C
    { 16, 32, 256, 0, 26, 64, 17088 }, // U+014D
    { 16, 32, 256, 0, 26, 64, 17152 }, // U+014E
    { 16, 32, 256, 0, 26, 64, 17216 }, // U+014F
    { 16, 32, 256, 0, 26, 64, 17280 }, // U+0150
    { 16, 32, 256, 0, 26, 64, 17344 }, // U+0151
    { 16, 32, 256, 0, 26, 64, 17408 }, // U+0152
    { 16, 32, 256, 0, 26, 64, 17472 }, // U+0153
    { 16, 32, 256, 0, 26, 64, 17536 }, // U+0154
    { 16, 32, 256, 0, 26, 64, 17600 }, // U+0155
    { 16, 32, 256, 0, 26, 64, 17664 }, // U+0156
    { 16, 32, 256, 0, 26, 64, 17728 }, // U+0157
    { 16, 32, 256, 0, 26, 64, 17792 }, // U+0158
    { 16, 32, 256, 0, 26, 64, 17856 }, // U+0159
    { 16, 32, 256, 0, 26, 64, 17920 }, // U+015A
    { 16, 32, 256, 0, 26, 64, 17984 }, // U+015B
    { 16, 32, 256, 0, 26, 64, 18048 }, // U+015C
    { 16, 32, 256, 0, 26, 64, 18112 }, // U+015D
    { 16, 32, 256, 0, 26, 64, 18176 }, // U+015E
    { 16, 32, 256, 0, 26, 64, 18240 }, // U+015F
    { 16, 32, 256, 0, 26, 64, 18304 }, // U+0160
    { 16, 32, 256, 0, 26, 64, 18368 }, // U+0161
    { 16, 32, 256, 0, 26, 64, 18432 }, // U+0162
    { 16, 32, 256, 0, 26, 64, 18496 }, // U+0163
    { 16, 32, 256, 0, 26, 64, 18560 }, // U+0164
    { 16, 32, 256, 0, 26, 64, 18624 }, // U+0165
    { 16, 32, 256, 0, 26, 64, 18688 }, // U+0166
    { 16, 32, 256, 0, 26, 64, 18752 }, // U+0167
    { 16, 32, 256, 0, 26, 64, 18816 }, // U+0168
    { 16, 32, 256, 0, 26, 64, 18880 }, // U+0169
    { 16, 32, 256, 0, 26, 64, 18944 }, // U+016A
    { 16, 32, 256, 0, 26, 64, 19008 }, // U+016B
    { 16, 32, 256, 0, 26, 64, 19072 }, // U+016C
    { 16, 32, 256, 0, 26, 64, 19136 }, // U+016D
    { 16, 32, 256, 0, 26, 64, 19200 }, // U+016E
    { 16, 32, 256, 0, 26, 64, 19264 }, // U+016F
    { 16, 32, 256, 0, 26, 64, 19328 }, // U+0170
    { 16, 32, 256, 0, 26, 64, 19392 }, // U+0171
    { 16, 32, 256, 0, 26, 64, 19456 }, // U+0172
    { 16, 32, 256, 0, 26, 64, 19520 }, // U+0173
    { 16, 32, 256, 0, 26, 64, 19584 }, // U+0174
    { 16, 32, 256, 0, 26, 64, 19648 }, // U+0175
    { 16, 32, 256, 0, 26, 64, 19712 }, // U+0176
    { 16, 32, 256, 0, 26, 64, 19776 }, // U+0177
    { 16, 32, 256, 0, 26, 64, 19840 }, // U+0178
    { 16, 32, 256, 0, 26, 64, 19904 }, // U+0179
    { 16, 32, 256, 0, 26, 64, 19968 }, // U+017A
    { 16, 32, 256, 0, 26, 64, 20032 }, // U+017B
    { 16, 32, 256, 0, 26, 64, 20096 }, // U+017C
    { 16, 32, 256, 0, 26, 64, 20160 }, // U+017D
    { 16, 32, 256, 0, 26, 64, 20224 }, // U+017E
    { 16, 32, 256, 0, 26, 64, 20288 }, // U+017F
    { 17, 22, 304, 1, 21, 47, 20352 }, // U+01A0
    { 13, 18, 234, 1, 17, 30, 20399 }, // U+01A1
    { 17, 22, 293, 2, 21, 47, 20429 }, // U+01AF
    { 14, 18, 246, 1, 17, 32, 20476 }, // U+01B0
    { 28, 19, 500, 2, 19, 67, 20508 }, // U+01C5
    { 26, 20, 455, 1, 19, 65, 20575 }, // U+01C6
    { 24, 20, 449, 2, 19, 60, 20640 }, // U+01C7
    { 17, 25, 317, 2, 19, 54, 20700 }, // U+01C8
    { 10, 25, 187, 1, 19, 32, 20754 }, // U+01C9
    { 29, 20, 523, 2, 19, 73, 20786 }, // U+01CA
    { 22, 25, 391, 2, 19, 69, 20859 }, // U+01CB
    { 18, 25, 326, 1, 19, 57, 20928 }, // U+01CC
    { 16, 32, 256, 0, 26, 64, 20985 }, // U+01CD
    { 16, 32, 256, 0, 26, 64, 21049 }, // U+01CE
    { 16, 32, 256, 0, 26, 64, 21113 }, // U+01CF
    { 16, 32, 256, 0, 26, 64, 21177 }, // U+01D0
    { 16, 32, 256, 0, 26, 64, 21241 }, // U+01D1
    { 16, 32, 256, 0, 26, 64, 21305 }, // U+01D2
    { 16, 32, 256, 0, 26, 64, 21369 }, // U+01D3
    { 16, 32, 256, 0, 26, 64, 21433 }, // U+01D4
    { 15, 28, 294, 2, 27, 53, 21497 }, // U+01D5
    { 12, 23, 233, 1, 22, 35, 21550 }, // U+01D6
    { 15, 29, 294, 2, 28, 55, 21585 }, // U+01D7
    { 12, 24, 233, 1, 23, 36, 21640 }, // U+01D8
    { 15, 29, 294, 2, 28, 55, 21676 }, // U+01D9
    { 12, 24, 233, 1, 23, 36, 21731 }, // U+01DA
    { 15, 29, 294, 2, 28, 55, 21767 }, // U+01DB
    { 12, 24, 233, 1, 23, 36, 21822 }, // U+01DC
    { 13, 15, 229, 1, 14, 25, 21858 }, // U+01DD
    { 17, 27, 273, 0, 27, 58, 21883 }, // U+01DE
    { 11, 23, 221, 1, 22, 32, 21941 }, // U+01DF
    { 17, 27, 273, 0, 27, 58, 21973 }, // U+01E0
    { 11, 23, 221, 1, 22, 32, 22031 }, // U+01E1
    { 16, 32, 256, 0, 26, 64, 22063 }, // U+01E2
    { 16, 32, 256, 0, 26, 64, 22127 }, // U+01E3
    { 16, 32, 256, 0, 26, 64, 22191 }, // U+01E4
    { 16, 32, 256, 0, 26, 64, 22255 }, // U+01E5
    { 16, 32, 256, 0, 26, 64, 22319 }, // U+01E6
    { 16, 32, 256, 0, 26, 64, 22383 }, // U+01E7
    { 16, 32, 256, 0, 26, 64, 22447 }, // U+01E8
    { 16, 32, 256, 0, 26, 64, 22511 }, // U+01E9
    { 16, 32, 256, 0, 26, 64, 22575 }, // U+01EA
    { 16, 32, 256, 0, 26, 64, 22639 }, // U+01EB
    { 16, 32, 256, 0, 26, 64, 22703 }, // U+01EC
    { 16, 32, 256, 0, 26, 64, 22767 }, // U+01ED
    { 16, 32, 256, 0, 26, 64, 22831 }, // U+01EE
    { 16, 32, 256, 0, 26, 64, 22895 }, // U+01EF
    { 16, 32, 256, 0, 26, 64, 22959 }, // U+01F0
    { 31, 19, 536, 2, 19, 74, 23023 }, // U+01F1
    { 28, 19, 500, 2, 19, 67, 23097 }, // U+01F2
    { 26, 20, 455, 1, 19, 65, 23164 }, // U+01F3
    { 16, 32, 256, 0, 26, 64, 23229 }, // U+01F4
    { 16, 32, 256, 0, 26, 64, 23293 }, // U+01F5
    { 24, 20, 440, 2, 19, 60, 23357 }, // U+01F6
    { 14, 25, 251, 1, 19, 44, 23417 }, // U+01F7
    { 15, 24, 297, 2, 24, 45, 23461 }, // U+01F8
    { 12, 19, 232, 1, 19, 29, 23506 }, // U+01F9
    { 17, 28, 273, 0, 28, 60, 23535 }, // U+01FA
    { 11, 25, 221, 1, 24, 35, 23595 }, // U+01FB
    { 16, 32, 256, 0, 26, 64, 23630 }, // U+01FC
    { 16, 32, 256, 0, 26, 64, 23694 }, // U+01FD
    { 16, 32, 256, 0, 26, 64, 23758 }, // U+01FE
    { 16, 32, 256, 0, 26, 64, 23822 }, // U+01FF
    { 17, 24, 273, 0, 24, 51, 23886 }, // U+0200
    { 11, 20, 221, 1, 19, 28, 23937 }, // U+0201
    { 17, 25, 273, 0, 25, 54, 23965 }, // U+0202
    { 11, 21, 221, 1, 20, 29, 24019 }, // U+0203
    { 12, 24, 238, 2, 24, 36, 24048 }, // U+0204
    { 13, 20, 229, 1, 19, 33, 24084 }, // U+0205
    { 12, 25, 238, 2, 25, 38, 24117 }, // U+0206
    { 13, 21, 229, 1, 20, 35, 24155 }, // U+0207
    { 10, 24, 104, -3, 24, 30, 24190 }, // U+0208
    { 9, 19, 94, -3, 19, 22, 24220 }, // U+0209
    { 8, 25, 104, -1, 25, 25, 24242 }, // U+020A
    { 8, 20, 94, -1, 20, 20, 24267 }, // U+020B
    { 17, 25, 304, 1, 24, 54, 24287 }, // U+020C
    { 13, 20, 235, 1, 19, 33, 24341 }, // U+020D
    { 17, 26, 304, 1, 25, 56, 24374 }, // U+020E
    { 13, 21, 235, 1, 20, 35, 24430 }, // U+020F
    { 14, 24, 256, 2, 24, 42, 24465 }, // U+0210
    { 10, 19, 146, -1, 19, 24, 24507 }, // U+0211
    { 14, 25, 256, 2, 25, 44, 24531 }, // U+0212
    { 8, 20, 146, 1, 20, 20, 24575 }, // U+0213
    { 15, 25, 294, 2, 24, 47, 24595 }, // U+0214
    { 12, 20, 233, 1, 19, 30, 24642 }, // U+0215
    { 15, 26, 294, 2, 25, 49, 24672 }, // U+0216
    { 12, 21, 233, 1, 20, 32, 24721 }, // U+0217
    { 16, 32, 256, 0, 26, 64, 24753 }, // U+0218
    { 16, 32, 256, 0, 26, 64, 24817 }, // U+0219
    { 16, 32, 256, 0, 26, 64, 24881 }, // U+021A
    { 16, 32, 256, 0, 26, 64, 24945 }, // U+021B
    { 14, 25, 250, 1, 19, 44, 25009 }, // U+021C
    { 11, 20, 214, 1, 14, 28, 25053 }, // U+021D
    { 15, 24, 294, 2, 24, 45, 25081 }, // U+021E
    { 14, 24, 233, -1, 24, 42, 25126 }, // U+021F
    { 16, 32, 256, 0, 26, 64, 25168 }, // U+0300
    { 16, 32, 256, 0, 26, 64, 25232 }, // U+0301
    { 16, 32, 256, 0, 26, 64, 25296 }, // U+0302
    { 16, 32, 256, 0, 26, 64, 25360 }, // U+0303
    { 16, 32, 256, 0, 26, 64, 25424 }, // U+0304
    { 16, 32, 256, 0, 26, 64, 25488 }, // U+0305
    { 16, 32, 256, 0, 26, 64, 25552 }, // U+0306
    { 16, 32, 256, 0, 26, 64, 25616 }, // U+0307
    { 16, 32, 256, 0, 26, 64, 25680 }, // U+0308
    { 5, 4, 0, 1, 19, 3, 25744 }, // U+0309
    { 16, 32, 256, 0, 26, 64, 25747 }, // U+030A
    { 16, 32, 256, 0, 26, 64, 25811 }, // U+030B
    { 16, 32, 256, 0, 26, 64, 25875 }, // U+030C
    { 9, 4, 0, 1, 19, 5, 25939 }, // U+030F
    { 5, 8, 0, 4, 13, 5, 25944 }, // U+0313
    { 5, 8, 0, 4, 13, 5, 25949 }, // U+0315
    { 4, 6, 0, -5, 18, 3, 25954 }, // U+031B
    { 4, 4, 94, 1, -2, 2, 25957 }, // U+0323
    { 4, 6, 0, -10, -1, 3, 25959 }, // U+0326
    { 6, 7, 0, 1, 1, 6, 25962 }, // U+0327
    { 5, 7, 0, 1, 1, 5, 25968 }, // U+0328
    { 16, 32, 256, 0, 26, 64, 25973 }, // U+0329
    { 8, 4, 0, 1, -2, 4, 26037 }, // U+032C
    { 11, 17, 0, -13, 15, 24, 26041 }, // U+0337
    { 15, 20, 0, -15, 19, 38, 26065 }, // U+0338
    { 8, 4, 0, -11, 19, 4, 26103 }, // U+0342
    { 4, 6, 0, 0, 16, 3, 26107 }, // U+0343
    { 9, 6, 0, -12, 20, 7, 26110 }, // U+0346
    { 8, 6, 0, -12, -3, 6, 26117 }, // U+0347
    { 7, 6, 0, -10, 0, 6, 26123 }, // U+0348
    { 6, 6, 0, -10, -1, 5, 26129 }, // U+0349
    { 9, 6, 0, -12, 20, 7, 26134 }, // U+034A
    { 10, 10, 0, -13, 23, 13, 26141 }, // U+034B
    { 10, 6, 0, -12, 21, 8, 26154 }, // U+034C
    { 11, 6, 0, -13, -1, 9, 26162 }, // U+034D
    { 7, 6, 0, -11, -1, 6, 26171 }, // U+034E
    { 0, 0, 0, 0, 0, 0, 26177 }, // U+034F
    { 10, 10, 0, -12, 25, 13, 26177 }, // U+0350
    { 3, 6, 0, -8, 19, 3, 26190 }, // U+0351
    { 8, 7, 0, -11, 21, 7, 26193 }, // U+0352
    { 7, 7, 0, -10, 0, 7, 26200 }, // U+0353
    { 7, 7, 0, -10, 0, 7, 26207 }, // U+0354
    { 7, 7, 0, -9, 0, 7, 26214 }, // U+0355
    { 14, 7, 0, -12, 0, 13, 26221 }, // U+0356
    { 4, 7, 0, 0, 21, 4, 26234 }, // U+0357
    { 4, 4, 0, 1, 19, 2, 26238 }, // U+0358
    { 6, 7, 0, -10, 0, 6, 26240 }, // U+0359
    { 10, 6, 0, -12, 0, 8, 26246 }, // U+035A
    { 6, 7, 0, -10, 21, 6, 26254 }, // U+035B
    { 18, 5, 0, -9, 0, 12, 26260 }, // U+035C
    { 18, 5, 0, -9, 19, 12, 26272 }, // U+035D
    { 16, 3, 0, -15, 19, 6, 26284 }, // U+035E
    { 16, 3, 0, -15, -2, 6, 26290 }, // U+035F
    { 24, 4, 0, -12, 19, 12, 26296 }, // U+0360
    { 18, 5, 0, -9, 19, 12, 26308 }, // U+0361
    { 20, 6, 0, -9, -1, 15, 26320 }, // U+0362
    { 7, 8, 0, -10, 22, 7, 26335 }, // U+0363
    { 7, 8, 0, -10, 22, 7, 26342 }, // U+0364
    { 2, 10, 0, -8, 24, 3, 26349 }, // U+0365
    { 8, 8, 0, -11, 22, 8, 26352 }, // U+0366
    { 6, 8, 0, -10, 22, 6, 26360 }, // U+0367
    { 7, 8, 0, -11, 22, 7, 26366 }, // U+0368
    { 7, 11, 0, -11, 25, 10, 26373 }, // U+0369
    { 6, 11, 0, -10, 25, 9, 26383 }, // U+036A
    { 10, 8, 0, -12, 22, 10, 26392 }, // U+036B
    { 5, 8, 0, -9, 22, 5, 26402 }, // U+036C
    { 5, 10, 0, 0, 24, 7, 26407 }, // U+036D
    { 8, 8, 0, -11, 22, 8, 26414 }, // U+036E
    { 7, 8, 0, -10, 22, 7, 26422 }, // U+036F
    { 16, 32, 256, 0, 26, 64, 26429 }, // U+0400
    { 16, 32, 256, 0, 26, 64, 26493 }, // U+0401
    { 16, 32, 256, 0, 26, 64, 26557 }, // U+0402
    { 16, 32, 256, 0, 26, 64, 26621 }, // U+0403
    { 16, 32, 256, 0, 26, 64, 26685 }, // U+0404
    { 16, 32, 256, 0, 26, 64, 26749 }, // U+0405
    { 16, 32, 256, 0, 26, 64, 26813 }, // U+0406
    { 16, 32, 256, 0, 26, 64, 26877 }, // U+0407
    { 16, 32, 256, 0, 26, 64, 26941 }, // U+0408
    { 16, 32, 256, 0, 26, 64, 27005 }, // U+0409
    { 16, 32, 256, 0, 26, 64, 27069 }, // U+040A
    { 16, 32, 256, 0, 26, 64, 27133 }, // U+040B
    { 16, 32, 256, 0, 26, 64, 27197 }, // U+040C
    { 16, 32, 256, 0, 26, 64, 27261 }, // U+040D
    { 16, 32, 256, 0, 26, 64, 27325 }, // U+040E
    { 16, 32, 256, 0, 26, 64, 27389 }, // U+040F
    { 16, 32, 256, 0, 26, 64, 27453 }, // U+0410
    { 16, 32, 256, 0, 26, 64, 27517 }, // U+0411
    { 16, 32, 256, 0, 26, 64, 27581 }, // U+0412
    { 16, 32, 256, 0, 26, 64, 27645 }, // U+0413
    { 16, 32, 256, 0, 26, 64, 27709 }, // U+0414
    { 16, 32, 256, 0, 26, 64, 27773 }, // U+0415
    { 16, 32, 256, 0, 26, 64, 27837 }, // U+0416
    { 16, 32, 256, 0, 26, 64, 27901 }, // U+0417
    { 16, 32, 256, 0, 26, 64, 27965 }, // U+0418
    { 16, 32, 256, 0, 26, 64, 28029 }, // U+0419
    { 16, 32, 256, 0, 26, 64, 28093 }, // U+041A
    { 16, 32, 256, 0, 26, 64, 28157 }, // U+041B
    { 16, 32, 256, 0, 26, 64, 28221 }, // U+041C
    { 16, 32, 256, 0, 26, 64, 28285 }, // U+041D
    { 16, 32, 256, 0, 26, 64, 28349 }, // U+041E
    { 16, 32, 256, 0, 26, 64, 28413 }, // U+041F
    { 16, 32, 256, 0, 26, 64, 28477 }, // U+0420
    { 16, 32, 256, 0, 26, 64, 28541 }, // U+0421
    { 16, 32, 256, 0, 26, 64, 28605 }, // U+0422
    { 16, 32, 256, 0, 26, 64, 28669 }, // U+0423
    { 16, 32, 256, 0, 26, 64, 28733 }, // U+0424
    { 16, 32, 256, 0, 26, 64, 28797 }, // U+0425
    { 16, 32, 256, 0, 26, 64, 28861 }, // U+0426
    { 16, 32, 256, 0, 26, 64, 28925 }, // U+0427
    { 16, 32, 256, 0, 26, 64, 28989 }, // U+0428
    { 16, 32, 256, 0, 26, 64, 29053 }, // U+0429
    { 16, 32, 256, 0, 26, 64, 29117 }, // U+042A
    { 16, 32, 256, 0, 26, 64, 29181 }, // U+042B
    { 16, 32, 256, 0, 26, 64, 29245 }, // U+042C
    { 16, 32, 256, 0, 26, 64, 29309 }, // U+042D
    { 16, 32, 256, 0, 26, 64, 29373 }, // U+042E
    { 16, 32, 256, 0, 26, 64, 29437 }, // U+042F
    { 16, 32, 256, 0, 26, 64, 29501 }, // U+0430
    { 16, 32, 256, 0, 26, 64, 29565 }, // U+0431
    { 16, 32, 256, 0, 26, 64, 29629 }, // U+0432
    { 16, 32, 256, 0, 26, 64, 29693 }, // U+0433
    { 16, 32, 256, 0, 26, 64, 29757 }, // U+0434
    { 16, 32, 256, 0, 26, 64, 29821 }, // U+0435
    { 16, 32, 256, 0, 26, 64, 29885 }, // U+0436
    { 16, 32, 256, 0, 26, 64, 29949 }, // U+0437
    { 16, 32, 256, 0, 26, 64, 30013 }, // U+0438
    { 16, 32, 256, 0, 26, 64, 30077 }, // U+0439
    { 16, 32, 256, 0, 26, 64, 30141 }, // U+043A
    { 16, 32, 256, 0, 26, 64, 30205 }, // U+043B
    { 16, 32, 256, 0, 26, 64, 30269 }, // U+043C
    { 16, 32, 256, 0, 26, 64, 30333 }, // U+043D
    { 16, 32, 256, 0, 26, 64, 30397 }, // U+043E
    { 16, 32, 256, 0, 26, 64, 30461 }, // U+043F
    { 16, 32, 256, 0, 26, 64, 30525 }, // U+0440
    { 16, 32, 256, 0, 26, 64, 30589 }, // U+0441
    { 16, 32, 256, 0, 26, 64, 30653 }, // U+0442
    { 16, 32, 256, 0, 26, 64, 30717 }, // U+0443
    { 16, 32, 256, 0, 26, 64, 30781 }, // U+0444
    { 16, 32, 256, 0, 26, 64, 30845 }, // U+0445
    { 16, 32, 256, 0, 26, 64, 30909 }, // U+0446
    { 16, 32, 256, 0, 26, 64, 30973 }, // U+0447
    { 16, 32, 256, 0, 26, 64, 31037 }, // U+0448
    { 16, 32, 256, 0, 26, 64, 31101 }, // U+0449
    { 16, 32, 256, 0, 26, 64, 31165 }, // U+044A
    { 16, 32, 256, 0, 26, 64, 31229 }, // U+044B
    { 16, 32, 256, 0, 26, 64, 31293 }, // U+044C
    { 16, 32, 256, 0, 26, 64, 31357 }, // U+044D
    { 16, 32, 256, 0, 26, 64, 31421 }, // U+044E
    { 16, 32, 256, 0, 26, 64, 31485 }, // U+044F
    { 16, 32, 256, 0, 26, 64, 31549 }, // U+0450
    { 16, 32, 256, 0, 26, 64, 31613 }, // U+0451
    { 16, 32, 256, 0, 26, 64, 31677 }, // U+0452
    { 16, 32, 256, 0, 26, 64, 31741 }, // U+0453
    { 16, 32, 256, 0, 26, 64, 31805 }, // U+0454
    { 16, 32, 256, 0, 26, 64, 31869 }, // U+0455
    { 16, 32, 256, 0, 26, 64, 31933 }, // U+0456
    { 16, 32, 256, 0, 26, 64, 31997 }, // U+0457
    { 16, 32, 256, 0, 26, 64, 32061 }, // U+0458
    { 16, 32, 256, 0, 26, 64, 32125 }, // U+0459
    { 16, 32, 256, 0, 26, 64, 32189 }, // U+045A
    { 16, 32, 256, 0, 26, 64, 32253 }, // U+045B
    { 16, 32, 256, 0, 26, 64, 32317 }, // U+045C
    { 16, 32, 256, 0, 26, 64, 32381 }, // U+045D
    { 16, 32, 256, 0, 26, 64, 32445 }, // U+045E
    { 16, 32, 256, 0, 26, 64, 32509 }, // U+045F
    { 19, 20, 355, 2, 19, 48, 32573 }, // U+0460
    { 18, 15, 319, 1, 14, 34, 32621 }, // U+0461
    { 16, 32, 256, 0, 26, 64, 32655 }, // U+0462
    { 16, 32, 256, 0, 26, 64, 32719 }, // U+0463
    { 21, 20, 379, 2, 19, 53, 32783 }, // U+0464
    { 18, 15, 309, 1, 14, 34, 32836 }, // U+0465
    { 17, 19, 273, 0, 19, 41, 32870 }, // U+0466
    { 14, 14, 226, 0, 14, 25, 32911 }, // U+0467
    { 21, 19, 372, 2, 19, 50, 32936 }, // U+0468
    { 18, 14, 308, 1, 14, 32, 32986 }, // U+0469
    { 16, 32, 256, 0, 26, 64, 33018 }, // U+046A
    { 16, 32, 256, 0, 26, 64, 33082 }, // U+046B
    { 25, 19, 455, 2, 19, 60, 33146 }, // U+046C
    { 22, 14, 381, 1, 14, 39, 33206 }, // U+046D
    { 12, 30, 215, 1, 24, 45, 33245 }, // U+046E
    { 10, 25, 205, 1, 19, 32, 33290 }, // U+046F
    { 18, 19, 349, 2, 19, 43, 33322 }, // U+0470
    { 17, 23, 308, 1, 17, 49, 33365 }, // U+0471
    { 17, 20, 304, 1, 19, 43, 33414 }, // U+0472
    { 13, 15, 235, 1, 14, 25, 33457 }, // U+0473
    { 17, 19, 279, 0, 19, 41, 33482 }, // U+0474
    { 15, 14, 234, 0, 14, 27, 33523 }, // U+0475
    { 17, 24, 279, 0, 24, 51, 33550 }, // U+0476
    { 15, 19, 234, 0, 19, 36, 33601 }, // U+0477
    { 32, 25, 525, 1, 19, 100, 33637 }, // U+0478
    { 27, 20, 448, 1, 14, 68, 33737 }, // U+0479
    { 16, 19, 283, 1, 19, 38, 33805 }, // U+0480
    { 12, 19, 222, 1, 14, 29, 33843 }, // U+0481
    { 14, 17, 250, 1, 17, 30, 33872 }, // U+0482
    { 10, 5, 0, -12, 19, 7, 33902 }, // U+0483
    { 11, 4, 0, -12, 19, 6, 33909 }, // U+0484
    { 4, 5, 0, -9, 20, 3, 33915 }, // U+0485
    { 4, 5, 0, -8, 20, 3, 33918 }, // U+0486
    { 11, 4, 0, -12, 19, 6, 33921 }, // U+0487
    { 25, 22, 0, -19, 18, 69, 33927 }, // U+0488
    { 24, 25, 0, -19, 19, 75, 33996 }, // U+0489
    { 17, 28, 297, 2, 24, 60, 34071 }, // U+048A
    { 15, 23, 233, 1, 19, 44, 34131 }, // U+048B
    { 16, 19, 274, 0, 19, 38, 34175 }, // U+048C
    { 15, 17, 243, 0, 17, 32, 34213 }, // U+048D
    { 13, 19, 251, 2, 19, 31, 34245 }, // U+048E
    { 13, 20, 241, 1, 14, 33, 34276 }, // U+048F
    { 16, 32, 256, 0, 26, 64, 34309 }, // U+0490
    { 16, 32, 256, 0, 26, 64, 34373 }, // U+0491
    { 16, 32, 256, 0, 26, 64, 34437 }, // U+0492
    { 16, 32, 256, 0, 26, 64, 34501 }, // U+0493
    { 16, 32, 256, 0, 26, 64, 34565 }, // U+0494
    { 16, 32, 256, 0, 26, 64, 34629 }, // U+0495
    { 16, 32, 256, 0, 26, 64, 34693 }, // U+0496
    { 16, 32, 256, 0, 26, 64, 34757 }, // U+0497
    { 16, 32, 256, 0, 26, 64, 34821 }, // U+0498
    { 16, 32, 256, 0, 26, 64, 34885 }, // U+0499
    { 16, 32, 256, 0, 26, 64, 34949 }, // U+049A
    { 16, 32, 256, 0, 26, 64, 35013 }, // U+049B
    { 16, 32, 256, 0, 26, 64, 35077 }, // U+049C
    { 16, 32, 256, 0, 26, 64, 35141 }, // U+049D
    { 16, 32, 256, 0, 26, 64, 35205 }, // U+04A0
    { 16, 32, 256, 0, 26, 64, 35269 }, // U+04A1
    { 16, 32, 256, 0, 26, 64, 35333 }, // U+04A2
    { 16, 32, 256, 0, 26, 64, 35397 }, // U+04A3
    { 16, 32, 256, 0, 26, 64, 35461 }, // U+04A4
    { 16, 32, 256, 0, 26, 64, 35525 }, // U+04A5
    { 25, 21, 440, 2, 19, 66, 35589 }, // U+04A6
    { 21, 18, 366, 1, 14, 48, 35655 }, // U+04A7
    { 23, 20, 391, 1, 19, 58, 35703 }, // U+04A8
    { 18, 15, 309, 1, 14, 34, 35761 }, // U+04A9
    { 16, 32, 256, 0, 26, 64, 35795 }, // U+04AA
    { 16, 32, 256, 0, 26, 64, 35859 }, // U+04AB
    { 14, 23, 255, 1, 19, 41, 35923 }, // U+04AC
    { 12, 18, 186, 0, 14, 27, 35964 }, // U+04AD
    { 16, 32, 256, 0, 26, 64, 35991 }, // U+04AE
    { 16, 32, 256, 0, 26, 64, 36055 }, // U+04AF
    { 16, 32, 256, 0, 26, 64, 36119 }, // U+04B0
    { 16, 32, 256, 0, 26, 64, 36183 }, // U+04B1
    { 16, 32, 256, 0, 26, 64, 36247 }, // U+04B2
    { 16, 32, 256, 0, 26, 64, 36311 }, // U+04B3
    { 22, 23, 364, 1, 19, 64, 36375 }, // U+04B4
    { 17, 18, 262, 0, 14, 39, 36439 }, // U+04B5
    { 16, 32, 256, 0, 26, 64, 36478 }, // U+04B6
    { 16, 32, 256, 0, 26, 64, 36542 }, // U+04B7
    { 16, 32, 256, 0, 26, 64, 36606 }, // U+04B8
    { 16, 32, 256, 0, 26, 64, 36670 }, // U+04B9
    { 16, 32, 256, 0, 26, 64, 36734 }, // U+04BA
    { 16, 32, 256, 0, 26, 64, 36798 }, // U+04BB
    { 20, 20, 335, 0, 19, 50, 36862 }, // U+04BC
    { 17, 15, 283, 0, 14, 32, 36912 }, // U+04BD
    { 20, 23, 335, 0, 19, 58, 36944 }, // U+04BE
    { 17, 20, 283, 0, 14, 43, 37002 }, // U+04BF
    { 16, 32, 256, 0, 26, 64, 37045 }, // U+04C0
    { 16, 32, 256, 0, 26, 64, 37109 }, // U+04C1
    { 16, 32, 256, 0, 26, 64, 37173 }, // U+04C2
    { 14, 23, 270, 2, 19, 41, 37237 }, // U+04C3
    { 13, 18, 232, 1, 14, 30, 37278 }, // U+04C4
    { 18, 23, 296, 1, 19, 52, 37308 }, // U+04C5
    { 15, 18, 228, 0, 14, 34, 37360 }, // U+04C6
    { 15, 25, 294, 2, 19, 47, 37394 }, // U+04C7
    { 12, 20, 232, 1, 14, 30, 37441 }, // U+04C8
    { 17, 23, 294, 2, 19, 49, 37471 }, // U+04C9
    { 15, 18, 232, 1, 14, 34, 37520 }, // U+04CA
    { 16, 23, 282, 1, 19, 46, 37554 }, // U+04CB
    { 14, 18, 233, 1, 14, 32, 37600 }, // U+04CC
    { 21, 23, 357, 2, 19, 61, 37632 }, // U+04CD
    { 19, 18, 304, 1, 14, 43, 37693 }, // U+04CE
    { 16, 32, 256, 0, 26, 64, 37736 }, // U+04CF
    { 16, 32, 256, 0, 26, 64, 37800 }, // U+04D0
    { 16, 32, 256, 0, 26, 64, 37864 }, // U+04D1
    { 16, 32, 256, 0, 26, 64, 37928 }, // U+04D2
    { 16, 32, 256, 0, 26, 64, 37992 }, // U+04D3
    { 16, 32, 256, 0, 26, 64, 38056 }, // U+04D4
    { 16, 32, 256, 0, 26, 64, 38120 }, // U+04D5
    { 16, 32, 256, 0, 26, 64, 38184 }, // U+04D6
    { 16, 32, 256, 0, 26, 64, 38248 }, // U+04D7
    { 16, 32, 256, 0, 26, 64, 38312 }, // U+04D8
    { 16, 32, 256, 0, 26, 64, 38376 }, // U+04D9
    { 16, 32, 256, 0, 26, 64, 38440 }, // U+04DA
    { 16, 32, 256, 0, 26, 64, 38504 }, // U+04DB
    { 16, 32, 256, 0, 26, 64, 38568 }, // U+04DC
    { 16, 32, 256, 0, 26, 64, 38632 }, // U+04DD
    { 16, 32, 256, 0, 26, 64, 38696 }, // U+04DE
    { 16, 32, 256, 0, 26, 64, 38760 }, // U+04DF
    { 13, 20, 246, 1, 19, 33, 38824 }, // U+04E0
    { 13, 20, 246, 1, 14, 33, 38857 }, // U+04E1
    { 16, 32, 256, 0, 26, 64, 38890 }, // U+04E2
    { 16, 32, 256, 0, 26, 64, 38954 }, // U+04E3
    { 16, 32, 256, 0, 26, 64, 39018 }, // U+04E4
    { 16, 32, 256, 0, 26, 64, 39082 }, // U+04E5
    { 16, 32, 256, 0, 26, 64, 39146 }, // U+04E6
    { 16, 32, 256, 0, 26, 64, 39210 }, // U+04E7
    { 16, 32, 256, 0, 26, 64, 39274 }, // U+04E8
    { 16, 32, 256, 0, 26, 64, 39338 }, // U+04E9
    { 16, 32, 256, 0, 26, 64, 39402 }, // U+04EA
    { 16, 32, 256, 0, 26, 64, 39466 }, // U+04EB
    { 16, 32, 256, 0, 26, 64, 39530 }, // U+04EC
    { 16, 32, 256, 0, 26, 64, 39594 }, // U+04ED
    { 16, 32, 256, 0, 26, 64, 39658 }, // U+04EE
    { 16, 32, 256, 0, 26, 64, 39722 }, // U+04EF
    { 16, 32, 256, 0, 26, 64, 39786 }, // U+04F0
    { 16, 32, 256, 0, 26, 64, 39850 }, // U+04F1
    { 16, 32, 256, 0, 26, 64, 39914 }, // U+04F2
    { 16, 32, 256, 0, 26, 64, 39978 }, // U+04F3
    { 16, 32, 256, 0, 26, 64, 40042 }, // U+04F4
    { 16, 32, 256, 0, 26, 64, 40106 }, // U+04F5
    { 12, 23, 228, 2, 19, 35, 40170 }, // U+04F6
    { 10, 18, 173, 1, 14, 23, 40205 }, // U+04F7
    { 16, 32, 256, 0, 26, 64, 40228 }, // U+04F8
    { 16, 32, 256, 0, 26, 64, 40292 }, // U+04F9
    { 14, 25, 235, 0, 19, 44, 40356 }, // U+04FA
    { 11, 20, 173, 0, 14, 28, 40400 }, // U+04FB
    { 18, 25, 279, 0, 19, 57, 40428 }, // U+04FC
    { 13, 20, 205, 0, 14, 33, 40485 }, // U+04FD
    { 17, 19, 270, 0, 19, 41, 40518 }, // U+04FE
    { 13, 14, 215, 0, 14, 23, 40559 }, // U+04FF
    { 17, 25, 273, 0, 19, 54, 40582 }, // U+1EA0
    { 11, 20, 221, 1, 14, 28, 40636 }, // U+1EA1
    { 17, 24, 273, 0, 24, 51, 40664 }, // U+1EA2
    { 11, 20, 221, 1, 19, 28, 40715 }, // U+1EA3
    { 17, 28, 273, 0, 28, 60, 40743 }, // U+1EA4
    { 12, 24, 221, 1, 23, 36, 40803 }, // U+1EA5
    { 17, 28, 273, 0, 28, 60, 40839 }, // U+1EA6
    { 11, 24, 221, 1, 23, 33, 40899 }, // U+1EA7
    { 17, 28, 273, 0, 28, 60, 40932 }, // U+1EA8
    { 11, 24, 221, 1, 23, 33, 40992 }, // U+1EA9
    { 17, 28, 273, 0, 28, 60, 41025 }, // U+1EAA
    { 11, 24, 221, 1, 23, 33, 41085 }, // U+1EAB
    { 17, 30, 273, 0, 24, 64, 41118 }, // U+1EAC
    { 11, 25, 221, 1, 19, 35, 41182 }, // U+1EAD
    { 17, 28, 273, 0, 28, 60, 41217 }, // U+1EAE
    { 11, 24, 221, 1, 23, 33, 41277 }, // U+1EAF
    { 17, 28, 273, 0, 28, 60, 41310 }, // U+1EB0
    { 11, 24, 221, 1, 23, 33, 41370 }, // U+1EB1
    { 17, 28, 273, 0, 28, 60, 41403 }, // U+1EB2
    { 11, 24, 221, 1, 23, 33, 41463 }, // U+1EB3
    { 17, 28, 273, 0, 28, 60, 41496 }, // U+1EB4
    { 11, 24, 221, 1, 23, 33, 41556 }, // U+1EB5
    { 17, 30, 273, 0, 24, 64, 41589 }, // U+1EB6
    { 11, 25, 221, 1, 19, 35, 41653 }, // U+1EB7
    { 16, 32, 256, 0, 26, 64, 41688 }, // U+1EB8
    { 16, 32, 256, 0, 26, 64, 41752 }, // U+1EB9
    { 12, 24, 238, 2, 24, 36, 41816 }, // U+1EBA
    { 13, 20, 229, 1, 19, 33, 41852 }, // U+1EBB
    { 16, 32, 256, 0, 26, 64, 41885 }, // U+1EBC
    { 16, 32, 256, 0, 26, 64, 41949 }, // U+1EBD
    { 12, 28, 238, 2, 28, 42, 42013 }, // U+1EBE
    { 13, 24, 229, 1, 23, 39, 42055 }, // U+1EBF
    { 12, 28, 238, 2, 28, 42, 42094 }, // U+1EC0
    { 13, 24, 229, 1, 23, 39, 42136 }, // U+1EC1
    { 12, 28, 238, 2, 28, 42, 42175 }, // U+1EC2
    { 13, 24, 229, 1, 23, 39, 42217 }, // U+1EC3
    { 12, 28, 238, 2, 28, 42, 42256 }, // U+1EC4
    { 13, 24, 229, 1, 23, 39, 42298 }, // U+1EC5
    { 12, 30, 238, 2, 24, 45, 42337 }, // U+1EC6
    { 13, 25, 229, 1, 19, 41, 42382 }, // U+1EC7
    { 5, 24, 104, 1, 24, 15, 42423 }, // U+1EC8
    { 5, 19, 94, 0, 19, 12, 42438 }, // U+1EC9
    { 16, 32, 256, 0, 26, 64, 42450 }, // U+1ECA
    { 16, 32, 256, 0, 26, 64, 42514 }, // U+1ECB
    { 16, 32, 256, 0, 26, 64, 42578 }, // U+1ECC
    { 16, 32, 256, 0, 26, 64, 42642 }, // U+1ECD
    { 17, 25, 304, 1, 24, 54, 42706 }, // U+1ECE
    { 13, 20, 235, 1, 19, 33, 42760 }, // U+1ECF
    { 17, 29, 304, 1, 28, 62, 42793 }, // U+1ED0
    { 13, 24, 235, 1, 23, 39, 42855 }, // U+1ED1
    { 17, 29, 304, 1, 28, 62, 42894 }, // U+1ED2
    { 13, 24, 235, 1, 23, 39, 42956 }, // U+1ED3
    { 17, 29, 304, 1, 28, 62, 42995 }, // U+1ED4
    { 13, 24, 235, 1, 23, 39, 43057 }, // U+1ED5
    { 17, 29, 304, 1, 28, 62, 43096 }, // U+1ED6
    { 13, 24, 235, 1, 23, 39, 43158 }, // U+1ED7
    { 17, 30, 304, 1, 24, 64, 43197 }, // U+1ED8
    { 13, 25, 235, 1, 19, 41, 43261 }, // U+1ED9
    { 17, 25, 304, 1, 24, 54, 43302 }, // U+1EDA
    { 13, 20, 234, 1, 19, 33, 43356 }, // U+1EDB
    { 17, 25, 304, 1, 24, 54, 43389 }, // U+1EDC
    { 13, 20, 234, 1, 19, 33, 43443 }, // U+1EDD
    { 17, 25, 304, 1, 24, 54, 43476 }, // U+1EDE
    { 13, 20, 234, 1, 19, 33, 43530 }, // U+1EDF
    { 17, 25, 304, 1, 24, 54, 43563 }, // U+1EE0
    { 13, 20, 234, 1, 19, 33, 43617 }, // U+1EE1
    { 17, 27, 304, 1, 21, 58, 43650 }, // U+1EE2
    { 13, 23, 234, 1, 17, 38, 43708 }, // U+1EE3
    { 16, 32, 256, 0, 26, 64, 43746 }, // U+1EE4
    { 16, 32, 256, 0, 26, 64, 43810 }, // U+1EE5
    { 15, 25, 294, 2, 24, 47, 43874 }, // U+1EE6
    { 12, 20, 233, 1, 19, 30, 43921 }, // U+1EE7
    { 17, 25, 293, 2, 24, 54, 43951 }, // U+1EE8
    { 14, 20, 246, 1, 19, 35, 44005 }, // U+1EE9
    { 17, 25, 293, 2, 24, 54, 44040 }, // U+1EEA
    { 14, 20, 246, 1, 19, 35, 44094 }, // U+1EEB
    { 17, 25, 293, 2, 24, 54, 44129 }, // U+1EEC
    { 14, 20, 246, 1, 19, 35, 44183 }, // U+1EED
    { 17, 25, 293, 2, 24, 54, 44218 }, // U+1EEE
    { 14, 20, 246, 1, 19, 35, 44272 }, // U+1EEF
    { 17, 27, 293, 2, 21, 58, 44307 }, // U+1EF0
    { 14, 23, 246, 1, 17, 41, 44365 }, // U+1EF1
    { 17, 24, 268, 0, 24, 51, 44406 }, // U+1EF2
    { 14, 25, 220, 0, 19, 44, 44457 }, // U+1EF3
    { 17, 25, 268, 0, 19, 54, 44501 }, // U+1EF4
    { 14, 20, 220, 0, 14, 35, 44555 }, // U+1EF5
    { 17, 24, 268, 0, 24, 51, 44590 }, // U+1EF6
    { 14, 25, 220, 0, 19, 44, 44641 }, // U+1EF7
    { 16, 32, 256, 0, 26, 64, 44685 }, // U+1EF8
    { 16, 32, 256, 0, 26, 64, 44749 }, // U+1EF9
    { 16, 32, 256, 0, 26, 64, 44813 }, // U+2000
    { 16, 32, 256, 0, 26, 64, 44877 }, // U+2001
    { 16, 32, 256, 0, 26, 64, 44941 }, // U+2002
    { 16, 32, 256, 0, 26, 64, 45005 }, // U+2003
    { 16, 32, 256, 0, 26, 64, 45069 }, // U+2004
    { 16, 32, 256, 0, 26, 64, 45133 }, // U+2005
    { 16, 32, 256, 0, 26, 64, 45197 }, // U+2006
    { 16, 32, 256, 0, 26, 64, 45261 }, // U+2007
    { 16, 32, 256, 0, 26, 64, 45325 }, // U+2008
    { 16, 32, 256, 0, 26, 64, 45389 }, // U+2009
    { 16, 32, 256, 0, 26, 64, 45453 }, // U+200A
    { 0, 0, 0, 0, 0, 0, 45517 }, // U+200B
    { 0, 0, 0, 0, 0, 0, 45517 }, // U+200C
    { 0, 0, 0, 0, 0, 0, 45517 }, // U+200D
    { 0, 0, 0, 0, 0, 0, 45517 }, // U+200E
    { 0, 0, 0, 0, 0, 0, 45517 }, // U+200F
    { 16, 32, 256, 0, 26, 64, 45517 }, // U+2010
    { 16, 32, 256, 0, 26, 64, 45581 }, // U+2011
    { 16, 32, 256, 0, 26, 64, 45645 }, // U+2012
    { 16, 32, 256, 0, 26, 64, 45709 }, // U+2013
    { 16, 32, 256, 0, 26, 64, 45773 }, // U+2014
    { 16, 32, 256, 0, 26, 64, 45837 }, // U+2015
    { 16, 32, 256, 0, 26, 64, 45901 }, // U+2016
    { 16, 32, 256, 0, 26, 64, 45965 }, // U+2017
    { 16, 32, 256, 0, 26, 64, 46029 }, // U+2018
    { 16, 32, 256, 0, 26, 64, 46093 }, // U+2019
    { 16, 32, 256, 0, 26, 64, 46157 }, // U+201A
    { 16, 32, 256, 0, 26, 64, 46221 }, // U+201B
    { 16, 32, 256, 0, 26, 64, 46285 }, // U+201C
    { 16, 32, 256, 0, 26, 64, 46349 }, // U+201D
    { 16, 32, 256, 0, 26, 64, 46413 }, // U+201E
    { 16, 32, 256, 0, 26, 64, 46477 }, // U+201F
    { 16, 32, 256, 0, 26, 64, 46541 }, // U+2020
    { 16, 32, 256, 0, 26, 64, 46605 }, // U+2021
    { 16, 32, 256, 0, 26, 64, 46669 }, // U+2022
    { 7, 9, 220, 4, 12, 8, 46733 }, // U+2023
    { 5, 5, 109, 1, 4, 4, 46741 }, // U+2024
    { 11, 5, 218, 1, 4, 7, 46745 }, // U+2025
    { 16, 32, 256, 0, 26, 64, 46752 }, // U+2026
    { 5, 5, 109, 1, 11, 4, 46816 }, // U+2027
    { 0, 0, 0, 0, 0, 0, 46820 }, // U+202A
    { 0, 0, 0, 0, 0, 0, 46820 }, // U+202B
    { 0, 0, 0, 0, 0, 0, 46820 }, // U+202C
    { 0, 0, 0, 0, 0, 0, 46820 }, // U+202D
    { 0, 0, 0, 0, 0, 0, 46820 }, // U+202E
    { 0, 0, 70, 0, 0, 0, 46820 }, // U+202F
    { 16, 32, 256, 0, 26, 64, 46820 }, // U+2030
    { 37, 20, 660, 2, 19, 93, 46884 }, // U+2031
    { 16, 32, 256, 0, 26, 64, 46977 }, // U+2032
    { 16, 32, 256, 0, 26, 64, 47041 }, // U+2033
    { 14, 8, 256, 1, 19, 14, 47105 }, // U+2034
    { 4, 8, 86, 1, 19, 4, 47119 }, // U+2035
    { 9, 8, 171, 1, 19, 9, 47123 }, // U+2036
    { 14, 8, 256, 1, 19, 14, 47132 }, // U+2037
    { 10, 6, 179, 1, -1, 8, 47146 }, // U+2038
    { 16, 32, 256, 0, 26, 64, 47154 }, // U+2039
    { 16, 32, 256, 0, 26, 64, 47218 }, // U+203A
    { 14, 15, 252, 1, 16, 27, 47282 }, // U+203B
    { 16, 32, 256, 0, 26, 64, 47309 }, // U+203C
    { 12, 20, 201, 0, 19, 30, 47373 }, // U+203D
    { 16, 32, 256, 0, 26, 64, 47403 }, // U+203E
    { 20, 5, 324, 0, -1, 13, 47467 }, // U+203F
    { 20, 5, 324, 0, 19, 13, 47480 }, // U+2040
    { 11, 15, 178, 0, 8, 21, 47493 }, // U+2041
    { 16, 16, 286, 1, 17, 32, 47514 }, // U+2042
    { 8, 3, 220, 3, 9, 3, 47546 }, // U+2043
    { 16, 19, 71, -6, 19, 38, 47549 }, // U+2044
    { 6, 24, 140, 2, 20, 18, 47587 }, // U+2045
    { 6, 24, 140, 1, 20, 18, 47605 }, // U+2046
    { 25, 20, 411, 0, 19, 63, 47623 }, // U+2047
    { 18, 20, 315, 0, 19, 45, 47686 }, // U+2048
    { 18, 20, 315, 1, 19, 45, 47731 }, // U+2049
    { 9, 20, 173, 1, 14, 23, 47776 }, // U+204A
    { 12, 19, 238, 2, 19, 29, 47799 }, // U+204B
    { 12, 11, 234, 1, 13, 17, 47828 }, // U+204C
    { 12, 11, 234, 1, 13, 17, 47845 }, // U+204D
    { 11, 12, 197, 1, 9, 17, 47862 }, // U+204E
    { 5, 18, 114, 1, 13, 12, 47879 }, // U+204F
    { 20, 25, 322, 0, 19, 63, 47891 }, // U+2050
    { 11, 25, 213, 2, 19, 35, 47954 }, // U+2051
    { 16, 19, 285, 1, 19, 38, 47989 }, // U+2052
    { 16, 6, 287, 1, 12, 12, 48027 }, // U+2053
    { 20, 5, 324, 0, -1, 13, 48039 }, // U+2054
    { 11, 11, 216, 1, 12, 16, 48052 }, // U+2055
    { 20, 8, 341, 1, 19, 20, 48068 }, // U+2057
    { 0, 0, 110, 0, 0, 0, 48088 }, // U+205F
    { 0, 0, 0, 0, 0, 0, 48088 }, // U+2060
    { 0, 0, 0, 0, 0, 0, 48088 }, // U+2061
    { 0, 0, 0, 0, 0, 0, 48088 }, // U+2062
    { 0, 0, 0, 0, 0, 0, 48088 }, // U+2063
    { 0, 0, 0, 0, 0, 0, 48088 }, // U+2064
    { 0, 0, 0, 0, 0, 0, 48088 }, // U+2066
    { 0, 0, 0, 0, 0, 0, 48088 }, // U+2067
    { 0, 0, 0, 0, 0, 0, 48088 }, // U+2068
    { 0, 0, 0, 0, 0, 0, 48088 }, // U+2069
    { 0, 0, 0, 0, 0, 0, 48088 }, // U+206A
    { 0, 0, 0, 0, 0, 0, 48088 }, // U+206B
    { 0, 0, 0, 0, 0, 0, 48088 }, // U+206C
    { 0, 0, 0, 0, 0, 0, 48088 }, // U+206D
    { 0, 0, 0, 0, 0, 0, 48088 }, // U+206E
    { 0, 0, 0, 0, 0, 0, 48088 }, // U+206F
    { 16, 32, 256, 0, 26, 64, 48088 }, // U+2070
    { 16, 32, 256, 0, 26, 64, 48152 }, // U+2071
    { 16, 32, 256, 0, 26, 64, 48216 }, // U+2074
    { 16, 32, 256, 0, 26, 64, 48280 }, // U+2075
    { 16, 32, 256, 0, 26, 64, 48344 }, // U+2076
    { 16, 32, 256, 0, 26, 64, 48408 }, // U+2077
    { 16, 32, 256, 0, 26, 64, 48472 }, // U+2078
    { 16, 32, 256, 0, 26, 64, 48536 }, // U+2079
    { 16, 32, 256, 0, 26, 64, 48600 }, // U+207A
    { 16, 32, 256, 0, 26, 64, 48664 }, // U+207B
    { 16, 32, 256, 0, 26, 64, 48728 }, // U+207C
    { 16, 32, 256, 0, 26, 64, 48792 }, // U+207D
    { 16, 32, 256, 0, 26, 64, 48856 }, // U+207E
    { 16, 32, 256, 0, 26, 64, 48920 }, // U+207F
    { 16, 32, 256, 0, 26, 64, 48984 }, // U+2080
    { 16, 32, 256, 0, 26, 64, 49048 }, // U+2081
    { 16, 32, 256, 0, 26, 64, 49112 }, // U+2082
    { 16, 32, 256, 0, 26, 64, 49176 }, // U+2083
    { 16, 32, 256, 0, 26, 64, 49240 }, // U+2084
    { 16, 32, 256, 0, 26, 64, 49304 }, // U+2085
    { 16, 32, 256, 0, 26, 64, 49368 }, // U+2086
    { 16, 32, 256, 0, 26, 64, 49432 }, // U+2087
    { 16, 32, 256, 0, 26, 64, 49496 }, // U+2088
    { 16, 32, 256, 0, 26, 64, 49560 }, // U+2089
    { 16, 32, 256, 0, 26, 64, 49624 }, // U+208A
    { 16, 32, 256, 0, 26, 64, 49688 }, // U+208B
    { 16, 32, 256, 0, 26, 64, 49752 }, // U+208C
    { 16, 32, 256, 0, 26, 64, 49816 }, // U+208D
    { 16, 32, 256, 0, 26, 64, 49880 }, // U+208E
    { 16, 32, 256, 0, 26, 64, 49944 }, // U+2090
    { 16, 32, 256, 0, 26, 64, 50008 }, // U+2091
    { 16, 32, 256, 0, 26, 64, 50072 }, // U+2092
    { 16, 32, 256, 0, 26, 64, 50136 }, // U+2093
    { 16, 32, 256, 0, 26, 64, 50200 }, // U+2094
    { 16, 32, 256, 0, 26, 64, 50264 }, // U+2095
    { 16, 32, 256, 0, 26, 64, 50328 }, // U+2096
    { 16, 32, 256, 0, 26, 64, 50392 }, // U+2097
    { 16, 32, 256, 0, 26, 64, 50456 }, // U+2098
    { 9, 9, 169, 1, 4, 11, 50520 }, // U+2099
    { 16, 32, 256, 0, 26, 64, 50531 }, // U+209A
    { 9, 9, 151, 0, 4, 11, 50595 }, // U+209B
    { 6, 11, 98, 0, 6, 9, 50606 }, // U+209C
    { 16, 20, 288, 1, 19, 40, 50615 }, // U+20A0
    { 16, 24, 291, 1, 21, 48, 50655 }, // U+20A1
    { 16, 20, 289, 1, 19, 40, 50703 }, // U+20A2
    { 15, 19, 240, -1, 19, 36, 50743 }, // U+20A3
    { 13, 19, 242, 1, 19, 31, 50779 }, // U+20A4
    { 19, 18, 340, 1, 16, 43, 50810 }, // U+20A5
    { 19, 19, 305, 0, 19, 46, 50853 }, // U+20A6
    { 16, 32, 256, 0, 26, 64, 50899 }, // U+20A7
    { 25, 20, 444, 2, 19, 63, 50963 }, // U+20A8
    { 24, 19, 379, 0, 19, 57, 51026 }, // U+20A9
    { 16, 32, 256, 0, 26, 64, 51083 }, // U+20AA
    { 15, 25, 241, 1, 19, 47, 51147 }, // U+20AB
    { 16, 32, 256, 0, 26, 64, 51194 }, // U+20AC
    { 18, 19, 281, 0, 19, 43, 51258 }, // U+20AD
    { 16, 32, 256, 0, 26, 64, 51301 }, // U+20AE
    { 33, 27, 550, 1, 21, 112, 51365 }, // U+20AF
    { 16, 19, 263, 0, 19, 38, 51477 }, // U+20B1
    { 17, 24, 297, 1, 21, 51, 51515 }, // U+20B2
    { 17, 19, 273, 0, 19, 41, 51566 }, // U+20B3
    { 14, 20, 250, 1, 19, 35, 51607 }, // U+20B4
    { 16, 24, 291, 1, 21, 48, 51642 }, // U+20B5
    { 14, 19, 255, 1, 19, 34, 51690 }, // U+20B8
    { 13, 19, 214, 0, 19, 31, 51724 }, // U+20B9
    { 13, 20, 235, 1, 19, 33, 51755 }, // U+20BA
    { 16, 14, 288, 1, 14, 28, 51788 }, // U+20BC
    { 17, 19, 277, 0, 19, 41, 51816 }, // U+20BD
    { 16, 19, 287, 1, 19, 38, 51857 }, // U+20BE
    { 13, 24, 260, 2, 21, 39, 51895 }, // U+20BF
    { 16, 32, 256, 0, 26, 64, 51934 }, // U+2190
    { 16, 32, 256, 0, 26, 64, 51998 }, // U+2191
    { 16, 32, 256, 0, 26, 64, 52062 }, // U+2192
    { 16, 32, 256, 0, 26, 64, 52126 }, // U+2193
    { 16, 32, 256, 0, 26, 64, 52190 }, // U+2194
    { 16, 32, 256, 0, 26, 64, 52254 }, // U+2195
    { 15, 15, 306, 2, 14, 29, 52318 }, // U+2196
    { 15, 15, 306, 2, 14, 29, 52347 }, // U+2197
    { 15, 14, 306, 2, 14, 27, 52376 }, // U+2198
    { 15, 14, 306, 2, 14, 27, 52403 }, // U+2199
    { 16, 32, 256, 0, 26, 64, 52430 }, // U+21A4
    { 16, 32, 256, 0, 26, 64, 52494 }, // U+21A6
    { 16, 32, 256, 0, 26, 64, 52558 }, // U+21A8
    { 25, 19, 455, 2, 19, 60, 52622 }, // U+21A9
    { 25, 19, 455, 2, 19, 60, 52682 }, // U+21AA
    { 21, 19, 392, 2, 19, 50, 52742 }, // U+21B0
    { 21, 19, 392, 2, 19, 50, 52792 }, // U+21B1
    { 16, 32, 256, 0, 26, 64, 52842 }, // U+21B2
    { 16, 32, 256, 0, 26, 64, 52906 }, // U+21B3
    { 17, 20, 330, 2, 19, 43, 52970 }, // U+21B4
    { 16, 32, 256, 0, 26, 64, 53013 }, // U+21B5
    { 19, 23, 379, 2, 23, 55, 53077 }, // U+21BA
    { 16, 32, 256, 0, 26, 64, 53132 }, // U+21BB
    { 16, 32, 256, 0, 26, 64, 53196 }, // U+21CB
    { 16, 32, 256, 0, 26, 64, 53260 }, // U+21CC
    { 16, 32, 256, 0, 26, 64, 53324 }, // U+21D0
    { 16, 32, 256, 0, 26, 64, 53388 }, // U+21D1
    { 16, 32, 256, 0, 26, 64, 53452 }, // U+21D2
    { 16, 32, 256, 0, 26, 64, 53516 }, // U+21D3
    { 16, 32, 256, 0, 26, 64, 53580 }, // U+21D4
    { 16, 32, 256, 0, 26, 64, 53644 }, // U+21D5
    { 11, 19, 240, 2, 19, 27, 53708 }, // U+21DE
    { 11, 20, 240, 2, 19, 28, 53735 }, // U+21DF
    { 21, 12, 403, 2, 15, 32, 53763 }, // U+21E4
    { 21, 12, 403, 2, 15, 32, 53795 }, // U+21E5
    { 22, 20, 409, 2, 20, 55, 53827 }, // U+21E7
    { 22, 24, 409, 2, 20, 66, 53882 }, // U+21EA
    { 16, 32, 256, 0, 26, 64, 53948 }, // U+2200
    { 13, 20, 250, 1, 19, 33, 54012 }, // U+2202
    { 16, 32, 256, 0, 26, 64, 54045 }, // U+2203
    { 16, 32, 256, 0, 26, 64, 54109 }, // U+2204
    { 16, 32, 256, 0, 26, 64, 54173 }, // U+2205
    { 16, 32, 256, 0, 26, 64, 54237 }, // U+2206
    { 16, 32, 256, 0, 26, 64, 54301 }, // U+2207
    { 16, 32, 256, 0, 26, 64, 54365 }, // U+2208
    { 16, 32, 256, 0, 26, 64, 54429 }, // U+2209
    { 16, 32, 256, 0, 26, 64, 54493 }, // U+220A
    { 16, 32, 256, 0, 26, 64, 54557 }, // U+220B
    { 16, 32, 256, 0, 26, 64, 54621 }, // U+220C
    { 16, 32, 256, 0, 26, 64, 54685 }, // U+220D
    { 14, 22, 286, 2, 19, 39, 54749 }, // U+220F
    { 15, 23, 251, 0, 19, 44, 54788 }, // U+2211
    { 16, 32, 256, 0, 26, 64, 54832 }, // U+2212
    { 16, 32, 256, 0, 26, 64, 54896 }, // U+2213
    { 16, 32, 256, 0, 26, 64, 54960 }, // U+2214
    { 16, 32, 256, 0, 26, 64, 55024 }, // U+2215
    { 16, 32, 256, 0, 26, 64, 55088 }, // U+2216
    { 16, 32, 256, 0, 26, 64, 55152 }, // U+2219
    { 16, 32, 256, 0, 26, 64, 55216 }, // U+221A
    { 16, 32, 256, 0, 26, 64, 55280 }, // U+221E
    { 16, 32, 256, 0, 26, 64, 55344 }, // U+221F
    { 16, 32, 256, 0, 26, 64, 55408 }, // U+2225
    { 16, 32, 256, 0, 26, 64, 55472 }, // U+2227
    { 16, 32, 256, 0, 26, 64, 55536 }, // U+2228
    { 16, 32, 256, 0, 26, 64, 55600 }, // U+2229
    { 16, 32, 256, 0, 26, 64, 55664 }, // U+222A
    { 10, 26, 144, -1, 20, 33, 55728 }, // U+222B
    { 5, 15, 109, 1, 17, 10, 55761 }, // U+2236
    { 16, 32, 256, 0, 26, 64, 55771 }, // U+2248
    { 16, 32, 256, 0, 26, 64, 55835 }, // U+2260
    { 16, 32, 256, 0, 26, 64, 55899 }, // U+2261
    { 16, 32, 256, 0, 26, 64, 55963 }, // U+2264
    { 16, 32, 256, 0, 26, 64, 56027 }, // U+2265
    { 16, 32, 256, 0, 26, 64, 56091 }, // U+226A
    { 16, 32, 256, 0, 26, 64, 56155 }, // U+226B
    { 16, 32, 256, 0, 26, 64, 56219 }, // U+2282
    { 16, 32, 256, 0, 26, 64, 56283 }, // U+2283
    { 16, 32, 256, 0, 26, 64, 56347 }, // U+2286
    { 16, 32, 256, 0, 26, 64, 56411 }, // U+2287
    { 35, 35, 556, 0, 27, 154, 56475 }, // U+2295
    { 35, 35, 556, 0, 27, 154, 56629 }, // U+2296
    { 35, 35, 556, 0, 27, 154, 56783 }, // U+2297
    { 35, 35, 556, 0, 27, 154, 56937 }, // U+2298
    { 16, 32, 256, 0, 26, 64, 57091 }, // U+22A5
    { 16, 32, 256, 0, 26, 64, 57155 }, // U+22C2
    { 16, 32, 256, 0, 26, 64, 57219 }, // U+22C3
    { 16, 32, 256, 0, 26, 64, 57283 }, // U+FFFD
};

static const EpdUnicodeInterval inter_12_regularIntervals[] = {
    { 0x0, 0x17F, 0x0 },
    { 0x1A0, 0x1A1, 0x180 },
    { 0x1AF, 0x1B0, 0x182 },
    { 0x1C5, 0x21F, 0x184 },
    { 0x300, 0x30C, 0x1DF },
    { 0x30F, 0x30F, 0x1EC },
    { 0x313, 0x313, 0x1ED },
    { 0x315, 0x315, 0x1EE },
    { 0x31B, 0x31B, 0x1EF },
    { 0x323, 0x323, 0x1F0 },
    { 0x326, 0x329, 0x1F1 },
    { 0x32C, 0x32C, 0x1F5 },
    { 0x337, 0x338, 0x1F6 },
    { 0x342, 0x343, 0x1F8 },
    { 0x346, 0x36F, 0x1FA },
    { 0x400, 0x479, 0x224 },
    { 0x480, 0x49D, 0x29E },
    { 0x4A0, 0x4FF, 0x2BC },
    { 0x1EA0, 0x1EF9, 0x31C },
    { 0x2000, 0x2027, 0x376 },
    { 0x202A, 0x2055, 0x39E },
    { 0x2057, 0x2057, 0x3CA },
    { 0x205F, 0x2064, 0x3CB },
    { 0x2066, 0x2071, 0x3D1 },
    { 0x2074, 0x208E, 0x3DD },
    { 0x2090, 0x209C, 0x3F8 },
    { 0x20A0, 0x20AF, 0x405 },
    { 0x20B1, 0x20B5, 0x415 },
    { 0x20B8, 0x20BA, 0x41A },
    { 0x20BC, 0x20BF, 0x41D },
    { 0x2190, 0x2199, 0x421 },
    { 0x21A4, 0x21A4, 0x42B },
    { 0x21A6, 0x21A6, 0x42C },
    { 0x21A8, 0x21AA, 0x42D },
    { 0x21B0, 0x21B5, 0x430 },
    { 0x21BA, 0x21BB, 0x436 },
    { 0x21CB, 0x21CC, 0x438 },
    { 0x21D0, 0x21D5, 0x43A },
    { 0x21DE, 0x21DF, 0x440 },
    { 0x21E4, 0x21E5, 0x442 },
    { 0x21E7, 0x21E7, 0x444 },
    { 0x21EA, 0x21EA, 0x445 },
    { 0x2200, 0x2200, 0x446 },
    { 0x2202, 0x220D, 0x447 },
    { 0x220F, 0x220F, 0x453 },
    { 0x2211, 0x2216, 0x454 },
    { 0x2219, 0x221A, 0x45A },
    { 0x221E, 0x221F, 0x45C },
    { 0x2225, 0x2225, 0x45E },
    { 0x2227, 0x222B, 0x45F },
    { 0x2236, 0x2236, 0x464 },
    { 0x2248, 0x2248, 0x465 },
    { 0x2260, 0x2261, 0x466 },
    { 0x2264, 0x2265, 0x468 },
    { 0x226A, 0x226B, 0x46A },
    { 0x2282, 0x2283, 0x46C },
    { 0x2286, 0x2287, 0x46E },
    { 0x2295, 0x2298, 0x470 },
    { 0x22A5, 0x22A5, 0x474 },
    { 0x22C2, 0x22C3, 0x475 },
    { 0xFFFD, 0xFFFD, 0x477 },
};

static const EpdKernClassEntry inter_12_regularKernLeftClasses[] = {
    { 0x01A0, 1 }, // U+01A0
    { 0x01AF, 2 }, // U+01AF
    { 0x01B0, 3 }, // U+01B0
    { 0x01C5, 4 }, // U+01C5
    { 0x01C6, 5 }, // U+01C6
    { 0x01C8, 6 }, // U+01C8
    { 0x01C9, 6 }, // U+01C9
    { 0x01CB, 6 }, // U+01CB
    { 0x01CC, 6 }, // U+01CC
    { 0x01D5, 7 }, // U+01D5
    { 0x01D6, 8 }, // U+01D6
    { 0x01D7, 7 }, // U+01D7
    { 0x01D8, 8 }, // U+01D8
    { 0x01D9, 7 }, // U+01D9
    { 0x01DA, 8 }, // U+01DA
    { 0x01DB, 7 }, // U+01DB
    { 0x01DC, 8 }, // U+01DC
    { 0x01DD, 9 }, // U+01DD
    { 0x01DE, 10 }, // U+01DE
    { 0x01DF, 11 }, // U+01DF
    { 0x01E0, 10 }, // U+01E0
    { 0x01E1, 11 }, // U+01E1
    { 0x01F1, 12 }, // U+01F1
    { 0x01F2, 5 }, // U+01F2
    { 0x01F3, 5 }, // U+01F3
    { 0x01F6, 13 }, // U+01F6
    { 0x01F8, 14 }, // U+01F8
    { 0x01F9, 11 }, // U+01F9
    { 0x01FA, 10 }, // U+01FA
    { 0x01FB, 11 }, // U+01FB
    { 0x0200, 10 }, // U+0200
    { 0x0201, 11 }, // U+0201
    { 0x0202, 10 }, // U+0202
    { 0x0203, 11 }, // U+0203
    { 0x0204, 15 }, // U+0204
    { 0x0205, 16 }, // U+0205
    { 0x0206, 15 }, // U+0206
    { 0x0207, 16 }, // U+0207
    { 0x0208, 17 }, // U+0208
    { 0x0209, 6 }, // U+0209
    { 0x020A, 18 }, // U+020A
    { 0x020B, 19 }, // U+020B
    { 0x020C, 20 }, // U+020C
    { 0x020D, 16 }, // U+020D
    { 0x020E, 20 }, // U+020E
    { 0x020F, 16 }, // U+020F
    { 0x0210, 21 }, // U+0210
    { 0x0211, 22 }, // U+0211
    { 0x0212, 21 }, // U+0212
    { 0x0213, 22 }, // U+0213
    { 0x0214, 7 }, // U+0214
    { 0x0215, 8 }, // U+0215
    { 0x0216, 7 }, // U+0216
    { 0x0217, 8 }, // U+0217
    { 0x021E, 14 }, // U+021E
    { 0x021F, 11 }, // U+021F
    { 0x0460, 14 }, // U+0460
    { 0x0464, 23 }, // U+0464
    { 0x0465, 16 }, // U+0465
    { 0x0466, 10 }, // U+0466
    { 0x0467, 10 }, // U+0467
    { 0x0468, 10 }, // U+0468
    { 0x046E, 24 }, // U+046E
    { 0x0472, 20 }, // U+0472
    { 0x0473, 16 }, // U+0473
    { 0x0474, 25 }, // U+0474
    { 0x0475, 26 }, // U+0475
    { 0x0476, 25 }, // U+0476
    { 0x0477, 26 }, // U+0477
    { 0x0479, 27 }, // U+0479
    { 0x0481, 16 }, // U+0481
    { 0x048A, 14 }, // U+048A
    { 0x048B, 28 }, // U+048B
    { 0x048C, 16 }, // U+048C
    { 0x048D, 16 }, // U+048D
    { 0x048E, 29 }, // U+048E
    { 0x048F, 16 }, // U+048F
    { 0x04A6, 16 }, // U+04A6
    { 0x04A7, 30 }, // U+04A7
    { 0x04A9, 31 }, // U+04A9
    { 0x04AC, 32 }, // U+04AC
    { 0x04AD, 22 }, // U+04AD
    { 0x04B5, 33 }, // U+04B5
    { 0x04BD, 16 }, // U+04BD
    { 0x04BF, 31 }, // U+04BF
    { 0x04C3, 24 }, // U+04C3
    { 0x04C4, 11 }, // U+04C4
    { 0x04C6, 28 }, // U+04C6
    { 0x04C7, 14 }, // U+04C7
    { 0x04C8, 11 }, // U+04C8
    { 0x04C9, 28 }, // U+04C9
    { 0x04CA, 28 }, // U+04CA
    { 0x04CC, 11 }, // U+04CC
    { 0x04CD, 14 }, // U+04CD
    { 0x04CE, 28 }, // U+04CE
    { 0x04E0, 34 }, // U+04E0
    { 0x04F6, 32 }, // U+04F6
    { 0x04F7, 22 }, // U+04F7
    { 0x04FA, 32 }, // U+04FA
    { 0x04FB, 22 }, // U+04FB
    { 0x04FC, 35 }, // U+04FC
    { 0x04FD, 36 }, // U+04FD
    { 0x04FE, 35 }, // U+04FE
    { 0x04FF, 36 }, // U+04FF
    { 0x1EA0, 10 }, // U+1EA0
    { 0x1EA1, 11 }, // U+1EA1
    { 0x1EA2, 10 }, // U+1EA2
    { 0x1EA3, 11 }, // U+1EA3
    { 0x1EA4, 10 }, // U+1EA4
    { 0x1EA5, 11 }, // U+1EA5
    { 0x1EA6, 10 }, // U+1EA6
    { 0x1EA7, 11 }, // U+1EA7
    { 0x1EA8, 10 }, // U+1EA8
    { 0x1EA9, 11 }, // U+1EA9
    { 0x1EAA, 10 }, // U+1EAA
    { 0x1EAB, 11 }, // U+1EAB
    { 0x1EAC, 10 }, // U+1EAC
    { 0x1EAD, 11 }, // U+1EAD
    { 0x1EAE, 10 }, // U+1EAE
    { 0x1EAF, 11 }, // U+1EAF
    { 0x1EB0, 10 }, // U+1EB0
    { 0x1EB1, 11 }, // U+1EB1
    { 0x1EB2, 10 }, // U+1EB2
    { 0x1EB3, 11 }, // U+1EB3
    { 0x1EB4, 10 }, // U+1EB4
    { 0x1EB5, 11 }, // U+1EB5
    { 0x1EB6, 10 }, // U+1EB6
    { 0x1EB7, 11 }, // U+1EB7
    { 0x1EBA, 15 }, // U+1EBA
    { 0x1EBB, 16 }, // U+1EBB
    { 0x1EBE, 15 }, // U+1EBE
    { 0x1EBF, 16 }, // U+1EBF
    { 0x1EC0, 15 }, // U+1EC0
    { 0x1EC1, 16 }, // U+1EC1
    { 0x1EC2, 15 }, // U+1EC2
    { 0x1EC3, 16 }, // U+1EC3
    { 0x1EC4, 15 }, // U+1EC4
    { 0x1EC5, 16 }, // U+1EC5
    { 0x1EC6, 15 }, // U+1EC6
    { 0x1EC7, 16 }, // U+1EC7
    { 0x1EC8, 14 }, // U+1EC8
    { 0x1EC9, 6 }, // U+1EC9
    { 0x1ECE, 20 }, // U+1ECE
    { 0x1ECF, 16 }, // U+1ECF
    { 0x1ED0, 20 }, // U+1ED0
    { 0x1ED1, 16 }, // U+1ED1
    { 0x1ED2, 20 }, // U+1ED2
    { 0x1ED3, 16 }, // U+1ED3
    { 0x1ED4, 20 }, // U+1ED4
    { 0x1ED5, 37 }, // U+1ED5
    { 0x1ED6, 20 }, // U+1ED6
    { 0x1ED7, 16 }, // U+1ED7
    { 0x1ED8, 20 }, // U+1ED8
    { 0x1ED9, 16 }, // U+1ED9
    { 0x1EDA, 20 }, // U+1EDA
    { 0x1EDB, 16 }, // U+1EDB
    { 0x1EDC, 20 }, // U+1EDC
    { 0x1EDD, 16 }, // U+1EDD
    { 0x1EDE, 20 }, // U+1EDE
    { 0x1EDF, 16 }, // U+1EDF
    { 0x1EE0, 20 }, // U+1EE0
    { 0x1EE1, 16 }, // U+1EE1
    { 0x1EE2, 20 }, // U+1EE2
    { 0x1EE3, 16 }, // U+1EE3
    { 0x1EE6, 7 }, // U+1EE6
    { 0x1EE7, 8 }, // U+1EE7
    { 0x1EE8, 38 }, // U+1EE8
    { 0x1EE9, 8 }, // U+1EE9
    { 0x1EEA, 38 }, // U+1EEA
    { 0x1EEB, 8 }, // U+1EEB
    { 0x1EEC, 38 }, // U+1EEC
    { 0x1EED, 3 }, // U+1EED
    { 0x1EEE, 38 }, // U+1EEE
    { 0x1EEF, 8 }, // U+1EEF
    { 0x1EF0, 38 }, // U+1EF0
    { 0x1EF1, 8 }, // U+1EF1
    { 0x1EF2, 39 }, // U+1EF2
    { 0x1EF3, 26 }, // U+1EF3
    { 0x1EF4, 39 }, // U+1EF4
    { 0x1EF5, 26 }, // U+1EF5
    { 0x1EF6, 39 }, // U+1EF6
    { 0x1EF7, 26 }, // U+1EF7
    { 0x2023, 40 }, // U+2023
    { 0x2034, 41 }, // U+2034
    { 0x203D, 42 }, // U+203D
    { 0x2043, 40 }, // U+2043
    { 0x204B, 29 }, // U+204B
    { 0x204C, 11 }, // U+204C
    { 0x204D, 40 }, // U+204D
    { 0x204F, 43 }, // U+204F
    { 0x2099, 44 }, // U+2099
    { 0x209B, 44 }, // U+209B
    { 0x209C, 44 }, // U+209C
    { 0x20A1, 23 }, // U+20A1
    { 0x20A8, 45 }, // U+20A8
    { 0x20A9, 38 }, // U+20A9
    { 0x20AF, 16 }, // U+20AF
    { 0x20B2, 46 }, // U+20B2
    { 0x20B5, 23 }, // U+20B5
    { 0x20BF, 24 }, // U+20BF
};

static const EpdKernClassEntry inter_12_regularKernRightClasses[] = {
    { 0x01A0, 1 }, // U+01A0
    { 0x01A1, 2 }, // U+01A1
    { 0x01AF, 3 }, // U+01AF
    { 0x01B0, 4 }, // U+01B0
    { 0x01C5, 5 }, // U+01C5
    { 0x01C6, 2 }, // U+01C6
    { 0x01C8, 6 }, // U+01C8
    { 0x01C9, 6 }, // U+01C9
    { 0x01CB, 6 }, // U+01CB
    { 0x01CC, 7 }, // U+01CC
    { 0x01D5, 3 }, // U+01D5
    { 0x01D6, 4 }, // U+01D6
    { 0x01D7, 3 }, // U+01D7
    { 0x01D8, 4 }, // U+01D8
    { 0x01D9, 3 }, // U+01D9
    { 0x01DA, 4 }, // U+01DA
    { 0x01DB, 3 }, // U+01DB
    { 0x01DC, 4 }, // U+01DC
    { 0x01DD, 8 }, // U+01DD
    { 0x01DE, 9 }, // U+01DE
    { 0x01DF, 10 }, // U+01DF
    { 0x01E0, 9 }, // U+01E0
    { 0x01E1, 10 }, // U+01E1
    { 0x01F2, 6 }, // U+01F2
    { 0x01F3, 8 }, // U+01F3
    { 0x01F6, 5 }, // U+01F6
    { 0x01F8, 6 }, // U+01F8
    { 0x01F9, 7 }, // U+01F9
    { 0x01FA, 9 }, // U+01FA
    { 0x01FB, 10 }, // U+01FB
    { 0x0200, 9 }, // U+0200
    { 0x0201, 10 }, // U+0201
    { 0x0202, 9 }, // U+0202
    { 0x0203, 10 }, // U+0203
    { 0x0204, 6 }, // U+0204
    { 0x0205, 2 }, // U+0205
    { 0x0206, 6 }, // U+0206
    { 0x0207, 2 }, // U+0207
    { 0x0208, 11 }, // U+0208
    { 0x0209, 12 }, // U+0209
    { 0x020A, 11 }, // U+020A
    { 0x020B, 13 }, // U+020B
    { 0x020C, 1 }, // U+020C
    { 0x020D, 2 }, // U+020D
    { 0x020E, 1 }, // U+020E
    { 0x020F, 2 }, // U+020F
    { 0x0210, 6 }, // U+0210
    { 0x0211, 7 }, // U+0211
    { 0x0212, 6 }, // U+0212
    { 0x0213, 7 }, // U+0213
    { 0x0214, 3 }, // U+0214
    { 0x0215, 4 }, // U+0215
    { 0x0216, 3 }, // U+0216
    { 0x0217, 4 }, // U+0217
    { 0x021E, 6 }, // U+021E
    { 0x021F, 6 }, // U+021F
    { 0x0460, 6 }, // U+0460
    { 0x0464, 6 }, // U+0464
    { 0x0465, 7 }, // U+0465
    { 0x0466, 9 }, // U+0466
    { 0x0467, 9 }, // U+0467
    { 0x0468, 6 }, // U+0468
    { 0x046C, 6 }, // U+046C
    { 0x046E, 6 }, // U+046E
    { 0x0472, 1 }, // U+0472
    { 0x0473, 2 }, // U+0473
    { 0x0474, 14 }, // U+0474
    { 0x0475, 15 }, // U+0475
    { 0x0476, 14 }, // U+0476
    { 0x0477, 15 }, // U+0477
    { 0x0478, 1 }, // U+0478
    { 0x0479, 2 }, // U+0479
    { 0x0481, 2 }, // U+0481
    { 0x048A, 5 }, // U+048A
    { 0x048B, 7 }, // U+048B
    { 0x048D, 16 }, // U+048D
    { 0x048E, 6 }, // U+048E
    { 0x048F, 7 }, // U+048F
    { 0x04A6, 6 }, // U+04A6
    { 0x04A7, 7 }, // U+04A7
    { 0x04A9, 2 }, // U+04A9
    { 0x04AC, 17 }, // U+04AC
    { 0x04AD, 16 }, // U+04AD
    { 0x04B4, 17 }, // U+04B4
    { 0x04B5, 16 }, // U+04B5
    { 0x04BD, 16 }, // U+04BD
    { 0x04C3, 6 }, // U+04C3
    { 0x04C4, 7 }, // U+04C4
    { 0x04C6, 18 }, // U+04C6
    { 0x04C7, 5 }, // U+04C7
    { 0x04C8, 7 }, // U+04C8
    { 0x04C9, 6 }, // U+04C9
    { 0x04CA, 7 }, // U+04CA
    { 0x04CD, 6 }, // U+04CD
    { 0x04CE, 7 }, // U+04CE
    { 0x04E1, 16 }, // U+04E1
    { 0x04F7, 7 }, // U+04F7
    { 0x04FB, 16 }, // U+04FB
    { 0x04FC, 19 }, // U+04FC
    { 0x04FD, 20 }, // U+04FD
    { 0x04FE, 19 }, // U+04FE
    { 0x04FF, 20 }, // U+04FF
    { 0x1EA0, 9 }, // U+1EA0
    { 0x1EA1, 10 }, // U+1EA1
    { 0x1EA2, 9 }, // U+1EA2
    { 0x1EA3, 10 }, // U+1EA3
    { 0x1EA4, 9 }, // U+1EA4
    { 0x1EA5, 10 }, // U+1EA5
    { 0x1EA6, 9 }, // U+1EA6
    { 0x1EA7, 10 }, // U+1EA7
    { 0x1EA8, 9 }, // U+1EA8
    { 0x1EA9, 10 }, // U+1EA9
    { 0x1EAA, 9 }, // U+1EAA
    { 0x1EAB, 10 }, // U+1EAB
    { 0x1EAC, 9 }, // U+1EAC
    { 0x1EAD, 10 }, // U+1EAD
    { 0x1EAE, 9 }, // U+1EAE
    { 0x1EAF, 10 }, // U+1EAF
    { 0x1EB0, 9 }, // U+1EB0
    { 0x1EB1, 10 }, // U+1EB1
    { 0x1EB2, 9 }, // U+1EB2
    { 0x1EB3, 10 }, // U+1EB3
    { 0x1EB4, 9 }, // U+1EB4
    { 0x1EB5, 10 }, // U+1EB5
    { 0x1EB6, 9 }, // U+1EB6
    { 0x1EB7, 10 }, // U+1EB7
    { 0x1EBA, 6 }, // U+1EBA
    { 0x1EBB, 2 }, // U+1EBB
    { 0x1EBE, 6 }, // U+1EBE
    { 0x1EBF, 2 }, // U+1EBF
    { 0x1EC0, 6 }, // U+1EC0
    { 0x1EC1, 2 }, // U+1EC1
    { 0x1EC2, 6 }, // U+1EC2
    { 0x1EC3, 2 }, // U+1EC3
    { 0x1EC4, 6 }, // U+1EC4
    { 0x1EC5, 2 }, // U+1EC5
    { 0x1EC6, 6 }, // U+1EC6
    { 0x1EC7, 2 }, // U+1EC7
    { 0x1EC8, 6 }, // U+1EC8
    { 0x1EC9, 21 }, // U+1EC9
    { 0x1ECE, 1 }, // U+1ECE
    { 0x1ECF, 2 }, // U+1ECF
    { 0x1ED0, 1 }, // U+1ED0
    { 0x1ED1, 2 }, // U+1ED1
    { 0x1ED2, 1 }, // U+1ED2
    { 0x1ED3, 2 }, // U+1ED3
    { 0x1ED4, 1 }, // U+1ED4
    { 0x1ED5, 2 }, // U+1ED5
    { 0x1ED6, 1 }, // U+1ED6
    { 0x1ED7, 2 }, // U+1ED7
    { 0x1ED8, 1 }, // U+1ED8
    { 0x1ED9, 2 }, // U+1ED9
    { 0x1EDA, 1 }, // U+1EDA
    { 0x1EDB, 2 }, // U+1EDB
    { 0x1EDC, 1 }, // U+1EDC
    { 0x1EDD, 2 }, // U+1EDD
    { 0x1EDE, 1 }, // U+1EDE
    { 0x1EDF, 2 }, // U+1EDF
    { 0x1EE0, 1 }, // U+1EE0
    { 0x1EE1, 2 }, // U+1EE1
    { 0x1EE2, 1 }, // U+1EE2
    { 0x1EE3, 2 }, // U+1EE3
    { 0x1EE6, 3 }, // U+1EE6
    { 0x1EE7, 4 }, // U+1EE7
    { 0x1EE8, 3 }, // U+1EE8
    { 0x1EE9, 4 }, // U+1EE9
    { 0x1EEA, 3 }, // U+1EEA
    { 0x1EEB, 4 }, // U+1EEB
    { 0x1EEC, 3 }, // U+1EEC
    { 0x1EED, 4 }, // U+1EED
    { 0x1EEE, 3 }, // U+1EEE
    { 0x1EEF, 4 }, // U+1EEF
    { 0x1EF0, 3 }, // U+1EF0
    { 0x1EF1, 4 }, // U+1EF1
    { 0x1EF2, 22 }, // U+1EF2
    { 0x1EF3, 15 }, // U+1EF3
    { 0x1EF4, 22 }, // U+1EF4
    { 0x1EF5, 15 }, // U+1EF5
    { 0x1EF6, 22 }, // U+1EF6
    { 0x1EF7, 15 }, // U+1EF7
    { 0x2023, 23 }, // U+2023
    { 0x2034, 24 }, // U+2034
    { 0x203D, 25 }, // U+203D
    { 0x2043, 23 }, // U+2043
    { 0x2044, 26 }, // U+2044
    { 0x204A, 16 }, // U+204A
    { 0x204B, 6 }, // U+204B
    { 0x204C, 23 }, // U+204C
    { 0x204D, 7 }, // U+204D
    { 0x204F, 27 }, // U+204F
    { 0x2099, 28 }, // U+2099
    { 0x209B, 28 }, // U+209B
    { 0x209C, 28 }, // U+209C
    { 0x20A1, 1 }, // U+20A1
    { 0x20A8, 6 }, // U+20A8
    { 0x20A9, 29 }, // U+20A9
    { 0x20AB, 2 }, // U+20AB
    { 0x20B2, 1 }, // U+20B2
    { 0x20B4, 30 }, // U+20B4
    { 0x20B5, 1 }, // U+20B5
    { 0x20B8, 31 }, // U+20B8
    { 0x20BF, 6 }, // U+20BF
    { 0x222B, 32 }, // U+222B
    { 0x2236, 27 }, // U+2236
};

static const int8_t inter_12_regularKernMatrix[] = {
       0,    0,    0,    0,    0,    0,    0,    0,  -14,    0,    0,    0,    0,    0,    0,    0,    0,    0,    0,    0,    0,    0,    0,    0,    0,    0,    0,    0,    0,    0,    0,    0,
       0,    0,    0,    0,    0,    0,    0,    0,    0,    0,    0,    0,    0,    0,    0,    0,   16,    0,    0,    0,    0,    0,    0,    0,    0,    0,    0,    0,    0,    0,    0,    0,
       0,  -14,    0,    0,    0,    0,    0,  -14,    0,    0,    0,    0,    0,    0,    6,   12,    0,    0,    0,    0,    0,    0,    0,    0,    0,    0,    0,    0,    0,    0,    0,    0,
       0,   -6,    0,    0,    0,    0,    0,   -6,    0,    0,    0,    0,    0,    0,    0,    0,  -29,    0,    0,    0,    0,    0,    0,    0,    0,    0,    0,    0,    0,    0,    0,    0,
       0,   -6,    0,    0,    0,    0,    0,   -6,    0,    0,    0,    0,    0,    0,    0,    0,  -13,    0,    0,    0,    0,    0,    0,    0,    0,    0,    0,    0,    0,    0,    0,    0,
       0,    0,    0,    0,    0,    0,    0,    0,    0,    0,    0,   34,   41,    0,    0,    1,    0,    0,    0,    0,    0,    0,    0,    0,    0,    0,    0,    0,    3,    0,    0,    0,
       0,    0,    0,    0,    0,    0,    0,    0,  -10,    0,    0,   19,    0,    0,    0,    0,    0,    0,    0,    0,    0,    0,    0,    0,    0,    0,    0,    0,    0,    0,    0,    0,
       0,    0,    0,    0,    0,    0,    0,    0,    0,    0,    0,    0,    0,    0,    0,    0,  -20,    0,    0,    0,    0,  -23,    0,    6,    0,    0,    0,    0,    0,    0,    0,    0,
       0,    0,    0,    0,    0,    0,    0,    0,  -12,    4,    0,   14,    0,  -22,   -8,    0,  -67,    0,  -11,  -10,    0,  -35,    0,   -9,    0,    0,    0,    0,    0,    0,    0,    0,
     -13,   -2,  -10,    0,    0,    0,    0,   -2,    5,    0,    0,    0,    0,  -30,  -27,   -9,  -35,    0,    0,    0,    2,  -32,  -13,  -41,  -25,   -3,    0,    0,    0,    0,  -20,    0,
       0,    0,    0,    0,    0,    0,    0,    0,    0,    0,    0,    0,    0,  -20,   -7,    0,  -30,    0,    0,    0,    0,  -29,    0,  -10,    0,    0,    0,    0,    0,    0,    0,    0,
       0,    0,    0,    0,    0,    0,    0,    0,    0,    0,    0,   13,    0,    0,    0,    0,    0,    0,    0,    0,    0,    0,    0,    0,    0,    0,    0,    0,    0,    0,    0,    0,
       0,    0,    0,    0,    0,    0,    0,    0,    0,    0,    0,    0,    0,    0,    0,    0,  -38,    0,    0,    0,    0,  -23,    0,    6,    0,    0,    0,    0,    0,    0,    0,    0,
       0,    0,    0,    0,    0,    0,    0,    0,    0,    0,    0,   19,   25,    0,    2,    5,    0,    0,    0,    0,    0,    0,    0,    0,    0,    0,    0,    0,    0,    0,    0,    0,
       0,    0,    0,    0,    0,    0,    0,    0,    0,    0,    0,   22,   29,    0,    0,    0,    0,    0,    0,    0,    0,    0,    0,    0,    0,    0,    0,    0,    0,    0,    0,    0,
       0,    0,    0,    0,    0,    0,    0,    0,  -12,    4,    0,   14,    0,  -22,   -8,    0,  -36,    0,  -11,  -10,    0,  -35,    0,   -9,    0,    0,    0,    0,    0,    0,    0,    0,
       0,    0,    0,    0,    0,    0,    0,    0,    0,    0,    0,   29,    9,    0,    0,    0,    0,    0,    0,    0,    0,    0,    0,    0,    0,    0,    0,    0,    0,    0,    0,    0,
       0,    0,    0,    0,    0,    0,    0,    0,    0,    0,    0,   16,    9,    0,    0,    0,    0,    0,    0,    0,    0,    0,    0,    0,    0,    0,    0,    0,    0,    0,    0,    0,
       0,    0,    0,    0,   55,   25,   11,    0,    0,    0,    9,   38,   85,   34,    0,   20,   36,    0,    0,    0,   41,    0,    0,    0,    0,    0,    0,    0,    0,    0,    0,   44,
       0,    0,    0,    0,    0,    0,    0,    0,  -13,    0,    0,    0,    0,  -13,    0,    0,  -13,    0,  -16,    0,    0,  -15,    0,    0,    0,    0,    0,  -16,    0,    0,    0,    0,
       0,   -6,    0,    0,    0,    0,    0,   -6,    0,   -2,    0,    0,   18,   -7,    0,    0,   -2,    0,    0,    0,    0,  -10,    0,    0,    0,    0,    0,    0,    0,    0,    0,    0,
       0,   -6,    0,    0,    4,    4,    5,   -6,  -16,   -1,    0,    0,   11,    0,    6,    6,  -23,   -9,    0,    5,    3,    0,    0,    6,    0,    0,    0,    0,    0,    0,    0,    5,
       0,    0,    0,    0,    0,    0,    0,    0,   -7,    0,    0,    0,   13,    0,    0,    0,    0,    0,   -2,    0,    0,    0,    0,    0,    0,    0,    0,    0,    0,    0,    0,    0,
       0,    0,    0,    0,    0,    0,    0,    0,    0,    0,    0,    0,   13,    0,    0,    0,  -21,    0,    0,    0,    0,    0,    0,    0,    0,    0,    0,    0,    0,    0,    0,    0,
     -13,  -22,    0,    0,    0,    0,   -4,  -22,  -30,  -21,    0,   16,   34,    7,    0,    0,    0,    0,    0,    0,    0,    0,  -16,    0,    0,    0,  -25,  -53,    0,    0,    0,    0,
       0,   -8,    0,    0,    2,    2,    0,   -8,  -27,   -3,    0,    3,    0,    0,    0,    6,  -13,  -18,    0,    0,    0,  -13,    0,    3,    0,    0,    0,    0,    0,    0,    0,    0,
       0,  -10,    0,    0,    0,    0,    0,  -10,  -13,   -6,    0,   18,   54,    0,    0,  -14,    0,    0,    0,    0,    0,    4,   -9,    0,    0,    0,    0,    0,    0,    0,    0,    0,
       0,   -4,    0,    0,    0,    0,    0,   -4,    0,    3,    0,   18,    0,   -4,    9,   -3,  -13,    0,    0,    0,    0,   -6,   -4,    3,    0,    0,    0,    0,    0,    0,    0,    4,
       0,   -4,    0,    0,    0,    0,   -1,   -4,  -29,   -2,    0,    0,    0,    0,    0,    0,   -1,    0,    0,    0,    0,    0,    0,    0,    0,    0,    0,    0,    0,    0,    0,    0,
       0,    0,    0,    0,    0,    0,    0,    0,    0,    0,    0,    0,    0,  -40,  -11,  -10,  -40,    0,  -11,   -9,    0,  -68,    0,    0,    0,    0,    0,    0,    0,    0,    0,    0,
       0,    0,    0,    0,    0,    0,    0,    0,    0,    0,    0,    0,    0,    0,    0,    0,  -32,    0,    0,    0,    0,    0,    0,    0,    0,    0,    0,    0,    0,    0,    0,    0,
     -13,  -35,    0,  -31,    0,    0,  -26,  -35,  -35,  -33,    0,   51,   36,    0,  -29,  -33,    0,    0,    0,  -28,    0,    6,  -13,    0,    0,    0,  -13,    0,    0,    0,    0,    0,
       0,   -5,    0,    0,    0,    0,    0,   -5,    0,    0,    0,    0,    0,    0,   -8,  -10,    0,    0,    0,    0,    0,    0,    0,  -11,    0,    0,    0,    0,    0,    0,    0,    0,
       0,    0,    0,    0,    0,    0,    0,    0,    0,    0,    0,    0,    0,    0,    0,    0,    0,    0,   -8,    0,    0,    0,    0,    0,    0,    0,    0,    0,    0,    0,    0,    0,
     -16,  -11,    0,    0,    0,    0,    0,  -11,    0,  -23,    0,   34,    0,    0,    0,    0,  -12,    0,    0,    0,    0,    0,  -18,    0,    0,    0,    0,    0,    0,  -13,    0,    0,
       0,  -10,    0,    0,    0,    0,    0,  -10,    0,   -1,    0,    0,    0,    0,    0,    7,  -25,    0,    0,    0,    0,    0,    0,    0,    0,    0,    0,    0,    0,    0,    0,    0,
       0,    0,    0,    0,    0,    0,    0,    0,  -12,    4,    0,   28,    0,  -22,   -8,    0,  -36,    0,  -11,  -10,    0,  -35,    0,   -9,    0,    0,    0,    0,    0,    0,    0,    0,
       0,    0,    0,    0,    0,    0,    0,    0,    0,    0,    0,   16,    0,    0,    0,    0,    0,    0,    0,    0,    0,    0,    0,    0,    0,    0,    0,    0,    0,    0,    0,    0,
     -15,  -33,    0,  -16,    0,    0,  -18,  -55,  -32,  -31,    0,   34,    0,    0,    0,    0,    6,    0,    0,    0,  -11,    0,  -16,    0,    0,    0,  -25,  -60,    0,    0,    0,    0,
       0,    0,    0,    0,    0,    0,    0,    0,  -13,    0,    0,    0,    0,  -16,    0,    0,  -13,    0,  -18,    0,    0,  -18,    0,    0,    0,    0,    0,    0,    0,    0,  -13,    0,
     -23,  -25,    0,  -16,    0,    0,   -8,  -25,  -55,  -23,    0,    0,    0,    0,    6,    6,    0,  -25,    0,    0,    0,    0,    0,    0,    0,    0,  -23,    0,    0,    0,    0,    0,
       0,    0,    0,    0,    0,    0,    0,    0,  -25,    0,    0,    0,    0,    0,    0,    0,    0,    0,    0,    0,    0,    0,    0,    0,    0,    0,    0,    0,    0,    0,    0,    0,
       0,    0,    0,    0,    0,    0,    0,    0,    0,    0,    0,    0,    0,  -25,    0,    0,  -13,    0,    0,    0,    0,    0,    0,    0,    0,    0,    0,    0,    0,    0,    0,    0,
     -16,    0,    0,    0,    0,    0,    0,    0,    0,    0,    0,    0,    0,  -53,  -20,    0,  -50,    0,    0,    0,    0,  -60,    0,    0,    0,    0,    0,    0,    0,    0,    0,    5,
       0,    0,    0,    0,    0,    0,    0,    0,    0,    0,    0,    0,    0,  -18,   -1,    1,  -29,    0,    0,    0,    0,  -29,    0,    0,    0,    0,    0,    0,    0,    0,    0,    0,
       0,    0,    0,    0,    0,    0,    0,    0,   -9,    0,    0,    9,   13,   -9,    0,    0,  -12,    0,   -2,    0,    0,   -9,    0,    0,    0,    0,    0,    0,    0,    0,    0,    0,
};

static constexpr EpdFontData inter_12_regular = {
    inter_12_regularBitmaps,
    inter_12_regularGlyphs,
    inter_12_regularIntervals,
    61,
    32,
    26,
    -6,
    false,
    nullptr,
    0,
    nullptr,
    inter_12_regularKernLeftClasses,
    inter_12_regularKernRightClasses,
    inter_12_regularKernMatrix,
    200,
    204,
    46,
    32,
    nullptr,
    0,
};
