/**
 * generated by fontconvert.py
 * name: inter_10_regular
 * size: 10
 * mode: 1-bit
 * Command used: fontconvert.py inter_10_regular 10 downloaded_fonts/terminus-font-4.49.1/ter-u28b.bdf ../builtinFonts/source/Inter/Inter-Regular.ttf
 */
#pragma once
#include "EpdFontData.h"

static const uint8_t inter_10_regularBitmaps[43271] = {
    0x00, 0x00, 0x00, 0x00, 0x00, 0x00, 0x00, 0x00, 0x00, 0x00, 0x00, 0x00, 0x00, 0x00, 0x00, 0x00,
    0x00, 0x00, 0x00, 0x00, 0x00, 0x00, 0x00, 0x00, 0x00, 0x00, 0x00, 0x00, 0x00, 0x00, 0x00, 0x00,
    0x00, 0x00, 0x00, 0x00, 0x00, 0x00, 0x00, 0x00, 0x00, 0x00, 0x00, 0x00, 0x00, 0x00, 0x00, 0x00,
    0x00, 0x00, 0x00, 0x00, 0x00, 0x00, 0x00, 0x00, 0x03, 0x00, 0x0C, 0x00, 0x30, 0x00, 0xC0, 0x03,
    0x00, 0x0C, 0x00, 0x30, 0x00, 0xC0, 0x03, 0x00, 0x0C, 0x00, 0x30, 0x00, 0xC0, 0x00, 0x00, 0x00,
    0x00, 0x30, 0x00, 0xC0, 0x03, 0x00, 0x0C, 0x00, 0x00, 0x00, 0x00, 0x00, 0x00, 0x00, 0x00, 0x00,
    0x00, 0x00, 0x00, 0x00, 0x00, 0x01, 0x8C, 0x06, 0x30, 0x18, 0xC0, 0x63, 0x01, 0x8C, 0x06, 0x30,
    0x00, 0x00, 0x00, 0x00, 0x00, 0x00, 0x00, 0x00, 0x00, 0x00, 0x00, 0x00, 0x00, 0x00, 0x00, 0x00,
    0x00, 0x00, 0x00, 0x00, 0x00, 0x00, 0x00, 0x00, 0x00, 0x00, 0x00, 0x00, 0x00, 0x00, 0x00, 0x00,
    0x00, 0x00, 0x00, 0x00, 0x00, 0x00, 0x00, 0x00, 0x00, 0x00, 0x18, 0xC0, 0x63, 0x01, 0x8C, 0x06,
    0x30, 0x7F, 0xF1, 0xFF, 0xC1, 0x8C, 0x06, 0x30, 0x18, 0xC0, 0x63, 0x01, 0x8C, 0x06, 0x30, 0x7F,
    0xF1, 0xFF, 0xC1, 0x8C, 0x06, 0x30, 0x18, 0xC0, 0x63, 0x00, 0x00, 0x00, 0x00, 0x00, 0x00, 0x00,
    0x00, 0x00, 0x00, 0x00, 0x00, 0x00, 0x00, 0x00, 0x30, 0x00, 0xC0, 0x03, 0x00, 0x7F, 0x83, 0xFF,
    0x1C, 0xCE, 0x63, 0x19, 0x8C, 0x06, 0x30, 0x1C, 0xC0, 0x3F, 0xE0, 0x7F, 0xC0, 0x33, 0x80, 0xC6,
    0x03, 0x19, 0x8C, 0x67, 0x33, 0x8F, 0xFC, 0x1F, 0xE0, 0x0C, 0x00, 0x30, 0x00, 0xC0, 0x00, 0x00,
    0x00, 0x00, 0x00, 0x00, 0x00, 0x00, 0x00, 0x00, 0x00, 0x00, 0x00, 0x00, 0x3C, 0x31, 0xF8, 0xC6,
    0x66, 0x1F, 0x98, 0x3C, 0xC0, 0x03, 0x00, 0x18, 0x00, 0x60, 0x03, 0x00, 0x0C, 0x00, 0x60, 0x01,
    0x80, 0x0C, 0x00, 0x33, 0xC1, 0x9F, 0x86, 0x66, 0x31, 0xF8, 0xC3, 0xC0, 0x00, 0x00, 0x00, 0x00,
    0x00, 0x00, 0x00, 0x00, 0x00, 0x00, 0x00, 0x00, 0x00, 0x00, 0x00, 0x00, 0x00, 0x0F, 0x00, 0x7E,
    0x03, 0x9C, 0x0C, 0x30, 0x30, 0xC0, 0xE7, 0x01, 0xF8, 0x03, 0xC0, 0x0E, 0x00, 0x7C, 0x63, 0xBB,
    0x9C, 0x7C, 0x60, 0xE1, 0x83, 0x86, 0x0E, 0x1C, 0x7C, 0x3F, 0xB8, 0x7C, 0x60, 0x00, 0x00, 0x00,
    0x00, 0x00, 0x00, 0x00, 0x00, 0x00, 0x00, 0x00, 0x00, 0x00, 0x00, 0x30, 0x00, 0xC0, 0x03, 0x00,
    0x0C, 0x00, 0x30, 0x00, 0xC0, 0x00, 0x00, 0x00, 0x00, 0x00, 0x00, 0x00, 0x00, 0x00, 0x00, 0x00,
    0x00, 0x00, 0x00, 0x00, 0x00, 0x00, 0x00, 0x00, 0x00, 0x00, 0x00, 0x00, 0x00, 0x00, 0x00, 0x00,
    0x00, 0x00, 0x00, 0x00, 0x00, 0x00, 0x00, 0x00, 0x00, 0x00, 0x00, 0x00, 0x00, 0x00, 0x00, 0x01,
    0x80, 0x0C, 0x00, 0x60, 0x01, 0x80, 0x0C, 0x00, 0x30, 0x00, 0xC0, 0x03, 0x00, 0x0C, 0x00, 0x30,
    0x00, 0xC0, 0x03, 0x00, 0x0C, 0x00, 0x30, 0x00, 0x60, 0x01, 0x80, 0x03, 0x00, 0x06, 0x00, 0x00,
    0x00, 0x00, 0x00, 0x00, 0x00, 0x00, 0x00, 0x00, 0x00, 0x00, 0x00, 0x00, 0x00, 0x00, 0x00, 0x00,
    0x0C, 0x00, 0x18, 0x00, 0x30, 0x00, 0xC0, 0x01, 0x80, 0x06, 0x00, 0x18, 0x00, 0x60, 0x01, 0x80,
    0x06, 0x00, 0x18, 0x00, 0x60, 0x01, 0x80, 0x06, 0x00, 0x30, 0x00, 0xC0, 0x06, 0x00, 0x30, 0x00,
    0x00, 0x00, 0x00, 0x00, 0x00, 0x00, 0x00, 0x00, 0x00, 0x00, 0x00, 0x00, 0x00, 0x00, 0x00, 0x00,
    0x00, 0x00, 0x00, 0x00, 0x00, 0x00, 0x00, 0x00, 0x38, 0xE0, 0x77, 0x00, 0xF8, 0x01, 0xC0, 0x7F,
    0xF1, 0xFF, 0xC0, 0x70, 0x03, 0xE0, 0x1D, 0xC0, 0xE3, 0x80, 0x00, 0x00, 0x00, 0x00, 0x00, 0x00,
    0x00, 0x00, 0x00, 0x00, 0x00, 0x00, 0x00, 0x00, 0x00, 0x00, 0x00, 0x00, 0x00, 0x00, 0x00, 0x00,
    0x00, 0x00, 0x00, 0x00, 0x00, 0x00, 0x00, 0x00, 0xC0, 0x03, 0x00, 0x0C, 0x00, 0x30, 0x00, 0xC0,
    0x7F, 0xF9, 0xFF, 0xE0, 0x30, 0x00, 0xC0, 0x03, 0x00, 0x0C, 0x00, 0x30, 0x00, 0x00, 0x00, 0x00,
    0x00, 0x00, 0x00, 0x00, 0x00, 0x00, 0x00, 0x00, 0x00, 0x00, 0x00, 0x00, 0x00, 0x00, 0x00, 0x00,
    0x00, 0x00, 0x00, 0x00, 0x00, 0x00, 0x00, 0x00, 0x00, 0x00, 0x00, 0x00, 0x00, 0x00, 0x00, 0x00,
    0x00, 0x00, 0x00, 0x00, 0x00, 0x00, 0x00, 0x00, 0x00, 0x00, 0x00, 0x00, 0x30, 0x00, 0xC0, 0x03,
    0x00, 0x0C, 0x00, 0x60, 0x03, 0x00, 0x00, 0x00, 0x00, 0x00, 0x00, 0x00, 0x00, 0x00, 0x00, 0x00,
    0x00, 0x00, 0x00, 0x00, 0x00, 0x00, 0x00, 0x00, 0x00, 0x00, 0x00, 0x00, 0x00, 0x00, 0x00, 0x00,
    0x00, 0x00, 0x7F, 0xF1, 0xFF, 0xC0, 0x00, 0x00, 0x00, 0x00, 0x00, 0x00, 0x00, 0x00, 0x00, 0x00,
    0x00, 0x00, 0x00, 0x00, 0x00, 0x00, 0x00, 0x00, 0x00, 0x00, 0x00, 0x00, 0x00, 0x00, 0x00, 0x00,
    0x00, 0x00, 0x00, 0x00, 0x00, 0x00, 0x00, 0x00, 0x00, 0x00, 0x00, 0x00, 0x00, 0x00, 0x00, 0x00,
    0x00, 0x00, 0x00, 0x00, 0x00, 0x00, 0x00, 0x00, 0x00, 0x00, 0x00, 0x00, 0x00, 0x00, 0x30, 0x00,
    0xC0, 0x03, 0x00, 0x0C, 0x00, 0x00, 0x00, 0x00, 0x00, 0x00, 0x00, 0x00, 0x00, 0x00, 0x00, 0x00,
    0x00, 0x00, 0x00, 0x00, 0x00, 0x00, 0x00, 0x30, 0x00, 0xC0, 0x06, 0x00, 0x18, 0x00, 0xC0, 0x03,
    0x00, 0x18, 0x00, 0x60, 0x03, 0x00, 0x0C, 0x00, 0x60, 0x01, 0x80, 0x0C, 0x00, 0x30, 0x01, 0x80,
    0x06, 0x00, 0x30, 0x00, 0xC0, 0x00, 0x00, 0x00, 0x00, 0x00, 0x00, 0x00, 0x00, 0x00, 0x00, 0x00,
    0x00, 0x00, 0x00, 0x00, 0x00, 0x00, 0x00, 0x1F, 0xC0, 0xFF, 0x87, 0x07, 0x18, 0x0C, 0x60, 0x71,
    0x83, 0xC6, 0x1F, 0x18, 0xEC, 0x67, 0x31, 0xB8, 0xC7, 0xC3, 0x1E, 0x0C, 0x70, 0x31, 0x80, 0xC6,
    0x03, 0x1C, 0x1C, 0x3F, 0xE0, 0x7F, 0x00, 0x00, 0x00, 0x00, 0x00, 0x00, 0x00, 0x00, 0x00, 0x00,
    0x00, 0x00, 0x00, 0x00, 0x00, 0x00, 0x00, 0x00, 0x03, 0x00, 0x1C, 0x00, 0xF0, 0x07, 0xC0, 0x03,
    0x00, 0x0C, 0x00, 0x30, 0x00, 0xC0, 0x03, 0x00, 0x0C, 0x00, 0x30, 0x00, 0xC0, 0x03, 0x00, 0x0C,
    0x00, 0x30, 0x00, 0xC0, 0x1F, 0xE0, 0x7F, 0x80, 0x00, 0x00, 0x00, 0x00, 0x00, 0x00, 0x00, 0x00,
    0x00, 0x00, 0x00, 0x00, 0x00, 0x00, 0x00, 0x00, 0x00, 0x1F, 0xC0, 0xFF, 0x87, 0x07, 0x18, 0x0C,
    0x60, 0x31, 0x80, 0xC0, 0x03, 0x00, 0x1C, 0x00, 0xE0, 0x07, 0x00, 0x38, 0x01, 0xC0, 0x0E, 0x00,
    0x70, 0x03, 0x80, 0x1C, 0x00, 0x7F, 0xF1, 0xFF, 0xC0, 0x00, 0x00, 0x00, 0x00, 0x00, 0x00, 0x00,
    0x00, 0x00, 0x00, 0x00, 0x00, 0x00, 0x00, 0x00, 0x00, 0x00, 0x1F, 0xC0, 0xFF, 0x87, 0x07, 0x18,
    0x0C, 0x00, 0x30, 0x00, 0xC0, 0x03, 0x00, 0x1C, 0x0F, 0xE0, 0x3F, 0x80, 0x07, 0x00, 0x0C, 0x00,
    0x30, 0x00, 0xC6, 0x03, 0x1C, 0x1C, 0x3F, 0xE0, 0x7F, 0x00, 0x00, 0x00, 0x00, 0x00, 0x00, 0x00,
    0x00, 0x00, 0x00, 0x00, 0x00, 0x00, 0x00, 0x00, 0x00, 0x00, 0x00, 0x00, 0x30, 0x01, 0xC0, 0x0F,
    0x00, 0x7C, 0x03, 0xB0, 0x1C, 0xC0, 0xE3, 0x07, 0x0C, 0x38, 0x31, 0xC0, 0xC6, 0x03, 0x18, 0x0C,
    0x7F, 0xF1, 0xFF, 0xC0, 0x03, 0x00, 0x0C, 0x00, 0x30, 0x00, 0xC0, 0x00, 0x00, 0x00, 0x00, 0x00,
    0x00, 0x00, 0x00, 0x00, 0x00, 0x00, 0x00, 0x00, 0x00, 0x00, 0x00, 0x00, 0x7F, 0xF1, 0xFF, 0xC6,
    0x00, 0x18, 0x00, 0x60, 0x01, 0x80, 0x06, 0x00, 0x1F, 0xF0, 0x7F, 0xE0, 0x01, 0xC0, 0x03, 0x00,
    0x0C, 0x00, 0x30, 0x00, 0xC6, 0x03, 0x1C, 0x1C, 0x3F, 0xE0, 0x7F, 0x00, 0x00, 0x00, 0x00, 0x00,
    0x00, 0x00, 0x00, 0x00, 0x00, 0x00, 0x00, 0x00, 0x00, 0x00, 0x00, 0x00, 0x00, 0x1F, 0xE0, 0xFF,
    0x87, 0x00, 0x18, 0x00, 0x60, 0x01, 0x80, 0x06, 0x00, 0x1F, 0xF0, 0x7F, 0xE1, 0x81, 0xC6, 0x03,
    0x18, 0x0C, 0x60, 0x31, 0x80, 0xC6, 0x03, 0x1C, 0x1C, 0x3F, 0xE0, 0x7F, 0x00, 0x00, 0x00, 0x00,
    0x00, 0x00, 0x00, 0x00, 0x00, 0x00, 0x00, 0x00, 0x00, 0x00, 0x00, 0x00, 0x00, 0x00, 0x7F, 0xF1,
    0xFF, 0xC6, 0x03, 0x18, 0x0C, 0x60, 0x30, 0x01, 0x80, 0x06, 0x00, 0x30, 0x00, 0xC0, 0x06, 0x00,
    0x18, 0x00, 0xC0, 0x03, 0x00, 0x0C, 0x00, 0x30, 0x00, 0xC0, 0x03, 0x00, 0x0C, 0x00, 0x00, 0x00,
    0x00, 0x00, 0x00, 0x00, 0x00, 0x00, 0x00, 0x00, 0x00, 0x00, 0x00, 0x00, 0x00, 0x00, 0x00, 0x1F,
    0xC0, 0xFF, 0x87, 0x07, 0x18, 0x0C, 0x60, 0x31, 0x80, 0xC6, 0x03, 0x1C, 0x1C, 0x3F, 0xE0, 0xFF,
    0x87, 0x07, 0x18, 0x0C, 0x60, 0x31, 0x80, 0xC6, 0x03, 0x1C, 0x1C, 0x3F, 0xE0, 0x7F, 0x00, 0x00,
    0x00, 0x00, 0x00, 0x00, 0x00, 0x00, 0x00, 0x00, 0x00, 0x00, 0x00, 0x00, 0x00, 0x00, 0x00, 0x00,
    0x1F, 0xC0, 0xFF, 0x87, 0x07, 0x18, 0x0C, 0x60, 0x31, 0x80, 0xC6, 0x03, 0x18, 0x0C, 0x70, 0x30,
    0xFF, 0xC1, 0xFF, 0x00, 0x0C, 0x00, 0x30, 0x00, 0xC0, 0x03, 0x00, 0x1C, 0x3F, 0xE0, 0xFF, 0x00,
    0x00, 0x00, 0x00, 0x00, 0x00, 0x00, 0x00, 0x00, 0x00, 0x00, 0x00, 0x00, 0x00, 0x00, 0x00, 0x00,
    0x00, 0x00, 0x00, 0x00, 0x00, 0x00, 0x00, 0x00, 0x00, 0x00, 0x0C, 0x00, 0x30, 0x00, 0xC0, 0x03,
    0x00, 0x00, 0x00, 0x00, 0x00, 0x00, 0x00, 0x00, 0x00, 0x00, 0x30, 0x00, 0xC0, 0x03, 0x00, 0x0C,
    0x00, 0x00, 0x00, 0x00, 0x00, 0x00, 0x00, 0x00, 0x00, 0x00, 0x00, 0x00, 0x00, 0x00, 0x00, 0x00,
    0x00, 0x00, 0x00, 0x00, 0x00, 0x00, 0x00, 0x00, 0x00, 0x00, 0x00, 0x0C, 0x00, 0x30, 0x00, 0xC0,
    0x03, 0x00, 0x00, 0x00, 0x00, 0x00, 0x00, 0x00, 0x00, 0x00, 0x00, 0x30, 0x00, 0xC0, 0x03, 0x00,
    0x0C, 0x00, 0x60, 0x03, 0x00, 0x00, 0x00, 0x00, 0x00, 0x00, 0x00, 0x00, 0x00, 0x00, 0x00, 0x00,
    0x00, 0x00, 0x00, 0x00, 0x00, 0x01, 0xC0, 0x0E, 0x00, 0x70, 0x03, 0x80, 0x1C, 0x00, 0xE0, 0x07,
    0x00, 0x38, 0x01, 0xC0, 0x03, 0x80, 0x07, 0x00, 0x0E, 0x00, 0x1C, 0x00, 0x38, 0x00, 0x70, 0x00,
    0xE0, 0x01, 0xC0, 0x00, 0x00, 0x00, 0x00, 0x00, 0x00, 0x00, 0x00, 0x00, 0x00, 0x00, 0x00, 0x00,
    0x00, 0x00, 0x00, 0x00, 0x00, 0x00, 0x00, 0x00, 0x00, 0x00, 0x00, 0x00, 0x01, 0xFF, 0xC7, 0xFF,
    0x00, 0x00, 0x00, 0x00, 0x00, 0x00, 0x00, 0x1F, 0xFC, 0x7F, 0xF0, 0x00, 0x00, 0x00, 0x00, 0x00,
    0x00, 0x00, 0x00, 0x00, 0x00, 0x00, 0x00, 0x00, 0x00, 0x00, 0x00, 0x00, 0x00, 0x00, 0x00, 0x00,
    0x00, 0x00, 0x00, 0x00, 0x00, 0x00, 0x01, 0xC0, 0x03, 0x80, 0x07, 0x00, 0x0E, 0x00, 0x1C, 0x00,
    0x38, 0x00, 0x70, 0x00, 0xE0, 0x01, 0xC0, 0x0E, 0x00, 0x70, 0x03, 0x80, 0x1C, 0x00, 0xE0, 0x07,
    0x00, 0x38, 0x01, 0xC0, 0x00, 0x00, 0x00, 0x00, 0x00, 0x00, 0x00, 0x00, 0x00, 0x00, 0x00, 0x00,
    0x00, 0x00, 0x00, 0x00, 0x00, 0x00, 0x1F, 0xC0, 0xFF, 0x87, 0x07, 0x18, 0x0C, 0x60, 0x31, 0x80,
    0xC0, 0x07, 0x00, 0x38, 0x01, 0xC0, 0x0E, 0x00, 0x30, 0x00, 0xC0, 0x00, 0x00, 0x00, 0x00, 0x30,
    0x00, 0xC0, 0x03, 0x00, 0x0C, 0x00, 0x00, 0x00, 0x00, 0x00, 0x00, 0x00, 0x00, 0x00, 0x00, 0x00,
    0x00, 0x00, 0x00, 0x00, 0x00, 0x00, 0x00, 0x1F, 0xE0, 0xFF, 0xC7, 0x03, 0x98, 0x06, 0x61, 0xF9,
    0x8F, 0xE6, 0x71, 0x99, 0x86, 0x66, 0x19, 0x98, 0x66, 0x61, 0x99, 0xC6, 0x63, 0xF9, 0x87, 0xA6,
    0x00, 0x1C, 0x00, 0x3F, 0xF8, 0x7F, 0xE0, 0x00, 0x00, 0x00, 0x00, 0x00, 0x00, 0x00, 0x00, 0x00,
    0x00, 0x00, 0x00, 0x00, 0x00, 0x00, 0x00, 0x00, 0x1F, 0xC0, 0xFF, 0x87, 0x07, 0x18, 0x0C, 0x60,
    0x31, 0x80, 0xC6, 0x03, 0x18, 0x0C, 0x60, 0x31, 0xFF, 0xC7, 0xFF, 0x18, 0x0C, 0x60, 0x31, 0x80,
    0xC6, 0x03, 0x18, 0x0C, 0x60, 0x31, 0x80, 0xC0, 0x00, 0x00, 0x00, 0x00, 0x00, 0x00, 0x00, 0x00,
    0x00, 0x00, 0x00, 0x00, 0x00, 0x00, 0x00, 0x00, 0x00, 0x7F, 0xC1, 0xFF, 0x86, 0x07, 0x18, 0x0C,
    0x60, 0x31, 0x80, 0xC6, 0x06, 0x1F, 0xF0, 0x7F, 0xC1, 0x81, 0x86, 0x03, 0x18, 0x0C, 0x60, 0x31,
    0x80, 0xC6, 0x03, 0x18, 0x1C, 0x7F, 0xE1, 0xFF, 0x00, 0x00, 0x00, 0x00, 0x00, 0x00, 0x00, 0x00,
    0x00, 0x00, 0x00, 0x00, 0x00, 0x00, 0x00, 0x00, 0x00, 0x00, 0x1F, 0xC0, 0xFF, 0x87, 0x07, 0x18,
    0x0C, 0x60, 0x31, 0x80, 0x06, 0x00, 0x18, 0x00, 0x60, 0x01, 0x80, 0x06, 0x00, 0x18, 0x00, 0x60,
    0x01, 0x80, 0xC6, 0x03, 0x1C, 0x1C, 0x3F, 0xE0, 0x7F, 0x00, 0x00, 0x00, 0x00, 0x00, 0x00, 0x00,
    0x00, 0x00, 0x00, 0x00, 0x00, 0x00, 0x00, 0x00, 0x00, 0x00, 0x00, 0x7F, 0x01, 0xFF, 0x06, 0x0E,
    0x18, 0x18, 0x60, 0x31, 0x80, 0xC6, 0x03, 0x18, 0x0C, 0x60, 0x31, 0x80, 0xC6, 0x03, 0x18, 0x0C,
    0x60, 0x31, 0x80, 0xC6, 0x06, 0x18, 0x38, 0x7F, 0xC1, 0xFC, 0x00, 0x00, 0x00, 0x00, 0x00, 0x00,
    0x00, 0x00, 0x00, 0x00, 0x00, 0x00, 0x00, 0x00, 0x00, 0x00, 0x00, 0x00, 0x7F, 0xF1, 0xFF, 0xC6,
    0x00, 0x18, 0x00, 0x60, 0x01, 0x80, 0x06, 0x00, 0x18, 0x00, 0x7F, 0x81, 0xFE, 0x06, 0x00, 0x18,
    0x00, 0x60, 0x01, 0x80, 0x06, 0x00, 0x18, 0x00, 0x7F, 0xF1, 0xFF, 0xC0, 0x00, 0x00, 0x00, 0x00,
    0x00, 0x00, 0x00, 0x00, 0x00, 0x00, 0x00, 0x00, 0x00, 0x00, 0x00, 0x00, 0x00, 0x7F, 0xF1, 0xFF,
    0xC6, 0x00, 0x18, 0x00, 0x60, 0x01, 0x80, 0x06, 0x00, 0x18, 0x00, 0x7F, 0x81, 0xFE, 0x06, 0x00,
    0x18, 0x00, 0x60, 0x01, 0x80, 0x06, 0x00, 0x18, 0x00, 0x60, 0x01, 0x80, 0x00, 0x00, 0x00, 0x00,
    0x00, 0x00, 0x00, 0x00, 0x00, 0x00, 0x00, 0x00, 0x00, 0x00, 0x00, 0x00, 0x00, 0x00, 0x1F, 0xC0,
    0xFF, 0x87, 0x07, 0x18, 0x0C, 0x60, 0x31, 0x80, 0x06, 0x00, 0x18, 0x00, 0x63, 0xF1, 0x8F, 0xC6,
    0x03, 0x18, 0x0C, 0x60, 0x31, 0x80, 0xC6, 0x03, 0x1C, 0x1C, 0x3F, 0xE0, 0x7F, 0x00, 0x00, 0x00,
    0x00, 0x00, 0x00, 0x00, 0x00, 0x00, 0x00, 0x00, 0x00, 0x00, 0x00, 0x00, 0x00, 0x00, 0x00, 0x60,
    0x31, 0x80, 0xC6, 0x03, 0x18, 0x0C, 0x60, 0x31, 0x80, 0xC6, 0x03, 0x18, 0x0C, 0x7F, 0xF1, 0xFF,
    0xC6, 0x03, 0x18, 0x0C, 0x60, 0x31, 0x80, 0xC6, 0x03, 0x18, 0x0C, 0x60, 0x31, 0x80, 0xC0, 0x00,
    0x00, 0x00, 0x00, 0x00, 0x00, 0x00, 0x00, 0x00, 0x00, 0x00, 0x00, 0x00, 0x00, 0x00, 0x00, 0x00,
    0x0F, 0xC0, 0x3F, 0x00, 0x30, 0x00, 0xC0, 0x03, 0x00, 0x0C, 0x00, 0x30, 0x00, 0xC0, 0x03, 0x00,
    0x0C, 0x00, 0x30, 0x00, 0xC0, 0x03, 0x00, 0x0C, 0x00, 0x30, 0x00, 0xC0, 0x0F, 0xC0, 0x3F, 0x00,
    0x00, 0x00, 0x00, 0x00, 0x00, 0x00, 0x00, 0x00, 0x00, 0x00, 0x00, 0x00, 0x00, 0x00, 0x00, 0x00,
    0x00, 0x01, 0xF8, 0x07, 0xE0, 0x06, 0x00, 0x18, 0x00, 0x60, 0x01, 0x80, 0x06, 0x00, 0x18, 0x00,
    0x60, 0x01, 0x80, 0x06, 0x00, 0x18, 0x60, 0x61, 0x81, 0x86, 0x06, 0x1C, 0x38, 0x3F, 0xC0, 0x7E,
    0x00, 0x00, 0x00, 0x00, 0x00, 0x00, 0x00, 0x00, 0x00, 0x00, 0x00, 0x00, 0x00, 0x00, 0x00, 0x00,
    0x00, 0x00, 0x60, 0x31, 0x81, 0xC6, 0x0E, 0x18, 0x70, 0x63, 0x81, 0x9C, 0x06, 0xE0, 0x1F, 0x00,
    0x78, 0x01, 0xE0, 0x07, 0xC0, 0x1B, 0x80, 0x67, 0x01, 0x8E, 0x06, 0x1C, 0x18, 0x38, 0x60, 0x71,
    0x80, 0xC0, 0x00, 0x00, 0x00, 0x00, 0x00, 0x00, 0x00, 0x00, 0x00, 0x00, 0x00, 0x00, 0x00, 0x00,
    0x00, 0x00, 0x00, 0x60, 0x01, 0x80, 0x06, 0x00, 0x18, 0x00, 0x60, 0x01, 0x80, 0x06, 0x00, 0x18,
    0x00, 0x60, 0x01, 0x80, 0x06, 0x00, 0x18, 0x00, 0x60, 0x01, 0x80, 0x06, 0x00, 0x18, 0x00, 0x7F,
    0xF1, 0xFF, 0xC0, 0x00, 0x00, 0x00, 0x00, 0x00, 0x00, 0x00, 0x00, 0x00, 0x00, 0x00, 0x00, 0x00,
    0x00, 0x00, 0x00, 0x00, 0x60, 0x19, 0x80, 0x67, 0x03, 0x9E, 0x1E, 0x7C, 0xF9, 0xBF, 0x66, 0x79,
    0x98, 0xC6, 0x60, 0x19, 0x80, 0x66, 0x01, 0x98, 0x06, 0x60, 0x19, 0x80, 0x66, 0x01, 0x98, 0x06,
    0x60, 0x19, 0x80, 0x60, 0x00, 0x00, 0x00, 0x00, 0x00, 0x00, 0x00, 0x00, 0x00, 0x00, 0x00, 0x00,
    0x00, 0x00, 0x00, 0x00, 0x00, 0x60, 0x31, 0x80, 0xC6, 0x03, 0x18, 0x0C, 0x70, 0x31, 0xE0, 0xC7,
    0xC3, 0x1B, 0x8C, 0x67, 0x31, 0x8E, 0xC6, 0x1F, 0x18, 0x3C, 0x60, 0x71, 0x80, 0xC6, 0x03, 0x18,
    0x0C, 0x60, 0x31, 0x80, 0xC0, 0x00, 0x00, 0x00, 0x00, 0x00, 0x00, 0x00, 0x00, 0x00, 0x00, 0x00,
    0x00, 0x00, 0x00, 0x00, 0x00, 0x00, 0x1F, 0xC0, 0xFF, 0x87, 0x07, 0x18, 0x0C, 0x60, 0x31, 0x80,
    0xC6, 0x03, 0x18, 0x0C, 0x60, 0x31, 0x80, 0xC6, 0x03, 0x18, 0x0C, 0x60, 0x31, 0x80, 0xC6, 0x03,
    0x1C, 0x1C, 0x3F, 0xE0, 0x7F, 0x00, 0x00, 0x00, 0x00, 0x00, 0x00, 0x00, 0x00, 0x00, 0x00, 0x00,
    0x00, 0x00, 0x00, 0x00, 0x00, 0x00, 0x00, 0x7F, 0xC1, 0xFF, 0x86, 0x07, 0x18, 0x0C, 0x60, 0x31,
    0x80, 0xC6, 0x03, 0x18, 0x0C, 0x60, 0x71, 0xFF, 0x87, 0xFC, 0x18, 0x00, 0x60, 0x01, 0x80, 0x06,
    0x00, 0x18, 0x00, 0x60, 0x01, 0x80, 0x00, 0x00, 0x00, 0x00, 0x00, 0x00, 0x00, 0x00, 0x00, 0x00,
    0x00, 0x00, 0x00, 0x00, 0x00, 0x00, 0x00, 0x00, 0x1F, 0xC0, 0xFF, 0x87, 0x07, 0x18, 0x0C, 0x60,
    0x31, 0x80, 0xC6, 0x03, 0x18, 0x0C, 0x60, 0x31, 0x80, 0xC6, 0x03, 0x18, 0x0C, 0x60, 0x31, 0x80,
    0xC6, 0x3B, 0x1C, 0x7C, 0x3F, 0xE0, 0x7F, 0x80, 0x07, 0x00, 0x0E, 0x00, 0x00, 0x00, 0x00, 0x00,
    0x00, 0x00, 0x00, 0x00, 0x00, 0x00, 0x00, 0x00, 0x00, 0x7F, 0xC1, 0xFF, 0x86, 0x07, 0x18, 0x0C,
    0x60, 0x31, 0x80, 0xC6, 0x03, 0x18, 0x0C, 0x60, 0x71, 0xFF, 0x87, 0xFC, 0x1F, 0x00, 0x6E, 0x01,
    0x9C, 0x06, 0x38, 0x18, 0x70, 0x60, 0xE1, 0x81, 0xC0, 0x00, 0x00, 0x00, 0x00, 0x00, 0x00, 0x00,
    0x00, 0x00, 0x00, 0x00, 0x00, 0x00, 0x00, 0x00, 0x00, 0x00, 0x1F, 0xC0, 0xFF, 0x87, 0x07, 0x18,
    0x0C, 0x60, 0x01, 0x80, 0x06, 0x00, 0x1C, 0x00, 0x3F, 0xC0, 0x7F, 0x80, 0x07, 0x00, 0x0C, 0x00,
    0x30, 0x00, 0xC6, 0x03, 0x1C, 0x1C, 0x3F, 0xE0, 0x7F, 0x00, 0x00, 0x00, 0x00, 0x00, 0x00, 0x00,
    0x00, 0x00, 0x00, 0x00, 0x00, 0x00, 0x00, 0x00, 0x00, 0x00, 0x00, 0x7F, 0xF9, 0xFF, 0xE0, 0x30,
    0x00, 0xC0, 0x03, 0x00, 0x0C, 0x00, 0x30, 0x00, 0xC0, 0x03, 0x00, 0x0C, 0x00, 0x30, 0x00, 0xC0,
    0x03, 0x00, 0x0C, 0x00, 0x30, 0x00, 0xC0, 0x03, 0x00, 0x0C, 0x00, 0x00, 0x00, 0x00, 0x00, 0x00,
    0x00, 0x00, 0x00, 0x00, 0x00, 0x00, 0x00, 0x00, 0x00, 0x00, 0x00, 0x00, 0x60, 0x31, 0x80, 0xC6,
    0x03, 0x18, 0x0C, 0x60, 0x31, 0x80, 0xC6, 0x03, 0x18, 0x0C, 0x60, 0x31, 0x80, 0xC6, 0x03, 0x18,
    0x0C, 0x60, 0x31, 0x80, 0xC6, 0x03, 0x1C, 0x1C, 0x3F, 0xE0, 0x7F, 0x00, 0x00, 0x00, 0x00, 0x00,
    0x00, 0x00, 0x00, 0x00, 0x00, 0x00, 0x00, 0x00, 0x00, 0x00, 0x00, 0x00, 0x00, 0x60, 0x31, 0x80,
    0xC6, 0x03, 0x18, 0x0C, 0x30, 0x60, 0xC1, 0x83, 0x06, 0x0C, 0x18, 0x18, 0xC0, 0x63, 0x01, 0x8C,
    0x06, 0x30, 0x0D, 0x80, 0x36, 0x00, 0xD8, 0x01, 0xC0, 0x07, 0x00, 0x1C, 0x00, 0x00, 0x00, 0x00,
    0x00, 0x00, 0x00, 0x00, 0x00, 0x00, 0x00, 0x00, 0x00, 0x00, 0x00, 0x00, 0x00, 0x00, 0x60, 0x19,
    0x80, 0x66, 0x01, 0x98, 0x06, 0x60, 0x19, 0x80, 0x66, 0x01, 0x98, 0x06, 0x60, 0x19, 0x80, 0x66,
    0x31, 0x99, 0xE6, 0x6F, 0xD9, 0xF3, 0xE7, 0x87, 0x9C, 0x0E, 0x60, 0x19, 0x80, 0x60, 0x00, 0x00,
    0x00, 0x00, 0x00, 0x00, 0x00, 0x00, 0x00, 0x00, 0x00, 0x00, 0x00, 0x00, 0x00, 0x00, 0x00, 0x60,
    0x31, 0x80, 0xC3, 0x06, 0x0C, 0x18, 0x18, 0xC0, 0x63, 0x00, 0xD8, 0x03, 0x60, 0x07, 0x00, 0x1C,
    0x00, 0xD8, 0x03, 0x60, 0x18, 0xC0, 0x63, 0x03, 0x06, 0x0C, 0x18, 0x60, 0x31, 0x80, 0xC0, 0x00,
    0x00, 0x00, 0x00, 0x00, 0x00, 0x00, 0x00, 0x00, 0x00, 0x00, 0x00, 0x00, 0x00, 0x00, 0x00, 0x00,
    0x60, 0x19, 0x80, 0x63, 0x03, 0x0C, 0x0C, 0x18, 0x60, 0x61, 0x80, 0xCC, 0x03, 0x30, 0x07, 0x80,
    0x1E, 0x00, 0x30, 0x00, 0xC0, 0x03, 0x00, 0x0C, 0x00, 0x30, 0x00, 0xC0, 0x03, 0x00, 0x0C, 0x00,
    0x00, 0x00, 0x00, 0x00, 0x00, 0x00, 0x00, 0x00, 0x00, 0x00, 0x00, 0x00, 0x00, 0x00, 0x00, 0x00,
    0x00, 0x7F, 0xF1, 0xFF, 0xC0, 0x03, 0x00, 0x0C, 0x00, 0x70, 0x03, 0x80, 0x1C, 0x00, 0xE0, 0x07,
    0x00, 0x38, 0x01, 0xC0, 0x0E, 0x00, 0x70, 0x01, 0x80, 0x06, 0x00, 0x18, 0x00, 0x7F, 0xF1, 0xFF,
    0xC0, 0x00, 0x00, 0x00, 0x00, 0x00, 0x00, 0x00, 0x00, 0x00, 0x00, 0x00, 0x00, 0x00, 0x00, 0x00,
    0x00, 0x00, 0x0F, 0xC0, 0x3F, 0x00, 0xC0, 0x03, 0x00, 0x0C, 0x00, 0x30, 0x00, 0xC0, 0x03, 0x00,
    0x0C, 0x00, 0x30, 0x00, 0xC0, 0x03, 0x00, 0x0C, 0x00, 0x30, 0x00, 0xC0, 0x03, 0x00, 0x0F, 0xC0,
    0x3F, 0x00, 0x00, 0x00, 0x00, 0x00, 0x00, 0x00, 0x00, 0x00, 0x00, 0x00, 0x00, 0x00, 0x00, 0x00,
    0x00, 0x00, 0x00, 0x30, 0x00, 0xC0, 0x01, 0x80, 0x06, 0x00, 0x0C, 0x00, 0x30, 0x00, 0x60, 0x01,
    0x80, 0x03, 0x00, 0x0C, 0x00, 0x18, 0x00, 0x60, 0x00, 0xC0, 0x03, 0x00, 0x06, 0x00, 0x18, 0x00,
    0x30, 0x00, 0xC0, 0x00, 0x00, 0x00, 0x00, 0x00, 0x00, 0x00, 0x00, 0x00, 0x00, 0x00, 0x00, 0x00,
    0x00, 0x00, 0x00, 0x00, 0x0F, 0xC0, 0x3F, 0x00, 0x0C, 0x00, 0x30, 0x00, 0xC0, 0x03, 0x00, 0x0C,
    0x00, 0x30, 0x00, 0xC0, 0x03, 0x00, 0x0C, 0x00, 0x30, 0x00, 0xC0, 0x03, 0x00, 0x0C, 0x00, 0x30,
    0x0F, 0xC0, 0x3F, 0x00, 0x00, 0x00, 0x00, 0x00, 0x00, 0x00, 0x00, 0x00, 0x00, 0x00, 0x00, 0x00,
    0x00, 0x00, 0x20, 0x01, 0xC0, 0x0F, 0x80, 0x77, 0x03, 0x8E, 0x1C, 0x1C, 0x00, 0x00, 0x00, 0x00,
    0x00, 0x00, 0x00, 0x00, 0x00, 0x00, 0x00, 0x00, 0x00, 0x00, 0x00, 0x00, 0x00, 0x00, 0x00, 0x00,
    0x00, 0x00, 0x00, 0x00, 0x00, 0x00, 0x00, 0x00, 0x00, 0x00, 0x00, 0x00, 0x00, 0x00, 0x00, 0x00,
    0x00, 0x00, 0x00, 0x00, 0x00, 0x00, 0x00, 0x00, 0x00, 0x00, 0x00, 0x00, 0x00, 0x00, 0x00, 0x00,
    0x00, 0x00, 0x00, 0x00, 0x00, 0x00, 0x00, 0x00, 0x00, 0x00, 0x00, 0x00, 0x00, 0x00, 0x00, 0x00,
    0x00, 0x00, 0x00, 0x00, 0x00, 0x00, 0x00, 0x1F, 0xFC, 0x7F, 0xF0, 0x00, 0x00, 0x00, 0x00, 0x00,
    0x38, 0x00, 0x70, 0x00, 0xE0, 0x01, 0xC0, 0x00, 0x00, 0x00, 0x00, 0x00, 0x00, 0x00, 0x00, 0x00,
    0x00, 0x00, 0x00, 0x00, 0x00, 0x00, 0x00, 0x00, 0x00, 0x00, 0x00, 0x00, 0x00, 0x00, 0x00, 0x00,
    0x00, 0x00, 0x00, 0x00, 0x00, 0x00, 0x00, 0x00, 0x00, 0x00, 0x00, 0x00, 0x00, 0x00, 0x00, 0x00,
    0x00, 0x00, 0x00, 0x00, 0x00, 0x00, 0x00, 0x00, 0x00, 0x00, 0x00, 0x00, 0x00, 0x00, 0x00, 0x00,
    0x00, 0x7F, 0x01, 0xFE, 0x00, 0x1C, 0x00, 0x30, 0x7F, 0xC3, 0xFF, 0x1C, 0x0C, 0x60, 0x31, 0x80,
    0xC6, 0x03, 0x1C, 0x0C, 0x3F, 0xF0, 0x7F, 0xC0, 0x00, 0x00, 0x00, 0x00, 0x00, 0x00, 0x00, 0x00,
    0x00, 0x00, 0x00, 0x00, 0x00, 0x00, 0x00, 0x00, 0x00, 0x60, 0x01, 0x80, 0x06, 0x00, 0x18, 0x00,
    0x60, 0x01, 0xFF, 0x07, 0xFE, 0x18, 0x1C, 0x60, 0x31, 0x80, 0xC6, 0x03, 0x18, 0x0C, 0x60, 0x31,
    0x80, 0xC6, 0x03, 0x18, 0x1C, 0x7F, 0xE1, 0xFF, 0x00, 0x00, 0x00, 0x00, 0x00, 0x00, 0x00, 0x00,
    0x00, 0x00, 0x00, 0x00, 0x00, 0x00, 0x00, 0x00, 0x00, 0x00, 0x00, 0x00, 0x00, 0x00, 0x00, 0x00,
    0x00, 0x00, 0x00, 0x7F, 0x03, 0xFE, 0x1C, 0x1C, 0x60, 0x01, 0x80, 0x06, 0x00, 0x18, 0x00, 0x60,
    0x01, 0x80, 0x06, 0x00, 0x1C, 0x1C, 0x3F, 0xE0, 0x7F, 0x00, 0x00, 0x00, 0x00, 0x00, 0x00, 0x00,
    0x00, 0x00, 0x00, 0x00, 0x00, 0x00, 0x00, 0x00, 0x00, 0x00, 0x00, 0x00, 0x30, 0x00, 0xC0, 0x03,
    0x00, 0x0C, 0x00, 0x30, 0x7F, 0xC3, 0xFF, 0x1C, 0x0C, 0x60, 0x31, 0x80, 0xC6, 0x03, 0x18, 0x0C,
    0x60, 0x31, 0x80, 0xC6, 0x03, 0x1C, 0x0C, 0x3F, 0xF0, 0x7F, 0xC0, 0x00, 0x00, 0x00, 0x00, 0x00,
    0x00, 0x00, 0x00, 0x00, 0x00, 0x00, 0x00, 0x00, 0x00, 0x00, 0x00, 0x00, 0x00, 0x00, 0x00, 0x00,
    0x00, 0x00, 0x00, 0x00, 0x00, 0x7F, 0x03, 0xFE, 0x1C, 0x1C, 0x60, 0x31, 0x80, 0xC7, 0xFF, 0x1F,
    0xFC, 0x60, 0x01, 0x80, 0x06, 0x00, 0x1C, 0x1C, 0x3F, 0xE0, 0x7F, 0x00, 0x00, 0x00, 0x00, 0x00,
    0x00, 0x00, 0x00, 0x00, 0x00, 0x00, 0x00, 0x00, 0x00, 0x00, 0x00, 0x00, 0x00, 0x03, 0xF0, 0x1F,
    0xC0, 0x60, 0x01, 0x80, 0x06, 0x00, 0xFF, 0x03, 0xFC, 0x01, 0x80, 0x06, 0x00, 0x18, 0x00, 0x60,
    0x01, 0x80, 0x06, 0x00, 0x18, 0x00, 0x60, 0x01, 0x80, 0x06, 0x00, 0x18, 0x00, 0x00, 0x00, 0x00,
    0x00, 0x00, 0x00, 0x00, 0x00, 0x00, 0x00, 0x00, 0x00, 0x00, 0x00, 0x00, 0x00, 0x00, 0x00, 0x00,
    0x00, 0x00, 0x00, 0x00, 0x00, 0x00, 0x00, 0x7F, 0xC3, 0xFF, 0x1C, 0x0C, 0x60, 0x31, 0x80, 0xC6,
    0x03, 0x18, 0x0C, 0x60, 0x31, 0x80, 0xC6, 0x03, 0x1C, 0x0C, 0x3F, 0xF0, 0x7F, 0xC0, 0x03, 0x00,
    0x0C, 0x00, 0x70, 0xFF, 0x83, 0xFC, 0x00, 0x00, 0x00, 0x00, 0x00, 0x00, 0x00, 0x00, 0x00, 0x60,
    0x01, 0x80, 0x06, 0x00, 0x18, 0x00, 0x60, 0x01, 0xFF, 0x07, 0xFE, 0x18, 0x1C, 0x60, 0x31, 0x80,
    0xC6, 0x03, 0x18, 0x0C, 0x60, 0x31, 0x80, 0xC6, 0x03, 0x18, 0x0C, 0x60, 0x31, 0x80, 0xC0, 0x00,
    0x00, 0x00, 0x00, 0x00, 0x00, 0x00, 0x00, 0x00, 0x00, 0x00, 0x00, 0x00, 0x00, 0x00, 0x00, 0x00,
    0x03, 0x00, 0x0C, 0x00, 0x30, 0x00, 0x00, 0x00, 0x00, 0x3C, 0x00, 0xF0, 0x00, 0xC0, 0x03, 0x00,
    0x0C, 0x00, 0x30, 0x00, 0xC0, 0x03, 0x00, 0x0C, 0x00, 0x30, 0x00, 0xC0, 0x0F, 0xC0, 0x3F, 0x00,
    0x00, 0x00, 0x00, 0x00, 0x00, 0x00, 0x00, 0x00, 0x00, 0x00, 0x00, 0x00, 0x00, 0x00, 0x00, 0x00,
    0x00, 0x00, 0x60, 0x01, 0x80, 0x06, 0x00, 0x00, 0x00, 0x00, 0x07, 0x80, 0x1E, 0x00, 0x18, 0x00,
    0x60, 0x01, 0x80, 0x06, 0x00, 0x18, 0x00, 0x60, 0x01, 0x80, 0x06, 0x00, 0x18, 0x00, 0x60, 0x01,
    0x83, 0x06, 0x0C, 0x18, 0x38, 0xE0, 0x7F, 0x00, 0xF8, 0x00, 0x00, 0x00, 0x00, 0x00, 0x00, 0x00,
    0x00, 0x00, 0x30, 0x00, 0xC0, 0x03, 0x00, 0x0C, 0x00, 0x30, 0x00, 0xC1, 0xC3, 0x0E, 0x0C, 0x70,
    0x33, 0x80, 0xDC, 0x03, 0xE0, 0x0F, 0x00, 0x3E, 0x00, 0xDC, 0x03, 0x38, 0x0C, 0x70, 0x30, 0xE0,
    0xC1, 0xC0, 0x00, 0x00, 0x00, 0x00, 0x00, 0x00, 0x00, 0x00, 0x00, 0x00, 0x00, 0x00, 0x00, 0x00,
    0x00, 0x00, 0x00, 0x0F, 0x00, 0x3C, 0x00, 0x30, 0x00, 0xC0, 0x03, 0x00, 0x0C, 0x00, 0x30, 0x00,
    0xC0, 0x03, 0x00, 0x0C, 0x00, 0x30, 0x00, 0xC0, 0x03, 0x00, 0x0C, 0x00, 0x30, 0x00, 0xC0, 0x0F,
    0xC0, 0x3F, 0x00, 0x00, 0x00, 0x00, 0x00, 0x00, 0x00, 0x00, 0x00, 0x00, 0x00, 0x00, 0x00, 0x00,
    0x00, 0x00, 0x00, 0x00, 0x00, 0x00, 0x00, 0x00, 0x00, 0x00, 0x00, 0x00, 0x01, 0xFF, 0x87, 0xFF,
    0x18, 0xCE, 0x63, 0x19, 0x8C, 0x66, 0x31, 0x98, 0xC6, 0x63, 0x19, 0x8C, 0x66, 0x31, 0x98, 0xC6,
    0x63, 0x19, 0x8C, 0x60, 0x00, 0x00, 0x00, 0x00, 0x00, 0x00, 0x00, 0x00, 0x00, 0x00, 0x00, 0x00,
    0x00, 0x00, 0x00, 0x00, 0x00, 0x00, 0x00, 0x00, 0x00, 0x00, 0x00, 0x00, 0x00, 0x01, 0xFF, 0x07,
    0xFE, 0x18, 0x1C, 0x60, 0x31, 0x80, 0xC6, 0x03, 0x18, 0x0C, 0x60, 0x31, 0x80, 0xC6, 0x03, 0x18,
    0x0C, 0x60, 0x31, 0x80, 0xC0, 0x00, 0x00, 0x00, 0x00, 0x00, 0x00, 0x00, 0x00, 0x00, 0x00, 0x00,
    0x00, 0x00, 0x00, 0x00, 0x00, 0x00, 0x00, 0x00, 0x00, 0x00, 0x00, 0x00, 0x00, 0x00, 0x00, 0x7F,
    0x03, 0xFE, 0x1C, 0x1C, 0x60, 0x31, 0x80, 0xC6, 0x03, 0x18, 0x0C, 0x60, 0x31, 0x80, 0xC6, 0x03,
    0x1C, 0x1C, 0x3F, 0xE0, 0x7F, 0x00, 0x00, 0x00, 0x00, 0x00, 0x00, 0x00, 0x00, 0x00, 0x00, 0x00,
    0x00, 0x00, 0x00, 0x00, 0x00, 0x00, 0x00, 0x00, 0x00, 0x00, 0x00, 0x00, 0x00, 0x00, 0x00, 0x01,
    0xFF, 0x07, 0xFE, 0x18, 0x1C, 0x60, 0x31, 0x80, 0xC6, 0x03, 0x18, 0x0C, 0x60, 0x31, 0x80, 0xC6,
    0x03, 0x18, 0x1C, 0x7F, 0xE1, 0xFF, 0x06, 0x00, 0x18, 0x00, 0x60, 0x01, 0x80, 0x06, 0x00, 0x00,
    0x00, 0x00, 0x00, 0x00, 0x00, 0x00, 0x00, 0x00, 0x00, 0x00, 0x00, 0x00, 0x00, 0x00, 0x00, 0x00,
    0x00, 0x7F, 0xC3, 0xFF, 0x1C, 0x0C, 0x60, 0x31, 0x80, 0xC6, 0x03, 0x18, 0x0C, 0x60, 0x31, 0x80,
    0xC6, 0x03, 0x1C, 0x0C, 0x3F, 0xF0, 0x7F, 0xC0, 0x03, 0x00, 0x0C, 0x00, 0x30, 0x00, 0xC0, 0x03,
    0x00, 0x00, 0x00, 0x00, 0x00, 0x00, 0x00, 0x00, 0x00, 0x00, 0x00, 0x00, 0x00, 0x00, 0x00, 0x00,
    0x00, 0x01, 0x9F, 0xC6, 0xFF, 0x1F, 0x00, 0x78, 0x01, 0xC0, 0x06, 0x00, 0x18, 0x00, 0x60, 0x01,
    0x80, 0x06, 0x00, 0x18, 0x00, 0x60, 0x01, 0x80, 0x00, 0x00, 0x00, 0x00, 0x00, 0x00, 0x00, 0x00,
    0x00, 0x00, 0x00, 0x00, 0x00, 0x00, 0x00, 0x00, 0x00, 0x00, 0x00, 0x00, 0x00, 0x00, 0x00, 0x00,
    0x00, 0x00, 0x00, 0x7F, 0x03, 0xFE, 0x1C, 0x1C, 0x60, 0x01, 0xC0, 0x03, 0xFC, 0x07, 0xF8, 0x00,
    0x70, 0x00, 0xC0, 0x03, 0x1C, 0x1C, 0x3F, 0xE0, 0x7F, 0x00, 0x00, 0x00, 0x00, 0x00, 0x00, 0x00,
    0x00, 0x00, 0x00, 0x00, 0x00, 0x00, 0x00, 0x00, 0x00, 0x00, 0x00, 0x06, 0x00, 0x18, 0x00, 0x60,
    0x01, 0x80, 0x06, 0x00, 0xFF, 0x03, 0xFC, 0x01, 0x80, 0x06, 0x00, 0x18, 0x00, 0x60, 0x01, 0x80,
    0x06, 0x00, 0x18, 0x00, 0x60, 0x01, 0x80, 0x07, 0xE0, 0x0F, 0x80, 0x00, 0x00, 0x00, 0x00, 0x00,
    0x00, 0x00, 0x00, 0x00, 0x00, 0x00, 0x00, 0x00, 0x00, 0x00, 0x00, 0x00, 0x00, 0x00, 0x00, 0x00,
    0x00, 0x00, 0x00, 0x00, 0x01, 0x80, 0xC6, 0x03, 0x18, 0x0C, 0x60, 0x31, 0x80, 0xC6, 0x03, 0x18,
    0x0C, 0x60, 0x31, 0x80, 0xC6, 0x03, 0x1C, 0x0C, 0x3F, 0xF0, 0x7F, 0xC0, 0x00, 0x00, 0x00, 0x00,
    0x00, 0x00, 0x00, 0x00, 0x00, 0x00, 0x00, 0x00, 0x00, 0x00, 0x00, 0x00, 0x00, 0x00, 0x00, 0x00,
    0x00, 0x00, 0x00, 0x00, 0x00, 0x01, 0x80, 0xC6, 0x03, 0x18, 0x0C, 0x30, 0x60, 0xC1, 0x83, 0x06,
    0x06, 0x30, 0x18, 0xC0, 0x63, 0x00, 0xD8, 0x03, 0x60, 0x07, 0x00, 0x1C, 0x00, 0x00, 0x00, 0x00,
    0x00, 0x00, 0x00, 0x00, 0x00, 0x00, 0x00, 0x00, 0x00, 0x00, 0x00, 0x00, 0x00, 0x00, 0x00, 0x00,
    0x00, 0x00, 0x00, 0x00, 0x00, 0x00, 0x01, 0x80, 0x66, 0x01, 0x98, 0x06, 0x60, 0x19, 0x8C, 0x66,
    0x31, 0x98, 0xC6, 0x63, 0x19, 0x8C, 0x66, 0x31, 0x9C, 0xCE, 0x3F, 0xF0, 0x7F, 0x80, 0x00, 0x00,
    0x00, 0x00, 0x00, 0x00, 0x00, 0x00, 0x00, 0x00, 0x00, 0x00, 0x00, 0x00, 0x00, 0x00, 0x00, 0x00,
    0x00, 0x00, 0x00, 0x00, 0x00, 0x00, 0x00, 0x01, 0x80, 0xC6, 0x03, 0x1C, 0x1C, 0x38, 0xE0, 0x77,
    0x00, 0xF8, 0x01, 0xC0, 0x0F, 0x80, 0x77, 0x03, 0x8E, 0x1C, 0x1C, 0x60, 0x31, 0x80, 0xC0, 0x00,
    0x00, 0x00, 0x00, 0x00, 0x00, 0x00, 0x00, 0x00, 0x00, 0x00, 0x00, 0x00, 0x00, 0x00, 0x00, 0x00,
    0x00, 0x00, 0x00, 0x00, 0x00, 0x00, 0x00, 0x00, 0x01, 0x80, 0xC6, 0x03, 0x18, 0x0C, 0x60, 0x31,
    0x80, 0xC6, 0x03, 0x18, 0x0C, 0x60, 0x31, 0x80, 0xC6, 0x03, 0x1C, 0x0C, 0x3F, 0xF0, 0x7F, 0xC0,
    0x03, 0x00, 0x0C, 0x00, 0x70, 0xFF, 0x83, 0xFC, 0x00, 0x00, 0x00, 0x00, 0x00, 0x00, 0x00, 0x00,
    0x00, 0x00, 0x00, 0x00, 0x00, 0x00, 0x00, 0x00, 0x00, 0x01, 0xFF, 0xC7, 0xFF, 0x00, 0x1C, 0x00,
    0xE0, 0x07, 0x00, 0x38, 0x01, 0xC0, 0x0E, 0x00, 0x70, 0x03, 0x80, 0x1C, 0x00, 0x7F, 0xF1, 0xFF,
    0xC0, 0x00, 0x00, 0x00, 0x00, 0x00, 0x00, 0x00, 0x00, 0x00, 0x00, 0x00, 0x00, 0x00, 0x00, 0x00,
    0x00, 0x00, 0x01, 0xC0, 0x0F, 0x00, 0x70, 0x01, 0x80, 0x06, 0x00, 0x18, 0x00, 0x60, 0x01, 0x80,
    0x1C, 0x00, 0x70, 0x00, 0x60, 0x01, 0x80, 0x06, 0x00, 0x18, 0x00, 0x60, 0x01, 0xC0, 0x03, 0xC0,
    0x07, 0x00, 0x00, 0x00, 0x00, 0x00, 0x00, 0x00, 0x00, 0x00, 0x00, 0x00, 0x00, 0x00, 0x00, 0x00,
    0x00, 0x00, 0x00, 0x03, 0x00, 0x0C, 0x00, 0x30, 0x00, 0xC0, 0x03, 0x00, 0x0C, 0x00, 0x30, 0x00,
    0xC0, 0x03, 0x00, 0x0C, 0x00, 0x30, 0x00, 0xC0, 0x03, 0x00, 0x0C, 0x00, 0x30, 0x00, 0xC0, 0x03,
    0x00, 0x0C, 0x00, 0x00, 0x00, 0x00, 0x00, 0x00, 0x00, 0x00, 0x00, 0x00, 0x00, 0x00, 0x00, 0x00,
    0x00, 0x00, 0x00, 0x00, 0x1C, 0x00, 0x78, 0x00, 0x70, 0x00, 0xC0, 0x03, 0x00, 0x0C, 0x00, 0x30,
    0x00, 0xC0, 0x01, 0xC0, 0x07, 0x00, 0x30, 0x00, 0xC0, 0x03, 0x00, 0x0C, 0x00, 0x30, 0x01, 0xC0,
    0x1E, 0x00, 0x70, 0x00, 0x00, 0x00, 0x00, 0x00, 0x00, 0x00, 0x00, 0x00, 0x00, 0x00, 0x00, 0x00,
    0x00, 0x03, 0xC3, 0x1F, 0x8C, 0x67, 0x31, 0x8F, 0xC6, 0x1E, 0x00, 0x00, 0x00, 0x00, 0x00, 0x00,
    0x00, 0x00, 0x00, 0x00, 0x00, 0x00, 0x00, 0x00, 0x00, 0x00, 0x00, 0x00, 0x00, 0x00, 0x00, 0x00,
    0x00, 0x00, 0x00, 0x00, 0x00, 0x00, 0x00, 0x00, 0x00, 0x00, 0x00, 0x00, 0x00, 0x00, 0x00, 0x00,
    0x00, 0x00, 0x00, 0x00, 0x00, 0x00, 0x00, 0x00, 0x00, 0x00, 0x00, 0x00, 0x00, 0x00, 0x00, 0x00,
    0x00, 0x00, 0x00, 0x00, 0x00, 0x00, 0x00, 0x00, 0x00, 0x00, 0x00, 0x00, 0x00, 0x00, 0x00, 0x00,
    0x00, 0x00, 0x00, 0x00, 0x00, 0x00, 0x00, 0x00, 0x00, 0x00, 0x00, 0x00, 0x00, 0x00, 0x00, 0x00,
    0x00, 0x00, 0x00, 0x00, 0x00, 0x00, 0x00, 0x03, 0x00, 0x0C, 0x00, 0x30, 0x00, 0xC0, 0x00, 0x00,
    0x00, 0x00, 0x30, 0x00, 0xC0, 0x03, 0x00, 0x0C, 0x00, 0x30, 0x00, 0xC0, 0x03, 0x00, 0x0C, 0x00,
    0x30, 0x00, 0xC0, 0x03, 0x00, 0x0C, 0x00, 0x00, 0x00, 0x00, 0x00, 0x00, 0x00, 0x00, 0x00, 0x00,
    0x00, 0x00, 0x00, 0x00, 0x00, 0x00, 0x00, 0x00, 0x00, 0x00, 0x00, 0x00, 0x00, 0x00, 0xC0, 0x03,
    0x00, 0x3F, 0x01, 0xFE, 0x0C, 0xCC, 0x33, 0x00, 0xCC, 0x03, 0x30, 0x0C, 0xC0, 0x33, 0x00, 0xCC,
    0x03, 0x30, 0x0C, 0xCC, 0x1F, 0xE0, 0x3F, 0x00, 0x30, 0x00, 0xC0, 0x00, 0x00, 0x00, 0x00, 0x00,
    0x00, 0x00, 0x00, 0x00, 0x00, 0x00, 0x00, 0x00, 0x00, 0x07, 0x80, 0x3F, 0x01, 0xC6, 0x06, 0x18,
    0x18, 0x00, 0x60, 0x01, 0x80, 0x06, 0x00, 0x3F, 0x80, 0xFE, 0x01, 0x80, 0x06, 0x00, 0x18, 0x00,
    0x60, 0x01, 0x83, 0x06, 0x0C, 0x3F, 0xF0, 0xFF, 0xC0, 0x00, 0x00, 0x00, 0x00, 0x00, 0x00, 0x00,
    0x00, 0x00, 0x00, 0x00, 0x00, 0x00, 0x00, 0x00, 0x00, 0x00, 0x00, 0x00, 0x00, 0x00, 0x00, 0x18,
    0x06, 0x70, 0x38, 0xFF, 0xC1, 0xFE, 0x0E, 0x1C, 0x30, 0x30, 0xC0, 0xC3, 0x03, 0x0E, 0x1C, 0x1F,
    0xE0, 0xFF, 0xC7, 0x03, 0x98, 0x06, 0x00, 0x00, 0x00, 0x00, 0x00, 0x00, 0x00, 0x00, 0x00, 0x00,
    0x00, 0x00, 0x00, 0x00, 0x00, 0x00, 0x00, 0x00, 0x00, 0x00, 0x00, 0x60, 0x19, 0x80, 0x63, 0x03,
    0x0C, 0x0C, 0x18, 0x60, 0x61, 0x80, 0xCC, 0x03, 0x30, 0x07, 0x80, 0x0C, 0x03, 0xFF, 0x0F, 0xFC,
    0x03, 0x00, 0x0C, 0x03, 0xFF, 0x0F, 0xFC, 0x03, 0x00, 0x0C, 0x00, 0x00, 0x00, 0x00, 0x00, 0x00,
    0x00, 0x00, 0x00, 0x00, 0x00, 0x00, 0x00, 0x00, 0x00, 0x00, 0x00, 0x00, 0x03, 0x00, 0x0C, 0x00,
    0x30, 0x00, 0xC0, 0x03, 0x00, 0x0C, 0x00, 0x30, 0x00, 0x00, 0x00, 0x00, 0x00, 0x00, 0x00, 0x00,
    0xC0, 0x03, 0x00, 0x0C, 0x00, 0x30, 0x00, 0xC0, 0x03, 0x00, 0x0C, 0x00, 0x00, 0x00, 0x00, 0x00,
    0x00, 0x00, 0x00, 0x00, 0x00, 0x00, 0x00, 0x00, 0x00, 0x00, 0x00, 0x01, 0xE0, 0x0F, 0xC0, 0x73,
    0x81, 0x80, 0x07, 0x00, 0x0F, 0x00, 0x3E, 0x01, 0x9C, 0x06, 0x38, 0x18, 0x60, 0x61, 0x81, 0xC6,
    0x03, 0x98, 0x07, 0xC0, 0x0F, 0x00, 0x0E, 0x00, 0x18, 0x1C, 0xE0, 0x3F, 0x00, 0x78, 0x00, 0x00,
    0x00, 0x00, 0x00, 0x00, 0x00, 0x00, 0x00, 0x18, 0xC0, 0x63, 0x01, 0x8C, 0x00, 0x00, 0x00, 0x00,
    0x00, 0x00, 0x00, 0x00, 0x00, 0x00, 0x00, 0x00, 0x00, 0x00, 0x00, 0x00, 0x00, 0x00, 0x00, 0x00,
    0x00, 0x00, 0x00, 0x00, 0x00, 0x00, 0x00, 0x00, 0x00, 0x00, 0x00, 0x00, 0x00, 0x00, 0x00, 0x00,
    0x00, 0x00, 0x00, 0x00, 0x00, 0x00, 0x00, 0x00, 0x00, 0x00, 0x00, 0x00, 0x00, 0x00, 0x00, 0x00,
    0x00, 0x00, 0x00, 0x00, 0x0F, 0xF8, 0x7F, 0xF3, 0x80, 0xEC, 0xF9, 0xB7, 0xF6, 0xD8, 0xDB, 0x60,
    0x6D, 0x81, 0xB6, 0x36, 0xDF, 0xDB, 0x3E, 0x6E, 0x03, 0x9F, 0xFC, 0x3F, 0xE0, 0x00, 0x00, 0x00,
    0x00, 0x00, 0x00, 0x00, 0x00, 0x00, 0x00, 0x00, 0x00, 0x00, 0x00, 0x7F, 0x01, 0xFE, 0x00, 0x1C,
    0x0F, 0xF0, 0x7F, 0xC3, 0x83, 0x0C, 0x0C, 0x38, 0x30, 0x7F, 0xC0, 0xFF, 0x00, 0x00, 0x3F, 0xF0,
    0xFF, 0xC0, 0x00, 0x00, 0x00, 0x00, 0x00, 0x00, 0x00, 0x00, 0x00, 0x00, 0x00, 0x00, 0x00, 0x00,
    0x00, 0x00, 0x00, 0x00, 0x00, 0x00, 0x00, 0x00, 0x00, 0x00, 0x00, 0x00, 0x00, 0x00, 0x00, 0x00,
    0x00, 0x00, 0x00, 0x00, 0x00, 0x00, 0x00, 0x00, 0x00, 0x00, 0x0E, 0x70, 0x73, 0x83, 0x9C, 0x1C,
    0xE0, 0xE7, 0x07, 0x38, 0x39, 0xC0, 0x73, 0x80, 0xE7, 0x01, 0xCE, 0x03, 0x9C, 0x07, 0x38, 0x0E,
    0x70, 0x00, 0x00, 0x00, 0x00, 0x00, 0x00, 0x00, 0x00, 0x00, 0x00, 0x00, 0x00, 0x00, 0x00, 0x00,
    0x00, 0x00, 0x00, 0x00, 0x00, 0x00, 0x00, 0x00, 0x00, 0x00, 0x00, 0x00, 0x07, 0xFF, 0x1F, 0xFC,
    0x00, 0x30, 0x00, 0xC0, 0x03, 0x00, 0x0C, 0x00, 0x30, 0x00, 0x00, 0x00, 0x00, 0x00, 0x00, 0x00,
    0x00, 0x00, 0x00, 0x00, 0x00, 0x00, 0x00, 0x00, 0x00, 0x00, 0x00, 0x00, 0x00, 0x00, 0x00, 0x00,
    0x00, 0x00, 0x00, 0x00, 0x00, 0x00, 0x00, 0x00, 0x0F, 0xF8, 0x7F, 0xF3, 0x80, 0xED, 0xF9, 0xB7,
    0xF6, 0xD8, 0xDB, 0x63, 0x6D, 0xF9, 0xB7, 0xC6, 0xD9, 0x9B, 0x63, 0x6E, 0x03, 0x9F, 0xFC, 0x3F,
    0xE0, 0x00, 0x00, 0x00, 0x00, 0x00, 0x00, 0x00, 0x00, 0x00, 0x00, 0x00, 0x00, 0x1F, 0xC0, 0x7F,
    0x00, 0x00, 0x00, 0x00, 0x00, 0x00, 0x00, 0x00, 0x00, 0x00, 0x00, 0x00, 0x00, 0x00, 0x00, 0x00,
    0x00, 0x00, 0x00, 0x00, 0x00, 0x00, 0x00, 0x00, 0x00, 0x00, 0x00, 0x00, 0x00, 0x00, 0x00, 0x00,
    0x00, 0x00, 0x00, 0x00, 0x00, 0x00, 0x00, 0x00, 0x00, 0x00, 0x00, 0x00, 0x00, 0x00, 0x00, 0x00,
    0x00, 0x00, 0xF8, 0x07, 0xF0, 0x18, 0xC0, 0x63, 0x01, 0x8C, 0x07, 0xF0, 0x0F, 0x80, 0x00, 0x00,
    0x00, 0x00, 0x00, 0x00, 0x00, 0x00, 0x00, 0x00, 0x00, 0x00, 0x00, 0x00, 0x00, 0x00, 0x00, 0x00,
    0x00, 0x00, 0x00, 0x00, 0x00, 0x00, 0x00, 0x00, 0x00, 0x00, 0x00, 0x00, 0x00, 0x00, 0x00, 0x00,
    0x00, 0x00, 0x00, 0x00, 0x00, 0x00, 0x00, 0x00, 0x00, 0x00, 0x30, 0x00, 0xC0, 0x03, 0x00, 0x0C,
    0x00, 0x30, 0x1F, 0xFE, 0x7F, 0xF8, 0x0C, 0x00, 0x30, 0x00, 0xC0, 0x03, 0x00, 0x0C, 0x00, 0x00,
    0x00, 0x00, 0x7F, 0xF9, 0xFF, 0xE0, 0x00, 0x00, 0x00, 0x00, 0x00, 0x00, 0x00, 0x00, 0x00, 0x00,
    0x00, 0x00, 0x00, 0x00, 0xF8, 0x07, 0xF0, 0x18, 0xC0, 0x03, 0x00, 0x1C, 0x00, 0xE0, 0x07, 0x00,
    0x38, 0x01, 0xFC, 0x07, 0xF0, 0x00, 0x00, 0x00, 0x00, 0x00, 0x00, 0x00, 0x00, 0x00, 0x00, 0x00,
    0x00, 0x00, 0x00, 0x00, 0x00, 0x00, 0x00, 0x00, 0x00, 0x00, 0x00, 0x00, 0x00, 0x00, 0x00, 0x00,
    0x00, 0x00, 0x00, 0x00, 0x00, 0xF8, 0x07, 0xF0, 0x00, 0xC0, 0x03, 0x00, 0x78, 0x01, 0xF0, 0x00,
    0xC0, 0x03, 0x01, 0xFC, 0x03, 0xE0, 0x00, 0x00, 0x00, 0x00, 0x00, 0x00, 0x00, 0x00, 0x00, 0x00,
    0x00, 0x00, 0x00, 0x00, 0x00, 0x00, 0x00, 0x00, 0x00, 0x00, 0x00, 0x00, 0x00, 0x00, 0x00, 0x00,
    0x00, 0x00, 0x01, 0xC0, 0x0E, 0x00, 0x70, 0x00, 0x00, 0x00, 0x00, 0x00, 0x00, 0x00, 0x00, 0x00,
    0x00, 0x00, 0x00, 0x00, 0x00, 0x00, 0x00, 0x00, 0x00, 0x00, 0x00, 0x00, 0x00, 0x00, 0x00, 0x00,
    0x00, 0x00, 0x00, 0x00, 0x00, 0x00, 0x00, 0x00, 0x00, 0x00, 0x00, 0x00, 0x00, 0x00, 0x00, 0x00,
    0x00, 0x00, 0x00, 0x00, 0x00, 0x00, 0x00, 0x00, 0x00, 0x00, 0x00, 0x00, 0x00, 0x00, 0x00, 0x00,
    0x00, 0x00, 0x01, 0x80, 0xC6, 0x03, 0x18, 0x0C, 0x60, 0x31, 0x80, 0xC6, 0x03, 0x18, 0x0C, 0x60,
    0x31, 0x81, 0xC6, 0x0F, 0x18, 0x7C, 0x7F, 0xB1, 0xFC, 0xC6, 0x00, 0x18, 0x00, 0x60, 0x01, 0x80,
    0x06, 0x00, 0x00, 0x00, 0x00, 0x00, 0x00, 0x00, 0x00, 0x00, 0x00, 0x3F, 0xF9, 0xFF, 0xE6, 0x31,
    0x98, 0xC6, 0x63, 0x19, 0x8C, 0x66, 0x31, 0x98, 0xC6, 0x63, 0x19, 0xFC, 0x63, 0xF1, 0x80, 0xC6,
    0x03, 0x18, 0x0C, 0x60, 0x31, 0x80, 0xC6, 0x03, 0x18, 0x0C, 0x60, 0x00, 0x00, 0x00, 0x00, 0x00,
    0x00, 0x00, 0x00, 0x00, 0x00, 0x00, 0x00, 0x00, 0x00, 0x00, 0x00, 0x00, 0x00, 0x00, 0x00, 0x00,
    0x00, 0x00, 0x00, 0x00, 0x00, 0x00, 0x00, 0x00, 0x00, 0x00, 0x03, 0x00, 0x0C, 0x00, 0x30, 0x00,
    0xC0, 0x00, 0x00, 0x00, 0x00, 0x00, 0x00, 0x00, 0x00, 0x00, 0x00, 0x00, 0x00, 0x00, 0x00, 0x00,
    0x00, 0x00, 0x00, 0x00, 0x00, 0x00, 0x00, 0x00, 0x00, 0x00, 0x00, 0x00, 0x00, 0x00, 0x00, 0x00,
    0x00, 0x00, 0x00, 0x00, 0x00, 0x00, 0x00, 0x00, 0x00, 0x00, 0x00, 0x00, 0x00, 0x00, 0x00, 0x00,
    0x00, 0x00, 0x00, 0x00, 0x00, 0x00, 0x00, 0x00, 0x00, 0x00, 0x00, 0x00, 0x00, 0x60, 0x01, 0x80,
    0x06, 0x00, 0x30, 0x01, 0x80, 0x00, 0x00, 0x00, 0x00, 0x00, 0x00, 0x30, 0x01, 0xC0, 0x0F, 0x00,
    0x0C, 0x00, 0x30, 0x00, 0xC0, 0x03, 0x00, 0x0C, 0x00, 0xFC, 0x03, 0xF0, 0x00, 0x00, 0x00, 0x00,
    0x00, 0x00, 0x00, 0x00, 0x00, 0x00, 0x00, 0x00, 0x00, 0x00, 0x00, 0x00, 0x00, 0x00, 0x00, 0x00,
    0x00, 0x00, 0x00, 0x00, 0x00, 0x00, 0x00, 0x00, 0x00, 0x00, 0x3F, 0x01, 0xFE, 0x0E, 0x1C, 0x30,
    0x30, 0xC0, 0xC3, 0x03, 0x0C, 0x0C, 0x38, 0x70, 0x7F, 0x80, 0xFC, 0x00, 0x00, 0x3F, 0xF0, 0xFF,
    0xC0, 0x00, 0x00, 0x00, 0x00, 0x00, 0x00, 0x00, 0x00, 0x00, 0x00, 0x00, 0x00, 0x00, 0x00, 0x00,
    0x00, 0x00, 0x00, 0x00, 0x00, 0x00, 0x00, 0x00, 0x00, 0x00, 0x00, 0x00, 0x00, 0x00, 0x00, 0x00,
    0x00, 0x00, 0x00, 0x00, 0x00, 0x00, 0x00, 0x00, 0x03, 0x9C, 0x07, 0x38, 0x0E, 0x70, 0x1C, 0xE0,
    0x39, 0xC0, 0x73, 0x80, 0xE7, 0x07, 0x38, 0x39, 0xC1, 0xCE, 0x0E, 0x70, 0x73, 0x83, 0x9C, 0x00,
    0x00, 0x00, 0x00, 0x00, 0x00, 0x00, 0x00, 0x00, 0x00, 0x00, 0x00, 0x00, 0x00, 0x00, 0x00, 0x00,
    0x00, 0x18, 0x00, 0xE0, 0x07, 0x80, 0x06, 0x06, 0x18, 0x38, 0x61, 0xC1, 0x8E, 0x06, 0x70, 0x03,
    0x80, 0x1C, 0xC0, 0xE7, 0x07, 0x3C, 0x39, 0xB1, 0xCC, 0xC6, 0x7F, 0x01, 0xFC, 0x00, 0x30, 0x00,
    0xC0, 0x00, 0x00, 0x00, 0x00, 0x00, 0x00, 0x00, 0x00, 0x00, 0x00, 0x00, 0x00, 0x00, 0x00, 0x00,
    0x00, 0x00, 0x18, 0x00, 0xE0, 0x07, 0x81, 0x86, 0x0E, 0x18, 0x70, 0x63, 0x81, 0x9C, 0x06, 0xE0,
    0x07, 0x00, 0x38, 0x01, 0xDF, 0x0E, 0xFE, 0x73, 0x19, 0x80, 0xC0, 0x06, 0x00, 0x30, 0x01, 0xF8,
    0x0F, 0xE0, 0x00, 0x00, 0x00, 0x00, 0x00, 0x00, 0x00, 0x00, 0x00, 0x00, 0x00, 0x00, 0x00, 0x00,
    0x00, 0x00, 0x00, 0x3E, 0x01, 0xFC, 0x00, 0x30, 0x07, 0x80, 0x1F, 0x18, 0x0C, 0xE7, 0xF7, 0x0F,
    0xB8, 0x01, 0xC0, 0x0E, 0x60, 0x73, 0x83, 0x9E, 0x1C, 0xD8, 0xE6, 0x67, 0x3F, 0x98, 0xFE, 0x00,
    0x18, 0x00, 0x60, 0x00, 0x00, 0x00, 0x00, 0x00, 0x00, 0x00, 0x00, 0x00, 0x00, 0x00, 0x00, 0x00,
    0x00, 0x00, 0x00, 0x00, 0x06, 0x00, 0x18, 0x00, 0x60, 0x01, 0x80, 0x00, 0x00, 0x00, 0x00, 0x60,
    0x01, 0x80, 0x06, 0x00, 0x30, 0x01, 0x80, 0x0C, 0x00, 0x60, 0x31, 0x80, 0xC6, 0x03, 0x1C, 0x1C,
    0x3F, 0xE0, 0x7F, 0x00, 0x00, 0x00, 0x00, 0x00, 0x00, 0x00, 0x00, 0x00, 0x00, 0x00, 0x1C, 0x00,
    0x38, 0x00, 0x70, 0x00, 0x00, 0x1F, 0xC0, 0xFF, 0x87, 0x07, 0x18, 0x0C, 0x60, 0x31, 0x80, 0xC6,
    0x03, 0x18, 0x0C, 0x60, 0x31, 0xFF, 0xC7, 0xFF, 0x18, 0x0C, 0x60, 0x31, 0x80, 0xC6, 0x03, 0x18,
    0x0C, 0x60, 0x31, 0x80, 0xC0, 0x00, 0x00, 0x00, 0x00, 0x00, 0x00, 0x00, 0x00, 0x00, 0x00, 0x01,
    0xC0, 0x0E, 0x00, 0x70, 0x00, 0x00, 0x1F, 0xC0, 0xFF, 0x87, 0x07, 0x18, 0x0C, 0x60, 0x31, 0x80,
    0xC6, 0x03, 0x18, 0x0C, 0x60, 0x31, 0xFF, 0xC7, 0xFF, 0x18, 0x0C, 0x60, 0x31, 0x80, 0xC6, 0x03,
    0x18, 0x0C, 0x60, 0x31, 0x80, 0xC0, 0x00, 0x00, 0x00, 0x00, 0x00, 0x00, 0x00, 0x00, 0x00, 0x00,
    0x07, 0x00, 0x3E, 0x01, 0xDC, 0x00, 0x00, 0x1F, 0xC0, 0xFF, 0x87, 0x07, 0x18, 0x0C, 0x60, 0x31,
    0x80, 0xC6, 0x03, 0x18, 0x0C, 0x60, 0x31, 0xFF, 0xC7, 0xFF, 0x18, 0x0C, 0x60, 0x31, 0x80, 0xC6,
    0x03, 0x18, 0x0C, 0x60, 0x31, 0x80, 0xC0, 0x00, 0x00, 0x00, 0x00, 0x00, 0x00, 0x00, 0x00, 0x00,
    0x00, 0x1E, 0x60, 0xFF, 0x83, 0x3C, 0x00, 0x00, 0x1F, 0xC0, 0xFF, 0x87, 0x07, 0x18, 0x0C, 0x60,
    0x31, 0x80, 0xC6, 0x03, 0x18, 0x0C, 0x60, 0x31, 0xFF, 0xC7, 0xFF, 0x18, 0x0C, 0x60, 0x31, 0x80,
    0xC6, 0x03, 0x18, 0x0C, 0x60, 0x31, 0x80, 0xC0, 0x00, 0x00, 0x00, 0x00, 0x00, 0x00, 0x00, 0x00,
    0x00, 0x00, 0x18, 0xC0, 0x63, 0x01, 0x8C, 0x00, 0x00, 0x1F, 0xC0, 0xFF, 0x87, 0x07, 0x18, 0x0C,
    0x60, 0x31, 0x80, 0xC6, 0x03, 0x18, 0x0C, 0x60, 0x31, 0xFF, 0xC7, 0xFF, 0x18, 0x0C, 0x60, 0x31,
    0x80, 0xC6, 0x03, 0x18, 0x0C, 0x60, 0x31, 0x80, 0xC0, 0x00, 0x00, 0x00, 0x00, 0x00, 0x00, 0x00,
    0x00, 0x00, 0x00, 0x07, 0x80, 0x33, 0x00, 0xCC, 0x01, 0xE0, 0x1F, 0xC0, 0xFF, 0x87, 0x07, 0x18,
    0x0C, 0x60, 0x31, 0x80, 0xC6, 0x03, 0x18, 0x0C, 0x60, 0x31, 0xFF, 0xC7, 0xFF, 0x18, 0x0C, 0x60,
    0x31, 0x80, 0xC6, 0x03, 0x18, 0x0C, 0x60, 0x31, 0x80, 0xC0, 0x00, 0x00, 0x00, 0x00, 0x00, 0x00,
    0x00, 0x00, 0x00, 0x00, 0x00, 0x00, 0x00, 0x00, 0x00, 0x00, 0x00, 0x3F, 0xF9, 0xFF, 0xEE, 0x30,
    0x30, 0xC0, 0xC3, 0x03, 0x0C, 0x0C, 0x30, 0x30, 0xC0, 0xFF, 0xF3, 0xFF, 0xCC, 0x30, 0x30, 0xC0,
    0xC3, 0x03, 0x0C, 0x0C, 0x30, 0x30, 0xC0, 0xC3, 0xFB, 0x0F, 0xE0, 0x00, 0x00, 0x00, 0x00, 0x00,
    0x00, 0x00, 0x00, 0x00, 0x00, 0x00, 0x00, 0x00, 0x00, 0x00, 0x00, 0x00, 0x1F, 0xC0, 0xFF, 0x87,
    0x07, 0x18, 0x0C, 0x60, 0x31, 0x80, 0x06, 0x00, 0x18, 0x00, 0x60, 0x01, 0x80, 0x06, 0x00, 0x18,
    0x00, 0x60, 0x01, 0x80, 0xC6, 0x03, 0x1C, 0x1C, 0x3F, 0xE0, 0x7F, 0x00, 0x60, 0x01, 0x80, 0x06,
    0x00, 0x30, 0x01, 0x80, 0x00, 0x00, 0x1C, 0x00, 0x38, 0x00, 0x70, 0x00, 0x00, 0x7F, 0xF1, 0xFF,
    0xC6, 0x00, 0x18, 0x00, 0x60, 0x01, 0x80, 0x06, 0x00, 0x18, 0x00, 0x7F, 0x81, 0xFE, 0x06, 0x00,
    0x18, 0x00, 0x60, 0x01, 0x80, 0x06, 0x00, 0x18, 0x00, 0x7F, 0xF1, 0xFF, 0xC0, 0x00, 0x00, 0x00,
    0x00, 0x00, 0x00, 0x00, 0x00, 0x00, 0x00, 0x01, 0xC0, 0x0E, 0x00, 0x70, 0x00, 0x00, 0x7F, 0xF1,
    0xFF, 0xC6, 0x00, 0x18, 0x00, 0x60, 0x01, 0x80, 0x06, 0x00, 0x18, 0x00, 0x7F, 0x81, 0xFE, 0x06,
    0x00, 0x18, 0x00, 0x60, 0x01, 0x80, 0x06, 0x00, 0x18, 0x00, 0x7F, 0xF1, 0xFF, 0xC0, 0x00, 0x00,
    0x00, 0x00, 0x00, 0x00, 0x00, 0x00, 0x00, 0x00, 0x07, 0x00, 0x3E, 0x01, 0xDC, 0x00, 0x00, 0x7F,
    0xF1, 0xFF, 0xC6, 0x00, 0x18, 0x00, 0x60, 0x01, 0x80, 0x06, 0x00, 0x18, 0x00, 0x7F, 0x81, 0xFE,
    0x06, 0x00, 0x18, 0x00, 0x60, 0x01, 0x80, 0x06, 0x00, 0x18, 0x00, 0x7F, 0xF1, 0xFF, 0xC0, 0x00,
    0x00, 0x00, 0x00, 0x00, 0x00, 0x00, 0x00, 0x00, 0x00, 0x18, 0xC0, 0x63, 0x01, 0x8C, 0x00, 0x00,
    0x7F, 0xF1, 0xFF, 0xC6, 0x00, 0x18, 0x00, 0x60, 0x01, 0x80, 0x06, 0x00, 0x18, 0x00, 0x7F, 0x81,
    0xFE, 0x06, 0x00, 0x18, 0x00, 0x60, 0x01, 0x80, 0x06, 0x00, 0x18, 0x00, 0x7F, 0xF1, 0xFF, 0xC0,
    0x00, 0x00, 0x00, 0x00, 0x00, 0x00, 0x00, 0x00, 0x00, 0x00, 0x0E, 0x00, 0x1C, 0x00, 0x38, 0x00,
    0x00, 0x0F, 0xC0, 0x3F, 0x00, 0x30, 0x00, 0xC0, 0x03, 0x00, 0x0C, 0x00, 0x30, 0x00, 0xC0, 0x03,
    0x00, 0x0C, 0x00, 0x30, 0x00, 0xC0, 0x03, 0x00, 0x0C, 0x00, 0x30, 0x00, 0xC0, 0x0F, 0xC0, 0x3F,
    0x00, 0x00, 0x00, 0x00, 0x00, 0x00, 0x00, 0x00, 0x00, 0x00, 0x00, 0x01, 0xC0, 0x0E, 0x00, 0x70,
    0x00, 0x00, 0x0F, 0xC0, 0x3F, 0x00, 0x30, 0x00, 0xC0, 0x03, 0x00, 0x0C, 0x00, 0x30, 0x00, 0xC0,
    0x03, 0x00, 0x0C, 0x00, 0x30, 0x00, 0xC0, 0x03, 0x00, 0x0C, 0x00, 0x30, 0x00, 0xC0, 0x0F, 0xC0,
    0x3F, 0x00, 0x00, 0x00, 0x00, 0x00, 0x00, 0x00, 0x00, 0x00, 0x00, 0x00, 0x07, 0x00, 0x3E, 0x01,
    0xDC, 0x00, 0x00, 0x0F, 0xC0, 0x3F, 0x00, 0x30, 0x00, 0xC0, 0x03, 0x00, 0x0C, 0x00, 0x30, 0x00,
    0xC0, 0x03, 0x00, 0x0C, 0x00, 0x30, 0x00, 0xC0, 0x03, 0x00, 0x0C, 0x00, 0x30, 0x00, 0xC0, 0x0F,
    0xC0, 0x3F, 0x00, 0x00, 0x00, 0x00, 0x00, 0x00, 0x00, 0x00, 0x00, 0x00, 0x00, 0x18, 0xC0, 0x63,
    0x01, 0x8C, 0x00, 0x00, 0x0F, 0xC0, 0x3F, 0x00, 0x30, 0x00, 0xC0, 0x03, 0x00, 0x0C, 0x00, 0x30,
    0x00, 0xC0, 0x03, 0x00, 0x0C, 0x00, 0x30, 0x00, 0xC0, 0x03, 0x00, 0x0C, 0x00, 0x30, 0x00, 0xC0,
    0x0F, 0xC0, 0x3F, 0x00, 0x00, 0x00, 0x00, 0x00, 0x00, 0x00, 0x00, 0x00, 0x00, 0x00, 0x00, 0x00,
    0x00, 0x00, 0x00, 0x00, 0x00, 0x7F, 0x01, 0xFF, 0x06, 0x0E, 0x18, 0x18, 0x60, 0x31, 0x80, 0xC6,
    0x03, 0x18, 0x0C, 0xFE, 0x33, 0xF8, 0xC6, 0x03, 0x18, 0x0C, 0x60, 0x31, 0x80, 0xC6, 0x06, 0x18,
    0x38, 0x7F, 0xC1, 0xFC, 0x00, 0x00, 0x00, 0x00, 0x00, 0x00, 0x00, 0x00, 0x00, 0x00, 0x00, 0x1E,
    0x60, 0xFF, 0x83, 0x3C, 0x00, 0x00, 0x60, 0x31, 0x80, 0xC6, 0x03, 0x18, 0x0C, 0x70, 0x31, 0xE0,
    0xC7, 0xC3, 0x1B, 0x8C, 0x67, 0x31, 0x8E, 0xC6, 0x1F, 0x18, 0x3C, 0x60, 0x71, 0x80, 0xC6, 0x03,
    0x18, 0x0C, 0x60, 0x31, 0x80, 0xC0, 0x00, 0x00, 0x00, 0x00, 0x00, 0x00, 0x00, 0x00, 0x00, 0x00,
    0x1C, 0x00, 0x38, 0x00, 0x70, 0x00, 0x00, 0x1F, 0xC0, 0xFF, 0x87, 0x07, 0x18, 0x0C, 0x60, 0x31,
    0x80, 0xC6, 0x03, 0x18, 0x0C, 0x60, 0x31, 0x80, 0xC6, 0x03, 0x18, 0x0C, 0x60, 0x31, 0x80, 0xC6,
    0x03, 0x1C, 0x1C, 0x3F, 0xE0, 0x7F, 0x00, 0x00, 0x00, 0x00, 0x00, 0x00, 0x00, 0x00, 0x00, 0x00,
    0x00, 0x01, 0xC0, 0x0E, 0x00, 0x70, 0x00, 0x00, 0x1F, 0xC0, 0xFF, 0x87, 0x07, 0x18, 0x0C, 0x60,
    0x31, 0x80, 0xC6, 0x03, 0x18, 0x0C, 0x60, 0x31, 0x80, 0xC6, 0x03, 0x18, 0x0C, 0x60, 0x31, 0x80,
    0xC6, 0x03, 0x1C, 0x1C, 0x3F, 0xE0, 0x7F, 0x00, 0x00, 0x00, 0x00, 0x00, 0x00, 0x00, 0x00, 0x00,
    0x00, 0x00, 0x07, 0x00, 0x3E, 0x01, 0xDC, 0x00, 0x00, 0x1F, 0xC0, 0xFF, 0x87, 0x07, 0x18, 0x0C,
    0x60, 0x31, 0x80, 0xC6, 0x03, 0x18, 0x0C, 0x60, 0x31, 0x80, 0xC6, 0x03, 0x18, 0x0C, 0x60, 0x31,
    0x80, 0xC6, 0x03, 0x1C, 0x1C, 0x3F, 0xE0, 0x7F, 0x00, 0x00, 0x00, 0x00, 0x00, 0x00, 0x00, 0x00,
    0x00, 0x00, 0x00, 0x1E, 0x60, 0xFF, 0x83, 0x3C, 0x00, 0x00, 0x1F, 0xC0, 0xFF, 0x87, 0x07, 0x18,
    0x0C, 0x60, 0x31, 0x80, 0xC6, 0x03, 0x18, 0x0C, 0x60, 0x31, 0x80, 0xC6, 0x03, 0x18, 0x0C, 0x60,
    0x31, 0x80, 0xC6, 0x03, 0x1C, 0x1C, 0x3F, 0xE0, 0x7F, 0x00, 0x00, 0x00, 0x00, 0x00, 0x00, 0x00,
    0x00, 0x00, 0x00, 0x00, 0x18, 0xC0, 0x63, 0x01, 0x8C, 0x00, 0x00, 0x1F, 0xC0, 0xFF, 0x87, 0x07,
    0x18, 0x0C, 0x60, 0x31, 0x80, 0xC6, 0x03, 0x18, 0x0C, 0x60, 0x31, 0x80, 0xC6, 0x03, 0x18, 0x0C,
    0x60, 0x31, 0x80, 0xC6, 0x03, 0x1C, 0x1C, 0x3F, 0xE0, 0x7F, 0x00, 0x00, 0x00, 0x00, 0x00, 0x00,
    0x00, 0x00, 0x00, 0x00, 0x00, 0x00, 0x00, 0x00, 0x00, 0x00, 0x00, 0x00, 0x00, 0x00, 0x00, 0x00,
    0x00, 0x00, 0x00, 0x60, 0x31, 0xC1, 0xC3, 0x8E, 0x07, 0x70, 0x0F, 0x80, 0x1C, 0x00, 0xF8, 0x07,
    0x70, 0x38, 0xE1, 0xC1, 0xC6, 0x03, 0x00, 0x00, 0x00, 0x00, 0x00, 0x00, 0x00, 0x00, 0x00, 0x00,
    0x00, 0x00, 0x00, 0x00, 0x00, 0x00, 0x00, 0x00, 0x00, 0x00, 0x00, 0x00, 0x00, 0x1F, 0xC0, 0xFF,
    0x87, 0x07, 0x18, 0x0E, 0x60, 0x79, 0x83, 0xC6, 0x1F, 0x18, 0xEC, 0x67, 0x31, 0xB8, 0xC7, 0xC3,
    0x1E, 0x0C, 0x70, 0x33, 0x80, 0xCE, 0x03, 0x1C, 0x1C, 0x3F, 0xE0, 0x7F, 0x00, 0x00, 0x00, 0x00,
    0x00, 0x00, 0x00, 0x00, 0x00, 0x00, 0x00, 0x1C, 0x00, 0x38, 0x00, 0x70, 0x00, 0x00, 0x60, 0x31,
    0x80, 0xC6, 0x03, 0x18, 0x0C, 0x60, 0x31, 0x80, 0xC6, 0x03, 0x18, 0x0C, 0x60, 0x31, 0x80, 0xC6,
    0x03, 0x18, 0x0C, 0x60, 0x31, 0x80, 0xC6, 0x03, 0x1C, 0x1C, 0x3F, 0xE0, 0x7F, 0x00, 0x00, 0x00,
    0x00, 0x00, 0x00, 0x00, 0x00, 0x00, 0x00, 0x00, 0x01, 0xC0, 0x0E, 0x00, 0x70, 0x00, 0x00, 0x60,
    0x31, 0x80, 0xC6, 0x03, 0x18, 0x0C, 0x60, 0x31, 0x80, 0xC6, 0x03, 0x18, 0x0C, 0x60, 0x31, 0x80,
    0xC6, 0x03, 0x18, 0x0C, 0x60, 0x31, 0x80, 0xC6, 0x03, 0x1C, 0x1C, 0x3F, 0xE0, 0x7F, 0x00, 0x00,
    0x00, 0x00, 0x00, 0x00, 0x00, 0x00, 0x00, 0x00, 0x00, 0x07, 0x00, 0x3E, 0x01, 0xDC, 0x00, 0x00,
    0x60, 0x31, 0x80, 0xC6, 0x03, 0x18, 0x0C, 0x60, 0x31, 0x80, 0xC6, 0x03, 0x18, 0x0C, 0x60, 0x31,
    0x80, 0xC6, 0x03, 0x18, 0x0C, 0x60, 0x31, 0x80, 0xC6, 0x03, 0x1C, 0x1C, 0x3F, 0xE0, 0x7F, 0x00,
    0x00, 0x00, 0x00, 0x00, 0x00, 0x00, 0x00, 0x00, 0x00, 0x00, 0x18, 0xC0, 0x63, 0x01, 0x8C, 0x00,
    0x00, 0x60, 0x31, 0x80, 0xC6, 0x03, 0x18, 0x0C, 0x60, 0x31, 0x80, 0xC6, 0x03, 0x18, 0x0C, 0x60,
    0x31, 0x80, 0xC6, 0x03, 0x18, 0x0C, 0x60, 0x31, 0x80, 0xC6, 0x03, 0x1C, 0x1C, 0x3F, 0xE0, 0x7F,
    0x00, 0x00, 0x00, 0x00, 0x00, 0x00, 0x00, 0x00, 0x00, 0x00, 0x00, 0x01, 0xC0, 0x0E, 0x00, 0x70,
    0x00, 0x00, 0x60, 0x19, 0x80, 0x63, 0x03, 0x0C, 0x0C, 0x18, 0x60, 0x61, 0x80, 0xCC, 0x03, 0x30,
    0x07, 0x80, 0x1E, 0x00, 0x30, 0x00, 0xC0, 0x03, 0x00, 0x0C, 0x00, 0x30, 0x00, 0xC0, 0x03, 0x00,
    0x0C, 0x00, 0x00, 0x00, 0x00, 0x00, 0x00, 0x00, 0x00, 0x00, 0x00, 0x00, 0x00, 0x00, 0x00, 0x00,
    0x00, 0x00, 0x00, 0x60, 0x01, 0x80, 0x06, 0x00, 0x1F, 0xF0, 0x7F, 0xE1, 0x81, 0xC6, 0x03, 0x18,
    0x0C, 0x60, 0x31, 0x80, 0xC6, 0x03, 0x18, 0x1C, 0x7F, 0xE1, 0xFF, 0x06, 0x00, 0x18, 0x00, 0x60,
    0x01, 0x80, 0x00, 0x00, 0x00, 0x00, 0x00, 0x00, 0x00, 0x00, 0x00, 0x00, 0x00, 0x00, 0x00, 0x00,
    0x00, 0x00, 0x00, 0x00, 0x3F, 0x81, 0xFF, 0x06, 0x0E, 0x18, 0x18, 0x60, 0x61, 0x81, 0x86, 0x0C,
    0x1F, 0xF0, 0x7F, 0xE1, 0x81, 0xC6, 0x03, 0x18, 0x0C, 0x60, 0x31, 0x80, 0xC7, 0x03, 0x1E, 0x1C,
    0x6F, 0xE1, 0x9F, 0x00, 0x00, 0x00, 0x00, 0x00, 0x00, 0x00, 0x00, 0x00, 0x00, 0x00, 0x00, 0x00,
    0x00, 0x00, 0x00, 0x00, 0x00, 0x00, 0x00, 0x70, 0x00, 0xE0, 0x01, 0xC0, 0x00, 0x00, 0x7F, 0x01,
    0xFE, 0x00, 0x1C, 0x00, 0x30, 0x7F, 0xC3, 0xFF, 0x1C, 0x0C, 0x60, 0x31, 0x80, 0xC6, 0x03, 0x1C,
    0x0C, 0x3F, 0xF0, 0x7F, 0xC0, 0x00, 0x00, 0x00, 0x00, 0x00, 0x00, 0x00, 0x00, 0x00, 0x00, 0x00,
    0x00, 0x00, 0x00, 0x00, 0x00, 0x00, 0x00, 0x00, 0x07, 0x00, 0x38, 0x01, 0xC0, 0x00, 0x00, 0x7F,
    0x01, 0xFE, 0x00, 0x1C, 0x00, 0x30, 0x7F, 0xC3, 0xFF, 0x1C, 0x0C, 0x60, 0x31, 0x80, 0xC6, 0x03,
    0x1C, 0x0C, 0x3F, 0xF0, 0x7F, 0xC0, 0x00, 0x00, 0x00, 0x00, 0x00, 0x00, 0x00, 0x00, 0x00, 0x00,
    0x00, 0x00, 0x00, 0x00, 0x00, 0x00, 0x00, 0x00, 0x00, 0x1C, 0x00, 0xF8, 0x07, 0x70, 0x00, 0x00,
    0x7F, 0x01, 0xFE, 0x00, 0x1C, 0x00, 0x30, 0x7F, 0xC3, 0xFF, 0x1C, 0x0C, 0x60, 0x31, 0x80, 0xC6,
    0x03, 0x1C, 0x0C, 0x3F, 0xF0, 0x7F, 0xC0, 0x00, 0x00, 0x00, 0x00, 0x00, 0x00, 0x00, 0x00, 0x00,
    0x00, 0x00, 0x00, 0x00, 0x00, 0x00, 0x00, 0x00, 0x00, 0x00, 0x79, 0x83, 0xFE, 0x0C, 0xF0, 0x00,
    0x00, 0x7F, 0x01, 0xFE, 0x00, 0x1C, 0x00, 0x30, 0x7F, 0xC3, 0xFF, 0x1C, 0x0C, 0x60, 0x31, 0x80,
    0xC6, 0x03, 0x1C, 0x0C, 0x3F, 0xF0, 0x7F, 0xC0, 0x00, 0x00, 0x00, 0x00, 0x00, 0x00, 0x00, 0x00,
    0x00, 0x00, 0x00, 0x00, 0x00, 0x00, 0x00, 0x00, 0x00, 0x00, 0x00, 0x63, 0x01, 0x8C, 0x06, 0x30,
    0x00, 0x00, 0x7F, 0x01, 0xFE, 0x00, 0x1C, 0x00, 0x30, 0x7F, 0xC3, 0xFF, 0x1C, 0x0C, 0x60, 0x31,
    0x80, 0xC6, 0x03, 0x1C, 0x0C, 0x3F, 0xF0, 0x7F, 0xC0, 0x00, 0x00, 0x00, 0x00, 0x00, 0x00, 0x00,
    0x00, 0x00, 0x00, 0x00, 0x00, 0x00, 0x00, 0x00, 0x00, 0x00, 0x00, 0x00, 0x1E, 0x00, 0xCC, 0x03,
    0x30, 0x07, 0x80, 0x7F, 0x01, 0xFE, 0x00, 0x1C, 0x00, 0x30, 0x7F, 0xC3, 0xFF, 0x1C, 0x0C, 0x60,
    0x31, 0x80, 0xC6, 0x03, 0x1C, 0x0C, 0x3F, 0xF0, 0x7F, 0xC0, 0x00, 0x00, 0x00, 0x00, 0x00, 0x00,
    0x00, 0x00, 0x00, 0x00, 0x00, 0x00, 0x00, 0x00, 0x00, 0x00, 0x00, 0x00, 0x00, 0x00, 0x00, 0x00,
    0x00, 0x00, 0x00, 0x01, 0xF7, 0x87, 0xFF, 0x01, 0xCE, 0x03, 0x18, 0xFC, 0x67, 0xFF, 0xB8, 0xFE,
    0xC3, 0x03, 0x0C, 0x0C, 0x30, 0x38, 0xE6, 0x7F, 0xF8, 0xFB, 0xC0, 0x00, 0x00, 0x00, 0x00, 0x00,
    0x00, 0x00, 0x00, 0x00, 0x00, 0x00, 0x00, 0x00, 0x00, 0x00, 0x00, 0x00, 0x00, 0x00, 0x00, 0x00,
    0x00, 0x00, 0x00, 0x00, 0x00, 0x7F, 0x03, 0xFE, 0x1C, 0x1C, 0x60, 0x01, 0x80, 0x06, 0x00, 0x18,
    0x00, 0x60, 0x01, 0x80, 0x06, 0x00, 0x1C, 0x1C, 0x3F, 0xE0, 0x7F, 0x00, 0x60, 0x01, 0x80, 0x06,
    0x00, 0x30, 0x01, 0x80, 0x00, 0x00, 0x00, 0x00, 0x00, 0x00, 0x00, 0x00, 0x00, 0x00, 0x00, 0x70,
    0x00, 0xE0, 0x01, 0xC0, 0x00, 0x00, 0x7F, 0x03, 0xFE, 0x1C, 0x1C, 0x60, 0x31, 0x80, 0xC7, 0xFF,
    0x1F, 0xFC, 0x60, 0x01, 0x80, 0x06, 0x00, 0x1C, 0x1C, 0x3F, 0xE0, 0x7F, 0x00, 0x00, 0x00, 0x00,
    0x00, 0x00, 0x00, 0x00, 0x00, 0x00, 0x00, 0x00, 0x00, 0x00, 0x00, 0x00, 0x00, 0x00, 0x00, 0x00,
    0x07, 0x00, 0x38, 0x01, 0xC0, 0x00, 0x00, 0x7F, 0x03, 0xFE, 0x1C, 0x1C, 0x60, 0x31, 0x80, 0xC7,
    0xFF, 0x1F, 0xFC, 0x60, 0x01, 0x80, 0x06, 0x00, 0x1C, 0x1C, 0x3F, 0xE0, 0x7F, 0x00, 0x00, 0x00,
    0x00, 0x00, 0x00, 0x00, 0x00, 0x00, 0x00, 0x00, 0x00, 0x00, 0x00, 0x00, 0x00, 0x00, 0x00, 0x00,
    0x00, 0x1C, 0x00, 0xF8, 0x07, 0x70, 0x00, 0x00, 0x7F, 0x03, 0xFE, 0x1C, 0x1C, 0x60, 0x31, 0x80,
    0xC7, 0xFF, 0x1F, 0xFC, 0x60, 0x01, 0x80, 0x06, 0x00, 0x1C, 0x1C, 0x3F, 0xE0, 0x7F, 0x00, 0x00,
    0x00, 0x00, 0x00, 0x00, 0x00, 0x00, 0x00, 0x00, 0x00, 0x00, 0x00, 0x00, 0x00, 0x00, 0x00, 0x00,
    0x00, 0x00, 0x63, 0x01, 0x8C, 0x06, 0x30, 0x00, 0x00, 0x7F, 0x03, 0xFE, 0x1C, 0x1C, 0x60, 0x31,
    0x80, 0xC7, 0xFF, 0x1F, 0xFC, 0x60, 0x01, 0x80, 0x06, 0x00, 0x1C, 0x1C, 0x3F, 0xE0, 0x7F, 0x00,
    0x00, 0x00, 0x00, 0x00, 0x00, 0x00, 0x00, 0x00, 0x00, 0x00, 0x00, 0x00, 0x00, 0x00, 0x00, 0x00,
    0x00, 0x00, 0x00, 0x70, 0x00, 0xE0, 0x01, 0xC0, 0x00, 0x00, 0x3C, 0x00, 0xF0, 0x00, 0xC0, 0x03,
    0x00, 0x0C, 0x00, 0x30, 0x00, 0xC0, 0x03, 0x00, 0x0C, 0x00, 0x30, 0x00, 0xC0, 0x0F, 0xC0, 0x3F,
    0x00, 0x00, 0x00, 0x00, 0x00, 0x00, 0x00, 0x00, 0x00, 0x00, 0x00, 0x00, 0x00, 0x00, 0x00, 0x00,
    0x00, 0x00, 0x00, 0x00, 0x07, 0x00, 0x38, 0x01, 0xC0, 0x00, 0x00, 0x3C, 0x00, 0xF0, 0x00, 0xC0,
    0x03, 0x00, 0x0C, 0x00, 0x30, 0x00, 0xC0, 0x03, 0x00, 0x0C, 0x00, 0x30, 0x00, 0xC0, 0x0F, 0xC0,
    0x3F, 0x00, 0x00, 0x00, 0x00, 0x00, 0x00, 0x00, 0x00, 0x00, 0x00, 0x00, 0x00, 0x00, 0x00, 0x00,
    0x00, 0x00, 0x00, 0x00, 0x00, 0x1C, 0x00, 0xF8, 0x07, 0x70, 0x00, 0x00, 0x3C, 0x00, 0xF0, 0x00,
    0xC0, 0x03, 0x00, 0x0C, 0x00, 0x30, 0x00, 0xC0, 0x03, 0x00, 0x0C, 0x00, 0x30, 0x00, 0xC0, 0x0F,
    0xC0, 0x3F, 0x00, 0x00, 0x00, 0x00, 0x00, 0x00, 0x00, 0x00, 0x00, 0x00, 0x00, 0x00, 0x00, 0x00,
    0x00, 0x00, 0x00, 0x00, 0x00, 0x00, 0x63, 0x01, 0x8C, 0x06, 0x30, 0x00, 0x00, 0x3C, 0x00, 0xF0,
    0x00, 0xC0, 0x03, 0x00, 0x0C, 0x00, 0x30, 0x00, 0xC0, 0x03, 0x00, 0x0C, 0x00, 0x30, 0x00, 0xC0,
    0x0F, 0xC0, 0x3F, 0x00, 0x00, 0x00, 0x00, 0x00, 0x00, 0x00, 0x00, 0x00, 0x00, 0x00, 0x00, 0x00,
    0x00, 0x00, 0x00, 0x00, 0x00, 0x39, 0x80, 0x7C, 0x01, 0xE0, 0x0D, 0xC0, 0x03, 0x80, 0x7F, 0x03,
    0xFE, 0x1C, 0x1C, 0x60, 0x31, 0x80, 0xC6, 0x03, 0x18, 0x0C, 0x60, 0x31, 0x80, 0xC6, 0x03, 0x1C,
    0x1C, 0x3F, 0xE0, 0x7F, 0x00, 0x00, 0x00, 0x00, 0x00, 0x00, 0x00, 0x00, 0x00, 0x00, 0x00, 0x00,
    0x00, 0x00, 0x00, 0x00, 0x00, 0x00, 0x00, 0x00, 0xF1, 0x87, 0xFE, 0x18, 0xF0, 0x00, 0x01, 0xFF,
    0x07, 0xFE, 0x18, 0x1C, 0x60, 0x31, 0x80, 0xC6, 0x03, 0x18, 0x0C, 0x60, 0x31, 0x80, 0xC6, 0x03,
    0x18, 0x0C, 0x60, 0x31, 0x80, 0xC0, 0x00, 0x00, 0x00, 0x00, 0x00, 0x00, 0x00, 0x00, 0x00, 0x00,
    0x00, 0x00, 0x00, 0x00, 0x00, 0x00, 0x00, 0x00, 0x00, 0x70, 0x00, 0xE0, 0x01, 0xC0, 0x00, 0x00,
    0x7F, 0x03, 0xFE, 0x1C, 0x1C, 0x60, 0x31, 0x80, 0xC6, 0x03, 0x18, 0x0C, 0x60, 0x31, 0x80, 0xC6,
    0x03, 0x1C, 0x1C, 0x3F, 0xE0, 0x7F, 0x00, 0x00, 0x00, 0x00, 0x00, 0x00, 0x00, 0x00, 0x00, 0x00,
    0x00, 0x00, 0x00, 0x00, 0x00, 0x00, 0x00, 0x00, 0x00, 0x00, 0x07, 0x00, 0x38, 0x01, 0xC0, 0x00,
    0x00, 0x7F, 0x03, 0xFE, 0x1C, 0x1C, 0x60, 0x31, 0x80, 0xC6, 0x03, 0x18, 0x0C, 0x60, 0x31, 0x80,
    0xC6, 0x03, 0x1C, 0x1C, 0x3F, 0xE0, 0x7F, 0x00, 0x00, 0x00, 0x00, 0x00, 0x00, 0x00, 0x00, 0x00,
    0x00, 0x00, 0x00, 0x00, 0x00, 0x00, 0x00, 0x00, 0x00, 0x00, 0x00, 0x1C, 0x00, 0xF8, 0x07, 0x70,
    0x00, 0x00, 0x7F, 0x03, 0xFE, 0x1C, 0x1C, 0x60, 0x31, 0x80, 0xC6, 0x03, 0x18, 0x0C, 0x60, 0x31,
    0x80, 0xC6, 0x03, 0x1C, 0x1C, 0x3F, 0xE0, 0x7F, 0x00, 0x00, 0x00, 0x00, 0x00, 0x00, 0x00, 0x00,
    0x00, 0x00, 0x00, 0x00, 0x00, 0x00, 0x00, 0x00, 0x00, 0x00, 0x00, 0x00, 0x79, 0x83, 0xFE, 0x0C,
    0xF0, 0x00, 0x00, 0x7F, 0x03, 0xFE, 0x1C, 0x1C, 0x60, 0x31, 0x80, 0xC6, 0x03, 0x18, 0x0C, 0x60,
    0x31, 0x80, 0xC6, 0x03, 0x1C, 0x1C, 0x3F, 0xE0, 0x7F, 0x00, 0x00, 0x00, 0x00, 0x00, 0x00, 0x00,
    0x00, 0x00, 0x00, 0x00, 0x00, 0x00, 0x00, 0x00, 0x00, 0x00, 0x00, 0x00, 0x00, 0x63, 0x01, 0x8C,
    0x06, 0x30, 0x00, 0x00, 0x7F, 0x03, 0xFE, 0x1C, 0x1C, 0x60, 0x31, 0x80, 0xC6, 0x03, 0x18, 0x0C,
    0x60, 0x31, 0x80, 0xC6, 0x03, 0x1C, 0x1C, 0x3F, 0xE0, 0x7F, 0x00, 0x00, 0x00, 0x00, 0x00, 0x00,
    0x00, 0x00, 0x00, 0x00, 0x00, 0x00, 0x00, 0x00, 0x00, 0x00, 0x00, 0x00, 0x00, 0x00, 0x00, 0x00,
    0x30, 0x00, 0xC0, 0x03, 0x00, 0x0C, 0x00, 0x00, 0x00, 0x00, 0x7F, 0xF9, 0xFF, 0xE0, 0x00, 0x00,
    0x00, 0x03, 0x00, 0x0C, 0x00, 0x30, 0x00, 0xC0, 0x00, 0x00, 0x00, 0x00, 0x00, 0x00, 0x00, 0x00,
    0x00, 0x00, 0x00, 0x00, 0x00, 0x00, 0x00, 0x00, 0x00, 0x00, 0x00, 0x00, 0x00, 0x00, 0x00, 0x00,
    0x00, 0x00, 0x00, 0x00, 0x00, 0x00, 0x7F, 0x63, 0xFF, 0x98, 0x1C, 0x60, 0xF1, 0x87, 0xC6, 0x3B,
    0x19, 0xCC, 0x6E, 0x31, 0xF0, 0xC7, 0x83, 0x1C, 0x0C, 0xFF, 0xE3, 0x7F, 0x00, 0x00, 0x00, 0x00,
    0x00, 0x00, 0x00, 0x00, 0x00, 0x00, 0x00, 0x00, 0x00, 0x00, 0x00, 0x00, 0x00, 0x00, 0x00, 0x00,
    0x70, 0x00, 0xE0, 0x01, 0xC0, 0x00, 0x01, 0x80, 0xC6, 0x03, 0x18, 0x0C, 0x60, 0x31, 0x80, 0xC6,
    0x03, 0x18, 0x0C, 0x60, 0x31, 0x80, 0xC6, 0x03, 0x1C, 0x0C, 0x3F, 0xF0, 0x7F, 0xC0, 0x00, 0x00,
    0x00, 0x00, 0x00, 0x00, 0x00, 0x00, 0x00, 0x00, 0x00, 0x00, 0x00, 0x00, 0x00, 0x00, 0x00, 0x00,
    0x00, 0x07, 0x00, 0x38, 0x01, 0xC0, 0x00, 0x01, 0x80, 0xC6, 0x03, 0x18, 0x0C, 0x60, 0x31, 0x80,
    0xC6, 0x03, 0x18, 0x0C, 0x60, 0x31, 0x80, 0xC6, 0x03, 0x1C, 0x0C, 0x3F, 0xF0, 0x7F, 0xC0, 0x00,
    0x00, 0x00, 0x00, 0x00, 0x00, 0x00, 0x00, 0x00, 0x00, 0x00, 0x00, 0x00, 0x00, 0x00, 0x00, 0x00,
    0x00, 0x00, 0x1C, 0x00, 0xF8, 0x07, 0x70, 0x00, 0x01, 0x80, 0xC6, 0x03, 0x18, 0x0C, 0x60, 0x31,
    0x80, 0xC6, 0x03, 0x18, 0x0C, 0x60, 0x31, 0x80, 0xC6, 0x03, 0x1C, 0x0C, 0x3F, 0xF0, 0x7F, 0xC0,
    0x00, 0x00, 0x00, 0x00, 0x00, 0x00, 0x00, 0x00, 0x00, 0x00, 0x00, 0x00, 0x00, 0x00, 0x00, 0x00,
    0x00, 0x00, 0x00, 0x63, 0x01, 0x8C, 0x06, 0x30, 0x00, 0x01, 0x80, 0xC6, 0x03, 0x18, 0x0C, 0x60,
    0x31, 0x80, 0xC6, 0x03, 0x18, 0x0C, 0x60, 0x31, 0x80, 0xC6, 0x03, 0x1C, 0x0C, 0x3F, 0xF0, 0x7F,
    0xC0, 0x00, 0x00, 0x00, 0x00, 0x00, 0x00, 0x00, 0x00, 0x00, 0x00, 0x00, 0x00, 0x00, 0x00, 0x00,
    0x00, 0x00, 0x00, 0x00, 0x07, 0x00, 0x38, 0x01, 0xC0, 0x00, 0x01, 0x80, 0xC6, 0x03, 0x18, 0x0C,
    0x60, 0x31, 0x80, 0xC6, 0x03, 0x18, 0x0C, 0x60, 0x31, 0x80, 0xC6, 0x03, 0x1C, 0x0C, 0x3F, 0xF0,
    0x7F, 0xC0, 0x03, 0x00, 0x0C, 0x00, 0x70, 0xFF, 0x83, 0xFC, 0x00, 0x00, 0x00, 0x00, 0x00, 0x00,
    0x00, 0x00, 0x00, 0x60, 0x01, 0x80, 0x06, 0x00, 0x18, 0x00, 0x60, 0x01, 0xFF, 0x07, 0xFE, 0x18,
    0x1C, 0x60, 0x31, 0x80, 0xC6, 0x03, 0x18, 0x0C, 0x60, 0x31, 0x80, 0xC6, 0x03, 0x18, 0x1C, 0x7F,
    0xE1, 0xFF, 0x06, 0x00, 0x18, 0x00, 0x60, 0x01, 0x80, 0x06, 0x00, 0x00, 0x00, 0x00, 0x00, 0x00,
    0x00, 0x00, 0x00, 0x00, 0x00, 0x00, 0x63, 0x01, 0x8C, 0x06, 0x30, 0x00, 0x01, 0x80, 0xC6, 0x03,
    0x18, 0x0C, 0x60, 0x31, 0x80, 0xC6, 0x03, 0x18, 0x0C, 0x60, 0x31, 0x80, 0xC6, 0x03, 0x1C, 0x0C,
    0x3F, 0xF0, 0x7F, 0xC0, 0x03, 0x00, 0x0C, 0x00, 0x70, 0xFF, 0x83, 0xFC, 0x00, 0x00, 0x1F, 0xC0,
    0x7F, 0x00, 0x00, 0x00, 0x00, 0x1F, 0xC0, 0xFF, 0x87, 0x07, 0x18, 0x0C, 0x60, 0x31, 0x80, 0xC6,
    0x03, 0x18, 0x0C, 0x60, 0x31, 0xFF, 0xC7, 0xFF, 0x18, 0x0C, 0x60, 0x31, 0x80, 0xC6, 0x03, 0x18,
    0x0C, 0x60, 0x31, 0x80, 0xC0, 0x00, 0x00, 0x00, 0x00, 0x00, 0x00, 0x00, 0x00, 0x00, 0x00, 0x00,
    0x00, 0x00, 0x00, 0x00, 0x00, 0x00, 0x00, 0x00, 0x7F, 0x01, 0xFC, 0x00, 0x00, 0x00, 0x00, 0x7F,
    0x01, 0xFE, 0x00, 0x1C, 0x00, 0x30, 0x7F, 0xC3, 0xFF, 0x1C, 0x0C, 0x60, 0x31, 0x80, 0xC6, 0x03,
    0x1C, 0x0C, 0x3F, 0xF0, 0x7F, 0xC0, 0x00, 0x00, 0x00, 0x00, 0x00, 0x00, 0x00, 0x00, 0x00, 0x00,
    0x18, 0xC0, 0x7F, 0x00, 0xF8, 0x00, 0x00, 0x1F, 0xC0, 0xFF, 0x87, 0x07, 0x18, 0x0C, 0x60, 0x31,
    0x80, 0xC6, 0x03, 0x18, 0x0C, 0x60, 0x31, 0xFF, 0xC7, 0xFF, 0x18, 0x0C, 0x60, 0x31, 0x80, 0xC6,
    0x03, 0x18, 0x0C, 0x60, 0x31, 0x80, 0xC0, 0x00, 0x00, 0x00, 0x00, 0x00, 0x00, 0x00, 0x00, 0x00,
    0x00, 0x00, 0x00, 0x00, 0x00, 0x00, 0x00, 0x00, 0x00, 0x00, 0x63, 0x01, 0xFC, 0x03, 0xE0, 0x00,
    0x00, 0x7F, 0x01, 0xFE, 0x00, 0x1C, 0x00, 0x30, 0x7F, 0xC3, 0xFF, 0x1C, 0x0C, 0x60, 0x31, 0x80,
    0xC6, 0x03, 0x1C, 0x0C, 0x3F, 0xF0, 0x7F, 0xC0, 0x00, 0x00, 0x00, 0x00, 0x00, 0x00, 0x00, 0x00,
    0x00, 0x00, 0x00, 0x00, 0x00, 0x00, 0x00, 0x00, 0x00, 0x1F, 0xC0, 0xFF, 0x87, 0x07, 0x18, 0x0C,
    0x60, 0x31, 0x80, 0xC6, 0x03, 0x18, 0x0C, 0x60, 0x31, 0xFF, 0xC7, 0xFF, 0x18, 0x0C, 0x60, 0x31,
    0x80, 0xC6, 0x03, 0x18, 0x0C, 0x60, 0x31, 0x80, 0xC0, 0x06, 0x00, 0x30, 0x00, 0xC0, 0x03, 0xE0,
    0x07, 0x80, 0x00, 0x00, 0x00, 0x00, 0x00, 0x00, 0x00, 0x00, 0x00, 0x00, 0x00, 0x00, 0x00, 0x00,
    0x00, 0x00, 0x00, 0x7F, 0x01, 0xFE, 0x00, 0x1C, 0x00, 0x30, 0x7F, 0xC3, 0xFF, 0x1C, 0x0C, 0x60,
    0x31, 0x80, 0xC6, 0x03, 0x1C, 0x0C, 0x3F, 0xF0, 0x7F, 0xC0, 0x06, 0x00, 0x30, 0x00, 0xC0, 0x03,
    0xE0, 0x07, 0x80, 0x00, 0x01, 0xC0, 0x0E, 0x00, 0x70, 0x00, 0x00, 0x1F, 0xC0, 0xFF, 0x87, 0x07,
    0x18, 0x0C, 0x60, 0x31, 0x80, 0x06, 0x00, 0x18, 0x00, 0x60, 0x01, 0x80, 0x06, 0x00, 0x18, 0x00,
    0x60, 0x01, 0x80, 0xC6, 0x03, 0x1C, 0x1C, 0x3F, 0xE0, 0x7F, 0x00, 0x00, 0x00, 0x00, 0x00, 0x00,
    0x00, 0x00, 0x00, 0x00, 0x00, 0x00, 0x00, 0x00, 0x00, 0x00, 0x00, 0x00, 0x00, 0x00, 0x07, 0x00,
    0x38, 0x01, 0xC0, 0x00, 0x00, 0x7F, 0x03, 0xFE, 0x1C, 0x1C, 0x60, 0x01, 0x80, 0x06, 0x00, 0x18,
    0x00, 0x60, 0x01, 0x80, 0x06, 0x00, 0x1C, 0x1C, 0x3F, 0xE0, 0x7F, 0x00, 0x00, 0x00, 0x00, 0x00,
    0x00, 0x00, 0x00, 0x00, 0x00, 0x00, 0x07, 0x00, 0x3E, 0x01, 0xDC, 0x00, 0x00, 0x1F, 0xC0, 0xFF,
    0x87, 0x07, 0x18, 0x0C, 0x60, 0x31, 0x80, 0x06, 0x00, 0x18, 0x00, 0x60, 0x01, 0x80, 0x06, 0x00,
    0x18, 0x00, 0x60, 0x01, 0x80, 0xC6, 0x03, 0x1C, 0x1C, 0x3F, 0xE0, 0x7F, 0x00, 0x00, 0x00, 0x00,
    0x00, 0x00, 0x00, 0x00, 0x00, 0x00, 0x00, 0x00, 0x00, 0x00, 0x00, 0x00, 0x00, 0x00, 0x00, 0x00,
    0x1C, 0x00, 0xF8, 0x07, 0x70, 0x00, 0x00, 0x7F, 0x03, 0xFE, 0x1C, 0x1C, 0x60, 0x01, 0x80, 0x06,
    0x00, 0x18, 0x00, 0x60, 0x01, 0x80, 0x06, 0x00, 0x1C, 0x1C, 0x3F, 0xE0, 0x7F, 0x00, 0x00, 0x00,
    0x00, 0x00, 0x00, 0x00, 0x00, 0x00, 0x00, 0x00, 0x03, 0x00, 0x0C, 0x00, 0x30, 0x00, 0x00, 0x1F,
    0xC0, 0xFF, 0x87, 0x07, 0x18, 0x0C, 0x60, 0x31, 0x80, 0x06, 0x00, 0x18, 0x00, 0x60, 0x01, 0x80,
    0x06, 0x00, 0x18, 0x00, 0x60, 0x01, 0x80, 0xC6, 0x03, 0x1C, 0x1C, 0x3F, 0xE0, 0x7F, 0x00, 0x00,
    0x00, 0x00, 0x00, 0x00, 0x00, 0x00, 0x00, 0x00, 0x00, 0x00, 0x00, 0x00, 0x00, 0x00, 0x00, 0x00,
    0x00, 0x00, 0x0C, 0x00, 0x30, 0x00, 0xC0, 0x00, 0x00, 0x7F, 0x03, 0xFE, 0x1C, 0x1C, 0x60, 0x01,
    0x80, 0x06, 0x00, 0x18, 0x00, 0x60, 0x01, 0x80, 0x06, 0x00, 0x1C, 0x1C, 0x3F, 0xE0, 0x7F, 0x00,
    0x00, 0x00, 0x00, 0x00, 0x00, 0x00, 0x00, 0x00, 0x00, 0x00, 0x1D, 0xC0, 0x3E, 0x00, 0x70, 0x00,
    0x00, 0x1F, 0xC0, 0xFF, 0x87, 0x07, 0x18, 0x0C, 0x60, 0x31, 0x80, 0x06, 0x00, 0x18, 0x00, 0x60,
    0x01, 0x80, 0x06, 0x00, 0x18, 0x00, 0x60, 0x01, 0x80, 0xC6, 0x03, 0x1C, 0x1C, 0x3F, 0xE0, 0x7F,
    0x00, 0x00, 0x00, 0x00, 0x00, 0x00, 0x00, 0x00, 0x00, 0x00, 0x00, 0x00, 0x00, 0x00, 0x00, 0x00,
    0x00, 0x00, 0x00, 0x00, 0x77, 0x00, 0xF8, 0x01, 0xC0, 0x00, 0x00, 0x7F, 0x03, 0xFE, 0x1C, 0x1C,
    0x60, 0x01, 0x80, 0x06, 0x00, 0x18, 0x00, 0x60, 0x01, 0x80, 0x06, 0x00, 0x1C, 0x1C, 0x3F, 0xE0,
    0x7F, 0x00, 0x00, 0x00, 0x00, 0x00, 0x00, 0x00, 0x00, 0x00, 0x00, 0x00, 0x1D, 0xC0, 0x3E, 0x00,
    0x70, 0x00, 0x00, 0x7F, 0x01, 0xFF, 0x06, 0x0E, 0x18, 0x18, 0x60, 0x31, 0x80, 0xC6, 0x03, 0x18,
    0x0C, 0x60, 0x31, 0x80, 0xC6, 0x03, 0x18, 0x0C, 0x60, 0x31, 0x80, 0xC6, 0x06, 0x18, 0x38, 0x7F,
    0xC1, 0xFC, 0x00, 0x00, 0x00, 0x00, 0x00, 0x00, 0x00, 0x00, 0x00, 0x00, 0x00, 0x1D, 0xC0, 0x3E,
    0x00, 0x70, 0x00, 0x00, 0x00, 0x30, 0x00, 0xC0, 0x03, 0x00, 0x0C, 0x00, 0x30, 0x7F, 0xC3, 0xFF,
    0x1C, 0x0C, 0x60, 0x31, 0x80, 0xC6, 0x03, 0x18, 0x0C, 0x60, 0x31, 0x80, 0xC6, 0x03, 0x1C, 0x0C,
    0x3F, 0xF0, 0x7F, 0xC0, 0x00, 0x00, 0x00, 0x00, 0x00, 0x00, 0x00, 0x00, 0x00, 0x00, 0x00, 0x00,
    0x00, 0x00, 0x00, 0x00, 0x00, 0x7F, 0x01, 0xFF, 0x06, 0x0E, 0x18, 0x18, 0x60, 0x31, 0x80, 0xC6,
    0x03, 0x18, 0x0C, 0xFE, 0x33, 0xF8, 0xC6, 0x03, 0x18, 0x0C, 0x60, 0x31, 0x80, 0xC6, 0x06, 0x18,
    0x38, 0x7F, 0xC1, 0xFC, 0x00, 0x00, 0x00, 0x00, 0x00, 0x00, 0x00, 0x00, 0x00, 0x00, 0x00, 0x00,
    0x00, 0x00, 0x00, 0x00, 0x00, 0x00, 0x00, 0x30, 0x1F, 0xE0, 0x7F, 0x80, 0x0C, 0x00, 0x30, 0x7F,
    0xC3, 0xFF, 0x1C, 0x0C, 0x60, 0x31, 0x80, 0xC6, 0x03, 0x18, 0x0C, 0x60, 0x31, 0x80, 0xC6, 0x03,
    0x1C, 0x0C, 0x3F, 0xF0, 0x7F, 0xC0, 0x00, 0x00, 0x00, 0x00, 0x00, 0x00, 0x00, 0x00, 0x00, 0x00,
    0x1F, 0xC0, 0x7F, 0x00, 0x00, 0x00, 0x00, 0x7F, 0xF1, 0xFF, 0xC6, 0x00, 0x18, 0x00, 0x60, 0x01,
    0x80, 0x06, 0x00, 0x18, 0x00, 0x7F, 0x81, 0xFE, 0x06, 0x00, 0x18, 0x00, 0x60, 0x01, 0x80, 0x06,
    0x00, 0x18, 0x00, 0x7F, 0xF1, 0xFF, 0xC0, 0x00, 0x00, 0x00, 0x00, 0x00, 0x00, 0x00, 0x00, 0x00,
    0x00, 0x00, 0x00, 0x00, 0x00, 0x00, 0x00, 0x00, 0x00, 0x00, 0x7F, 0x01, 0xFC, 0x00, 0x00, 0x00,
    0x00, 0x7F, 0x03, 0xFE, 0x1C, 0x1C, 0x60, 0x31, 0x80, 0xC7, 0xFF, 0x1F, 0xFC, 0x60, 0x01, 0x80,
    0x06, 0x00, 0x1C, 0x1C, 0x3F, 0xE0, 0x7F, 0x00, 0x00, 0x00, 0x00, 0x00, 0x00, 0x00, 0x00, 0x00,
    0x00, 0x00, 0x18, 0xC0, 0x7F, 0x00, 0xF8, 0x00, 0x00, 0x7F, 0xF1, 0xFF, 0xC6, 0x00, 0x18, 0x00,
    0x60, 0x01, 0x80, 0x06, 0x00, 0x18, 0x00, 0x7F, 0x81, 0xFE, 0x06, 0x00, 0x18, 0x00, 0x60, 0x01,
    0x80, 0x06, 0x00, 0x18, 0x00, 0x7F, 0xF1, 0xFF, 0xC0, 0x00, 0x00, 0x00, 0x00, 0x00, 0x00, 0x00,
    0x00, 0x00, 0x00, 0x00, 0x00, 0x00, 0x00, 0x00, 0x00, 0x00, 0x00, 0x00, 0x63, 0x01, 0xFC, 0x03,
    0xE0, 0x00, 0x00, 0x7F, 0x03, 0xFE, 0x1C, 0x1C, 0x60, 0x31, 0x80, 0xC7, 0xFF, 0x1F, 0xFC, 0x60,
    0x01, 0x80, 0x06, 0x00, 0x1C, 0x1C, 0x3F, 0xE0, 0x7F, 0x00, 0x00, 0x00, 0x00, 0x00, 0x00, 0x00,
    0x00, 0x00, 0x00, 0x00, 0x03, 0x00, 0x0C, 0x00, 0x30, 0x00, 0x00, 0x7F, 0xF1, 0xFF, 0xC6, 0x00,
    0x18, 0x00, 0x60, 0x01, 0x80, 0x06, 0x00, 0x18, 0x00, 0x7F, 0x81, 0xFE, 0x06, 0x00, 0x18, 0x00,
    0x60, 0x01, 0x80, 0x06, 0x00, 0x18, 0x00, 0x7F, 0xF1, 0xFF, 0xC0, 0x00, 0x00, 0x00, 0x00, 0x00,
    0x00, 0x00, 0x00, 0x00, 0x00, 0x00, 0x00, 0x00, 0x00, 0x00, 0x00, 0x00, 0x00, 0x00, 0x0C, 0x00,
    0x30, 0x00, 0xC0, 0x00, 0x00, 0x7F, 0x03, 0xFE, 0x1C, 0x1C, 0x60, 0x31, 0x80, 0xC7, 0xFF, 0x1F,
    0xFC, 0x60, 0x01, 0x80, 0x06, 0x00, 0x1C, 0x1C, 0x3F, 0xE0, 0x7F, 0x00, 0x00, 0x00, 0x00, 0x00,
    0x00, 0x00, 0x00, 0x00, 0x00, 0x00, 0x00, 0x00, 0x00, 0x00, 0x00, 0x00, 0x00, 0x7F, 0xF1, 0xFF,
    0xC6, 0x00, 0x18, 0x00, 0x60, 0x01, 0x80, 0x06, 0x00, 0x18, 0x00, 0x7F, 0x81, 0xFE, 0x06, 0x00,
    0x18, 0x00, 0x60, 0x01, 0x80, 0x06, 0x00, 0x18, 0x00, 0x7F, 0xF1, 0xFF, 0xC0, 0x06, 0x00, 0x30,
    0x00, 0xC0, 0x03, 0xE0, 0x07, 0x80, 0x00, 0x00, 0x00, 0x00, 0x00, 0x00, 0x00, 0x00, 0x00, 0x00,
    0x00, 0x00, 0x00, 0x00, 0x00, 0x00, 0x00, 0x7F, 0x03, 0xFE, 0x1C, 0x1C, 0x60, 0x31, 0x80, 0xC7,
    0xFF, 0x1F, 0xFC, 0x60, 0x01, 0x80, 0x06, 0x00, 0x1C, 0x1C, 0x3F, 0xE0, 0x7F, 0x00, 0x38, 0x01,
    0x80, 0x06, 0x00, 0x1F, 0x00, 0x3C, 0x00, 0x00, 0x1D, 0xC0, 0x3E, 0x00, 0x70, 0x00, 0x00, 0x7F,
    0xF1, 0xFF, 0xC6, 0x00, 0x18, 0x00, 0x60, 0x01, 0x80, 0x06, 0x00, 0x18, 0x00, 0x7F, 0x81, 0xFE,
    0x06, 0x00, 0x18, 0x00, 0x60, 0x01, 0x80, 0x06, 0x00, 0x18, 0x00, 0x7F, 0xF1, 0xFF, 0xC0, 0x00,
    0x00, 0x00, 0x00, 0x00, 0x00, 0x00, 0x00, 0x00, 0x00, 0x00, 0x00, 0x00, 0x00, 0x00, 0x00, 0x00,
    0x00, 0x00, 0x77, 0x00, 0xF8, 0x01, 0xC0, 0x00, 0x00, 0x7F, 0x03, 0xFE, 0x1C, 0x1C, 0x60, 0x31,
    0x80, 0xC7, 0xFF, 0x1F, 0xFC, 0x60, 0x01, 0x80, 0x06, 0x00, 0x1C, 0x1C, 0x3F, 0xE0, 0x7F, 0x00,
    0x00, 0x00, 0x00, 0x00, 0x00, 0x00, 0x00, 0x00, 0x00, 0x00, 0x07, 0x00, 0x3E, 0x01, 0xDC, 0x00,
    0x00, 0x1F, 0xC0, 0xFF, 0x87, 0x07, 0x18, 0x0C, 0x60, 0x31, 0x80, 0x06, 0x00, 0x18, 0x00, 0x63,
    0xF1, 0x8F, 0xC6, 0x03, 0x18, 0x0C, 0x60, 0x31, 0x80, 0xC6, 0x03, 0x1C, 0x1C, 0x3F, 0xE0, 0x7F,
    0x00, 0x00, 0x00, 0x00, 0x00, 0x00, 0x00, 0x00, 0x00, 0x00, 0x00, 0x00, 0x00, 0x00, 0x00, 0x00,
    0x00, 0x00, 0x00, 0x00, 0x1C, 0x00, 0xF8, 0x07, 0x70, 0x00, 0x00, 0x7F, 0xC3, 0xFF, 0x1C, 0x0C,
    0x60, 0x31, 0x80, 0xC6, 0x03, 0x18, 0x0C, 0x60, 0x31, 0x80, 0xC6, 0x03, 0x1C, 0x0C, 0x3F, 0xF0,
    0x7F, 0xC0, 0x03, 0x00, 0x0C, 0x00, 0x70, 0xFF, 0x83, 0xFC, 0x00, 0x00, 0x18, 0xC0, 0x7F, 0x00,
    0xF8, 0x00, 0x00, 0x1F, 0xC0, 0xFF, 0x87, 0x07, 0x18, 0x0C, 0x60, 0x31, 0x80, 0x06, 0x00, 0x18,
    0x00, 0x63, 0xF1, 0x8F, 0xC6, 0x03, 0x18, 0x0C, 0x60, 0x31, 0x80, 0xC6, 0x03, 0x1C, 0x1C, 0x3F,
    0xE0, 0x7F, 0x00, 0x00, 0x00, 0x00, 0x00, 0x00, 0x00, 0x00, 0x00, 0x00, 0x00, 0x00, 0x00, 0x00,
    0x00, 0x00, 0x00, 0x00, 0x00, 0x00, 0x63, 0x01, 0xFC, 0x03, 0xE0, 0x00, 0x00, 0x7F, 0xC3, 0xFF,
    0x1C, 0x0C, 0x60, 0x31, 0x80, 0xC6, 0x03, 0x18, 0x0C, 0x60, 0x31, 0x80, 0xC6, 0x03, 0x1C, 0x0C,
    0x3F, 0xF0, 0x7F, 0xC0, 0x03, 0x00, 0x0C, 0x00, 0x70, 0xFF, 0x83, 0xFC, 0x00, 0x00, 0x03, 0x00,
    0x0C, 0x00, 0x30, 0x00, 0x00, 0x1F, 0xC0, 0xFF, 0x87, 0x07, 0x18, 0x0C, 0x60, 0x31, 0x80, 0x06,
    0x00, 0x18, 0x00, 0x63, 0xF1, 0x8F, 0xC6, 0x03, 0x18, 0x0C, 0x60, 0x31, 0x80, 0xC6, 0x03, 0x1C,
    0x1C, 0x3F, 0xE0, 0x7F, 0x00, 0x00, 0x00, 0x00, 0x00, 0x00, 0x00, 0x00, 0x00, 0x00, 0x00, 0x00,
    0x00, 0x00, 0x00, 0x00, 0x00, 0x00, 0x00, 0x00, 0x0C, 0x00, 0x30, 0x00, 0xC0, 0x00, 0x00, 0x7F,
    0xC3, 0xFF, 0x1C, 0x0C, 0x60, 0x31, 0x80, 0xC6, 0x03, 0x18, 0x0C, 0x60, 0x31, 0x80, 0xC6, 0x03,
    0x1C, 0x0C, 0x3F, 0xF0, 0x7F, 0xC0, 0x03, 0x00, 0x0C, 0x00, 0x70, 0xFF, 0x83, 0xFC, 0x00, 0x00,
    0x00, 0x00, 0x00, 0x00, 0x00, 0x00, 0x00, 0x1F, 0xC0, 0xFF, 0x87, 0x07, 0x18, 0x0C, 0x60, 0x31,
    0x80, 0x06, 0x00, 0x18, 0x00, 0x63, 0xF1, 0x8F, 0xC6, 0x03, 0x18, 0x0C, 0x60, 0x31, 0x80, 0xC6,
    0x03, 0x1C, 0x1C, 0x3F, 0xE0, 0x7F, 0x00, 0x00, 0x01, 0x80, 0x06, 0x00, 0x18, 0x00, 0xC0, 0x06,
    0x00, 0x00, 0x00, 0x00, 0x00, 0x00, 0x00, 0x00, 0x01, 0x80, 0x0E, 0x00, 0x30, 0x00, 0xC0, 0x00,
    0x00, 0x7F, 0xC3, 0xFF, 0x1C, 0x0C, 0x60, 0x31, 0x80, 0xC6, 0x03, 0x18, 0x0C, 0x60, 0x31, 0x80,
    0xC6, 0x03, 0x1C, 0x0C, 0x3F, 0xF0, 0x7F, 0xC0, 0x03, 0x00, 0x0C, 0x00, 0x70, 0xFF, 0x83, 0xFC,
    0x00, 0x00, 0x07, 0x00, 0x3E, 0x01, 0xDC, 0x00, 0x00, 0x60, 0x31, 0x80, 0xC6, 0x03, 0x18, 0x0C,
    0x60, 0x31, 0x80, 0xC6, 0x03, 0x18, 0x0C, 0x7F, 0xF1, 0xFF, 0xC6, 0x03, 0x18, 0x0C, 0x60, 0x31,
    0x80, 0xC6, 0x03, 0x18, 0x0C, 0x60, 0x31, 0x80, 0xC0, 0x00, 0x00, 0x00, 0x00, 0x00, 0x00, 0x00,
    0x00, 0x00, 0x00, 0x07, 0x00, 0x3E, 0x01, 0xDC, 0x00, 0x00, 0x60, 0x01, 0x80, 0x06, 0x00, 0x18,
    0x00, 0x60, 0x01, 0xFF, 0x07, 0xFE, 0x18, 0x1C, 0x60, 0x31, 0x80, 0xC6, 0x03, 0x18, 0x0C, 0x60,
    0x31, 0x80, 0xC6, 0x03, 0x18, 0x0C, 0x60, 0x31, 0x80, 0xC0, 0x00, 0x00, 0x00, 0x00, 0x00, 0x00,
    0x00, 0x00, 0x00, 0x00, 0x00, 0x00, 0x00, 0x00, 0x00, 0x00, 0x00, 0x60, 0x31, 0x80, 0xC6, 0x03,
    0x3F, 0xFE, 0xFF, 0xF9, 0x80, 0xC6, 0x03, 0x18, 0x0C, 0x7F, 0xF1, 0xFF, 0xC6, 0x03, 0x18, 0x0C,
    0x60, 0x31, 0x80, 0xC6, 0x03, 0x18, 0x0C, 0x60, 0x31, 0x80, 0xC0, 0x00, 0x00, 0x00, 0x00, 0x00,
    0x00, 0x00, 0x00, 0x00, 0x00, 0x00, 0x00, 0x00, 0x00, 0x00, 0x00, 0x00, 0x60, 0x03, 0xFC, 0x0F,
    0xF0, 0x18, 0x00, 0x60, 0x01, 0xFF, 0x07, 0xFE, 0x18, 0x1C, 0x60, 0x31, 0x80, 0xC6, 0x03, 0x18,
    0x0C, 0x60, 0x31, 0x80, 0xC6, 0x03, 0x18, 0x0C, 0x60, 0x31, 0x80, 0xC0, 0x00, 0x00, 0x00, 0x00,
    0x00, 0x00, 0x00, 0x00, 0x00, 0x00, 0x1E, 0x60, 0xFF, 0x83, 0x3C, 0x00, 0x00, 0x0F, 0xC0, 0x3F,
    0x00, 0x30, 0x00, 0xC0, 0x03, 0x00, 0x0C, 0x00, 0x30, 0x00, 0xC0, 0x03, 0x00, 0x0C, 0x00, 0x30,
    0x00, 0xC0, 0x03, 0x00, 0x0C, 0x00, 0x30, 0x00, 0xC0, 0x0F, 0xC0, 0x3F, 0x00, 0x00, 0x00, 0x00,
    0x00, 0x00, 0x00, 0x00, 0x00, 0x00, 0x00, 0x00, 0x00, 0x00, 0x00, 0x00, 0x00, 0x00, 0x00, 0x00,
    0x79, 0x83, 0xFE, 0x0C, 0xF0, 0x00, 0x00, 0x3C, 0x00, 0xF0, 0x00, 0xC0, 0x03, 0x00, 0x0C, 0x00,
    0x30, 0x00, 0xC0, 0x03, 0x00, 0x0C, 0x00, 0x30, 0x00, 0xC0, 0x0F, 0xC0, 0x3F, 0x00, 0x00, 0x00,
    0x00, 0x00, 0x00, 0x00, 0x00, 0x00, 0x00, 0x00, 0x1F, 0xC0, 0x7F, 0x00, 0x00, 0x00, 0x00, 0x0F,
    0xC0, 0x3F, 0x00, 0x30, 0x00, 0xC0, 0x03, 0x00, 0x0C, 0x00, 0x30, 0x00, 0xC0, 0x03, 0x00, 0x0C,
    0x00, 0x30, 0x00, 0xC0, 0x03, 0x00, 0x0C, 0x00, 0x30, 0x00, 0xC0, 0x0F, 0xC0, 0x3F, 0x00, 0x00,
    0x00, 0x00, 0x00, 0x00, 0x00, 0x00, 0x00, 0x00, 0x00, 0x00, 0x00, 0x00, 0x00, 0x00, 0x00, 0x00,
    0x00, 0x00, 0x7F, 0x01, 0xFC, 0x00, 0x00, 0x00, 0x00, 0x3C, 0x00, 0xF0, 0x00, 0xC0, 0x03, 0x00,
    0x0C, 0x00, 0x30, 0x00, 0xC0, 0x03, 0x00, 0x0C, 0x00, 0x30, 0x00, 0xC0, 0x0F, 0xC0, 0x3F, 0x00,
    0x00, 0x00, 0x00, 0x00, 0x00, 0x00, 0x00, 0x00, 0x00, 0x00, 0x18, 0xC0, 0x7F, 0x00, 0xF8, 0x00,
    0x00, 0x0F, 0xC0, 0x3F, 0x00, 0x30, 0x00, 0xC0, 0x03, 0x00, 0x0C, 0x00, 0x30, 0x00, 0xC0, 0x03,
    0x00, 0x0C, 0x00, 0x30, 0x00, 0xC0, 0x03, 0x00, 0x0C, 0x00, 0x30, 0x00, 0xC0, 0x0F, 0xC0, 0x3F,
    0x00, 0x00, 0x00, 0x00, 0x00, 0x00, 0x00, 0x00, 0x00, 0x00, 0x00, 0x00, 0x00, 0x00, 0x00, 0x00,
    0x00, 0x00, 0x00, 0x00, 0x63, 0x01, 0xFC, 0x03, 0xE0, 0x00, 0x00, 0x3C, 0x00, 0xF0, 0x00, 0xC0,
    0x03, 0x00, 0x0C, 0x00, 0x30, 0x00, 0xC0, 0x03, 0x00, 0x0C, 0x00, 0x30, 0x00, 0xC0, 0x0F, 0xC0,
    0x3F, 0x00, 0x00, 0x00, 0x00, 0x00, 0x00, 0x00, 0x00, 0x00, 0x00, 0x00, 0x00, 0x00, 0x00, 0x00,
    0x00, 0x00, 0x00, 0x0F, 0xC0, 0x3F, 0x00, 0x30, 0x00, 0xC0, 0x03, 0x00, 0x0C, 0x00, 0x30, 0x00,
    0xC0, 0x03, 0x00, 0x0C, 0x00, 0x30, 0x00, 0xC0, 0x03, 0x00, 0x0C, 0x00, 0x30, 0x00, 0xC0, 0x0F,
    0xC0, 0x3F, 0x00, 0x30, 0x01, 0x80, 0x06, 0x00, 0x1F, 0x00, 0x3C, 0x00, 0x00, 0x00, 0x00, 0x00,
    0x00, 0x00, 0x00, 0x00, 0x03, 0x00, 0x0C, 0x00, 0x30, 0x00, 0x00, 0x00, 0x00, 0x3C, 0x00, 0xF0,
    0x00, 0xC0, 0x03, 0x00, 0x0C, 0x00, 0x30, 0x00, 0xC0, 0x03, 0x00, 0x0C, 0x00, 0x30, 0x00, 0xC0,
    0x0F, 0xC0, 0x3F, 0x00, 0x30, 0x01, 0x80, 0x06, 0x00, 0x1F, 0x00, 0x3C, 0x00, 0x00, 0x03, 0x00,
    0x0C, 0x00, 0x30, 0x00, 0x00, 0x0F, 0xC0, 0x3F, 0x00, 0x30, 0x00, 0xC0, 0x03, 0x00, 0x0C, 0x00,
    0x30, 0x00, 0xC0, 0x03, 0x00, 0x0C, 0x00, 0x30, 0x00, 0xC0, 0x03, 0x00, 0x0C, 0x00, 0x30, 0x00,
    0xC0, 0x0F, 0xC0, 0x3F, 0x00, 0x00, 0x00, 0x00, 0x00, 0x00, 0x00, 0x00, 0x00, 0x00, 0x00, 0x00,
    0x00, 0x00, 0x00, 0x00, 0x00, 0x00, 0x00, 0x00, 0x00, 0x00, 0x00, 0x00, 0x00, 0x00, 0x00, 0x3C,
    0x00, 0xF0, 0x00, 0xC0, 0x03, 0x00, 0x0C, 0x00, 0x30, 0x00, 0xC0, 0x03, 0x00, 0x0C, 0x00, 0x30,
    0x00, 0xC0, 0x0F, 0xC0, 0x3F, 0x00, 0x00, 0x00, 0x00, 0x00, 0x00, 0x00, 0x00, 0x00, 0x00, 0x00,
    0x00, 0x00, 0x00, 0x00, 0x00, 0x00, 0x00, 0xF0, 0x7B, 0xC1, 0xE6, 0x03, 0x18, 0x0C, 0x60, 0x31,
    0x80, 0xC6, 0x03, 0x18, 0x0C, 0x60, 0x31, 0x80, 0xC6, 0x03, 0x18, 0x0C, 0x66, 0x31, 0x98, 0xC6,
    0x63, 0x19, 0x8C, 0xF7, 0xF3, 0xCF, 0x80, 0x00, 0x00, 0x00, 0x00, 0x00, 0x00, 0x00, 0x00, 0x00,
    0x00, 0x00, 0x00, 0x00, 0x00, 0x00, 0x00, 0x00, 0x30, 0x18, 0xC0, 0x63, 0x01, 0x80, 0x00, 0x00,
    0x01, 0xC0, 0xE7, 0x03, 0x8C, 0x06, 0x30, 0x18, 0xC0, 0x63, 0x01, 0x8C, 0x06, 0x30, 0x18, 0xC0,
    0x63, 0x01, 0x8C, 0x06, 0x78, 0x19, 0xE0, 0x60, 0x01, 0x80, 0xC6, 0x03, 0x18, 0x0F, 0xE0, 0x1F,
    0x00, 0x00, 0x00, 0xE0, 0x07, 0xC0, 0x3B, 0x80, 0x00, 0x01, 0xF8, 0x07, 0xE0, 0x06, 0x00, 0x18,
    0x00, 0x60, 0x01, 0x80, 0x06, 0x00, 0x18, 0x00, 0x60, 0x01, 0x80, 0x06, 0x00, 0x18, 0x60, 0x61,
    0x81, 0x86, 0x06, 0x1C, 0x38, 0x3F, 0xC0, 0x7E, 0x00, 0x00, 0x00, 0x00, 0x00, 0x00, 0x00, 0x00,
    0x00, 0x00, 0x00, 0x00, 0x00, 0x00, 0x00, 0x00, 0x00, 0x00, 0x00, 0x00, 0x03, 0x80, 0x1F, 0x00,
    0xEE, 0x00, 0x00, 0x07, 0x80, 0x1E, 0x00, 0x18, 0x00, 0x60, 0x01, 0x80, 0x06, 0x00, 0x18, 0x00,
    0x60, 0x01, 0x80, 0x06, 0x00, 0x18, 0x00, 0x60, 0x01, 0x83, 0x06, 0x0C, 0x18, 0x38, 0xE0, 0x7F,
    0x00, 0xF8, 0x00, 0x00, 0x00, 0x00, 0x00, 0x00, 0x00, 0x00, 0x00, 0x60, 0x31, 0x81, 0xC6, 0x0E,
    0x18, 0x70, 0x63, 0x81, 0x9C, 0x06, 0xE0, 0x1F, 0x00, 0x78, 0x01, 0xE0, 0x07, 0xC0, 0x1B, 0x80,
    0x67, 0x01, 0x8E, 0x06, 0x1C, 0x18, 0x38, 0x60, 0x71, 0x80, 0xC0, 0x00, 0x01, 0x80, 0x06, 0x00,
    0x18, 0x00, 0xC0, 0x06, 0x00, 0x00, 0x00, 0x00, 0x00, 0x00, 0x00, 0x00, 0x30, 0x00, 0xC0, 0x03,
    0x00, 0x0C, 0x00, 0x30, 0x00, 0xC1, 0xC3, 0x0E, 0x0C, 0x70, 0x33, 0x80, 0xDC, 0x03, 0xE0, 0x0F,
    0x00, 0x3E, 0x00, 0xDC, 0x03, 0x38, 0x0C, 0x70, 0x30, 0xE0, 0xC1, 0xC0, 0x00, 0x01, 0x80, 0x06,
    0x00, 0x18, 0x00, 0xC0, 0x06, 0x00, 0x00, 0x00, 0x00, 0x00, 0x00, 0x00, 0x00, 0x00, 0x00, 0x00,
    0x00, 0x00, 0x00, 0x00, 0x00, 0x00, 0xC1, 0xC3, 0x0E, 0x0C, 0x70, 0x33, 0x80, 0xDC, 0x03, 0xE0,
    0x0F, 0x00, 0x3E, 0x00, 0xDC, 0x03, 0x38, 0x0C, 0x70, 0x30, 0xE0, 0xC1, 0xC0, 0x00, 0x00, 0x00,
    0x00, 0x00, 0x00, 0x00, 0x00, 0x00, 0x00, 0x1C, 0x00, 0xE0, 0x07, 0x00, 0x00, 0x00, 0x60, 0x01,
    0x80, 0x06, 0x00, 0x18, 0x00, 0x60, 0x01, 0x80, 0x06, 0x00, 0x18, 0x00, 0x60, 0x01, 0x80, 0x06,
    0x00, 0x18, 0x00, 0x60, 0x01, 0x80, 0x06, 0x00, 0x18, 0x00, 0x7F, 0xF1, 0xFF, 0xC0, 0x00, 0x00,
    0x00, 0x00, 0x00, 0x00, 0x00, 0x00, 0x00, 0x00, 0x01, 0xC0, 0x0E, 0x00, 0x70, 0x00, 0x00, 0x0F,
    0x00, 0x3C, 0x00, 0x30, 0x00, 0xC0, 0x03, 0x00, 0x0C, 0x00, 0x30, 0x00, 0xC0, 0x03, 0x00, 0x0C,
    0x00, 0x30, 0x00, 0xC0, 0x03, 0x00, 0x0C, 0x00, 0x30, 0x00, 0xC0, 0x0F, 0xC0, 0x3F, 0x00, 0x00,
    0x00, 0x00, 0x00, 0x00, 0x00, 0x00, 0x00, 0x00, 0x00, 0x00, 0x00, 0x00, 0x00, 0x00, 0x00, 0x00,
    0x60, 0x01, 0x80, 0x06, 0x00, 0x18, 0x00, 0x60, 0x01, 0x80, 0x06, 0x00, 0x18, 0x00, 0x60, 0x01,
    0x80, 0x06, 0x00, 0x18, 0x00, 0x60, 0x01, 0x80, 0x06, 0x00, 0x18, 0x00, 0x7F, 0xF1, 0xFF, 0xC0,
    0x00, 0x01, 0x80, 0x06, 0x00, 0x18, 0x00, 0xC0, 0x06, 0x00, 0x00, 0x00, 0x00, 0x00, 0x00, 0x00,
    0x00, 0x0F, 0x00, 0x3C, 0x00, 0x30, 0x00, 0xC0, 0x03, 0x00, 0x0C, 0x00, 0x30, 0x00, 0xC0, 0x03,
    0x00, 0x0C, 0x00, 0x30, 0x00, 0xC0, 0x03, 0x00, 0x0C, 0x00, 0x30, 0x00, 0xC0, 0x0F, 0xC0, 0x3F,
    0x00, 0x00, 0x00, 0xC0, 0x03, 0x00, 0x0C, 0x00, 0x60, 0x03, 0x00, 0x1D, 0xC0, 0x3E, 0x00, 0x70,
    0x00, 0x00, 0x60, 0x01, 0x80, 0x06, 0x00, 0x18, 0x00, 0x60, 0x01, 0x80, 0x06, 0x00, 0x18, 0x00,
    0x60, 0x01, 0x80, 0x06, 0x00, 0x18, 0x00, 0x60, 0x01, 0x80, 0x06, 0x00, 0x18, 0x00, 0x7F, 0xF1,
    0xFF, 0xC0, 0x00, 0x00, 0x00, 0x00, 0x00, 0x00, 0x00, 0x00, 0x00, 0x00, 0x1D, 0xC0, 0x3E, 0x00,
    0x70, 0x00, 0x00, 0x0F, 0x00, 0x3C, 0x00, 0x30, 0x00, 0xC0, 0x03, 0x00, 0x0C, 0x00, 0x30, 0x00,
    0xC0, 0x03, 0x00, 0x0C, 0x00, 0x30, 0x00, 0xC0, 0x03, 0x00, 0x0C, 0x00, 0x30, 0x00, 0xC0, 0x0F,
    0xC0, 0x3F, 0x00, 0x00, 0x00, 0x00, 0x00, 0x00, 0x00, 0x00, 0x00, 0x00, 0x00, 0x00, 0x00, 0x00,
    0x00, 0x00, 0x00, 0x00, 0x60, 0x01, 0x80, 0x06, 0x00, 0x18, 0x00, 0x60, 0x01, 0x80, 0x06, 0x0C,
    0x18, 0x30, 0x60, 0xC1, 0x83, 0x06, 0x00, 0x18, 0x00, 0x60, 0x01, 0x80, 0x06, 0x00, 0x18, 0x00,
    0x7F, 0xF1, 0xFF, 0xC0, 0x00, 0x00, 0x00, 0x00, 0x00, 0x00, 0x00, 0x00, 0x00, 0x00, 0x00, 0x00,
    0x00, 0x00, 0x00, 0x00, 0x00, 0x0F, 0x00, 0x3C, 0x00, 0x30, 0x00, 0xC0, 0x03, 0x00, 0x0C, 0x00,
    0x30, 0xC0, 0xC3, 0x03, 0x0C, 0x0C, 0x30, 0x30, 0x00, 0xC0, 0x03, 0x00, 0x0C, 0x00, 0x30, 0x00,
    0xC0, 0x0F, 0xC0, 0x3F, 0x00, 0x00, 0x00, 0x00, 0x00, 0x00, 0x00, 0x00, 0x00, 0x00, 0x00, 0x00,
    0x00, 0x00, 0x00, 0x00, 0x00, 0x00, 0x30, 0x00, 0xC0, 0x03, 0x00, 0x0C, 0x00, 0x30, 0x00, 0xCC,
    0x03, 0x60, 0x0F, 0x00, 0x38, 0x00, 0xC0, 0x07, 0x00, 0x3C, 0x00, 0x30, 0x00, 0xC0, 0x03, 0x00,
    0x0C, 0x00, 0x3F, 0xF8, 0xFF, 0xE0, 0x00, 0x00, 0x00, 0x00, 0x00, 0x00, 0x00, 0x00, 0x00, 0x00,
    0x00, 0x00, 0x00, 0x00, 0x00, 0x00, 0x00, 0x0F, 0x00, 0x3C, 0x00, 0x30, 0x00, 0xC0, 0x03, 0x00,
    0x0D, 0x80, 0x3C, 0x00, 0xE0, 0x03, 0x00, 0x1C, 0x00, 0xF0, 0x06, 0xC0, 0x03, 0x00, 0x0C, 0x00,
    0x30, 0x00, 0xC0, 0x0F, 0xC0, 0x3F, 0x00, 0x00, 0x00, 0x00, 0x00, 0x00, 0x00, 0x00, 0x00, 0x00,
    0x00, 0x01, 0xC0, 0x0E, 0x00, 0x70, 0x00, 0x00, 0x60, 0x31, 0x80, 0xC6, 0x03, 0x18, 0x0C, 0x70,
    0x31, 0xE0, 0xC7, 0xC3, 0x1B, 0x8C, 0x67, 0x31, 0x8E, 0xC6, 0x1F, 0x18, 0x3C, 0x60, 0x71, 0x80,
    0xC6, 0x03, 0x18, 0x0C, 0x60, 0x31, 0x80, 0xC0, 0x00, 0x00, 0x00, 0x00, 0x00, 0x00, 0x00, 0x00,
    0x00, 0x00, 0x00, 0x00, 0x00, 0x00, 0x00, 0x00, 0x00, 0x00, 0x00, 0x07, 0x00, 0x38, 0x01, 0xC0,
    0x00, 0x01, 0xFF, 0x07, 0xFE, 0x18, 0x1C, 0x60, 0x31, 0x80, 0xC6, 0x03, 0x18, 0x0C, 0x60, 0x31,
    0x80, 0xC6, 0x03, 0x18, 0x0C, 0x60, 0x31, 0x80, 0xC0, 0x00, 0x00, 0x00, 0x00, 0x00, 0x00, 0x00,
    0x00, 0x00, 0x00, 0x00, 0x00, 0x00, 0x00, 0x00, 0x00, 0x00, 0x60, 0x31, 0x80, 0xC6, 0x03, 0x18,
    0x0C, 0x70, 0x31, 0xE0, 0xC7, 0xC3, 0x1B, 0x8C, 0x67, 0x31, 0x8E, 0xC6, 0x1F, 0x18, 0x3C, 0x60,
    0x71, 0x80, 0xC6, 0x03, 0x18, 0x0C, 0x60, 0x31, 0x80, 0xC0, 0x00, 0x01, 0x80, 0x06, 0x00, 0x18,
    0x00, 0xC0, 0x06, 0x00, 0x00, 0x00, 0x00, 0x00, 0x00, 0x00, 0x00, 0x00, 0x00, 0x00, 0x00, 0x00,
    0x00, 0x00, 0x00, 0x01, 0xFF, 0x07, 0xFE, 0x18, 0x1C, 0x60, 0x31, 0x80, 0xC6, 0x03, 0x18, 0x0C,
    0x60, 0x31, 0x80, 0xC6, 0x03, 0x18, 0x0C, 0x60, 0x31, 0x80, 0xC0, 0x00, 0x01, 0x80, 0x06, 0x00,
    0x18, 0x00, 0xC0, 0x06, 0x00, 0x1D, 0xC0, 0x3E, 0x00, 0x70, 0x00, 0x00, 0x60, 0x31, 0x80, 0xC6,
    0x03, 0x18, 0x0C, 0x70, 0x31, 0xE0, 0xC7, 0xC3, 0x1B, 0x8C, 0x67, 0x31, 0x8E, 0xC6, 0x1F, 0x18,
    0x3C, 0x60, 0x71, 0x80, 0xC6, 0x03, 0x18, 0x0C, 0x60, 0x31, 0x80, 0xC0, 0x00, 0x00, 0x00, 0x00,
    0x00, 0x00, 0x00, 0x00, 0x00, 0x00, 0x00, 0x00, 0x00, 0x00, 0x00, 0x00, 0x00, 0x00, 0x00, 0x77,
    0x00, 0xF8, 0x01, 0xC0, 0x00, 0x01, 0xFF, 0x07, 0xFE, 0x18, 0x1C, 0x60, 0x31, 0x80, 0xC6, 0x03,
    0x18, 0x0C, 0x60, 0x31, 0x80, 0xC6, 0x03, 0x18, 0x0C, 0x60, 0x31, 0x80, 0xC0, 0x00, 0x00, 0x00,
    0x00, 0x00, 0x00, 0x00, 0x00, 0x00, 0x00, 0x00, 0x00, 0x00, 0x06, 0x00, 0x18, 0x00, 0x60, 0x01,
    0x80, 0x0C, 0x00, 0x30, 0x00, 0x00, 0x01, 0xFF, 0x07, 0xFE, 0x18, 0x1C, 0x60, 0x31, 0x80, 0xC6,
    0x03, 0x18, 0x0C, 0x60, 0x31, 0x80, 0xC6, 0x03, 0x18, 0x0C, 0x60, 0x31, 0x80, 0xC0, 0x00, 0x00,
    0x00, 0x00, 0x00, 0x00, 0x00, 0x00, 0x00, 0x00, 0x00, 0x00, 0x00, 0x00, 0x00, 0x00, 0x00, 0x60,
    0x31, 0x80, 0xC6, 0x03, 0x18, 0x0C, 0x70, 0x31, 0xE0, 0xC7, 0xC3, 0x1B, 0x8C, 0x67, 0x31, 0x8E,
    0xC6, 0x1F, 0x18, 0x3C, 0x60, 0x71, 0x80, 0xC6, 0x03, 0x18, 0x0C, 0x60, 0x31, 0x80, 0xC0, 0x03,
    0x00, 0x0C, 0x00, 0x70, 0x0F, 0x80, 0x3C, 0x00, 0x00, 0x00, 0x00, 0x00, 0x00, 0x00, 0x00, 0x00,
    0x00, 0x00, 0x00, 0x00, 0x00, 0x00, 0x00, 0x00, 0x01, 0xFF, 0x07, 0xFE, 0x18, 0x1C, 0x60, 0x31,
    0x80, 0xC6, 0x03, 0x18, 0x0C, 0x60, 0x31, 0x80, 0xC6, 0x03, 0x18, 0x0C, 0x60, 0x31, 0x80, 0xC0,
    0x03, 0x00, 0x0C, 0x00, 0x70, 0x0F, 0x80, 0x3C, 0x00, 0x00, 0x1F, 0xC0, 0x7F, 0x00, 0x00, 0x00,
    0x00, 0x1F, 0xC0, 0xFF, 0x87, 0x07, 0x18, 0x0C, 0x60, 0x31, 0x80, 0xC6, 0x03, 0x18, 0x0C, 0x60,
    0x31, 0x80, 0xC6, 0x03, 0x18, 0x0C, 0x60, 0x31, 0x80, 0xC6, 0x03, 0x1C, 0x1C, 0x3F, 0xE0, 0x7F,
    0x00, 0x00, 0x00, 0x00, 0x00, 0x00, 0x00, 0x00, 0x00, 0x00, 0x00, 0x00, 0x00, 0x00, 0x00, 0x00,
    0x00, 0x00, 0x00, 0x00, 0x7F, 0x01, 0xFC, 0x00, 0x00, 0x00, 0x00, 0x7F, 0x03, 0xFE, 0x1C, 0x1C,
    0x60, 0x31, 0x80, 0xC6, 0x03, 0x18, 0x0C, 0x60, 0x31, 0x80, 0xC6, 0x03, 0x1C, 0x1C, 0x3F, 0xE0,
    0x7F, 0x00, 0x00, 0x00, 0x00, 0x00, 0x00, 0x00, 0x00, 0x00, 0x00, 0x00, 0x18, 0xC0, 0x7F, 0x00,
    0xF8, 0x00, 0x00, 0x1F, 0xC0, 0xFF, 0x87, 0x07, 0x18, 0x0C, 0x60, 0x31, 0x80, 0xC6, 0x03, 0x18,
    0x0C, 0x60, 0x31, 0x80, 0xC6, 0x03, 0x18, 0x0C, 0x60, 0x31, 0x80, 0xC6, 0x03, 0x1C, 0x1C, 0x3F,
    0xE0, 0x7F, 0x00, 0x00, 0x00, 0x00, 0x00, 0x00, 0x00, 0x00, 0x00, 0x00, 0x00, 0x00, 0x00, 0x00,
    0x00, 0x00, 0x00, 0x00, 0x00, 0x00, 0x63, 0x01, 0xFC, 0x03, 0xE0, 0x00, 0x00, 0x7F, 0x03, 0xFE,
    0x1C, 0x1C, 0x60, 0x31, 0x80, 0xC6, 0x03, 0x18, 0x0C, 0x60, 0x31, 0x80, 0xC6, 0x03, 0x1C, 0x1C,
    0x3F, 0xE0, 0x7F, 0x00, 0x00, 0x00, 0x00, 0x00, 0x00, 0x00, 0x00, 0x00, 0x00, 0x00, 0x07, 0x38,
    0x39, 0xC1, 0xCE, 0x00, 0x00, 0x1F, 0xC0, 0xFF, 0x87, 0x07, 0x18, 0x0C, 0x60, 0x31, 0x80, 0xC6,
    0x03, 0x18, 0x0C, 0x60, 0x31, 0x80, 0xC6, 0x03, 0x18, 0x0C, 0x60, 0x31, 0x80, 0xC6, 0x03, 0x1C,
    0x1C, 0x3F, 0xE0, 0x7F, 0x00, 0x00, 0x00, 0x00, 0x00, 0x00, 0x00, 0x00, 0x00, 0x00, 0x00, 0x00,
    0x00, 0x00, 0x00, 0x00, 0x00, 0x00, 0x00, 0x00, 0x1C, 0xE0, 0xE7, 0x07, 0x38, 0x00, 0x00, 0x7F,
    0x03, 0xFE, 0x1C, 0x1C, 0x60, 0x31, 0x80, 0xC6, 0x03, 0x18, 0x0C, 0x60, 0x31, 0x80, 0xC6, 0x03,
    0x1C, 0x1C, 0x3F, 0xE0, 0x7F, 0x00, 0x00, 0x00, 0x00, 0x00, 0x00, 0x00, 0x00, 0x00, 0x00, 0x00,
    0x00, 0x00, 0x00, 0x00, 0x00, 0x00, 0x00, 0x3F, 0xF9, 0xFF, 0xEE, 0x30, 0x30, 0xC0, 0xC3, 0x03,
    0x0C, 0x0C, 0x30, 0x30, 0xC0, 0xC3, 0xF3, 0x0F, 0xCC, 0x30, 0x30, 0xC0, 0xC3, 0x03, 0x0C, 0x0C,
    0x30, 0x38, 0xC0, 0x7F, 0xF8, 0xFF, 0xE0, 0x00, 0x00, 0x00, 0x00, 0x00, 0x00, 0x00, 0x00, 0x00,
    0x00, 0x00, 0x00, 0x00, 0x00, 0x00, 0x00, 0x00, 0x00, 0x00, 0x00, 0x00, 0x00, 0x00, 0x00, 0x00,
    0x00, 0xFF, 0x87, 0xFF, 0x30, 0xC6, 0xC3, 0x1B, 0x0C, 0x6C, 0x3F, 0xB0, 0xFE, 0xC3, 0x03, 0x0C,
    0x0C, 0x30, 0x30, 0xC6, 0x7F, 0xF8, 0xFF, 0xC0, 0x00, 0x00, 0x00, 0x00, 0x00, 0x00, 0x00, 0x00,
    0x00, 0x00, 0x01, 0xC0, 0x0E, 0x00, 0x70, 0x00, 0x00, 0x7F, 0xC1, 0xFF, 0x86, 0x07, 0x18, 0x0C,
    0x60, 0x31, 0x80, 0xC6, 0x03, 0x18, 0x0C, 0x60, 0x71, 0xFF, 0x87, 0xFC, 0x1F, 0x00, 0x6E, 0x01,
    0x9C, 0x06, 0x38, 0x18, 0x70, 0x60, 0xE1, 0x81, 0xC0, 0x00, 0x00, 0x00, 0x00, 0x00, 0x00, 0x00,
    0x00, 0x00, 0x00, 0x00, 0x00, 0x00, 0x00, 0x00, 0x00, 0x00, 0x00, 0x00, 0x07, 0x00, 0x38, 0x01,
    0xC0, 0x00, 0x01, 0x9F, 0xC6, 0xFF, 0x1F, 0x00, 0x78, 0x01, 0xC0, 0x06, 0x00, 0x18, 0x00, 0x60,
    0x01, 0x80, 0x06, 0x00, 0x18, 0x00, 0x60, 0x01, 0x80, 0x00, 0x00, 0x00, 0x00, 0x00, 0x00, 0x00,
    0x00, 0x00, 0x00, 0x00, 0x00, 0x00, 0x00, 0x00, 0x00, 0x00, 0x00, 0x7F, 0xC1, 0xFF, 0x86, 0x07,
    0x18, 0x0C, 0x60, 0x31, 0x80, 0xC6, 0x03, 0x18, 0x0C, 0x60, 0x71, 0xFF, 0x87, 0xFC, 0x1F, 0x00,
    0x6E, 0x01, 0x9C, 0x06, 0x38, 0x18, 0x70, 0x60, 0xE1, 0x81, 0xC0, 0x00, 0x01, 0x80, 0x06, 0x00,
    0x18, 0x00, 0xC0, 0x06, 0x00, 0x00, 0x00, 0x00, 0x00, 0x00, 0x00, 0x00, 0x00, 0x00, 0x00, 0x00,
    0x00, 0x00, 0x00, 0x00, 0x00, 0xCF, 0xE3, 0x7F, 0x8F, 0x80, 0x3C, 0x00, 0xE0, 0x03, 0x00, 0x0C,
    0x00, 0x30, 0x00, 0xC0, 0x03, 0x00, 0x0C, 0x00, 0x30, 0x00, 0xC0, 0x00, 0x00, 0x0C, 0x00, 0x30,
    0x00, 0xC0, 0x06, 0x00, 0x30, 0x00, 0x1D, 0xC0, 0x3E, 0x00, 0x70, 0x00, 0x00, 0x7F, 0xC1, 0xFF,
    0x86, 0x07, 0x18, 0x0C, 0x60, 0x31, 0x80, 0xC6, 0x03, 0x18, 0x0C, 0x60, 0x71, 0xFF, 0x87, 0xFC,
    0x1F, 0x00, 0x6E, 0x01, 0x9C, 0x06, 0x38, 0x18, 0x70, 0x60, 0xE1, 0x81, 0xC0, 0x00, 0x00, 0x00,
    0x00, 0x00, 0x00, 0x00, 0x00, 0x00, 0x00, 0x00, 0x00, 0x00, 0x00, 0x00, 0x00, 0x00, 0x00, 0x00,
    0x77, 0x00, 0xF8, 0x01, 0xC0, 0x00, 0x01, 0x9F, 0xC6, 0xFF, 0x1F, 0x00, 0x78, 0x01, 0xC0, 0x06,
    0x00, 0x18, 0x00, 0x60, 0x01, 0x80, 0x06, 0x00, 0x18, 0x00, 0x60, 0x01, 0x80, 0x00, 0x00, 0x00,
    0x00, 0x00, 0x00, 0x00, 0x00, 0x00, 0x00, 0x00, 0x01, 0xC0, 0x0E, 0x00, 0x70, 0x00, 0x00, 0x1F,
    0xC0, 0xFF, 0x87, 0x07, 0x18, 0x0C, 0x60, 0x01, 0x80, 0x06, 0x00, 0x1C, 0x00, 0x3F, 0xC0, 0x7F,
    0x80, 0x07, 0x00, 0x0C, 0x00, 0x30, 0x00, 0xC6, 0x03, 0x1C, 0x1C, 0x3F, 0xE0, 0x7F, 0x00, 0x00,
    0x00, 0x00, 0x00, 0x00, 0x00, 0x00, 0x00, 0x00, 0x00, 0x00, 0x00, 0x00, 0x00, 0x00, 0x00, 0x00,
    0x00, 0x00, 0x07, 0x00, 0x38, 0x01, 0xC0, 0x00, 0x00, 0x7F, 0x03, 0xFE, 0x1C, 0x1C, 0x60, 0x01,
    0xC0, 0x03, 0xFC, 0x07, 0xF8, 0x00, 0x70, 0x00, 0xC0, 0x03, 0x1C, 0x1C, 0x3F, 0xE0, 0x7F, 0x00,
    0x00, 0x00, 0x00, 0x00, 0x00, 0x00, 0x00, 0x00, 0x00, 0x00, 0x07, 0x00, 0x3E, 0x01, 0xDC, 0x00,
    0x00, 0x1F, 0xC0, 0xFF, 0x87, 0x07, 0x18, 0x0C, 0x60, 0x01, 0x80, 0x06, 0x00, 0x1C, 0x00, 0x3F,
    0xC0, 0x7F, 0x80, 0x07, 0x00, 0x0C, 0x00, 0x30, 0x00, 0xC6, 0x03, 0x1C, 0x1C, 0x3F, 0xE0, 0x7F,
    0x00, 0x00, 0x00, 0x00, 0x00, 0x00, 0x00, 0x00, 0x00, 0x00, 0x00, 0x00, 0x00, 0x00, 0x00, 0x00,
    0x00, 0x00, 0x00, 0x00, 0x1C, 0x00, 0xF8, 0x07, 0x70, 0x00, 0x00, 0x7F, 0x03, 0xFE, 0x1C, 0x1C,
    0x60, 0x01, 0xC0, 0x03, 0xFC, 0x07, 0xF8, 0x00, 0x70, 0x00, 0xC0, 0x03, 0x1C, 0x1C, 0x3F, 0xE0,
    0x7F, 0x00, 0x00, 0x00, 0x00, 0x00, 0x00, 0x00, 0x00, 0x00, 0x00, 0x00, 0x00, 0x00, 0x00, 0x00,
    0x00, 0x00, 0x00, 0x1F, 0xC0, 0xFF, 0x87, 0x07, 0x18, 0x0C, 0x60, 0x01, 0x80, 0x06, 0x00, 0x1C,
    0x00, 0x3F, 0xC0, 0x7F, 0x80, 0x07, 0x00, 0x0C, 0x00, 0x30, 0x00, 0xC6, 0x03, 0x1C, 0x1C, 0x3F,
    0xE0, 0x7F, 0x00, 0x60, 0x01, 0x80, 0x06, 0x00, 0x30, 0x01, 0x80, 0x00, 0x00, 0x00, 0x00, 0x00,
    0x00, 0x00, 0x00, 0x00, 0x00, 0x00, 0x00, 0x00, 0x00, 0x00, 0x00, 0x00, 0x00, 0x7F, 0x03, 0xFE,
    0x1C, 0x1C, 0x60, 0x01, 0xC0, 0x03, 0xFC, 0x07, 0xF8, 0x00, 0x70, 0x00, 0xC0, 0x03, 0x1C, 0x1C,
    0x3F, 0xE0, 0x7F, 0x00, 0x60, 0x01, 0x80, 0x06, 0x00, 0x30, 0x01, 0x80, 0x00, 0x00, 0x1D, 0xC0,
    0x3E, 0x00, 0x70, 0x00, 0x00, 0x1F, 0xC0, 0xFF, 0x87, 0x07, 0x18, 0x0C, 0x60, 0x01, 0x80, 0x06,
    0x00, 0x1C, 0x00, 0x3F, 0xC0, 0x7F, 0x80, 0x07, 0x00, 0x0C, 0x00, 0x30, 0x00, 0xC6, 0x03, 0x1C,
    0x1C, 0x3F, 0xE0, 0x7F, 0x00, 0x00, 0x00, 0x00, 0x00, 0x00, 0x00, 0x00, 0x00, 0x00, 0x00, 0x00,
    0x00, 0x00, 0x00, 0x00, 0x00, 0x00, 0x00, 0x00, 0x77, 0x00, 0xF8, 0x01, 0xC0, 0x00, 0x00, 0x7F,
    0x03, 0xFE, 0x1C, 0x1C, 0x60, 0x01, 0xC0, 0x03, 0xFC, 0x07, 0xF8, 0x00, 0x70, 0x00, 0xC0, 0x03,
    0x1C, 0x1C, 0x3F, 0xE0, 0x7F, 0x00, 0x00, 0x00, 0x00, 0x00, 0x00, 0x00, 0x00, 0x00, 0x00, 0x00,
    0x00, 0x00, 0x00, 0x00, 0x00, 0x00, 0x00, 0x7F, 0xF9, 0xFF, 0xE0, 0x30, 0x00, 0xC0, 0x03, 0x00,
    0x0C, 0x00, 0x30, 0x00, 0xC0, 0x03, 0x00, 0x0C, 0x00, 0x30, 0x00, 0xC0, 0x03, 0x00, 0x0C, 0x00,
    0x30, 0x00, 0xC0, 0x03, 0x00, 0x0C, 0x00, 0x18, 0x00, 0x60, 0x01, 0x80, 0x0C, 0x00, 0x60, 0x00,
    0x00, 0x00, 0x00, 0x00, 0x00, 0x00, 0x00, 0x00, 0x06, 0x00, 0x18, 0x00, 0x60, 0x01, 0x80, 0x06,
    0x00, 0xFF, 0x03, 0xFC, 0x01, 0x80, 0x06, 0x00, 0x18, 0x00, 0x60, 0x01, 0x80, 0x06, 0x00, 0x18,
    0x00, 0x60, 0x01, 0x80, 0x07, 0xE0, 0x0F, 0x80, 0x18, 0x00, 0x60, 0x01, 0x80, 0x0C, 0x00, 0x60,
    0x00, 0x00, 0x1D, 0xC0, 0x3E, 0x00, 0x70, 0x00, 0x00, 0x7F, 0xF9, 0xFF, 0xE0, 0x30, 0x00, 0xC0,
    0x03, 0x00, 0x0C, 0x00, 0x30, 0x00, 0xC0, 0x03, 0x00, 0x0C, 0x00, 0x30, 0x00, 0xC0, 0x03, 0x00,
    0x0C, 0x00, 0x30, 0x00, 0xC0, 0x03, 0x00, 0x0C, 0x00, 0x00, 0x00, 0x00, 0x00, 0x00, 0x00, 0x00,
    0x00, 0x00, 0x00, 0x3B, 0x80, 0x7C, 0x00, 0xE0, 0x00, 0x00, 0x06, 0x00, 0x18, 0x00, 0x60, 0x01,
    0x80, 0x06, 0x00, 0xFF, 0x03, 0xFC, 0x01, 0x80, 0x06, 0x00, 0x18, 0x00, 0x60, 0x01, 0x80, 0x06,
    0x00, 0x18, 0x00, 0x60, 0x01, 0x80, 0x07, 0xE0, 0x0F, 0x80, 0x00, 0x00, 0x00, 0x00, 0x00, 0x00,
    0x00, 0x00, 0x00, 0x00, 0x00, 0x00, 0x00, 0x00, 0x00, 0x00, 0x00, 0x7F, 0xF9, 0xFF, 0xE0, 0x30,
    0x00, 0xC0, 0x03, 0x00, 0x0C, 0x00, 0x30, 0x00, 0xC0, 0x1F, 0xE0, 0x7F, 0x80, 0x30, 0x00, 0xC0,
    0x03, 0x00, 0x0C, 0x00, 0x30, 0x00, 0xC0, 0x03, 0x00, 0x0C, 0x00, 0x00, 0x00, 0x00, 0x00, 0x00,
    0x00, 0x00, 0x00, 0x00, 0x00, 0x00, 0x00, 0x00, 0x00, 0x00, 0x00, 0x00, 0x06, 0x00, 0x18, 0x00,
    0x60, 0x01, 0x80, 0x06, 0x00, 0xFF, 0x03, 0xFC, 0x01, 0x80, 0x06, 0x00, 0x7E, 0x01, 0xF8, 0x01,
    0x80, 0x06, 0x00, 0x18, 0x00, 0x60, 0x01, 0x80, 0x07, 0xE0, 0x0F, 0x80, 0x00, 0x00, 0x00, 0x00,
    0x00, 0x00, 0x00, 0x00, 0x00, 0x00, 0x1E, 0x60, 0xFF, 0x83, 0x3C, 0x00, 0x00, 0x60, 0x31, 0x80,
    0xC6, 0x03, 0x18, 0x0C, 0x60, 0x31, 0x80, 0xC6, 0x03, 0x18, 0x0C, 0x60, 0x31, 0x80, 0xC6, 0x03,
    0x18, 0x0C, 0x60, 0x31, 0x80, 0xC6, 0x03, 0x1C, 0x1C, 0x3F, 0xE0, 0x7F, 0x00, 0x00, 0x00, 0x00,
    0x00, 0x00, 0x00, 0x00, 0x00, 0x00, 0x00, 0x00, 0x00, 0x00, 0x00, 0x00, 0x00, 0x00, 0x00, 0x00,
    0x79, 0x83, 0xFE, 0x0C, 0xF0, 0x00, 0x01, 0x80, 0xC6, 0x03, 0x18, 0x0C, 0x60, 0x31, 0x80, 0xC6,
    0x03, 0x18, 0x0C, 0x60, 0x31, 0x80, 0xC6, 0x03, 0x1C, 0x0C, 0x3F, 0xF0, 0x7F, 0xC0, 0x00, 0x00,
    0x00, 0x00, 0x00, 0x00, 0x00, 0x00, 0x00, 0x00, 0x1F, 0xC0, 0x7F, 0x00, 0x00, 0x00, 0x00, 0x60,
    0x31, 0x80, 0xC6, 0x03, 0x18, 0x0C, 0x60, 0x31, 0x80, 0xC6, 0x03, 0x18, 0x0C, 0x60, 0x31, 0x80,
    0xC6, 0x03, 0x18, 0x0C, 0x60, 0x31, 0x80, 0xC6, 0x03, 0x1C, 0x1C, 0x3F, 0xE0, 0x7F, 0x00, 0x00,
    0x00, 0x00, 0x00, 0x00, 0x00, 0x00, 0x00, 0x00, 0x00, 0x00, 0x00, 0x00, 0x00, 0x00, 0x00, 0x00,
    0x00, 0x00, 0x7F, 0x01, 0xFC, 0x00, 0x00, 0x00, 0x01, 0x80, 0xC6, 0x03, 0x18, 0x0C, 0x60, 0x31,
    0x80, 0xC6, 0x03, 0x18, 0x0C, 0x60, 0x31, 0x80, 0xC6, 0x03, 0x1C, 0x0C, 0x3F, 0xF0, 0x7F, 0xC0,
    0x00, 0x00, 0x00, 0x00, 0x00, 0x00, 0x00, 0x00, 0x00, 0x00, 0x18, 0xC0, 0x7F, 0x00, 0xF8, 0x00,
    0x00, 0x60, 0x31, 0x80, 0xC6, 0x03, 0x18, 0x0C, 0x60, 0x31, 0x80, 0xC6, 0x03, 0x18, 0x0C, 0x60,
    0x31, 0x80, 0xC6, 0x03, 0x18, 0x0C, 0x60, 0x31, 0x80, 0xC6, 0x03, 0x1C, 0x1C, 0x3F, 0xE0, 0x7F,
    0x00, 0x00, 0x00, 0x00, 0x00, 0x00, 0x00, 0x00, 0x00, 0x00, 0x00, 0x00, 0x00, 0x00, 0x00, 0x00,
    0x00, 0x00, 0x00, 0x00, 0x63, 0x01, 0xFC, 0x03, 0xE0, 0x00, 0x01, 0x80, 0xC6, 0x03, 0x18, 0x0C,
    0x60, 0x31, 0x80, 0xC6, 0x03, 0x18, 0x0C, 0x60, 0x31, 0x80, 0xC6, 0x03, 0x1C, 0x0C, 0x3F, 0xF0,
    0x7F, 0xC0, 0x00, 0x00, 0x00, 0x00, 0x00, 0x00, 0x00, 0x00, 0x00, 0x00, 0x07, 0x80, 0x33, 0x00,
    0xCC, 0x01, 0xE0, 0x60, 0x31, 0x80, 0xC6, 0x03, 0x18, 0x0C, 0x60, 0x31, 0x80, 0xC6, 0x03, 0x18,
    0x0C, 0x60, 0x31, 0x80, 0xC6, 0x03, 0x18, 0x0C, 0x60, 0x31, 0x80, 0xC6, 0x03, 0x1C, 0x1C, 0x3F,
    0xE0, 0x7F, 0x00, 0x00, 0x00, 0x00, 0x00, 0x00, 0x00, 0x00, 0x00, 0x00, 0x00, 0x00, 0x00, 0x00,
    0x00, 0x00, 0x00, 0x00, 0x00, 0x00, 0x1E, 0x00, 0xCC, 0x03, 0x30, 0x07, 0x81, 0x80, 0xC6, 0x03,
    0x18, 0x0C, 0x60, 0x31, 0x80, 0xC6, 0x03, 0x18, 0x0C, 0x60, 0x31, 0x80, 0xC6, 0x03, 0x1C, 0x0C,
    0x3F, 0xF0, 0x7F, 0xC0, 0x00, 0x00, 0x00, 0x00, 0x00, 0x00, 0x00, 0x00, 0x00, 0x00, 0x07, 0x38,
    0x39, 0xC1, 0xCE, 0x00, 0x00, 0x60, 0x31, 0x80, 0xC6, 0x03, 0x18, 0x0C, 0x60, 0x31, 0x80, 0xC6,
    0x03, 0x18, 0x0C, 0x60, 0x31, 0x80, 0xC6, 0x03, 0x18, 0x0C, 0x60, 0x31, 0x80, 0xC6, 0x03, 0x1C,
    0x1C, 0x3F, 0xE0, 0x7F, 0x00, 0x00, 0x00, 0x00, 0x00, 0x00, 0x00, 0x00, 0x00, 0x00, 0x00, 0x00,
    0x00, 0x00, 0x00, 0x00, 0x00, 0x00, 0x00, 0x00, 0x1C, 0xE0, 0xE7, 0x07, 0x38, 0x00, 0x01, 0x80,
    0xC6, 0x03, 0x18, 0x0C, 0x60, 0x31, 0x80, 0xC6, 0x03, 0x18, 0x0C, 0x60, 0x31, 0x80, 0xC6, 0x03,
    0x1C, 0x0C, 0x3F, 0xF0, 0x7F, 0xC0, 0x00, 0x00, 0x00, 0x00, 0x00, 0x00, 0x00, 0x00, 0x00, 0x00,
    0x00, 0x00, 0x00, 0x00, 0x00, 0x00, 0x00, 0x60, 0x31, 0x80, 0xC6, 0x03, 0x18, 0x0C, 0x60, 0x31,
    0x80, 0xC6, 0x03, 0x18, 0x0C, 0x60, 0x31, 0x80, 0xC6, 0x03, 0x18, 0x0C, 0x60, 0x31, 0x80, 0xC6,
    0x03, 0x1C, 0x1C, 0x3F, 0xE0, 0x7F, 0x00, 0x38, 0x01, 0x80, 0x06, 0x00, 0x1F, 0x00, 0x3C, 0x00,
    0x00, 0x00, 0x00, 0x00, 0x00, 0x00, 0x00, 0x00, 0x00, 0x00, 0x00, 0x00, 0x00, 0x00, 0x00, 0x00,
    0x01, 0x80, 0xC6, 0x03, 0x18, 0x0C, 0x60, 0x31, 0x80, 0xC6, 0x03, 0x18, 0x0C, 0x60, 0x31, 0x80,
    0xC6, 0x03, 0x1C, 0x0C, 0x3F, 0xF0, 0x7F, 0xC0, 0x06, 0x00, 0x30, 0x00, 0xC0, 0x03, 0xE0, 0x07,
    0x80, 0x00, 0x07, 0x00, 0x3E, 0x01, 0xDC, 0x00, 0x00, 0x60, 0x19, 0x80, 0x66, 0x01, 0x98, 0x06,
    0x60, 0x19, 0x80, 0x66, 0x01, 0x98, 0x06, 0x60, 0x19, 0x80, 0x66, 0x31, 0x99, 0xE6, 0x6F, 0xD9,
    0xF3, 0xE7, 0x87, 0x9C, 0x0E, 0x60, 0x19, 0x80, 0x60, 0x00, 0x00, 0x00, 0x00, 0x00, 0x00, 0x00,
    0x00, 0x00, 0x00, 0x00, 0x00, 0x00, 0x00, 0x00, 0x00, 0x00, 0x00, 0x00, 0x1C, 0x00, 0xF8, 0x07,
    0x70, 0x00, 0x01, 0x80, 0x66, 0x01, 0x98, 0x06, 0x60, 0x19, 0x8C, 0x66, 0x31, 0x98, 0xC6, 0x63,
    0x19, 0x8C, 0x66, 0x31, 0x9C, 0xCE, 0x3F, 0xF0, 0x7F, 0x80, 0x00, 0x00, 0x00, 0x00, 0x00, 0x00,
    0x00, 0x00, 0x00, 0x00, 0x07, 0x00, 0x3E, 0x01, 0xDC, 0x00, 0x00, 0x60, 0x19, 0x80, 0x63, 0x03,
    0x0C, 0x0C, 0x18, 0x60, 0x61, 0x80, 0xCC, 0x03, 0x30, 0x07, 0x80, 0x1E, 0x00, 0x30, 0x00, 0xC0,
    0x03, 0x00, 0x0C, 0x00, 0x30, 0x00, 0xC0, 0x03, 0x00, 0x0C, 0x00, 0x00, 0x00, 0x00, 0x00, 0x00,
    0x00, 0x00, 0x00, 0x00, 0x00, 0x00, 0x00, 0x00, 0x00, 0x00, 0x00, 0x00, 0x00, 0x00, 0x1C, 0x00,
    0xF8, 0x07, 0x70, 0x00, 0x01, 0x80, 0xC6, 0x03, 0x18, 0x0C, 0x60, 0x31, 0x80, 0xC6, 0x03, 0x18,
    0x0C, 0x60, 0x31, 0x80, 0xC6, 0x03, 0x1C, 0x0C, 0x3F, 0xF0, 0x7F, 0xC0, 0x03, 0x00, 0x0C, 0x00,
    0x70, 0xFF, 0x83, 0xFC, 0x00, 0x00, 0x18, 0xC0, 0x63, 0x01, 0x8C, 0x00, 0x00, 0x60, 0x19, 0x80,
    0x63, 0x03, 0x0C, 0x0C, 0x18, 0x60, 0x61, 0x80, 0xCC, 0x03, 0x30, 0x07, 0x80, 0x1E, 0x00, 0x30,
    0x00, 0xC0, 0x03, 0x00, 0x0C, 0x00, 0x30, 0x00, 0xC0, 0x03, 0x00, 0x0C, 0x00, 0x00, 0x00, 0x00,
    0x00, 0x00, 0x00, 0x00, 0x00, 0x00, 0x00, 0x01, 0xC0, 0x0E, 0x00, 0x70, 0x00, 0x00, 0x7F, 0xF1,
    0xFF, 0xC0, 0x03, 0x00, 0x0C, 0x00, 0x70, 0x03, 0x80, 0x1C, 0x00, 0xE0, 0x07, 0x00, 0x38, 0x01,
    0xC0, 0x0E, 0x00, 0x70, 0x01, 0x80, 0x06, 0x00, 0x18, 0x00, 0x7F, 0xF1, 0xFF, 0xC0, 0x00, 0x00,
    0x00, 0x00, 0x00, 0x00, 0x00, 0x00, 0x00, 0x00, 0x00, 0x00, 0x00, 0x00, 0x00, 0x00, 0x00, 0x00,
    0x00, 0x07, 0x00, 0x38, 0x01, 0xC0, 0x00, 0x01, 0xFF, 0xC7, 0xFF, 0x00, 0x1C, 0x00, 0xE0, 0x07,
    0x00, 0x38, 0x01, 0xC0, 0x0E, 0x00, 0x70, 0x03, 0x80, 0x1C, 0x00, 0x7F, 0xF1, 0xFF, 0xC0, 0x00,
    0x00, 0x00, 0x00, 0x00, 0x00, 0x00, 0x00, 0x00, 0x00, 0x03, 0x00, 0x0C, 0x00, 0x30, 0x00, 0x00,
    0x7F, 0xF1, 0xFF, 0xC0, 0x03, 0x00, 0x0C, 0x00, 0x70, 0x03, 0x80, 0x1C, 0x00, 0xE0, 0x07, 0x00,
    0x38, 0x01, 0xC0, 0x0E, 0x00, 0x70, 0x01, 0x80, 0x06, 0x00, 0x18, 0x00, 0x7F, 0xF1, 0xFF, 0xC0,
    0x00, 0x00, 0x00, 0x00, 0x00, 0x00, 0x00, 0x00, 0x00, 0x00, 0x00, 0x00, 0x00, 0x00, 0x00, 0x00,
    0x00, 0x00, 0x00, 0x0C, 0x00, 0x30, 0x00, 0xC0, 0x00, 0x01, 0xFF, 0xC7, 0xFF, 0x00, 0x1C, 0x00,
    0xE0, 0x07, 0x00, 0x38, 0x01, 0xC0, 0x0E, 0x00, 0x70, 0x03, 0x80, 0x1C, 0x00, 0x7F, 0xF1, 0xFF,
    0xC0, 0x00, 0x00, 0x00, 0x00, 0x00, 0x00, 0x00, 0x00, 0x00, 0x00, 0x1D, 0xC0, 0x3E, 0x00, 0x70,
    0x00, 0x00, 0x7F, 0xF1, 0xFF, 0xC0, 0x03, 0x00, 0x0C, 0x00, 0x70, 0x03, 0x80, 0x1C, 0x00, 0xE0,
    0x07, 0x00, 0x38, 0x01, 0xC0, 0x0E, 0x00, 0x70, 0x01, 0x80, 0x06, 0x00, 0x18, 0x00, 0x7F, 0xF1,
    0xFF, 0xC0, 0x00, 0x00, 0x00, 0x00, 0x00, 0x00, 0x00, 0x00, 0x00, 0x00, 0x00, 0x00, 0x00, 0x00,
    0x00, 0x00, 0x00, 0x00, 0x00, 0x77, 0x00, 0xF8, 0x01, 0xC0, 0x00, 0x01, 0xFF, 0xC7, 0xFF, 0x00,
    0x1C, 0x00, 0xE0, 0x07, 0x00, 0x38, 0x01, 0xC0, 0x0E, 0x00, 0x70, 0x03, 0x80, 0x1C, 0x00, 0x7F,
    0xF1, 0xFF, 0xC0, 0x00, 0x00, 0x00, 0x00, 0x00, 0x00, 0x00, 0x00, 0x00, 0x00, 0x00, 0x00, 0x00,
    0x00, 0x00, 0x00, 0x00, 0x03, 0xF0, 0x1F, 0xC0, 0x60, 0x01, 0x80, 0x06, 0x00, 0x18, 0x00, 0x60,
    0x01, 0x80, 0x06, 0x00, 0x18, 0x00, 0x60, 0x01, 0x80, 0x06, 0x00, 0x18, 0x00, 0x60, 0x01, 0x80,
    0x06, 0x00, 0x18, 0x00, 0x00, 0x00, 0x00, 0x00, 0x00, 0x00, 0x00, 0x00, 0x00, 0x00, 0x00, 0x0C,
    0x00, 0x30, 0x7F, 0xC7, 0xFF, 0x3F, 0xF9, 0xE1, 0xE7, 0x03, 0xB8, 0x07, 0xE0, 0x1F, 0x00, 0x7C,
    0x01, 0xF0, 0x07, 0xE0, 0x1F, 0x80, 0x77, 0x03, 0x9E, 0x1E, 0x3F, 0xF0, 0x7F, 0x80, 0x30, 0x00,
    0x00, 0x30, 0x07, 0x0F, 0xF1, 0xFF, 0x3F, 0xE7, 0x0E, 0x70, 0x66, 0x07, 0x60, 0x76, 0x07, 0x70,
    0x67, 0x0E, 0x3F, 0xC1, 0xF8, 0x06, 0x00, 0x00, 0x06, 0x00, 0x1D, 0x00, 0x7F, 0x01, 0xFE, 0x03,
    0xDC, 0x07, 0x38, 0x0E, 0x70, 0x1C, 0xE0, 0x39, 0xC0, 0x73, 0x80, 0xE7, 0x01, 0xCE, 0x03, 0x9C,
    0x07, 0x18, 0x0E, 0x38, 0x38, 0x3F, 0xF0, 0x3F, 0xC0, 0x1C, 0x00, 0x00, 0x70, 0x07, 0x40, 0xFE,
    0x1E, 0xE1, 0xCE, 0x1C, 0xE1, 0xCE, 0x1C, 0xE1, 0xCE, 0x1C, 0xE1, 0xCE, 0x1C, 0x7F, 0xC3, 0xFC,
    0x08, 0x00, 0x7C, 0x00, 0xEE, 0xFF, 0xC0, 0x7C, 0xFF, 0xE0, 0x78, 0xE0, 0xF0, 0x00, 0xE0, 0x71,
    0xFF, 0xE0, 0x39, 0xFF, 0xE0, 0x39, 0xFF, 0xE0, 0x38, 0x0E, 0xE0, 0x38, 0x1C, 0xE0, 0x38, 0x1C,
    0xE0, 0x38, 0x38, 0xE0, 0x38, 0x70, 0xE0, 0x70, 0xE0, 0xE0, 0xF0, 0xE0, 0xFF, 0xE1, 0xFF, 0xFF,
    0x81, 0xFF, 0x00, 0x61, 0x98, 0x00, 0xC3, 0xF0, 0x01, 0x83, 0xC0, 0x03, 0x00, 0x00, 0xE6, 0x3F,
    0xC7, 0xFC, 0x7F, 0xCF, 0xF8, 0xFF, 0xB8, 0x70, 0x0E, 0x60, 0x60, 0x38, 0xC0, 0xC0, 0xE1, 0x81,
    0x81, 0xC3, 0x03, 0x07, 0x07, 0x06, 0x1C, 0x0E, 0x1C, 0x70, 0x0F, 0xF9, 0xFF, 0x8F, 0xF3, 0xFF,
    0x06, 0x00, 0x00, 0x40, 0x00, 0x17, 0x00, 0x01, 0xF8, 0x00, 0x0F, 0xC0, 0x00, 0x7E, 0x00, 0x03,
    0xF0, 0x00, 0x1F, 0x80, 0x00, 0xFC, 0x00, 0x07, 0xE0, 0x00, 0x3F, 0x00, 0x01, 0xF8, 0x02, 0x0F,
    0xC0, 0x38, 0x7E, 0x01, 0xC3, 0xF0, 0x06, 0x1F, 0xFF, 0x3F, 0xDF, 0xF8, 0xFC, 0x00, 0x01, 0x80,
    0x40, 0x0D, 0xC0, 0x3F, 0x80, 0x37, 0x00, 0x0E, 0x00, 0xDC, 0x01, 0xB8, 0x03, 0x70, 0x06, 0xE0,
    0x0D, 0xC0, 0x1B, 0x80, 0x37, 0x00, 0x6E, 0x00, 0xDC, 0x01, 0xBF, 0xF3, 0x7F, 0xE6, 0x00, 0x0C,
    0x00, 0x18, 0x00, 0xF0, 0x01, 0xE0, 0x03, 0x00, 0x46, 0xE7, 0xE7, 0xE0, 0xE6, 0xE7, 0xE7, 0xE7,
    0xE7, 0xE7, 0xE7, 0xE7, 0xE7, 0xE7, 0xE7, 0xE7, 0x07, 0x07, 0x1E, 0x1E, 0x08, 0x60, 0x10, 0x01,
    0x78, 0x1C, 0x01, 0xFC, 0x0E, 0x00, 0xFF, 0x07, 0x00, 0x7F, 0xC3, 0x80, 0x3F, 0xE1, 0xC0, 0x1F,
    0xB8, 0xE0, 0x0F, 0xCE, 0x70, 0x07, 0xE7, 0x38, 0x03, 0xF1, 0xDC, 0x01, 0xF8, 0x7E, 0x20, 0xFC,
    0x3F, 0x38, 0x7E, 0x0F, 0x9C, 0x3F, 0x07, 0xCE, 0x1F, 0x81, 0xE3, 0xFD, 0xC0, 0x70, 0xFC, 0x00,
    0x00, 0x18, 0x00, 0x60, 0x10, 0xDE, 0x07, 0x3F, 0xC0, 0xE3, 0x7C, 0x1C, 0x0F, 0xC3, 0x8D, 0xF8,
    0x71, 0xBB, 0x8E, 0x37, 0x39, 0xC6, 0xE7, 0x38, 0xDC, 0x77, 0x1B, 0x87, 0xE3, 0x70, 0xFC, 0x6E,
    0x0F, 0x8D, 0xC1, 0xF1, 0xB8, 0x1E, 0x37, 0x01, 0xC6, 0x00, 0x00, 0xC0, 0x00, 0x18, 0x00, 0x0F,
    0x00, 0x01, 0xC0, 0x00, 0x30, 0x00, 0x0E, 0x00, 0x1C, 0x00, 0x38, 0x00, 0x04, 0xE0, 0x5F, 0xF1,
    0xFF, 0xE3, 0xF0, 0xE7, 0xE1, 0xCF, 0xC3, 0x9F, 0x87, 0x3F, 0x0E, 0x7E, 0x1C, 0xFC, 0x39, 0xF8,
    0x73, 0xF0, 0xE7, 0x00, 0x0E, 0x00, 0x1C, 0x00, 0x78, 0x01, 0xE0, 0x01, 0x00, 0x1D, 0xC0, 0x3E,
    0x00, 0x70, 0x00, 0x00, 0x1F, 0xC0, 0xFF, 0x87, 0x07, 0x18, 0x0C, 0x60, 0x31, 0x80, 0xC6, 0x03,
    0x18, 0x0C, 0x60, 0x31, 0xFF, 0xC7, 0xFF, 0x18, 0x0C, 0x60, 0x31, 0x80, 0xC6, 0x03, 0x18, 0x0C,
    0x60, 0x31, 0x80, 0xC0, 0x00, 0x00, 0x00, 0x00, 0x00, 0x00, 0x00, 0x00, 0x00, 0x00, 0x00, 0x00,
    0x00, 0x00, 0x00, 0x00, 0x00, 0x00, 0x00, 0x77, 0x00, 0xF8, 0x01, 0xC0, 0x00, 0x00, 0x7F, 0x01,
    0xFE, 0x00, 0x1C, 0x00, 0x30, 0x7F, 0xC3, 0xFF, 0x1C, 0x0C, 0x60, 0x31, 0x80, 0xC6, 0x03, 0x1C,
    0x0C, 0x3F, 0xF0, 0x7F, 0xC0, 0x00, 0x00, 0x00, 0x00, 0x00, 0x00, 0x00, 0x00, 0x00, 0x00, 0x1D,
    0xC0, 0x3E, 0x00, 0x70, 0x00, 0x00, 0x0F, 0xC0, 0x3F, 0x00, 0x30, 0x00, 0xC0, 0x03, 0x00, 0x0C,
    0x00, 0x30, 0x00, 0xC0, 0x03, 0x00, 0x0C, 0x00, 0x30, 0x00, 0xC0, 0x03, 0x00, 0x0C, 0x00, 0x30,
    0x00, 0xC0, 0x0F, 0xC0, 0x3F, 0x00, 0x00, 0x00, 0x00, 0x00, 0x00, 0x00, 0x00, 0x00, 0x00, 0x00,
    0x00, 0x00, 0x00, 0x00, 0x00, 0x00, 0x00, 0x00, 0x00, 0x77, 0x00, 0xF8, 0x01, 0xC0, 0x00, 0x00,
    0x3C, 0x00, 0xF0, 0x00, 0xC0, 0x03, 0x00, 0x0C, 0x00, 0x30, 0x00, 0xC0, 0x03, 0x00, 0x0C, 0x00,
    0x30, 0x00, 0xC0, 0x0F, 0xC0, 0x3F, 0x00, 0x00, 0x00, 0x00, 0x00, 0x00, 0x00, 0x00, 0x00, 0x00,
    0x00, 0x1D, 0xC0, 0x3E, 0x00, 0x70, 0x00, 0x00, 0x1F, 0xC0, 0xFF, 0x87, 0x07, 0x18, 0x0C, 0x60,
    0x31, 0x80, 0xC6, 0x03, 0x18, 0x0C, 0x60, 0x31, 0x80, 0xC6, 0x03, 0x18, 0x0C, 0x60, 0x31, 0x80,
    0xC6, 0x03, 0x1C, 0x1C, 0x3F, 0xE0, 0x7F, 0x00, 0x00, 0x00, 0x00, 0x00, 0x00, 0x00, 0x00, 0x00,
    0x00, 0x00, 0x00, 0x00, 0x00, 0x00, 0x00, 0x00, 0x00, 0x00, 0x00, 0x77, 0x00, 0xF8, 0x01, 0xC0,
    0x00, 0x00, 0x7F, 0x03, 0xFE, 0x1C, 0x1C, 0x60, 0x31, 0x80, 0xC6, 0x03, 0x18, 0x0C, 0x60, 0x31,
    0x80, 0xC6, 0x03, 0x1C, 0x1C, 0x3F, 0xE0, 0x7F, 0x00, 0x00, 0x00, 0x00, 0x00, 0x00, 0x00, 0x00,
    0x00, 0x00, 0x00, 0x1D, 0xC0, 0x3E, 0x00, 0x70, 0x00, 0x00, 0x60, 0x31, 0x80, 0xC6, 0x03, 0x18,
    0x0C, 0x60, 0x31, 0x80, 0xC6, 0x03, 0x18, 0x0C, 0x60, 0x31, 0x80, 0xC6, 0x03, 0x18, 0x0C, 0x60,
    0x31, 0x80, 0xC6, 0x03, 0x1C, 0x1C, 0x3F, 0xE0, 0x7F, 0x00, 0x00, 0x00, 0x00, 0x00, 0x00, 0x00,
    0x00, 0x00, 0x00, 0x00, 0x00, 0x00, 0x00, 0x00, 0x00, 0x00, 0x00, 0x00, 0x00, 0x77, 0x00, 0xF8,
    0x01, 0xC0, 0x00, 0x01, 0x80, 0xC6, 0x03, 0x18, 0x0C, 0x60, 0x31, 0x80, 0xC6, 0x03, 0x18, 0x0C,
    0x60, 0x31, 0x80, 0xC6, 0x03, 0x1C, 0x0C, 0x3F, 0xF0, 0x7F, 0xC0, 0x00, 0x00, 0x00, 0x00, 0x00,
    0x00, 0x00, 0x00, 0x00, 0x00, 0x1F, 0xC0, 0x7E, 0x02, 0x20, 0x3B, 0x81, 0xDC, 0x04, 0x01, 0x00,
    0x5C, 0x07, 0xE0, 0x3F, 0x01, 0xF8, 0x0F, 0xC0, 0x7E, 0x03, 0xF0, 0x1F, 0x80, 0xFC, 0x07, 0xE0,
    0x3F, 0x01, 0xD8, 0x0E, 0xE0, 0xE3, 0xFF, 0x0F, 0xF0, 0x1C, 0x00, 0x3F, 0x0F, 0xC0, 0x11, 0xCE,
    0x73, 0x80, 0x44, 0x0F, 0x87, 0xE1, 0xF8, 0x7E, 0x1F, 0x87, 0xE1, 0xF8, 0x7E, 0x1F, 0x87, 0x7F,
    0xCF, 0xF0, 0x80, 0x01, 0x80, 0x1C, 0x00, 0xC0, 0x11, 0x01, 0xDC, 0x0E, 0xE0, 0x20, 0x08, 0x02,
    0xE0, 0x3F, 0x01, 0xF8, 0x0F, 0xC0, 0x7E, 0x03, 0xF0, 0x1F, 0x80, 0xFC, 0x07, 0xE0, 0x3F, 0x01,
    0xF8, 0x0E, 0xC0, 0x77, 0x07, 0x1F, 0xF8, 0x7F, 0x80, 0xE0, 0x07, 0x01, 0x80, 0xC0, 0x04, 0x73,
    0x9C, 0xE0, 0x11, 0x03, 0xE1, 0xF8, 0x7E, 0x1F, 0x87, 0xE1, 0xF8, 0x7E, 0x1F, 0x87, 0xE1, 0xDF,
    0xF3, 0xFC, 0x20, 0x1D, 0xC0, 0x7C, 0x01, 0xC0, 0x11, 0x01, 0xDC, 0x0E, 0xE0, 0x20, 0x08, 0x02,
    0xE0, 0x3F, 0x01, 0xF8, 0x0F, 0xC0, 0x7E, 0x03, 0xF0, 0x1F, 0x80, 0xFC, 0x07, 0xE0, 0x3F, 0x01,
    0xF8, 0x0E, 0xC0, 0x77, 0x07, 0x1F, 0xF8, 0x7F, 0x80, 0xE0, 0x33, 0x07, 0xC1, 0xE0, 0x04, 0x73,
    0x9C, 0xE0, 0x11, 0x03, 0xE1, 0xF8, 0x7E, 0x1F, 0x87, 0xE1, 0xF8, 0x7E, 0x1F, 0x87, 0xE1, 0xDF,
    0xF3, 0xFC, 0x20, 0x0E, 0x00, 0x30, 0x01, 0x80, 0x11, 0x01, 0xDC, 0x0E, 0xE0, 0x22, 0x08, 0x02,
    0xE0, 0x3F, 0x01, 0xF8, 0x0F, 0xC0, 0x7E, 0x03, 0xF0, 0x1F, 0x80, 0xFC, 0x07, 0xE0, 0x3F, 0x01,
    0xF8, 0x0E, 0xC0, 0x77, 0x07, 0x1F, 0xF8, 0x7F, 0x80, 0xE0, 0x38, 0x06, 0x00, 0xC0, 0x04, 0x73,
    0x9C, 0xE0, 0x11, 0x03, 0xE1, 0xF8, 0x7E, 0x1F, 0x87, 0xE1, 0xF8, 0x7E, 0x1F, 0x87, 0xE1, 0xDF,
    0xF3, 0xFC, 0x20, 0x0F, 0x07, 0xF1, 0xFF, 0x38, 0x70, 0x06, 0xFF, 0xDF, 0xFB, 0xFF, 0x60, 0xEE,
    0x1C, 0xFF, 0x0F, 0xC0, 0x40, 0x0F, 0xC0, 0x3F, 0x00, 0x04, 0x03, 0x38, 0x0C, 0xE0, 0x01, 0x00,
    0x30, 0x01, 0xE0, 0x07, 0x80, 0x1F, 0x00, 0xFC, 0x03, 0xB0, 0x0C, 0xE0, 0x73, 0x81, 0x86, 0x0E,
    0x1C, 0x3F, 0xF0, 0xFF, 0xC7, 0x03, 0x9C, 0x0E, 0x60, 0x1F, 0x80, 0x70, 0x3F, 0x87, 0xE1, 0x10,
    0xEE, 0x3B, 0x84, 0x40, 0xE0, 0xFE, 0x7F, 0xDC, 0x30, 0x0C, 0x7F, 0x7F, 0xDE, 0x36, 0x0D, 0x87,
    0x7F, 0xCF, 0xF0, 0xC0, 0x0F, 0xC0, 0x3F, 0x00, 0x10, 0x00, 0xE0, 0x03, 0x80, 0x00, 0x00, 0x30,
    0x01, 0xE0, 0x07, 0x80, 0x1F, 0x00, 0xFC, 0x03, 0xB0, 0x0C, 0xE0, 0x73, 0x81, 0x86, 0x0E, 0x1C,
    0x3F, 0xF0, 0xFF, 0xC7, 0x03, 0x9C, 0x0E, 0x60, 0x1F, 0x80, 0x70, 0x3F, 0x87, 0xE0, 0x40, 0x38,
    0x0E, 0x01, 0x00, 0xE0, 0xFE, 0x7F, 0xDC, 0x30, 0x0C, 0x7F, 0x7F, 0xDE, 0x36, 0x0D, 0x87, 0x7F,
    0xCF, 0xF0, 0xC0, 0x3F, 0xF0, 0xFF, 0xC0, 0x00, 0x00, 0x00, 0x3F, 0xF9, 0xFF, 0xEE, 0x30, 0x30,
    0xC0, 0xC3, 0x03, 0x0C, 0x0C, 0x30, 0x30, 0xC0, 0xFF, 0xF3, 0xFF, 0xCC, 0x30, 0x30, 0xC0, 0xC3,
    0x03, 0x0C, 0x0C, 0x30, 0x30, 0xC0, 0xC3, 0xFB, 0x0F, 0xE0, 0x00, 0x00, 0x00, 0x00, 0x00, 0x00,
    0x00, 0x00, 0x00, 0x00, 0x00, 0x00, 0x00, 0x00, 0x00, 0x00, 0x00, 0x00, 0x00, 0xFF, 0x83, 0xFE,
    0x00, 0x00, 0x00, 0x01, 0xF7, 0x87, 0xFF, 0x01, 0xCE, 0x03, 0x18, 0xFC, 0x67, 0xFF, 0xB8, 0xFE,
    0xC3, 0x03, 0x0C, 0x0C, 0x30, 0x38, 0xE6, 0x7F, 0xF8, 0xFB, 0xC0, 0x00, 0x00, 0x00, 0x00, 0x00,
    0x00, 0x00, 0x00, 0x00, 0x00, 0x00, 0x00, 0x00, 0x00, 0x00, 0x00, 0x00, 0x1F, 0xC0, 0xFF, 0x87,
    0x07, 0x18, 0x0C, 0x60, 0x31, 0x80, 0x06, 0x00, 0x18, 0x00, 0x63, 0xF1, 0x8F, 0xC6, 0x03, 0x18,
    0x0C, 0x61, 0xFD, 0x87, 0xF6, 0x03, 0x1C, 0x1C, 0x3F, 0xE0, 0x7F, 0x00, 0x00, 0x00, 0x00, 0x00,
    0x00, 0x00, 0x00, 0x00, 0x00, 0x00, 0x00, 0x00, 0x00, 0x00, 0x00, 0x00, 0x00, 0x00, 0x00, 0x00,
    0x00, 0x00, 0x00, 0x00, 0x00, 0x00, 0x7F, 0xC3, 0xFF, 0x1C, 0x0C, 0x60, 0x31, 0x80, 0xC6, 0x1F,
    0xD8, 0x7F, 0x60, 0x31, 0x80, 0xC6, 0x03, 0x1C, 0x0C, 0x3F, 0xF0, 0x7F, 0xC0, 0x03, 0x00, 0x0C,
    0x00, 0x70, 0xFF, 0x83, 0xFC, 0x00, 0x00, 0x1D, 0xC0, 0x3E, 0x00, 0x70, 0x00, 0x00, 0x1F, 0xC0,
    0xFF, 0x87, 0x07, 0x18, 0x0C, 0x60, 0x31, 0x80, 0x06, 0x00, 0x18, 0x00, 0x63, 0xF1, 0x8F, 0xC6,
    0x03, 0x18, 0x0C, 0x60, 0x31, 0x80, 0xC6, 0x03, 0x1C, 0x1C, 0x3F, 0xE0, 0x7F, 0x00, 0x00, 0x00,
    0x00, 0x00, 0x00, 0x00, 0x00, 0x00, 0x00, 0x00, 0x00, 0x00, 0x00, 0x00, 0x00, 0x00, 0x00, 0x00,
    0x00, 0x77, 0x00, 0xF8, 0x01, 0xC0, 0x00, 0x00, 0x7F, 0xC3, 0xFF, 0x1C, 0x0C, 0x60, 0x31, 0x80,
    0xC6, 0x03, 0x18, 0x0C, 0x60, 0x31, 0x80, 0xC6, 0x03, 0x1C, 0x0C, 0x3F, 0xF0, 0x7F, 0xC0, 0x03,
    0x00, 0x0C, 0x00, 0x70, 0xFF, 0x83, 0xFC, 0x00, 0x00, 0x1D, 0xC0, 0x3E, 0x00, 0x70, 0x00, 0x00,
    0x60, 0x31, 0x81, 0xC6, 0x0E, 0x18, 0x70, 0x63, 0x81, 0x9C, 0x06, 0xE0, 0x1F, 0x00, 0x78, 0x01,
    0xE0, 0x07, 0xC0, 0x1B, 0x80, 0x67, 0x01, 0x8E, 0x06, 0x1C, 0x18, 0x38, 0x60, 0x71, 0x80, 0xC0,
    0x00, 0x00, 0x00, 0x00, 0x00, 0x00, 0x00, 0x00, 0x00, 0x00, 0x1D, 0xC0, 0x3E, 0x00, 0x70, 0x00,
    0x00, 0x30, 0x00, 0xC0, 0x03, 0x00, 0x0C, 0x00, 0x30, 0x00, 0xC1, 0xC3, 0x0E, 0x0C, 0x70, 0x33,
    0x80, 0xDC, 0x03, 0xE0, 0x0F, 0x00, 0x3E, 0x00, 0xDC, 0x03, 0x38, 0x0C, 0x70, 0x30, 0xE0, 0xC1,
    0xC0, 0x00, 0x00, 0x00, 0x00, 0x00, 0x00, 0x00, 0x00, 0x00, 0x00, 0x00, 0x00, 0x00, 0x00, 0x00,
    0x00, 0x00, 0x1F, 0xC0, 0xFF, 0x87, 0x07, 0x18, 0x0C, 0x60, 0x31, 0x80, 0xC6, 0x03, 0x18, 0x0C,
    0x60, 0x31, 0x80, 0xC6, 0x03, 0x18, 0x0C, 0x60, 0x31, 0x80, 0xC6, 0x03, 0x1C, 0x1C, 0x3F, 0xE0,
    0x7F, 0x00, 0x38, 0x01, 0x80, 0x06, 0x00, 0x1F, 0x00, 0x3C, 0x00, 0x00, 0x00, 0x00, 0x00, 0x00,
    0x00, 0x00, 0x00, 0x00, 0x00, 0x00, 0x00, 0x00, 0x00, 0x00, 0x00, 0x00, 0x7F, 0x03, 0xFE, 0x1C,
    0x1C, 0x60, 0x31, 0x80, 0xC6, 0x03, 0x18, 0x0C, 0x60, 0x31, 0x80, 0xC6, 0x03, 0x1C, 0x1C, 0x3F,
    0xE0, 0x7F, 0x00, 0x38, 0x01, 0x80, 0x06, 0x00, 0x1F, 0x00, 0x3C, 0x00, 0x00, 0x1F, 0xC0, 0x7F,
    0x00, 0x00, 0x00, 0x00, 0x1F, 0xC0, 0xFF, 0x87, 0x07, 0x18, 0x0C, 0x60, 0x31, 0x80, 0xC6, 0x03,
    0x18, 0x0C, 0x60, 0x31, 0x80, 0xC6, 0x03, 0x18, 0x0C, 0x60, 0x31, 0x80, 0xC6, 0x03, 0x1C, 0x1C,
    0x3F, 0xE0, 0x7F, 0x00, 0x38, 0x01, 0x80, 0x06, 0x00, 0x1F, 0x00, 0x3C, 0x00, 0x00, 0x00, 0x00,
    0x00, 0x00, 0x00, 0x00, 0x00, 0x00, 0x00, 0x7F, 0x01, 0xFC, 0x00, 0x00, 0x00, 0x00, 0x7F, 0x03,
    0xFE, 0x1C, 0x1C, 0x60, 0x31, 0x80, 0xC6, 0x03, 0x18, 0x0C, 0x60, 0x31, 0x80, 0xC6, 0x03, 0x1C,
    0x1C, 0x3F, 0xE0, 0x7F, 0x00, 0x38, 0x01, 0x80, 0x06, 0x00, 0x1F, 0x00, 0x3C, 0x00, 0x00, 0x1D,
    0xC0, 0x3E, 0x00, 0x70, 0x00, 0x00, 0x7F, 0xF1, 0xFF, 0xC0, 0x07, 0x00, 0x38, 0x01, 0xC0, 0x0E,
    0x00, 0x70, 0x03, 0xF0, 0x0F, 0xE0, 0x01, 0xC0, 0x03, 0x00, 0x0C, 0x00, 0x30, 0x00, 0xC6, 0x03,
    0x1C, 0x1C, 0x3F, 0xE0, 0x7F, 0x00, 0x00, 0x00, 0x00, 0x00, 0x00, 0x00, 0x00, 0x00, 0x00, 0x00,
    0x00, 0x00, 0x00, 0x00, 0x00, 0x00, 0x00, 0x00, 0x00, 0x77, 0x00, 0xF8, 0x01, 0xC0, 0x00, 0x01,
    0xFF, 0xC7, 0xFF, 0x00, 0x1C, 0x00, 0xE0, 0x07, 0x00, 0x38, 0x01, 0xC0, 0x0F, 0xC0, 0x3F, 0x80,
    0x07, 0x00, 0x0C, 0x00, 0x30, 0x00, 0xC0, 0x03, 0x18, 0x0C, 0x70, 0x70, 0xFF, 0x81, 0xFC, 0x00,
    0x00, 0x00, 0x00, 0x00, 0x00, 0x00, 0x00, 0x00, 0x00, 0x00, 0x0E, 0xE0, 0x1F, 0x00, 0x38, 0x00,
    0x00, 0x07, 0x80, 0x1E, 0x00, 0x18, 0x00, 0x60, 0x01, 0x80, 0x06, 0x00, 0x18, 0x00, 0x60, 0x01,
    0x80, 0x06, 0x00, 0x18, 0x00, 0x60, 0x01, 0x83, 0x06, 0x0C, 0x18, 0x38, 0xE0, 0x7F, 0x00, 0xF8,
    0x00, 0x00, 0x7C, 0x01, 0xFF, 0xBF, 0xF0, 0x7F, 0xFF, 0xFE, 0x1F, 0xFF, 0x83, 0xC0, 0x0E, 0xE0,
    0x70, 0x03, 0xB8, 0x0E, 0x01, 0xCE, 0x03, 0x80, 0xE3, 0x80, 0xE0, 0x38, 0xE0, 0x38, 0x1C, 0x38,
    0x0E, 0x0E, 0x0E, 0x03, 0x87, 0x03, 0x80, 0xE1, 0xC0, 0xE0, 0x70, 0xE0, 0x38, 0x3C, 0x70, 0x0F,
    0xFE, 0x1F, 0xFF, 0xFE, 0x07, 0xFF, 0x7C, 0x00, 0x00, 0xFF, 0xC0, 0x00, 0xFF, 0xE0, 0x00, 0xE0,
    0xF0, 0x00, 0xE0, 0x71, 0xFF, 0xE0, 0x39, 0xFF, 0xE0, 0x39, 0xFF, 0xE0, 0x38, 0x0E, 0xE0, 0x38,
    0x1C, 0xE0, 0x38, 0x1C, 0xE0, 0x38, 0x38, 0xE0, 0x38, 0x70, 0xE0, 0x70, 0xE0, 0xE0, 0xF0, 0xE0,
    0xFF, 0xE1, 0xFF, 0xFF, 0x81, 0xFF, 0x00, 0x60, 0x00, 0x00, 0xC0, 0x00, 0x01, 0x80, 0x00, 0x03,
    0x00, 0x00, 0xE6, 0x3F, 0xC7, 0xFC, 0x7F, 0xCF, 0xF8, 0xFF, 0xB8, 0x70, 0x0E, 0x60, 0x60, 0x38,
    0xC0, 0xC0, 0xE1, 0x81, 0x81, 0xC3, 0x03, 0x07, 0x07, 0x06, 0x1C, 0x0E, 0x1C, 0x70, 0x0F, 0xF9,
    0xFF, 0x8F, 0xF3, 0xFF, 0x06, 0x00, 0x00, 0x01, 0xC0, 0x0E, 0x00, 0x70, 0x00, 0x00, 0x1F, 0xC0,
    0xFF, 0x87, 0x07, 0x18, 0x0C, 0x60, 0x31, 0x80, 0x06, 0x00, 0x18, 0x00, 0x63, 0xF1, 0x8F, 0xC6,
    0x03, 0x18, 0x0C, 0x60, 0x31, 0x80, 0xC6, 0x03, 0x1C, 0x1C, 0x3F, 0xE0, 0x7F, 0x00, 0x00, 0x00,
    0x00, 0x00, 0x00, 0x00, 0x00, 0x00, 0x00, 0x00, 0x00, 0x00, 0x00, 0x00, 0x00, 0x00, 0x00, 0x00,
    0x00, 0x03, 0x80, 0x1C, 0x00, 0xE0, 0x00, 0x00, 0x7F, 0xC3, 0xFF, 0x1C, 0x0C, 0x60, 0x31, 0x80,
    0xC6, 0x03, 0x18, 0x0C, 0x60, 0x31, 0x80, 0xC6, 0x03, 0x1C, 0x0C, 0x3F, 0xF0, 0x7F, 0xC0, 0x03,
    0x00, 0x0C, 0x00, 0x70, 0xFF, 0x83, 0xFC, 0x00, 0x00, 0x40, 0x10, 0x07, 0x01, 0xC0, 0x38, 0x0E,
    0x01, 0xC0, 0x70, 0x0E, 0x03, 0x81, 0x70, 0x1C, 0x1F, 0x80, 0xE0, 0xFF, 0xFF, 0x07, 0xFF, 0xF8,
    0x3F, 0xFF, 0xC1, 0xF8, 0x0E, 0x0F, 0xC0, 0x70, 0x7E, 0x03, 0x83, 0xF0, 0x0E, 0x3B, 0x80, 0x7F,
    0xDC, 0x01, 0xFC, 0x00, 0x01, 0x80, 0xDE, 0x1F, 0xF3, 0xFF, 0x70, 0xFE, 0x0F, 0xC1, 0xF8, 0x3F,
    0x07, 0xE0, 0xFC, 0x1F, 0x83, 0xF0, 0xFE, 0x1D, 0xC7, 0x39, 0xE7, 0xF0, 0xFC, 0x1E, 0x03, 0x80,
    0x70, 0x0C, 0x00, 0x0E, 0x00, 0x70, 0x01, 0xC0, 0x06, 0x06, 0x01, 0x78, 0x1F, 0xC0, 0xFF, 0x07,
    0xFC, 0x3F, 0xE1, 0xFB, 0x8F, 0xCE, 0x7E, 0x73, 0xF1, 0xDF, 0x87, 0xFC, 0x3F, 0xE0, 0xFF, 0x07,
    0xF8, 0x1F, 0xC0, 0x70, 0x38, 0x06, 0x01, 0xC0, 0x30, 0x4E, 0x3F, 0xEF, 0xFB, 0x87, 0xE1, 0xF8,
    0x7E, 0x1F, 0x87, 0xE1, 0xF8, 0x7E, 0x1F, 0x87, 0x00, 0x00, 0x07, 0x00, 0x38, 0x01, 0xE0, 0x0F,
    0xC0, 0x33, 0x00, 0xFC, 0x01, 0xE0, 0x03, 0x00, 0x1E, 0x00, 0x78, 0x01, 0xF0, 0x0F, 0xC0, 0x3B,
    0x00, 0xCE, 0x07, 0x38, 0x18, 0x60, 0xE1, 0xC3, 0xFF, 0x0F, 0xFC, 0x70, 0x39, 0xC0, 0xE6, 0x01,
    0xF8, 0x07, 0x03, 0x01, 0xC0, 0x60, 0x7C, 0x1F, 0x06, 0xE1, 0xF0, 0x7C, 0x0E, 0x0F, 0xE7, 0xFD,
    0xC3, 0x00, 0xC7, 0xF7, 0xFD, 0xE3, 0x60, 0xD8, 0x77, 0xFC, 0xFF, 0x0C, 0x00, 0x01, 0xC0, 0x0E,
    0x00, 0x70, 0x00, 0x00, 0x3F, 0xF9, 0xFF, 0xEE, 0x30, 0x30, 0xC0, 0xC3, 0x03, 0x0C, 0x0C, 0x30,
    0x30, 0xC0, 0xFF, 0xF3, 0xFF, 0xCC, 0x30, 0x30, 0xC0, 0xC3, 0x03, 0x0C, 0x0C, 0x30, 0x30, 0xC0,
    0xC3, 0xFB, 0x0F, 0xE0, 0x00, 0x00, 0x00, 0x00, 0x00, 0x00, 0x00, 0x00, 0x00, 0x00, 0x00, 0x00,
    0x00, 0x00, 0x00, 0x00, 0x00, 0x00, 0x00, 0x07, 0x00, 0x38, 0x01, 0xC0, 0x00, 0x01, 0xF7, 0x87,
    0xFF, 0x01, 0xCE, 0x03, 0x18, 0xFC, 0x67, 0xFF, 0xB8, 0xFE, 0xC3, 0x03, 0x0C, 0x0C, 0x30, 0x38,
    0xE6, 0x7F, 0xF8, 0xFB, 0xC0, 0x00, 0x00, 0x00, 0x00, 0x00, 0x00, 0x00, 0x00, 0x00, 0x00, 0x01,
    0xC0, 0x0E, 0x00, 0x70, 0x00, 0x00, 0x1F, 0xC0, 0xFF, 0x87, 0x07, 0x18, 0x0E, 0x60, 0x79, 0x83,
    0xC6, 0x1F, 0x18, 0xEC, 0x67, 0x31, 0xB8, 0xC7, 0xC3, 0x1E, 0x0C, 0x70, 0x33, 0x80, 0xCE, 0x03,
    0x1C, 0x1C, 0x3F, 0xE0, 0x7F, 0x00, 0x00, 0x00, 0x00, 0x00, 0x00, 0x00, 0x00, 0x00, 0x00, 0x00,
    0x00, 0x00, 0x00, 0x00, 0x00, 0x00, 0x00, 0x00, 0x00, 0x07, 0x00, 0x38, 0x01, 0xC0, 0x00, 0x00,
    0x7F, 0x63, 0xFF, 0x98, 0x1C, 0x60, 0xF1, 0x87, 0xC6, 0x3B, 0x19, 0xCC, 0x6E, 0x31, 0xF0, 0xC7,
    0x83, 0x1C, 0x0C, 0xFF, 0xE3, 0x7F, 0x00, 0x00, 0x00, 0x00, 0x00, 0x00, 0x00, 0x00, 0x00, 0x00,
    0x00, 0x3B, 0x80, 0x76, 0x00, 0xDC, 0x01, 0x30, 0x03, 0x00, 0x1E, 0x00, 0x78, 0x01, 0xF0, 0x0F,
    0xC0, 0x3B, 0x00, 0xCE, 0x07, 0x38, 0x18, 0x60, 0xE1, 0xC3, 0xFF, 0x0F, 0xFC, 0x70, 0x39, 0xC0,
    0xE6, 0x01, 0xF8, 0x07, 0x76, 0x1D, 0xC3, 0xB0, 0x6C, 0x0E, 0x0F, 0xE7, 0xFD, 0xC3, 0x00, 0xC7,
    0xF7, 0xFD, 0xE3, 0x60, 0xD8, 0x77, 0xFC, 0xFF, 0x0C, 0x00, 0x07, 0x80, 0x3F, 0x00, 0xCC, 0x00,
    0x00, 0x03, 0x00, 0x1E, 0x00, 0x78, 0x01, 0xF0, 0x0F, 0xC0, 0x3B, 0x00, 0xCE, 0x07, 0x38, 0x18,
    0x60, 0xE1, 0xC3, 0xFF, 0x0F, 0xFC, 0x70, 0x39, 0xC0, 0xE6, 0x01, 0xF8, 0x07, 0x1F, 0x07, 0xE3,
    0x18, 0x00, 0x0E, 0x0F, 0xE7, 0xFD, 0xC3, 0x00, 0xC7, 0xF7, 0xFD, 0xE3, 0x60, 0xD8, 0x77, 0xFC,
    0xFF, 0x0C, 0x00, 0x66, 0x0E, 0xE0, 0xFC, 0x0D, 0x87, 0xFD, 0xFF, 0xFF, 0xF7, 0x00, 0xE0, 0x1C,
    0x03, 0x80, 0x7F, 0xEF, 0xFD, 0xFF, 0x38, 0x07, 0x00, 0xE0, 0x1C, 0x03, 0xFF, 0xFF, 0xF0, 0x77,
    0x07, 0xE0, 0x6C, 0x0C, 0x80, 0xF0, 0x3F, 0x8F, 0xF3, 0x87, 0x60, 0x6F, 0xFD, 0xFF, 0xB0, 0x06,
    0x00, 0xE1, 0xCF, 0xF8, 0xFE, 0x06, 0x00, 0x1F, 0x07, 0xE0, 0xC6, 0x00, 0x07, 0xFD, 0xFF, 0xFF,
    0xF7, 0x00, 0xE0, 0x1C, 0x03, 0x80, 0x7F, 0xEF, 0xFD, 0xFF, 0x38, 0x07, 0x00, 0xE0, 0x1C, 0x03,
    0xFF, 0xFF, 0xF0, 0x0F, 0x03, 0xF0, 0x66, 0x00, 0x00, 0xF0, 0x3F, 0x8F, 0xF3, 0x87, 0x60, 0x6F,
    0xFD, 0xFF, 0xB0, 0x06, 0x00, 0xE1, 0xCF, 0xF8, 0xFE, 0x06, 0x00, 0xEC, 0x6E, 0x76, 0x36, 0x08,
    0x1C, 0x1C, 0x1C, 0x1C, 0x1C, 0x1C, 0x1C, 0x1C, 0x1C, 0x1C, 0x1C, 0x1C, 0x1C, 0x1C, 0x1C, 0x6E,
    0x76, 0x3F, 0x1B, 0x04, 0x0E, 0x0E, 0x0E, 0x0E, 0x0E, 0x0E, 0x0E, 0x0E, 0x0E, 0x0E, 0x0E, 0x3C,
    0xFF, 0x98, 0x01, 0x07, 0x0E, 0x1C, 0x38, 0x70, 0xE1, 0xC3, 0x87, 0x0E, 0x1C, 0x38, 0x70, 0xE1,
    0xC0, 0x7D, 0xFB, 0x18, 0x01, 0x07, 0x0E, 0x1C, 0x38, 0x70, 0xE1, 0xC3, 0x87, 0x0E, 0x1C, 0x3B,
    0x80, 0x6E, 0x00, 0xD8, 0x03, 0x20, 0x07, 0x80, 0x7F, 0x83, 0xFF, 0x1E, 0x1E, 0x70, 0x3B, 0x80,
    0x7E, 0x01, 0xF0, 0x07, 0xC0, 0x1F, 0x00, 0x7E, 0x01, 0xF8, 0x07, 0x70, 0x39, 0xE1, 0xE3, 0xFF,
    0x07, 0xF8, 0x03, 0x00, 0x77, 0x03, 0xB0, 0x1B, 0x80, 0x98, 0x0F, 0x01, 0xFC, 0x3F, 0xE7, 0x0E,
    0x70, 0x66, 0x07, 0x60, 0x76, 0x07, 0x70, 0x67, 0x0E, 0x3F, 0xC1, 0xF8, 0x06, 0x00, 0x07, 0x80,
    0x3F, 0x00, 0xCC, 0x00, 0x00, 0x07, 0x80, 0x7F, 0x83, 0xFF, 0x1E, 0x1E, 0x70, 0x3B, 0x80, 0x7E,
    0x01, 0xF0, 0x07, 0xC0, 0x1F, 0x00, 0x7E, 0x01, 0xF8, 0x07, 0x70, 0x39, 0xE1, 0xE3, 0xFF, 0x07,
    0xF8, 0x03, 0x00, 0x0F, 0x01, 0xF8, 0x19, 0x80, 0x00, 0x0F, 0x01, 0xFC, 0x3F, 0xE7, 0x0E, 0x70,
    0x66, 0x07, 0x60, 0x76, 0x07, 0x70, 0x67, 0x0E, 0x3F, 0xC1, 0xF8, 0x06, 0x00, 0x76, 0x07, 0x70,
    0x3B, 0x01, 0xB0, 0x7E, 0x0F, 0xFC, 0xFF, 0xEE, 0x0E, 0xE0, 0x6E, 0x07, 0xE0, 0x6E, 0x0E, 0xFF,
    0xEF, 0xFC, 0xE3, 0x8E, 0x1C, 0xE1, 0xCE, 0x0E, 0xE0, 0xEE, 0x07, 0x6E, 0x3B, 0x0D, 0xC2, 0x61,
    0x31, 0xFC, 0xFC, 0x70, 0x38, 0x1C, 0x0E, 0x07, 0x03, 0x81, 0xC0, 0xE0, 0x70, 0x1F, 0x01, 0xF8,
    0x31, 0x80, 0x00, 0x7E, 0x0F, 0xFC, 0xFF, 0xEE, 0x0E, 0xE0, 0x6E, 0x07, 0xE0, 0x6E, 0x0E, 0xFF,
    0xEF, 0xFC, 0xE3, 0x8E, 0x1C, 0xE1, 0xCE, 0x0E, 0xE0, 0xEE, 0x07, 0x79, 0xFB, 0x38, 0x04, 0xDF,
    0xFF, 0x70, 0xE1, 0xC3, 0x87, 0x0E, 0x1C, 0x38, 0x70, 0x3B, 0x00, 0xDC, 0x07, 0x60, 0x1B, 0x04,
    0x01, 0x70, 0x1F, 0x80, 0xFC, 0x07, 0xE0, 0x3F, 0x01, 0xF8, 0x0F, 0xC0, 0x7E, 0x03, 0xF0, 0x1F,
    0x80, 0xFC, 0x07, 0x60, 0x3B, 0x83, 0x8F, 0xFC, 0x3F, 0xC0, 0x70, 0x00, 0xEE, 0x1F, 0x83, 0x60,
    0xC8, 0x40, 0xF8, 0x7E, 0x1F, 0x87, 0xE1, 0xF8, 0x7E, 0x1F, 0x87, 0xE1, 0xF8, 0x77, 0xFC, 0xFF,
    0x08, 0x00, 0x07, 0x80, 0x7E, 0x06, 0x30, 0x00, 0x04, 0x01, 0x70, 0x1F, 0x80, 0xFC, 0x07, 0xE0,
    0x3F, 0x01, 0xF8, 0x0F, 0xC0, 0x7E, 0x03, 0xF0, 0x1F, 0x80, 0xFC, 0x07, 0x60, 0x3B, 0x83, 0x8F,
    0xFC, 0x3F, 0xC0, 0x70, 0x00, 0x1E, 0x0F, 0xC3, 0x30, 0x00, 0x40, 0xF8, 0x7E, 0x1F, 0x87, 0xE1,
    0xF8, 0x7E, 0x1F, 0x87, 0xE1, 0xF8, 0x77, 0xFC, 0xFF, 0x08, 0x00, 0x00, 0x00, 0x00, 0x00, 0x00,
    0x00, 0x00, 0x1F, 0xC0, 0xFF, 0x87, 0x07, 0x18, 0x0C, 0x60, 0x01, 0x80, 0x06, 0x00, 0x1C, 0x00,
    0x3F, 0xC0, 0x7F, 0x80, 0x07, 0x00, 0x0C, 0x00, 0x30, 0x00, 0xC6, 0x03, 0x1C, 0x1C, 0x3F, 0xE0,
    0x7F, 0x00, 0x00, 0x01, 0x80, 0x06, 0x00, 0x18, 0x00, 0xC0, 0x06, 0x00, 0x00, 0x00, 0x00, 0x00,
    0x00, 0x00, 0x00, 0x00, 0x00, 0x00, 0x00, 0x00, 0x00, 0x00, 0x00, 0x00, 0x7F, 0x03, 0xFE, 0x1C,
    0x1C, 0x60, 0x01, 0xC0, 0x03, 0xFC, 0x07, 0xF8, 0x00, 0x70, 0x00, 0xC0, 0x03, 0x1C, 0x1C, 0x3F,
    0xE0, 0x7F, 0x00, 0x00, 0x01, 0x80, 0x06, 0x00, 0x18, 0x00, 0xC0, 0x06, 0x00, 0x00, 0x00, 0x00,
    0x00, 0x00, 0x00, 0x00, 0x7F, 0xF9, 0xFF, 0xE0, 0x30, 0x00, 0xC0, 0x03, 0x00, 0x0C, 0x00, 0x30,
    0x00, 0xC0, 0x03, 0x00, 0x0C, 0x00, 0x30, 0x00, 0xC0, 0x03, 0x00, 0x0C, 0x00, 0x30, 0x00, 0xC0,
    0x03, 0x00, 0x0C, 0x00, 0x00, 0x00, 0xC0, 0x03, 0x00, 0x0C, 0x00, 0x60, 0x03, 0x00, 0x00, 0x00,
    0x00, 0x00, 0x00, 0x00, 0x00, 0x06, 0x00, 0x18, 0x00, 0x60, 0x01, 0x80, 0x06, 0x00, 0xFF, 0x03,
    0xFC, 0x01, 0x80, 0x06, 0x00, 0x18, 0x00, 0x60, 0x01, 0x80, 0x06, 0x00, 0x18, 0x00, 0x60, 0x01,
    0x80, 0x07, 0xE0, 0x0F, 0x80, 0x00, 0x00, 0x60, 0x01, 0x80, 0x06, 0x00, 0x30, 0x01, 0x80, 0x0E,
    0x07, 0xF1, 0xFF, 0x70, 0xFE, 0x0E, 0x01, 0xC0, 0x38, 0x0E, 0x03, 0xC1, 0xF8, 0xFB, 0xBE, 0x76,
    0x0E, 0x01, 0xC0, 0x38, 0x0F, 0x03, 0xC1, 0xF1, 0xFC, 0x3E, 0x06, 0x00, 0x3E, 0x3F, 0xBF, 0xFC,
    0x70, 0x38, 0x1C, 0x1C, 0x3F, 0x7F, 0xB9, 0xC0, 0xE0, 0x70, 0x38, 0x79, 0xF8, 0xF8, 0x60, 0x00,
    0x1D, 0xC0, 0x7C, 0x01, 0xE0, 0x00, 0x04, 0x01, 0x70, 0x1F, 0x80, 0xFC, 0x07, 0xE0, 0x3F, 0x01,
    0xF8, 0x0F, 0xFF, 0xFF, 0xFF, 0xF0, 0x1F, 0x80, 0xFC, 0x07, 0xE0, 0x3F, 0x01, 0xF8, 0x0F, 0xC0,
    0x70, 0xEE, 0x07, 0xC0, 0x38, 0x00, 0x00, 0x10, 0x03, 0x80, 0x38, 0x03, 0x80, 0x3B, 0x83, 0xFE,
    0x3F, 0xE3, 0x87, 0x38, 0x73, 0x87, 0x38, 0x73, 0x87, 0x38, 0x73, 0x87, 0x38, 0x73, 0x87, 0x1C,
    0x00, 0x38, 0x00, 0x70, 0x00, 0x00, 0x00, 0x00, 0x00, 0x00, 0x00, 0x00, 0x00, 0x00, 0x00, 0x00,
    0x00, 0x00, 0x00, 0x00, 0x00, 0x00, 0x00, 0x00, 0x00, 0x00, 0x00, 0x00, 0x00, 0x00, 0x00, 0x00,
    0x00, 0x00, 0x00, 0x00, 0x00, 0x00, 0x00, 0x00, 0x00, 0x00, 0x00, 0x00, 0x00, 0x00, 0x00, 0x00,
    0x01, 0xC0, 0x0E, 0x00, 0x70, 0x00, 0x00, 0x00, 0x00, 0x00, 0x00, 0x00, 0x00, 0x00, 0x00, 0x00,
    0x00, 0x00, 0x00, 0x00, 0x00, 0x00, 0x00, 0x00, 0x00, 0x00, 0x00, 0x00, 0x00, 0x00, 0x00, 0x00,
    0x00, 0x00, 0x00, 0x00, 0x00, 0x00, 0x00, 0x00, 0x00, 0x00, 0x00, 0x00, 0x00, 0x00, 0x00, 0x00,
    0x00, 0x07, 0x00, 0x3E, 0x01, 0xDC, 0x00, 0x00, 0x00, 0x00, 0x00, 0x00, 0x00, 0x00, 0x00, 0x00,
    0x00, 0x00, 0x00, 0x00, 0x00, 0x00, 0x00, 0x00, 0x00, 0x00, 0x00, 0x00, 0x00, 0x00, 0x00, 0x00,
    0x00, 0x00, 0x00, 0x00, 0x00, 0x00, 0x00, 0x00, 0x00, 0x00, 0x00, 0x00, 0x00, 0x00, 0x00, 0x00,
    0x00, 0x00, 0x1E, 0x60, 0xFF, 0x83, 0x3C, 0x00, 0x00, 0x00, 0x00, 0x00, 0x00, 0x00, 0x00, 0x00,
    0x00, 0x00, 0x00, 0x00, 0x00, 0x00, 0x00, 0x00, 0x00, 0x00, 0x00, 0x00, 0x00, 0x00, 0x00, 0x00,
    0x00, 0x00, 0x00, 0x00, 0x00, 0x00, 0x00, 0x00, 0x00, 0x00, 0x00, 0x00, 0x00, 0x00, 0x00, 0x00,
    0x00, 0x00, 0x00, 0x1F, 0xC0, 0x7F, 0x00, 0x00, 0x00, 0x00, 0x00, 0x00, 0x00, 0x00, 0x00, 0x00,
    0x00, 0x00, 0x00, 0x00, 0x00, 0x00, 0x00, 0x00, 0x00, 0x00, 0x00, 0x00, 0x00, 0x00, 0x00, 0x00,
    0x00, 0x00, 0x00, 0x00, 0x00, 0x00, 0x00, 0x00, 0x00, 0x00, 0x00, 0x00, 0x00, 0x00, 0x00, 0x00,
    0x00, 0x00, 0x00, 0x00, 0x7F, 0xF1, 0xFF, 0xC0, 0x00, 0x00, 0x00, 0x00, 0x00, 0x00, 0x00, 0x00,
    0x00, 0x00, 0x00, 0x00, 0x00, 0x00, 0x00, 0x00, 0x00, 0x00, 0x00, 0x00, 0x00, 0x00, 0x00, 0x00,
    0x00, 0x00, 0x00, 0x00, 0x00, 0x00, 0x00, 0x00, 0x00, 0x00, 0x00, 0x00, 0x00, 0x00, 0x00, 0x00,
    0x00, 0x00, 0x00, 0x00, 0x00, 0x18, 0xC0, 0x7F, 0x00, 0xF8, 0x00, 0x00, 0x00, 0x00, 0x00, 0x00,
    0x00, 0x00, 0x00, 0x00, 0x00, 0x00, 0x00, 0x00, 0x00, 0x00, 0x00, 0x00, 0x00, 0x00, 0x00, 0x00,
    0x00, 0x00, 0x00, 0x00, 0x00, 0x00, 0x00, 0x00, 0x00, 0x00, 0x00, 0x00, 0x00, 0x00, 0x00, 0x00,
    0x00, 0x00, 0x00, 0x00, 0x00, 0x00, 0x03, 0x00, 0x0C, 0x00, 0x30, 0x00, 0x00, 0x00, 0x00, 0x00,
    0x00, 0x00, 0x00, 0x00, 0x00, 0x00, 0x00, 0x00, 0x00, 0x00, 0x00, 0x00, 0x00, 0x00, 0x00, 0x00,
    0x00, 0x00, 0x00, 0x00, 0x00, 0x00, 0x00, 0x00, 0x00, 0x00, 0x00, 0x00, 0x00, 0x00, 0x00, 0x00,
    0x00, 0x00, 0x00, 0x00, 0x00, 0x00, 0x00, 0x18, 0xC0, 0x63, 0x01, 0x8C, 0x00, 0x00, 0x00, 0x00,
    0x00, 0x00, 0x00, 0x00, 0x00, 0x00, 0x00, 0x00, 0x00, 0x00, 0x00, 0x00, 0x00, 0x00, 0x00, 0x00,
    0x00, 0x00, 0x00, 0x00, 0x00, 0x00, 0x00, 0x00, 0x00, 0x00, 0x00, 0x00, 0x00, 0x00, 0x00, 0x00,
    0x00, 0x00, 0x00, 0x00, 0x00, 0x00, 0x00, 0x00, 0xEF, 0x66, 0x07, 0x80, 0x33, 0x00, 0xCC, 0x01,
    0xE0, 0x00, 0x00, 0x00, 0x00, 0x00, 0x00, 0x00, 0x00, 0x00, 0x00, 0x00, 0x00, 0x00, 0x00, 0x00,
    0x00, 0x00, 0x00, 0x00, 0x00, 0x00, 0x00, 0x00, 0x00, 0x00, 0x00, 0x00, 0x00, 0x00, 0x00, 0x00,
    0x00, 0x00, 0x00, 0x00, 0x00, 0x00, 0x00, 0x00, 0x00, 0x00, 0x00, 0x07, 0x38, 0x39, 0xC1, 0xCE,
    0x00, 0x00, 0x00, 0x00, 0x00, 0x00, 0x00, 0x00, 0x00, 0x00, 0x00, 0x00, 0x00, 0x00, 0x00, 0x00,
    0x00, 0x00, 0x00, 0x00, 0x00, 0x00, 0x00, 0x00, 0x00, 0x00, 0x00, 0x00, 0x00, 0x00, 0x00, 0x00,
    0x00, 0x00, 0x00, 0x00, 0x00, 0x00, 0x00, 0x00, 0x00, 0x00, 0x00, 0x00, 0x1D, 0xC0, 0x3E, 0x00,
    0x70, 0x00, 0x00, 0x00, 0x00, 0x00, 0x00, 0x00, 0x00, 0x00, 0x00, 0x00, 0x00, 0x00, 0x00, 0x00,
    0x00, 0x00, 0x00, 0x00, 0x00, 0x00, 0x00, 0x00, 0x00, 0x00, 0x00, 0x00, 0x00, 0x00, 0x00, 0x00,
    0x00, 0x00, 0x00, 0x00, 0x00, 0x00, 0x00, 0x00, 0x00, 0x00, 0x00, 0x00, 0x00, 0xEE, 0x6E, 0x36,
    0x32, 0x66, 0x66, 0xEE, 0xC0, 0x66, 0x66, 0xEE, 0xC0, 0x37, 0x76, 0x60, 0xDF, 0x80, 0x33, 0x76,
    0x60, 0x43, 0x1C, 0x6F, 0x30, 0x13, 0x98, 0xF7, 0x9C, 0x00, 0x00, 0x00, 0x00, 0x00, 0x00, 0x00,
    0x00, 0x00, 0x00, 0x00, 0x00, 0x00, 0x00, 0x00, 0x00, 0x00, 0x00, 0x00, 0x00, 0x00, 0x00, 0x00,
    0x00, 0x00, 0x00, 0x00, 0x00, 0x00, 0x00, 0x00, 0x00, 0x00, 0x00, 0x00, 0x00, 0x00, 0x00, 0x00,
    0x00, 0x00, 0xC0, 0x03, 0x00, 0x0C, 0x00, 0x00, 0x00, 0x00, 0xCE, 0xF9, 0xE0, 0x00, 0x01, 0x80,
    0xC0, 0xC0, 0x60, 0x60, 0x30, 0x30, 0x18, 0x18, 0x0C, 0x0C, 0x06, 0x06, 0x03, 0x01, 0x00, 0x00,
    0x30, 0x06, 0x00, 0x60, 0x0C, 0x01, 0xC0, 0x18, 0x03, 0x00, 0x30, 0x06, 0x00, 0xC0, 0x0C, 0x01,
    0x80, 0x38, 0x03, 0x00, 0x60, 0x06, 0x00, 0xC0, 0x00, 0x65, 0xFB, 0x70, 0x66, 0xEC, 0x00, 0xFF,
    0xFF, 0xC3, 0xC3, 0xC3, 0xFF, 0xFD, 0xFF, 0xF7, 0xC0, 0xDE, 0xF7, 0xBD, 0x80, 0xFF, 0xCE, 0x71,
    0x00, 0x00, 0x6F, 0xFF, 0xFE, 0xB0, 0x1C, 0x0E, 0x0E, 0xCF, 0xE6, 0xF2, 0xE0, 0x70, 0x10, 0x7F,
    0xFF, 0x7B, 0xFF, 0xC4, 0x33, 0x1F, 0xE7, 0xF9, 0xCE, 0x33, 0x00, 0x00, 0xC7, 0xBF, 0x30, 0xC0,
    0xC0, 0x78, 0x3F, 0x83, 0xE0, 0xF3, 0xFB, 0xE1, 0xC0, 0x3F, 0x76, 0x18, 0x7E, 0x7E, 0x66, 0x18,
    0x18, 0x00, 0x4B, 0xE7, 0x9E, 0xF8, 0x00, 0x00, 0xFF, 0xBC, 0x3C, 0x30, 0x03, 0xC7, 0xCF, 0xF3,
    0x00, 0x00, 0x8F, 0x1C, 0x7D, 0xC3, 0xF6, 0xFB, 0x6C, 0x32, 0x0E, 0x63, 0x6E, 0x00, 0xDF, 0x80,
    0x20, 0xCF, 0x8C, 0x78, 0x00, 0x66, 0x7F, 0xB6, 0x5B, 0xE7, 0xF0, 0x67, 0x3C, 0xE3, 0x00, 0x40,
    0x02, 0x70, 0x0E, 0x3F, 0xFC, 0x0F, 0xF0, 0x40, 0x02, 0x70, 0x0E, 0x3F, 0xFC, 0x0F, 0xF0, 0x7F,
    0xF9, 0xFF, 0xE7, 0xFF, 0x80, 0x7F, 0xF9, 0xFF, 0xE7, 0xFF, 0x80, 0x3E, 0x00, 0x37, 0xFF, 0xFF,
    0xEF, 0xFF, 0xE4, 0x00, 0x08, 0x00, 0x00, 0x1F, 0xF8, 0x3F, 0xFC, 0x70, 0x0E, 0x00, 0x0E, 0x00,
    0x03, 0x9F, 0xFF, 0xE0, 0x00, 0xE0, 0x00, 0xC0, 0x79, 0xF7, 0xFF, 0xFD, 0xF0, 0x79, 0xFF, 0xFF,
    0x7D, 0xE0, 0xFF, 0xFF, 0x7B, 0xFC, 0xF3, 0xFD, 0xE0, 0xCF, 0x3C, 0xF3, 0x7D, 0xF0, 0x79, 0xFC,
    0x30, 0xFD, 0xE0, 0x0C, 0x30, 0xDF, 0xFF, 0x3C, 0xFF, 0x7C, 0x43, 0x0C, 0x3E, 0xFF, 0x3C, 0xF3,
    0xCC, 0xFF, 0x7F, 0xF6, 0x7B, 0x3D, 0x9E, 0xCC, 0xFF, 0xEE, 0xEC, 0x66, 0xF7, 0x66, 0x77, 0xED,
    0xB7, 0x9E, 0x38, 0xC0, 0xD9, 0xE7, 0x1C, 0xFB, 0x60, 0x1C, 0x00, 0x38, 0x00, 0x70, 0x00, 0x00,
    0x7F, 0xF1, 0xFF, 0xC6, 0x00, 0x18, 0x00, 0x60, 0x01, 0x80, 0x06, 0x00, 0x18, 0x00, 0x7F, 0x81,
    0xFE, 0x06, 0x00, 0x18, 0x00, 0x60, 0x01, 0x80, 0x06, 0x00, 0x18, 0x00, 0x7F, 0xF1, 0xFF, 0xC0,
    0x00, 0x00, 0x00, 0x00, 0x00, 0x00, 0x00, 0x00, 0x00, 0x00, 0x18, 0xC0, 0x63, 0x01, 0x8C, 0x00,
    0x00, 0x7F, 0xF1, 0xFF, 0xC6, 0x00, 0x18, 0x00, 0x60, 0x01, 0x80, 0x06, 0x00, 0x18, 0x00, 0x7F,
    0x81, 0xFE, 0x06, 0x00, 0x18, 0x00, 0x60, 0x01, 0x80, 0x06, 0x00, 0x18, 0x00, 0x7F, 0xF1, 0xFF,
    0xC0, 0x00, 0x00, 0x00, 0x00, 0x00, 0x00, 0x00, 0x00, 0x00, 0x00, 0x00, 0x00, 0x00, 0x00, 0x00,
    0x00, 0x00, 0xFC, 0x03, 0xF0, 0x03, 0x00, 0x0C, 0x00, 0x30, 0x00, 0xC0, 0x03, 0xFC, 0x0F, 0xF8,
    0x30, 0x70, 0xC0, 0xC3, 0x03, 0x0C, 0x0C, 0x30, 0x30, 0xC0, 0xC3, 0x03, 0x0C, 0x1C, 0x31, 0xE0,
    0xC7, 0x00, 0x00, 0x00, 0x00, 0x00, 0x00, 0x00, 0x00, 0x00, 0x00, 0x00, 0x01, 0xC0, 0x0E, 0x00,
    0x70, 0x00, 0x00, 0x7F, 0xF1, 0xFF, 0xC6, 0x00, 0x18, 0x00, 0x60, 0x01, 0x80, 0x06, 0x00, 0x18,
    0x00, 0x60, 0x01, 0x80, 0x06, 0x00, 0x18, 0x00, 0x60, 0x01, 0x80, 0x06, 0x00, 0x18, 0x00, 0x60,
    0x01, 0x80, 0x00, 0x00, 0x00, 0x00, 0x00, 0x00, 0x00, 0x00, 0x00, 0x00, 0x00, 0x00, 0x00, 0x00,
    0x00, 0x00, 0x00, 0x00, 0x1F, 0xC0, 0xFF, 0x87, 0x07, 0x18, 0x0C, 0x60, 0x01, 0x80, 0x06, 0x00,
    0x18, 0x00, 0x7F, 0x81, 0xFE, 0x06, 0x00, 0x18, 0x00, 0x60, 0x01, 0x80, 0x06, 0x03, 0x1C, 0x1C,
    0x3F, 0xE0, 0x7F, 0x00, 0x00, 0x00, 0x00, 0x00, 0x00, 0x00, 0x00, 0x00, 0x00, 0x00, 0x00, 0x00,
    0x00, 0x00, 0x00, 0x00, 0x00, 0x1F, 0xC0, 0xFF, 0x87, 0x07, 0x18, 0x0C, 0x60, 0x01, 0x80, 0x06,
    0x00, 0x1C, 0x00, 0x3F, 0xC0, 0x7F, 0x80, 0x07, 0x00, 0x0C, 0x00, 0x30, 0x00, 0xC6, 0x03, 0x1C,
    0x1C, 0x3F, 0xE0, 0x7F, 0x00, 0x00, 0x00, 0x00, 0x00, 0x00, 0x00, 0x00, 0x00, 0x00, 0x00, 0x00,
    0x00, 0x00, 0x00, 0x00, 0x00, 0x00, 0x0F, 0xC0, 0x3F, 0x00, 0x30, 0x00, 0xC0, 0x03, 0x00, 0x0C,
    0x00, 0x30, 0x00, 0xC0, 0x03, 0x00, 0x0C, 0x00, 0x30, 0x00, 0xC0, 0x03, 0x00, 0x0C, 0x00, 0x30,
    0x00, 0xC0, 0x0F, 0xC0, 0x3F, 0x00, 0x00, 0x00, 0x00, 0x00, 0x00, 0x00, 0x00, 0x00, 0x00, 0x00,
    0x18, 0xC0, 0x63, 0x01, 0x8C, 0x00, 0x00, 0x0F, 0xC0, 0x3F, 0x00, 0x30, 0x00, 0xC0, 0x03, 0x00,
    0x0C, 0x00, 0x30, 0x00, 0xC0, 0x03, 0x00, 0x0C, 0x00, 0x30, 0x00, 0xC0, 0x03, 0x00, 0x0C, 0x00,
    0x30, 0x00, 0xC0, 0x0F, 0xC0, 0x3F, 0x00, 0x00, 0x00, 0x00, 0x00, 0x00, 0x00, 0x00, 0x00, 0x00,
    0x00, 0x00, 0x00, 0x00, 0x00, 0x00, 0x00, 0x00, 0x01, 0xF8, 0x07, 0xE0, 0x06, 0x00, 0x18, 0x00,
    0x60, 0x01, 0x80, 0x06, 0x00, 0x18, 0x00, 0x60, 0x01, 0x80, 0x06, 0x00, 0x18, 0x60, 0x61, 0x81,
    0x86, 0x06, 0x1C, 0x38, 0x3F, 0xC0, 0x7E, 0x00, 0x00, 0x00, 0x00, 0x00, 0x00, 0x00, 0x00, 0x00,
    0x00, 0x00, 0x00, 0x00, 0x00, 0x00, 0x00, 0x00, 0x00, 0x1F, 0x00, 0xFC, 0x07, 0x30, 0x18, 0xC0,
    0x63, 0x01, 0x8C, 0x06, 0x30, 0x18, 0xF8, 0x63, 0xF1, 0x8C, 0xE6, 0x31, 0x98, 0xC6, 0x63, 0x19,
    0x8C, 0x66, 0x31, 0x98, 0xCE, 0xE3, 0xF3, 0x0F, 0x80, 0x00, 0x00, 0x00, 0x00, 0x00, 0x00, 0x00,
    0x00, 0x00, 0x00, 0x00, 0x00, 0x00, 0x00, 0x00, 0x00, 0x00, 0x63, 0x01, 0x8C, 0x06, 0x30, 0x18,
    0xC0, 0x63, 0x01, 0x8C, 0x06, 0x30, 0x18, 0xF8, 0x7F, 0xF1, 0xFC, 0xE6, 0x31, 0x98, 0xC6, 0x63,
    0x19, 0x8C, 0x66, 0x31, 0x98, 0xCE, 0x63, 0xF1, 0x8F, 0x80, 0x00, 0x00, 0x00, 0x00, 0x00, 0x00,
    0x00, 0x00, 0x00, 0x00, 0x00, 0x00, 0x00, 0x00, 0x00, 0x00, 0x00, 0xFC, 0x03, 0xF0, 0x03, 0x00,
    0x0C, 0x00, 0x30, 0x00, 0xC0, 0x03, 0xFC, 0x0F, 0xF8, 0x30, 0x70, 0xC0, 0xC3, 0x03, 0x0C, 0x0C,
    0x30, 0x30, 0xC0, 0xC3, 0x03, 0x0C, 0x0C, 0x30, 0x30, 0xC0, 0xC0, 0x00, 0x00, 0x00, 0x00, 0x00,
    0x00, 0x00, 0x00, 0x00, 0x00, 0x01, 0xC0, 0x0E, 0x00, 0x70, 0x00, 0x00, 0x60, 0x31, 0x81, 0xC6,
    0x0E, 0x18, 0x70, 0x63, 0x81, 0x9C, 0x06, 0xE0, 0x1F, 0x00, 0x78, 0x01, 0xE0, 0x07, 0xC0, 0x1B,
    0x80, 0x67, 0x01, 0x8E, 0x06, 0x1C, 0x18, 0x38, 0x60, 0x71, 0x80, 0xC0, 0x00, 0x00, 0x00, 0x00,
    0x00, 0x00, 0x00, 0x00, 0x00, 0x00, 0x1C, 0x00, 0x38, 0x00, 0x70, 0x00, 0x00, 0x60, 0x31, 0x80,
    0xC6, 0x03, 0x18, 0x0C, 0x60, 0x71, 0x83, 0xC6, 0x1F, 0x18, 0xEC, 0x67, 0x31, 0xB8, 0xC7, 0xC3,
    0x1E, 0x0C, 0x70, 0x31, 0x80, 0xC6, 0x03, 0x18, 0x0C, 0x60, 0x31, 0x80, 0xC0, 0x00, 0x00, 0x00,
    0x00, 0x00, 0x00, 0x00, 0x00, 0x00, 0x00, 0x18, 0xC0, 0x7F, 0x00, 0xF8, 0x00, 0x00, 0x60, 0x31,
    0x80, 0xC6, 0x03, 0x18, 0x0C, 0x60, 0x31, 0x80, 0xC6, 0x03, 0x18, 0x0C, 0x70, 0x30, 0xFF, 0xC1,
    0xFF, 0x00, 0x0C, 0x00, 0x30, 0x00, 0xC0, 0x03, 0x00, 0x1C, 0x3F, 0xE0, 0xFF, 0x00, 0x00, 0x00,
    0x00, 0x00, 0x00, 0x00, 0x00, 0x00, 0x00, 0x00, 0x00, 0x00, 0x00, 0x00, 0x00, 0x00, 0x00, 0x60,
    0x19, 0x80, 0x66, 0x01, 0x98, 0x06, 0x60, 0x19, 0x80, 0x66, 0x01, 0x98, 0x06, 0x60, 0x19, 0x80,
    0x66, 0x01, 0x98, 0x06, 0x60, 0x19, 0x80, 0x66, 0x01, 0x98, 0x06, 0x7F, 0xF9, 0xFF, 0xE0, 0x30,
    0x00, 0xC0, 0x03, 0x00, 0x0C, 0x00, 0x00, 0x00, 0x00, 0x00, 0x00, 0x00, 0x00, 0x00, 0x00, 0x00,
    0x1F, 0xC0, 0xFF, 0x87, 0x07, 0x18, 0x0C, 0x60, 0x31, 0x80, 0xC6, 0x03, 0x18, 0x0C, 0x60, 0x31,
    0xFF, 0xC7, 0xFF, 0x18, 0x0C, 0x60, 0x31, 0x80, 0xC6, 0x03, 0x18, 0x0C, 0x60, 0x31, 0x80, 0xC0,
    0x00, 0x00, 0x00, 0x00, 0x00, 0x00, 0x00, 0x00, 0x00, 0x00, 0x00, 0x00, 0x00, 0x00, 0x00, 0x00,
    0x00, 0x7F, 0xE1, 0xFF, 0x86, 0x00, 0x18, 0x00, 0x60, 0x01, 0x80, 0x06, 0x00, 0x1F, 0xF0, 0x7F,
    0xE1, 0x81, 0xC6, 0x03, 0x18, 0x0C, 0x60, 0x31, 0x80, 0xC6, 0x03, 0x18, 0x1C, 0x7F, 0xE1, 0xFF,
    0x00, 0x00, 0x00, 0x00, 0x00, 0x00, 0x00, 0x00, 0x00, 0x00, 0x00, 0x00, 0x00, 0x00, 0x00, 0x00,
    0x00, 0x00, 0x7F, 0xC1, 0xFF, 0x86, 0x07, 0x18, 0x0C, 0x60, 0x31, 0x80, 0xC6, 0x06, 0x1F, 0xF0,
    0x7F, 0xC1, 0x81, 0x86, 0x03, 0x18, 0x0C, 0x60, 0x31, 0x80, 0xC6, 0x03, 0x18, 0x1C, 0x7F, 0xE1,
    0xFF, 0x00, 0x00, 0x00, 0x00, 0x00, 0x00, 0x00, 0x00, 0x00, 0x00, 0x00, 0x00, 0x00, 0x00, 0x00,
    0x00, 0x00, 0x00, 0x7F, 0xF1, 0xFF, 0xC6, 0x00, 0x18, 0x00, 0x60, 0x01, 0x80, 0x06, 0x00, 0x18,
    0x00, 0x60, 0x01, 0x80, 0x06, 0x00, 0x18, 0x00, 0x60, 0x01, 0x80, 0x06, 0x00, 0x18, 0x00, 0x60,
    0x01, 0x80, 0x00, 0x00, 0x00, 0x00, 0x00, 0x00, 0x00, 0x00, 0x00, 0x00, 0x00, 0x00, 0x00, 0x00,
    0x00, 0x00, 0x00, 0x00, 0x07, 0xF0, 0x3F, 0xC1, 0xC3, 0x06, 0x0C, 0x18, 0x30, 0x60, 0xC1, 0x83,
    0x06, 0x0C, 0x18, 0x30, 0x60, 0xC1, 0x83, 0x06, 0x0C, 0x18, 0x30, 0x60, 0xC1, 0x83, 0x06, 0x0C,
    0x3F, 0xF1, 0xFF, 0xE6, 0x01, 0x98, 0x06, 0x60, 0x18, 0x00, 0x00, 0x00, 0x00, 0x00, 0x00, 0x00,
    0x00, 0x00, 0x00, 0x00, 0x00, 0x7F, 0xF1, 0xFF, 0xC6, 0x00, 0x18, 0x00, 0x60, 0x01, 0x80, 0x06,
    0x00, 0x18, 0x00, 0x7F, 0x81, 0xFE, 0x06, 0x00, 0x18, 0x00, 0x60, 0x01, 0x80, 0x06, 0x00, 0x18,
    0x00, 0x7F, 0xF1, 0xFF, 0xC0, 0x00, 0x00, 0x00, 0x00, 0x00, 0x00, 0x00, 0x00, 0x00, 0x00, 0x00,
    0x00, 0x00, 0x00, 0x00, 0x00, 0x00, 0x63, 0x19, 0x8C, 0x66, 0x31, 0x98, 0xC6, 0x63, 0x19, 0xCC,
    0xE3, 0xB7, 0x07, 0xF8, 0x0F, 0xC0, 0x7F, 0x83, 0xB7, 0x1C, 0xCE, 0x63, 0x19, 0x8C, 0x66, 0x31,
    0x98, 0xC6, 0x63, 0x19, 0x8C, 0x60, 0x00, 0x00, 0x00, 0x00, 0x00, 0x00, 0x00, 0x00, 0x00, 0x00,
    0x00, 0x00, 0x00, 0x00, 0x00, 0x00, 0x00, 0x1F, 0xC0, 0xFF, 0x87, 0x07, 0x18, 0x0C, 0x00, 0x30,
    0x00, 0xC0, 0x03, 0x00, 0x1C, 0x0F, 0xE0, 0x3F, 0x80, 0x07, 0x00, 0x0C, 0x00, 0x30, 0x00, 0xC6,
    0x03, 0x1C, 0x1C, 0x3F, 0xE0, 0x7F, 0x00, 0x00, 0x00, 0x00, 0x00, 0x00, 0x00, 0x00, 0x00, 0x00,
    0x00, 0x00, 0x00, 0x00, 0x00, 0x00, 0x00, 0x00, 0x60, 0x31, 0x80, 0xC6, 0x03, 0x18, 0x0C, 0x60,
    0x71, 0x83, 0xC6, 0x1F, 0x18, 0xEC, 0x67, 0x31, 0xB8, 0xC7, 0xC3, 0x1E, 0x0C, 0x70, 0x31, 0x80,
    0xC6, 0x03, 0x18, 0x0C, 0x60, 0x31, 0x80, 0xC0, 0x00, 0x00, 0x00, 0x00, 0x00, 0x00, 0x00, 0x00,
    0x00, 0x00, 0x18, 0xC0, 0x7F, 0x00, 0xF8, 0x00, 0x00, 0x60, 0x31, 0x80, 0xC6, 0x03, 0x18, 0x0C,
    0x60, 0x71, 0x83, 0xC6, 0x1F, 0x18, 0xEC, 0x67, 0x31, 0xB8, 0xC7, 0xC3, 0x1E, 0x0C, 0x70, 0x31,
    0x80, 0xC6, 0x03, 0x18, 0x0C, 0x60, 0x31, 0x80, 0xC0, 0x00, 0x00, 0x00, 0x00, 0x00, 0x00, 0x00,
    0x00, 0x00, 0x00, 0x00, 0x00, 0x00, 0x00, 0x00, 0x00, 0x00, 0x60, 0x31, 0x81, 0xC6, 0x0E, 0x18,
    0x70, 0x63, 0x81, 0x9C, 0x06, 0xE0, 0x1F, 0x00, 0x78, 0x01, 0xE0, 0x07, 0xC0, 0x1B, 0x80, 0x67,
    0x01, 0x8E, 0x06, 0x1C, 0x18, 0x38, 0x60, 0x71, 0x80, 0xC0, 0x00, 0x00, 0x00, 0x00, 0x00, 0x00,
    0x00, 0x00, 0x00, 0x00, 0x00, 0x00, 0x00, 0x00, 0x00, 0x00, 0x00, 0x07, 0xF0, 0x3F, 0xC1, 0xC3,
    0x06, 0x0C, 0x18, 0x30, 0x60, 0xC1, 0x83, 0x06, 0x0C, 0x18, 0x30, 0x60, 0xC1, 0x83, 0x06, 0x0C,
    0x18, 0x30, 0x60, 0xC1, 0x83, 0x06, 0x0C, 0x38, 0x31, 0xC0, 0xC0, 0x00, 0x00, 0x00, 0x00, 0x00,
    0x00, 0x00, 0x00, 0x00, 0x00, 0x00, 0x00, 0x00, 0x00, 0x00, 0x00, 0x00, 0x60, 0x19, 0x80, 0x67,
    0x03, 0x9E, 0x1E, 0x7C, 0xF9, 0xBF, 0x66, 0x79, 0x98, 0xC6, 0x60, 0x19, 0x80, 0x66, 0x01, 0x98,
    0x06, 0x60, 0x19, 0x80, 0x66, 0x01, 0x98, 0x06, 0x60, 0x19, 0x80, 0x60, 0x00, 0x00, 0x00, 0x00,
    0x00, 0x00, 0x00, 0x00, 0x00, 0x00, 0x00, 0x00, 0x00, 0x00, 0x00, 0x00, 0x00, 0x60, 0x31, 0x80,
    0xC6, 0x03, 0x18, 0x0C, 0x60, 0x31, 0x80, 0xC6, 0x03, 0x18, 0x0C, 0x7F, 0xF1, 0xFF, 0xC6, 0x03,
    0x18, 0x0C, 0x60, 0x31, 0x80, 0xC6, 0x03, 0x18, 0x0C, 0x60, 0x31, 0x80, 0xC0, 0x00, 0x00, 0x00,
    0x00, 0x00, 0x00, 0x00, 0x00, 0x00, 0x00, 0x00, 0x00, 0x00, 0x00, 0x00, 0x00, 0x00, 0x1F, 0xC0,
    0xFF, 0x87, 0x07, 0x18, 0x0C, 0x60, 0x31, 0x80, 0xC6, 0x03, 0x18, 0x0C, 0x60, 0x31, 0x80, 0xC6,
    0x03, 0x18, 0x0C, 0x60, 0x31, 0x80, 0xC6, 0x03, 0x1C, 0x1C, 0x3F, 0xE0, 0x7F, 0x00, 0x00, 0x00,
    0x00, 0x00, 0x00, 0x00, 0x00, 0x00, 0x00, 0x00, 0x00, 0x00, 0x00, 0x00, 0x00, 0x00, 0x00, 0x7F,
    0xF1, 0xFF, 0xC6, 0x03, 0x18, 0x0C, 0x60, 0x31, 0x80, 0xC6, 0x03, 0x18, 0x0C, 0x60, 0x31, 0x80,
    0xC6, 0x03, 0x18, 0x0C, 0x60, 0x31, 0x80, 0xC6, 0x03, 0x18, 0x0C, 0x60, 0x31, 0x80, 0xC0, 0x00,
    0x00, 0x00, 0x00, 0x00, 0x00, 0x00, 0x00, 0x00, 0x00, 0x00, 0x00, 0x00, 0x00, 0x00, 0x00, 0x00,
    0x7F, 0xC1, 0xFF, 0x86, 0x07, 0x18, 0x0C, 0x60, 0x31, 0x80, 0xC6, 0x03, 0x18, 0x0C, 0x60, 0x71,
    0xFF, 0x87, 0xFC, 0x18, 0x00, 0x60, 0x01, 0x80, 0x06, 0x00, 0x18, 0x00, 0x60, 0x01, 0x80, 0x00,
    0x00, 0x00, 0x00, 0x00, 0x00, 0x00, 0x00, 0x00, 0x00, 0x00, 0x00, 0x00, 0x00, 0x00, 0x00, 0x00,
    0x00, 0x1F, 0xC0, 0xFF, 0x87, 0x07, 0x18, 0x0C, 0x60, 0x31, 0x80, 0x06, 0x00, 0x18, 0x00, 0x60,
    0x01, 0x80, 0x06, 0x00, 0x18, 0x00, 0x60, 0x01, 0x80, 0xC6, 0x03, 0x1C, 0x1C, 0x3F, 0xE0, 0x7F,
    0x00, 0x00, 0x00, 0x00, 0x00, 0x00, 0x00, 0x00, 0x00, 0x00, 0x00, 0x00, 0x00, 0x00, 0x00, 0x00,
    0x00, 0x00, 0x7F, 0xF9, 0xFF, 0xE0, 0x30, 0x00, 0xC0, 0x03, 0x00, 0x0C, 0x00, 0x30, 0x00, 0xC0,
    0x03, 0x00, 0x0C, 0x00, 0x30, 0x00, 0xC0, 0x03, 0x00, 0x0C, 0x00, 0x30, 0x00, 0xC0, 0x03, 0x00,
    0x0C, 0x00, 0x00, 0x00, 0x00, 0x00, 0x00, 0x00, 0x00, 0x00, 0x00, 0x00, 0x00, 0x00, 0x00, 0x00,
    0x00, 0x00, 0x00, 0x60, 0x31, 0x80, 0xC6, 0x03, 0x18, 0x0C, 0x60, 0x31, 0x80, 0xC6, 0x03, 0x18,
    0x0C, 0x70, 0x30, 0xFF, 0xC1, 0xFF, 0x00, 0x0C, 0x00, 0x30, 0x00, 0xC0, 0x03, 0x00, 0x1C, 0x3F,
    0xE0, 0xFF, 0x00, 0x00, 0x00, 0x00, 0x00, 0x00, 0x00, 0x00, 0x00, 0x00, 0x00, 0x00, 0x00, 0x00,
    0x00, 0x30, 0x00, 0xC0, 0x1F, 0xE0, 0xFF, 0xC7, 0x33, 0x98, 0xC6, 0x63, 0x19, 0x8C, 0x66, 0x31,
    0x98, 0xC6, 0x63, 0x19, 0x8C, 0x66, 0x31, 0x98, 0xC6, 0x63, 0x19, 0x8C, 0x66, 0x31, 0x9C, 0xCE,
    0x3F, 0xF0, 0x7F, 0x80, 0x30, 0x00, 0xC0, 0x00, 0x00, 0x00, 0x00, 0x00, 0x00, 0x00, 0x00, 0x00,
    0x00, 0x00, 0x00, 0x00, 0x00, 0x60, 0x31, 0x80, 0xC3, 0x06, 0x0C, 0x18, 0x18, 0xC0, 0x63, 0x00,
    0xD8, 0x03, 0x60, 0x07, 0x00, 0x1C, 0x00, 0xD8, 0x03, 0x60, 0x18, 0xC0, 0x63, 0x03, 0x06, 0x0C,
    0x18, 0x60, 0x31, 0x80, 0xC0, 0x00, 0x00, 0x00, 0x00, 0x00, 0x00, 0x00, 0x00, 0x00, 0x00, 0x00,
    0x00, 0x00, 0x00, 0x00, 0x00, 0x00, 0x60, 0x31, 0x80, 0xC6, 0x03, 0x18, 0x0C, 0x60, 0x31, 0x80,
    0xC6, 0x03, 0x18, 0x0C, 0x60, 0x31, 0x80, 0xC6, 0x03, 0x18, 0x0C, 0x60, 0x31, 0x80, 0xC6, 0x03,
    0x1C, 0x0C, 0x3F, 0xF8, 0x7F, 0xE0, 0x01, 0x80, 0x06, 0x00, 0x18, 0x00, 0x60, 0x00, 0x00, 0x00,
    0x00, 0x00, 0x00, 0x00, 0x00, 0x00, 0x00, 0x60, 0x31, 0x80, 0xC6, 0x03, 0x18, 0x0C, 0x60, 0x31,
    0x80, 0xC6, 0x03, 0x1C, 0x0C, 0x3F, 0xF0, 0x7F, 0xC0, 0x03, 0x00, 0x0C, 0x00, 0x30, 0x00, 0xC0,
    0x03, 0x00, 0x0C, 0x00, 0x30, 0x00, 0xC0, 0x00, 0x00, 0x00, 0x00, 0x00, 0x00, 0x00, 0x00, 0x00,
    0x00, 0x00, 0x00, 0x00, 0x00, 0x00, 0x00, 0x00, 0x63, 0x19, 0x8C, 0x66, 0x31, 0x98, 0xC6, 0x63,
    0x19, 0x8C, 0x66, 0x31, 0x98, 0xC6, 0x63, 0x19, 0x8C, 0x66, 0x31, 0x98, 0xC6, 0x63, 0x19, 0x8C,
    0x66, 0x31, 0x9C, 0xC6, 0x3F, 0xF8, 0x7F, 0xE0, 0x00, 0x00, 0x00, 0x00, 0x00, 0x00, 0x00, 0x00,
    0x00, 0x00, 0x00, 0x00, 0x00, 0x00, 0x00, 0x00, 0x00, 0x63, 0x19, 0x8C, 0x66, 0x31, 0x98, 0xC6,
    0x63, 0x19, 0x8C, 0x66, 0x31, 0x98, 0xC6, 0x63, 0x19, 0x8C, 0x66, 0x31, 0x98, 0xC6, 0x63, 0x19,
    0x8C, 0x66, 0x31, 0x9C, 0xC6, 0x3F, 0xFC, 0x7F, 0xF0, 0x00, 0xC0, 0x03, 0x00, 0x0C, 0x00, 0x30,
    0x00, 0x00, 0x00, 0x00, 0x00, 0x00, 0x00, 0x00, 0x00, 0x00, 0xF0, 0x03, 0xC0, 0x03, 0x00, 0x0C,
    0x00, 0x30, 0x00, 0xC0, 0x03, 0xFE, 0x0F, 0xFC, 0x30, 0x38, 0xC0, 0x63, 0x01, 0x8C, 0x06, 0x30,
    0x18, 0xC0, 0x63, 0x01, 0x8C, 0x0E, 0x3F, 0xF0, 0xFF, 0x80, 0x00, 0x00, 0x00, 0x00, 0x00, 0x00,
    0x00, 0x00, 0x00, 0x00, 0x00, 0x00, 0x00, 0x00, 0x00, 0x00, 0x00, 0x60, 0x19, 0x80, 0x66, 0x01,
    0x98, 0x06, 0x60, 0x19, 0x80, 0x67, 0xF1, 0x9F, 0xE6, 0x61, 0xD9, 0x83, 0x66, 0x0D, 0x98, 0x36,
    0x60, 0xD9, 0x83, 0x66, 0x0D, 0x98, 0x76, 0x7F, 0x99, 0xFC, 0x60, 0x00, 0x00, 0x00, 0x00, 0x00,
    0x00, 0x00, 0x00, 0x00, 0x00, 0x00, 0x00, 0x00, 0x00, 0x00, 0x00, 0x00, 0x60, 0x01, 0x80, 0x06,
    0x00, 0x18, 0x00, 0x60, 0x01, 0x80, 0x07, 0xFC, 0x1F, 0xF8, 0x60, 0x71, 0x80, 0xC6, 0x03, 0x18,
    0x0C, 0x60, 0x31, 0x80, 0xC6, 0x03, 0x18, 0x1C, 0x7F, 0xE1, 0xFF, 0x00, 0x00, 0x00, 0x00, 0x00,
    0x00, 0x00, 0x00, 0x00, 0x00, 0x00, 0x00, 0x00, 0x00, 0x00, 0x00, 0x00, 0x00, 0x1F, 0xC0, 0xFF,
    0x87, 0x07, 0x18, 0x0C, 0x00, 0x30, 0x00, 0xC0, 0x03, 0x00, 0x0C, 0x0F, 0xF0, 0x3F, 0xC0, 0x03,
    0x00, 0x0C, 0x00, 0x30, 0x00, 0xC6, 0x03, 0x1C, 0x1C, 0x3F, 0xE0, 0x7F, 0x00, 0x00, 0x00, 0x00,
    0x00, 0x00, 0x00, 0x00, 0x00, 0x00, 0x00, 0x00, 0x00, 0x00, 0x00, 0x00, 0x00, 0x00, 0x61, 0xE1,
    0x8F, 0xC6, 0x73, 0x99, 0x86, 0x66, 0x19, 0x98, 0x66, 0x61, 0x99, 0x86, 0x7E, 0x19, 0xF8, 0x66,
    0x61, 0x99, 0x86, 0x66, 0x19, 0x98, 0x66, 0x61, 0x99, 0xCE, 0x63, 0xF1, 0x87, 0x80, 0x00, 0x00,
    0x00, 0x00, 0x00, 0x00, 0x00, 0x00, 0x00, 0x00, 0x00, 0x00, 0x00, 0x00, 0x00, 0x00, 0x00, 0x1F,
    0xF0, 0xFF, 0xC7, 0x03, 0x18, 0x0C, 0x60, 0x31, 0x80, 0xC6, 0x03, 0x18, 0x0C, 0x70, 0x30, 0xFF,
    0xC1, 0xFF, 0x00, 0x7C, 0x03, 0xB0, 0x1C, 0xC0, 0xE3, 0x07, 0x0C, 0x38, 0x31, 0xC0, 0xC0, 0x00,
    0x00, 0x00, 0x00, 0x00, 0x00, 0x00, 0x00, 0x00, 0x00, 0x00, 0x00, 0x00, 0x00, 0x00, 0x00, 0x00,
    0x00, 0x00, 0x00, 0x00, 0x00, 0x00, 0x00, 0x00, 0x00, 0x7F, 0x01, 0xFE, 0x00, 0x1C, 0x00, 0x30,
    0x7F, 0xC3, 0xFF, 0x1C, 0x0C, 0x60, 0x31, 0x80, 0xC6, 0x03, 0x1C, 0x0C, 0x3F, 0xF0, 0x7F, 0xC0,
    0x00, 0x00, 0x00, 0x00, 0x00, 0x00, 0x00, 0x00, 0x00, 0x00, 0x00, 0x00, 0x00, 0x00, 0x00, 0x00,
    0x00, 0x1F, 0xC0, 0xFF, 0x07, 0x00, 0x18, 0x00, 0x60, 0x01, 0x80, 0x07, 0xFC, 0x1F, 0xF8, 0x60,
    0x71, 0x80, 0xC6, 0x03, 0x18, 0x0C, 0x60, 0x31, 0x80, 0xC6, 0x03, 0x18, 0x1C, 0x7F, 0xE1, 0xFF,
    0x00, 0x00, 0x00, 0x00, 0x00, 0x00, 0x00, 0x00, 0x00, 0x00, 0x00, 0x00, 0x00, 0x00, 0x00, 0x00,
    0x00, 0x00, 0x3F, 0x01, 0xFE, 0x06, 0x1C, 0x18, 0x30, 0x60, 0xC1, 0x83, 0x06, 0x18, 0x1F, 0xF0,
    0x7F, 0xE1, 0x81, 0xC6, 0x03, 0x18, 0x0C, 0x60, 0x31, 0x80, 0xC6, 0x03, 0x18, 0x1C, 0x7F, 0xE1,
    0xFF, 0x00, 0x00, 0x00, 0x00, 0x00, 0x00, 0x00, 0x00, 0x00, 0x00, 0x00, 0x00, 0x00, 0x00, 0x00,
    0x00, 0x00, 0x00, 0x00, 0x00, 0x00, 0x00, 0x00, 0x00, 0x00, 0x00, 0x01, 0xFF, 0xC7, 0xFF, 0x18,
    0x00, 0x60, 0x01, 0x80, 0x06, 0x00, 0x18, 0x00, 0x60, 0x01, 0x80, 0x06, 0x00, 0x18, 0x00, 0x60,
    0x01, 0x80, 0x00, 0x00, 0x00, 0x00, 0x00, 0x00, 0x00, 0x00, 0x00, 0x00, 0x00, 0x00, 0x00, 0x00,
    0x00, 0x00, 0x00, 0x00, 0x00, 0x00, 0x00, 0x00, 0x00, 0x00, 0x00, 0x00, 0x00, 0x7F, 0xC3, 0xFF,
    0x1C, 0x0C, 0x60, 0x31, 0x80, 0xC6, 0x03, 0x18, 0x0C, 0x60, 0x31, 0x80, 0xC6, 0x03, 0x1C, 0x0C,
    0x3F, 0xF0, 0x7F, 0xC0, 0x03, 0x00, 0x0C, 0x00, 0x70, 0xFF, 0x83, 0xFC, 0x00, 0x00, 0x00, 0x00,
    0x00, 0x00, 0x00, 0x00, 0x00, 0x00, 0x00, 0x00, 0x00, 0x00, 0x00, 0x00, 0x00, 0x00, 0x7F, 0x03,
    0xFE, 0x1C, 0x1C, 0x60, 0x31, 0x80, 0xC7, 0xFF, 0x1F, 0xFC, 0x60, 0x01, 0x80, 0x06, 0x00, 0x1C,
    0x1C, 0x3F, 0xE0, 0x7F, 0x00, 0x00, 0x00, 0x00, 0x00, 0x00, 0x00, 0x00, 0x00, 0x00, 0x00, 0x00,
    0x00, 0x00, 0x00, 0x00, 0x00, 0x00, 0x00, 0x00, 0x00, 0x00, 0x00, 0x00, 0x00, 0x00, 0x01, 0x8C,
    0x66, 0x31, 0x98, 0xC6, 0x73, 0x38, 0xED, 0xC1, 0xFE, 0x03, 0xF0, 0x1F, 0xE0, 0xED, 0xC7, 0x33,
    0x98, 0xC6, 0x63, 0x19, 0x8C, 0x60, 0x00, 0x00, 0x00, 0x00, 0x00, 0x00, 0x00, 0x00, 0x00, 0x00,
    0x00, 0x00, 0x00, 0x00, 0x00, 0x00, 0x00, 0x00, 0x00, 0x00, 0x00, 0x00, 0x00, 0x00, 0x00, 0x00,
    0x7F, 0x03, 0xFE, 0x1C, 0x1C, 0x00, 0x30, 0x01, 0xC0, 0xFE, 0x03, 0xF8, 0x00, 0x70, 0x00, 0xC0,
    0x03, 0x1C, 0x1C, 0x3F, 0xE0, 0x7F, 0x00, 0x00, 0x00, 0x00, 0x00, 0x00, 0x00, 0x00, 0x00, 0x00,
    0x00, 0x00, 0x00, 0x00, 0x00, 0x00, 0x00, 0x00, 0x00, 0x00, 0x00, 0x00, 0x00, 0x00, 0x00, 0x00,
    0x01, 0x80, 0xC6, 0x03, 0x18, 0x0C, 0x60, 0x31, 0x80, 0xC6, 0x03, 0x18, 0x0C, 0x60, 0x31, 0x80,
    0xC6, 0x03, 0x1C, 0x0C, 0x3F, 0xF0, 0x7F, 0xC0, 0x00, 0x00, 0x00, 0x00, 0x00, 0x00, 0x00, 0x00,
    0x00, 0x00, 0x00, 0x00, 0x00, 0x00, 0x00, 0x00, 0x00, 0x00, 0x00, 0x63, 0x01, 0xFC, 0x03, 0xE0,
    0x00, 0x01, 0x80, 0xC6, 0x03, 0x18, 0x0C, 0x60, 0x31, 0x80, 0xC6, 0x03, 0x18, 0x0C, 0x60, 0x31,
    0x80, 0xC6, 0x03, 0x1C, 0x0C, 0x3F, 0xF0, 0x7F, 0xC0, 0x00, 0x00, 0x00, 0x00, 0x00, 0x00, 0x00,
    0x00, 0x00, 0x00, 0x00, 0x00, 0x00, 0x00, 0x00, 0x00, 0x00, 0x00, 0x00, 0x00, 0x00, 0x00, 0x00,
    0x00, 0x00, 0x00, 0xC1, 0xC3, 0x0E, 0x0C, 0x70, 0x33, 0x80, 0xDC, 0x03, 0xE0, 0x0F, 0x00, 0x3E,
    0x00, 0xDC, 0x03, 0x38, 0x0C, 0x70, 0x30, 0xE0, 0xC1, 0xC0, 0x00, 0x00, 0x00, 0x00, 0x00, 0x00,
    0x00, 0x00, 0x00, 0x00, 0x00, 0x00, 0x00, 0x00, 0x00, 0x00, 0x00, 0x00, 0x00, 0x00, 0x00, 0x00,
    0x00, 0x00, 0x00, 0x00, 0x1F, 0xC0, 0xFF, 0x07, 0x0C, 0x18, 0x30, 0x60, 0xC1, 0x83, 0x06, 0x0C,
    0x18, 0x30, 0x60, 0xC1, 0x83, 0x06, 0x0C, 0x38, 0x31, 0xC0, 0xC0, 0x00, 0x00, 0x00, 0x00, 0x00,
    0x00, 0x00, 0x00, 0x00, 0x00, 0x00, 0x00, 0x00, 0x00, 0x00, 0x00, 0x00, 0x00, 0x00, 0x00, 0x00,
    0x00, 0x00, 0x00, 0x00, 0x01, 0x80, 0x67, 0x03, 0x9E, 0x1E, 0x7C, 0xF9, 0xBF, 0x66, 0x79, 0x98,
    0xC6, 0x60, 0x19, 0x80, 0x66, 0x01, 0x98, 0x06, 0x60, 0x19, 0x80, 0x60, 0x00, 0x00, 0x00, 0x00,
    0x00, 0x00, 0x00, 0x00, 0x00, 0x00, 0x00, 0x00, 0x00, 0x00, 0x00, 0x00, 0x00, 0x00, 0x00, 0x00,
    0x00, 0x00, 0x00, 0x00, 0x00, 0x01, 0x80, 0xC6, 0x03, 0x18, 0x0C, 0x60, 0x31, 0x80, 0xC7, 0xFF,
    0x1F, 0xFC, 0x60, 0x31, 0x80, 0xC6, 0x03, 0x18, 0x0C, 0x60, 0x31, 0x80, 0xC0, 0x00, 0x00, 0x00,
    0x00, 0x00, 0x00, 0x00, 0x00, 0x00, 0x00, 0x00, 0x00, 0x00, 0x00, 0x00, 0x00, 0x00, 0x00, 0x00,
    0x00, 0x00, 0x00, 0x00, 0x00, 0x00, 0x00, 0x7F, 0x03, 0xFE, 0x1C, 0x1C, 0x60, 0x31, 0x80, 0xC6,
    0x03, 0x18, 0x0C, 0x60, 0x31, 0x80, 0xC6, 0x03, 0x1C, 0x1C, 0x3F, 0xE0, 0x7F, 0x00, 0x00, 0x00,
    0x00, 0x00, 0x00, 0x00, 0x00, 0x00, 0x00, 0x00, 0x00, 0x00, 0x00, 0x00, 0x00, 0x00, 0x00, 0x00,
    0x00, 0x00, 0x00, 0x00, 0x00, 0x00, 0x00, 0x01, 0xFF, 0xC7, 0xFF, 0x18, 0x0C, 0x60, 0x31, 0x80,
    0xC6, 0x03, 0x18, 0x0C, 0x60, 0x31, 0x80, 0xC6, 0x03, 0x18, 0x0C, 0x60, 0x31, 0x80, 0xC0, 0x00,
    0x00, 0x00, 0x00, 0x00, 0x00, 0x00, 0x00, 0x00, 0x00, 0x00, 0x00, 0x00, 0x00, 0x00, 0x00, 0x00,
    0x00, 0x00, 0x00, 0x00, 0x00, 0x00, 0x00, 0x00, 0x01, 0xFF, 0x07, 0xFE, 0x18, 0x1C, 0x60, 0x31,
    0x80, 0xC6, 0x03, 0x18, 0x0C, 0x60, 0x31, 0x80, 0xC6, 0x03, 0x18, 0x1C, 0x7F, 0xE1, 0xFF, 0x06,
    0x00, 0x18, 0x00, 0x60, 0x01, 0x80, 0x06, 0x00, 0x00, 0x00, 0x00, 0x00, 0x00, 0x00, 0x00, 0x00,
    0x00, 0x00, 0x00, 0x00, 0x00, 0x00, 0x00, 0x00, 0x00, 0x00, 0x7F, 0x03, 0xFE, 0x1C, 0x1C, 0x60,
    0x01, 0x80, 0x06, 0x00, 0x18, 0x00, 0x60, 0x01, 0x80, 0x06, 0x00, 0x1C, 0x1C, 0x3F, 0xE0, 0x7F,
    0x00, 0x00, 0x00, 0x00, 0x00, 0x00, 0x00, 0x00, 0x00, 0x00, 0x00, 0x00, 0x00, 0x00, 0x00, 0x00,
    0x00, 0x00, 0x00, 0x00, 0x00, 0x00, 0x00, 0x00, 0x00, 0x00, 0x01, 0xFF, 0xE7, 0xFF, 0x80, 0xC0,
    0x03, 0x00, 0x0C, 0x00, 0x30, 0x00, 0xC0, 0x03, 0x00, 0x0C, 0x00, 0x30, 0x00, 0xC0, 0x03, 0x00,
    0x0C, 0x00, 0x00, 0x00, 0x00, 0x00, 0x00, 0x00, 0x00, 0x00, 0x00, 0x00, 0x00, 0x00, 0x00, 0x00,
    0x00, 0x00, 0x00, 0x00, 0x00, 0x00, 0x00, 0x00, 0x00, 0x00, 0x00, 0x01, 0x80, 0xC6, 0x03, 0x18,
    0x0C, 0x60, 0x31, 0x80, 0xC6, 0x03, 0x18, 0x0C, 0x60, 0x31, 0x80, 0xC6, 0x03, 0x1C, 0x0C, 0x3F,
    0xF0, 0x7F, 0xC0, 0x03, 0x00, 0x0C, 0x00, 0x70, 0xFF, 0x83, 0xFC, 0x00, 0x00, 0x00, 0x00, 0x00,
    0x00, 0x00, 0x00, 0x00, 0x00, 0x00, 0x00, 0x00, 0x00, 0x00, 0xC0, 0x03, 0x00, 0x7F, 0x83, 0xFF,
    0x1C, 0xCE, 0x63, 0x19, 0x8C, 0x66, 0x31, 0x98, 0xC6, 0x63, 0x19, 0x8C, 0x66, 0x31, 0x9C, 0xCE,
    0x3F, 0xF0, 0x7F, 0x80, 0x30, 0x00, 0xC0, 0x00, 0x00, 0x00, 0x00, 0x00, 0x00, 0x00, 0x00, 0x00,
    0x00, 0x00, 0x00, 0x00, 0x00, 0x00, 0x00, 0x00, 0x00, 0x00, 0x00, 0x00, 0x00, 0x01, 0x80, 0xC6,
    0x03, 0x1C, 0x1C, 0x38, 0xE0, 0x77, 0x00, 0xF8, 0x01, 0xC0, 0x0F, 0x80, 0x77, 0x03, 0x8E, 0x1C,
    0x1C, 0x60, 0x31, 0x80, 0xC0, 0x00, 0x00, 0x00, 0x00, 0x00, 0x00, 0x00, 0x00, 0x00, 0x00, 0x00,
    0x00, 0x00, 0x00, 0x00, 0x00, 0x00, 0x00, 0x00, 0x00, 0x00, 0x00, 0x00, 0x00, 0x00, 0x01, 0x80,
    0xC6, 0x03, 0x18, 0x0C, 0x60, 0x31, 0x80, 0xC6, 0x03, 0x18, 0x0C, 0x60, 0x31, 0x80, 0xC6, 0x03,
    0x1C, 0x0C, 0x3F, 0xF8, 0x7F, 0xE0, 0x01, 0x80, 0x06, 0x00, 0x18, 0x00, 0x60, 0x00, 0x00, 0x00,
    0x00, 0x00, 0x00, 0x00, 0x00, 0x00, 0x00, 0x00, 0x00, 0x00, 0x00, 0x00, 0x00, 0x00, 0x00, 0x01,
    0x80, 0xC6, 0x03, 0x18, 0x0C, 0x60, 0x31, 0xC0, 0xC3, 0xFF, 0x07, 0xFC, 0x00, 0x30, 0x00, 0xC0,
    0x03, 0x00, 0x0C, 0x00, 0x30, 0x00, 0xC0, 0x00, 0x00, 0x00, 0x00, 0x00, 0x00, 0x00, 0x00, 0x00,
    0x00, 0x00, 0x00, 0x00, 0x00, 0x00, 0x00, 0x00, 0x00, 0x00, 0x00, 0x00, 0x00, 0x00, 0x00, 0x00,
    0x01, 0x8C, 0x66, 0x31, 0x98, 0xC6, 0x63, 0x19, 0x8C, 0x66, 0x31, 0x98, 0xC6, 0x63, 0x19, 0x8C,
    0x66, 0x31, 0x9C, 0xC6, 0x3F, 0xF8, 0x7F, 0xE0, 0x00, 0x00, 0x00, 0x00, 0x00, 0x00, 0x00, 0x00,
    0x00, 0x00, 0x00, 0x00, 0x00, 0x00, 0x00, 0x00, 0x00, 0x00, 0x00, 0x00, 0x00, 0x00, 0x00, 0x00,
    0x00, 0x01, 0x8C, 0x66, 0x31, 0x98, 0xC6, 0x63, 0x19, 0x8C, 0x66, 0x31, 0x98, 0xC6, 0x63, 0x19,
    0x8C, 0x66, 0x31, 0x9C, 0xC6, 0x3F, 0xFC, 0x7F, 0xF0, 0x00, 0xC0, 0x03, 0x00, 0x0C, 0x00, 0x30,
    0x00, 0x00, 0x00, 0x00, 0x00, 0x00, 0x00, 0x00, 0x00, 0x00, 0x00, 0x00, 0x00, 0x00, 0x00, 0x00,
    0x00, 0x00, 0x03, 0xC0, 0x0F, 0x00, 0x0C, 0x00, 0x30, 0x00, 0xFF, 0x03, 0xFE, 0x0C, 0x1C, 0x30,
    0x30, 0xC0, 0xC3, 0x03, 0x0C, 0x1C, 0x3F, 0xE0, 0xFF, 0x00, 0x00, 0x00, 0x00, 0x00, 0x00, 0x00,
    0x00, 0x00, 0x00, 0x00, 0x00, 0x00, 0x00, 0x00, 0x00, 0x00, 0x00, 0x00, 0x00, 0x00, 0x00, 0x00,
    0x00, 0x00, 0x00, 0x01, 0x80, 0x66, 0x01, 0x98, 0x06, 0x60, 0x19, 0xFC, 0x67, 0xF9, 0x98, 0x76,
    0x60, 0xD9, 0x83, 0x66, 0x0D, 0x98, 0x76, 0x7F, 0x99, 0xFC, 0x60, 0x00, 0x00, 0x00, 0x00, 0x00,
    0x00, 0x00, 0x00, 0x00, 0x00, 0x00, 0x00, 0x00, 0x00, 0x00, 0x00, 0x00, 0x00, 0x00, 0x00, 0x00,
    0x00, 0x00, 0x00, 0x00, 0x00, 0xC0, 0x03, 0x00, 0x0C, 0x00, 0x30, 0x00, 0xFF, 0x03, 0xFE, 0x0C,
    0x1C, 0x30, 0x30, 0xC0, 0xC3, 0x03, 0x0C, 0x1C, 0x3F, 0xE0, 0xFF, 0x00, 0x00, 0x00, 0x00, 0x00,
    0x00, 0x00, 0x00, 0x00, 0x00, 0x00, 0x00, 0x00, 0x00, 0x00, 0x00, 0x00, 0x00, 0x00, 0x00, 0x00,
    0x00, 0x00, 0x00, 0x00, 0x00, 0x00, 0x7F, 0x03, 0xFE, 0x1C, 0x1C, 0x00, 0x30, 0x00, 0xC0, 0xFF,
    0x03, 0xFC, 0x00, 0x30, 0x00, 0xC0, 0x03, 0x1C, 0x1C, 0x3F, 0xE0, 0x7F, 0x00, 0x00, 0x00, 0x00,
    0x00, 0x00, 0x00, 0x00, 0x00, 0x00, 0x00, 0x00, 0x00, 0x00, 0x00, 0x00, 0x00, 0x00, 0x00, 0x00,
    0x00, 0x00, 0x00, 0x00, 0x00, 0x00, 0x01, 0x87, 0x86, 0x3F, 0x19, 0xCE, 0x66, 0x19, 0x98, 0x66,
    0x61, 0x9F, 0x86, 0x7E, 0x19, 0x98, 0x66, 0x61, 0x99, 0xCE, 0x63, 0xF1, 0x87, 0x80, 0x00, 0x00,
    0x00, 0x00, 0x00, 0x00, 0x00, 0x00, 0x00, 0x00, 0x00, 0x00, 0x00, 0x00, 0x00, 0x00, 0x00, 0x00,
    0x00, 0x00, 0x00, 0x00, 0x00, 0x00, 0x00, 0x00, 0x7F, 0xC3, 0xFF, 0x1C, 0x0C, 0x60, 0x31, 0x80,
    0xC7, 0x03, 0x0F, 0xFC, 0x1F, 0xF0, 0x0E, 0xC0, 0x73, 0x03, 0x8C, 0x1C, 0x30, 0xE0, 0xC0, 0x00,
    0x00, 0x00, 0x00, 0x00, 0x00, 0x00, 0x00, 0x00, 0x00, 0x00, 0x00, 0x00, 0x00, 0x00, 0x00, 0x00,
    0x00, 0x00, 0x70, 0x00, 0xE0, 0x01, 0xC0, 0x00, 0x00, 0x7F, 0x03, 0xFE, 0x1C, 0x1C, 0x60, 0x31,
    0x80, 0xC7, 0xFF, 0x1F, 0xFC, 0x60, 0x01, 0x80, 0x06, 0x00, 0x1C, 0x1C, 0x3F, 0xE0, 0x7F, 0x00,
    0x00, 0x00, 0x00, 0x00, 0x00, 0x00, 0x00, 0x00, 0x00, 0x00, 0x00, 0x00, 0x00, 0x00, 0x00, 0x00,
    0x00, 0x00, 0x00, 0x63, 0x01, 0x8C, 0x06, 0x30, 0x00, 0x00, 0x7F, 0x03, 0xFE, 0x1C, 0x1C, 0x60,
    0x31, 0x80, 0xC7, 0xFF, 0x1F, 0xFC, 0x60, 0x01, 0x80, 0x06, 0x00, 0x1C, 0x1C, 0x3F, 0xE0, 0x7F,
    0x00, 0x00, 0x00, 0x00, 0x00, 0x00, 0x00, 0x00, 0x00, 0x00, 0x00, 0x00, 0x00, 0x00, 0x00, 0x00,
    0x00, 0x00, 0x60, 0x03, 0xFC, 0x0F, 0xF0, 0x18, 0x00, 0x60, 0x01, 0xFF, 0x07, 0xFE, 0x18, 0x1C,
    0x60, 0x31, 0x80, 0xC6, 0x03, 0x18, 0x0C, 0x60, 0x31, 0x80, 0xC6, 0x03, 0x18, 0x0C, 0x60, 0x31,
    0x80, 0xC0, 0x03, 0x00, 0x0C, 0x00, 0x70, 0x0F, 0x80, 0x3C, 0x00, 0x00, 0x00, 0x00, 0x00, 0x00,
    0x00, 0x00, 0x00, 0x00, 0x00, 0x07, 0x00, 0x38, 0x01, 0xC0, 0x00, 0x01, 0xFF, 0xC7, 0xFF, 0x18,
    0x00, 0x60, 0x01, 0x80, 0x06, 0x00, 0x18, 0x00, 0x60, 0x01, 0x80, 0x06, 0x00, 0x18, 0x00, 0x60,
    0x01, 0x80, 0x00, 0x00, 0x00, 0x00, 0x00, 0x00, 0x00, 0x00, 0x00, 0x00, 0x00, 0x00, 0x00, 0x00,
    0x00, 0x00, 0x00, 0x00, 0x00, 0x00, 0x00, 0x00, 0x00, 0x00, 0x00, 0x00, 0x00, 0x7F, 0x03, 0xFE,
    0x1C, 0x1C, 0x60, 0x01, 0x80, 0x07, 0xF8, 0x1F, 0xE0, 0x60, 0x01, 0x80, 0x06, 0x00, 0x1C, 0x1C,
    0x3F, 0xE0, 0x7F, 0x00, 0x00, 0x00, 0x00, 0x00, 0x00, 0x00, 0x00, 0x00, 0x00, 0x00, 0x00, 0x00,
    0x00, 0x00, 0x00, 0x00, 0x00, 0x00, 0x00, 0x00, 0x00, 0x00, 0x00, 0x00, 0x00, 0x00, 0x7F, 0x03,
    0xFE, 0x1C, 0x1C, 0x60, 0x01, 0xC0, 0x03, 0xFC, 0x07, 0xF8, 0x00, 0x70, 0x00, 0xC0, 0x03, 0x1C,
    0x1C, 0x3F, 0xE0, 0x7F, 0x00, 0x00, 0x00, 0x00, 0x00, 0x00, 0x00, 0x00, 0x00, 0x00, 0x00, 0x00,
    0x00, 0x00, 0x00, 0x00, 0x00, 0x00, 0x03, 0x00, 0x0C, 0x00, 0x30, 0x00, 0x00, 0x00, 0x00, 0x3C,
    0x00, 0xF0, 0x00, 0xC0, 0x03, 0x00, 0x0C, 0x00, 0x30, 0x00, 0xC0, 0x03, 0x00, 0x0C, 0x00, 0x30,
    0x00, 0xC0, 0x0F, 0xC0, 0x3F, 0x00, 0x00, 0x00, 0x00, 0x00, 0x00, 0x00, 0x00, 0x00, 0x00, 0x00,
    0x00, 0x00, 0x00, 0x00, 0x00, 0x00, 0x00, 0x00, 0x00, 0x63, 0x01, 0x8C, 0x06, 0x30, 0x00, 0x00,
    0x3C, 0x00, 0xF0, 0x00, 0xC0, 0x03, 0x00, 0x0C, 0x00, 0x30, 0x00, 0xC0, 0x03, 0x00, 0x0C, 0x00,
    0x30, 0x00, 0xC0, 0x0F, 0xC0, 0x3F, 0x00, 0x00, 0x00, 0x00, 0x00, 0x00, 0x00, 0x00, 0x00, 0x00,
    0x00, 0x00, 0x00, 0x00, 0x00, 0x00, 0x00, 0x00, 0x00, 0x60, 0x01, 0x80, 0x06, 0x00, 0x00, 0x00,
    0x00, 0x07, 0x80, 0x1E, 0x00, 0x18, 0x00, 0x60, 0x01, 0x80, 0x06, 0x00, 0x18, 0x00, 0x60, 0x01,
    0x80, 0x06, 0x00, 0x18, 0x00, 0x60, 0x01, 0x83, 0x06, 0x0C, 0x18, 0x38, 0xE0, 0x7F, 0x00, 0xF8,
    0x00, 0x00, 0x00, 0x00, 0x00, 0x00, 0x00, 0x00, 0x00, 0x00, 0x00, 0x00, 0x00, 0x00, 0x00, 0x00,
    0x00, 0x00, 0x7C, 0x03, 0xF0, 0x1C, 0xC0, 0x63, 0x01, 0x8F, 0x86, 0x3F, 0x18, 0xCE, 0x63, 0x19,
    0x8C, 0x66, 0x31, 0x98, 0xCE, 0xE3, 0xF3, 0x0F, 0x80, 0x00, 0x00, 0x00, 0x00, 0x00, 0x00, 0x00,
    0x00, 0x00, 0x00, 0x00, 0x00, 0x00, 0x00, 0x00, 0x00, 0x00, 0x00, 0x00, 0x00, 0x00, 0x00, 0x00,
    0x00, 0x00, 0x01, 0x8C, 0x06, 0x30, 0x18, 0xC0, 0x63, 0x01, 0x8F, 0x87, 0xFF, 0x1F, 0xCE, 0x63,
    0x19, 0x8C, 0x66, 0x31, 0x98, 0xCE, 0x63, 0xF1, 0x8F, 0x80, 0x00, 0x00, 0x00, 0x00, 0x00, 0x00,
    0x00, 0x00, 0x00, 0x00, 0x00, 0x00, 0x00, 0x00, 0x00, 0x00, 0x00, 0x60, 0x03, 0xFC, 0x0F, 0xF0,
    0x18, 0x00, 0x60, 0x01, 0xFF, 0x07, 0xFE, 0x18, 0x1C, 0x60, 0x31, 0x80, 0xC6, 0x03, 0x18, 0x0C,
    0x60, 0x31, 0x80, 0xC6, 0x03, 0x18, 0x0C, 0x60, 0x31, 0x80, 0xC0, 0x00, 0x00, 0x00, 0x00, 0x00,
    0x00, 0x00, 0x00, 0x00, 0x00, 0x00, 0x00, 0x00, 0x00, 0x00, 0x00, 0x00, 0x00, 0x00, 0x07, 0x00,
    0x38, 0x01, 0xC0, 0x00, 0x00, 0xC1, 0xC3, 0x0E, 0x0C, 0x70, 0x33, 0x80, 0xDC, 0x03, 0xE0, 0x0F,
    0x00, 0x3E, 0x00, 0xDC, 0x03, 0x38, 0x0C, 0x70, 0x30, 0xE0, 0xC1, 0xC0, 0x00, 0x00, 0x00, 0x00,
    0x00, 0x00, 0x00, 0x00, 0x00, 0x00, 0x00, 0x00, 0x00, 0x00, 0x00, 0x00, 0x00, 0x00, 0x00, 0x70,
    0x00, 0xE0, 0x01, 0xC0, 0x00, 0x01, 0x80, 0xC6, 0x03, 0x18, 0x0C, 0x60, 0x31, 0x80, 0xC6, 0x03,
    0x18, 0x0C, 0x60, 0x31, 0x80, 0xC6, 0x03, 0x1C, 0x0C, 0x3F, 0xF0, 0x7F, 0xC0, 0x00, 0x00, 0x00,
    0x00, 0x00, 0x00, 0x00, 0x00, 0x00, 0x00, 0x00, 0x00, 0x00, 0x00, 0x00, 0x00, 0x00, 0x00, 0x00,
    0x63, 0x01, 0xFC, 0x03, 0xE0, 0x00, 0x01, 0x80, 0xC6, 0x03, 0x18, 0x0C, 0x60, 0x31, 0x80, 0xC6,
    0x03, 0x18, 0x0C, 0x60, 0x31, 0x80, 0xC6, 0x03, 0x1C, 0x0C, 0x3F, 0xF0, 0x7F, 0xC0, 0x03, 0x00,
    0x0C, 0x00, 0x70, 0xFF, 0x83, 0xFC, 0x00, 0x00, 0x00, 0x00, 0x00, 0x00, 0x00, 0x00, 0x00, 0x00,
    0x00, 0x00, 0x00, 0x00, 0x00, 0x00, 0x00, 0x01, 0x80, 0x66, 0x01, 0x98, 0x06, 0x60, 0x19, 0x80,
    0x66, 0x01, 0x98, 0x06, 0x60, 0x19, 0x80, 0x66, 0x01, 0x98, 0x06, 0x7F, 0xF9, 0xFF, 0xE0, 0x30,
    0x00, 0xC0, 0x03, 0x00, 0x0C, 0x00, 0x00, 0x00, 0x00, 0x40, 0x82, 0xE1, 0xC7, 0xE1, 0xC7, 0xE1,
    0xC7, 0xE1, 0xC7, 0xE1, 0xC7, 0xE1, 0xC7, 0xE1, 0xC7, 0xE1, 0xC7, 0xE1, 0xC7, 0xE1, 0xC7, 0xE1,
    0xC7, 0xE1, 0xC7, 0x73, 0xC7, 0x7F, 0xFE, 0x3F, 0xFE, 0x0C, 0x10, 0x43, 0x0D, 0xC7, 0x1B, 0x8E,
    0x37, 0x1C, 0x6E, 0x38, 0xDC, 0x71, 0xB8, 0xE3, 0x71, 0xC6, 0xE3, 0x8D, 0xC7, 0x19, 0xFF, 0xF3,
    0xF7, 0xC1, 0x82, 0x00, 0x00, 0x00, 0x00, 0x00, 0x00, 0x00, 0x00, 0x30, 0x00, 0xC0, 0x0F, 0xF0,
    0x3F, 0xC0, 0x30, 0x00, 0xC0, 0x03, 0xFE, 0x0F, 0xFC, 0x30, 0x38, 0xC0, 0x63, 0x01, 0x8C, 0x06,
    0x30, 0x18, 0xC0, 0x63, 0x01, 0x8C, 0x0E, 0x3F, 0xF0, 0xFF, 0x80, 0x00, 0x00, 0x00, 0x00, 0x00,
    0x00, 0x00, 0x00, 0x00, 0x00, 0x00, 0x00, 0x00, 0x00, 0x00, 0x00, 0x00, 0x30, 0x00, 0xC0, 0x03,
    0x00, 0x0C, 0x00, 0xFF, 0x03, 0xFC, 0x03, 0x00, 0x0C, 0x00, 0x30, 0x00, 0xFF, 0x03, 0xFE, 0x0C,
    0x1C, 0x30, 0x30, 0xC0, 0xC3, 0x03, 0x0C, 0x1C, 0x3F, 0xE0, 0xFF, 0x00, 0x00, 0x00, 0x00, 0x00,
    0x00, 0x00, 0x00, 0x00, 0x00, 0x00, 0x40, 0x38, 0x38, 0x3F, 0xCE, 0x3F, 0xFB, 0x8E, 0x0E, 0xE7,
    0x01, 0xF9, 0xC0, 0x7E, 0x60, 0x03, 0xFF, 0xE0, 0xFF, 0xF8, 0x3F, 0xFC, 0x0E, 0x60, 0x03, 0x9C,
    0x07, 0xE7, 0x01, 0xF8, 0xE0, 0xEE, 0x1F, 0xF3, 0x83, 0xF8, 0x00, 0x18, 0x00, 0x40, 0xE1, 0xC7,
    0xF3, 0x9F, 0xF7, 0x38, 0x6E, 0xE0, 0xDF, 0xFC, 0x3F, 0xF8, 0x7F, 0xF0, 0xEE, 0x0D, 0xCE, 0x3B,
    0x9F, 0xF7, 0x1F, 0xC0, 0x0E, 0x00, 0x03, 0x00, 0x1E, 0x00, 0x78, 0x01, 0xF0, 0x0F, 0xC0, 0x3B,
    0x00, 0xCE, 0x07, 0x38, 0x18, 0x60, 0xFF, 0xC3, 0xFF, 0x0F, 0xFC, 0x73, 0x39, 0xCC, 0xE6, 0x31,
    0xF8, 0xC7, 0x06, 0x00, 0xE0, 0x0F, 0x01, 0xF0, 0x1F, 0x81, 0xB8, 0x39, 0x83, 0xFC, 0x3F, 0xC7,
    0x6E, 0x66, 0xEE, 0x66, 0x40, 0x30, 0x38, 0x0E, 0x0E, 0x07, 0x83, 0x81, 0xF0, 0xE0, 0xEC, 0x38,
    0x3B, 0x0E, 0x0C, 0xE3, 0x87, 0x18, 0xE1, 0xC7, 0x3F, 0xFF, 0xCF, 0xFF, 0xF3, 0xFF, 0xFE, 0xE3,
    0x3B, 0xB9, 0xCE, 0x6E, 0x73, 0x9F, 0xB8, 0xE7, 0x40, 0xC1, 0xC1, 0xC3, 0x87, 0x87, 0x0F, 0x8E,
    0x3F, 0x1C, 0x76, 0x3F, 0xCE, 0x7F, 0xFC, 0xFF, 0xFD, 0xDD, 0xBB, 0xBB, 0x37, 0x66, 0x70, 0x00,
    0x00, 0x00, 0x00, 0x00, 0x00, 0x00, 0x7F, 0xF9, 0xFF, 0xE6, 0x01, 0x9C, 0x0E, 0x38, 0x70, 0x73,
    0x80, 0xFC, 0x01, 0xE0, 0x0F, 0xC0, 0x7F, 0x83, 0xB7, 0x1C, 0xCE, 0x63, 0x19, 0x8C, 0x66, 0x31,
    0x98, 0xC6, 0x63, 0x19, 0x8C, 0x60, 0x00, 0x00, 0x00, 0x00, 0x00, 0x00, 0x00, 0x00, 0x00, 0x00,
    0x00, 0x00, 0x00, 0x00, 0x00, 0x00, 0x00, 0x00, 0x00, 0x00, 0x00, 0x00, 0x00, 0x00, 0x00, 0x01,
    0xFF, 0xE7, 0xFF, 0x9C, 0x0E, 0x38, 0x70, 0x73, 0x80, 0xFC, 0x03, 0xF0, 0x1F, 0xE0, 0xED, 0xC7,
    0x33, 0x98, 0xC6, 0x63, 0x19, 0x8C, 0x60, 0x00, 0x00, 0x00, 0x00, 0x00, 0x00, 0x00, 0x00, 0x00,
    0x00, 0x40, 0xFF, 0xF3, 0x83, 0xFF, 0xCE, 0x0F, 0xFE, 0x38, 0x1C, 0x38, 0xE0, 0x31, 0xC3, 0x80,
    0xE7, 0x0E, 0x01, 0xF8, 0x3F, 0xFF, 0xF0, 0xFF, 0xFF, 0xF3, 0xFF, 0xFF, 0xEE, 0x18, 0x63, 0xB8,
    0xE1, 0x86, 0xE3, 0x86, 0x1F, 0x8E, 0x18, 0x7E, 0x38, 0x61, 0xF8, 0xE1, 0x87, 0x41, 0xFF, 0xB8,
    0x7F, 0xEE, 0x1F, 0xF3, 0x83, 0x9C, 0xE0, 0xEE, 0x3F, 0xFF, 0x0F, 0xFF, 0xFB, 0xFF, 0xFF, 0xE7,
    0x39, 0xF9, 0xCE, 0x3E, 0x73, 0x8F, 0x9C, 0xE3, 0x33, 0x1F, 0x87, 0x81, 0x87, 0x07, 0xF1, 0xFC,
    0x07, 0x03, 0x81, 0xC0, 0xE7, 0xE3, 0xF0, 0x7C, 0x0E, 0x07, 0x03, 0x81, 0xCF, 0xFF, 0xEF, 0x87,
    0x03, 0x80, 0xE0, 0x20, 0x00, 0x33, 0x0F, 0xC1, 0xE0, 0x00, 0x7C, 0x1F, 0xC7, 0xF8, 0x06, 0x01,
    0x8F, 0xE3, 0xF0, 0x7E, 0x01, 0x80, 0x63, 0xF9, 0xFC, 0x70, 0x38, 0x07, 0x81, 0xE0, 0x18, 0x00,
    0x41, 0x82, 0xE1, 0x87, 0xE1, 0x87, 0xE1, 0x87, 0xE1, 0x87, 0xE1, 0x87, 0x61, 0x87, 0x61, 0x86,
    0x71, 0x8E, 0x3D, 0xBC, 0x1F, 0xFC, 0x07, 0xF0, 0x01, 0x80, 0x01, 0x80, 0x01, 0x80, 0x01, 0x80,
    0x03, 0x00, 0x0C, 0x04, 0x30, 0xB8, 0xC7, 0xE3, 0x1F, 0x8C, 0x7E, 0x31, 0xF8, 0xC7, 0xE3, 0x1F,
    0x8C, 0x7E, 0x31, 0xDC, 0xCE, 0x7F, 0xF8, 0xFF, 0xC0, 0x78, 0x00, 0xC0, 0x03, 0x00, 0x0C, 0x00,
    0x30, 0x00, 0x07, 0x80, 0x7F, 0x83, 0xFF, 0x1E, 0x1E, 0x70, 0x3B, 0x80, 0x7E, 0x01, 0xFF, 0xFF,
    0xFF, 0xFF, 0xFF, 0xFE, 0x01, 0xF8, 0x07, 0x70, 0x39, 0xE1, 0xE3, 0xFF, 0x07, 0xF8, 0x03, 0x00,
    0x0F, 0x01, 0xFC, 0x3F, 0xE7, 0x0E, 0x70, 0x67, 0xE7, 0x7F, 0xF6, 0x3F, 0x70, 0x67, 0x0E, 0x3F,
    0xC1, 0xF8, 0x06, 0x00, 0x40, 0x05, 0xC0, 0x39, 0x80, 0x73, 0x81, 0xC7, 0x03, 0x87, 0x06, 0x0E,
    0x1C, 0x0C, 0x38, 0x1C, 0x60, 0x39, 0xC0, 0x33, 0x00, 0x7E, 0x00, 0xFC, 0x00, 0xF0, 0x01, 0xE0,
    0x03, 0xC0, 0x40, 0x3E, 0x0F, 0x60, 0xF7, 0x1C, 0x71, 0xC3, 0x18, 0x3B, 0x81, 0xB8, 0x1F, 0x01,
    0xF0, 0x0E, 0x00, 0xE0, 0x1B, 0x80, 0x3B, 0x00, 0x37, 0x00, 0x26, 0x04, 0x00, 0x5C, 0x03, 0x98,
    0x07, 0x38, 0x1C, 0x70, 0x38, 0x70, 0x60, 0xE1, 0xC0, 0xC3, 0x81, 0xC6, 0x03, 0x9C, 0x03, 0x30,
    0x07, 0xE0, 0x0F, 0xC0, 0x0F, 0x00, 0x1E, 0x00, 0x3C, 0x00, 0x76, 0x07, 0x70, 0x3B, 0x01, 0xB0,
    0x40, 0x3E, 0x0F, 0x60, 0xF7, 0x1C, 0x71, 0xC3, 0x18, 0x3B, 0x81, 0xB8, 0x1F, 0x01, 0xF0, 0x0E,
    0x00, 0xE0, 0x07, 0x80, 0x00, 0x07, 0xF8, 0x00, 0x03, 0xFF, 0x00, 0x01, 0xE1, 0xE0, 0x00, 0x70,
    0x39, 0x80, 0xF8, 0x07, 0x70, 0x7E, 0x01, 0xCC, 0x1F, 0x00, 0x73, 0x86, 0xC0, 0x1C, 0xE3, 0xB0,
    0x07, 0x18, 0xCE, 0x01, 0xC7, 0x73, 0x80, 0x70, 0xDC, 0x70, 0x38, 0x36, 0x1E, 0x1E, 0x0F, 0x83,
    0xFF, 0x01, 0xC0, 0x7F, 0x80, 0x70, 0x03, 0x00, 0x1C, 0x00, 0x00, 0x06, 0x00, 0x00, 0x0F, 0x80,
    0x00, 0x03, 0xC0, 0x00, 0x00, 0xE0, 0x00, 0x0F, 0x0C, 0x06, 0x3F, 0x9C, 0x1C, 0xFF, 0x98, 0x3B,
    0x87, 0x38, 0xE7, 0x06, 0x71, 0xCC, 0x0E, 0x63, 0x18, 0x1C, 0xEE, 0x30, 0x38, 0xDC, 0x70, 0x61,
    0xB0, 0xE1, 0xC3, 0xE0, 0xFF, 0x03, 0x80, 0xFC, 0x07, 0x00, 0x60, 0x0E, 0x00, 0x00, 0x18, 0x00,
    0x01, 0xF0, 0x00, 0x03, 0xC0, 0x00, 0x07, 0x00, 0x07, 0x80, 0xFF, 0x0F, 0xFC, 0xE0, 0xEE, 0x03,
    0xF0, 0x0B, 0x80, 0x18, 0x00, 0xC0, 0x07, 0x00, 0x38, 0x0E, 0xE0, 0xF7, 0xFF, 0x9F, 0xFC, 0x3E,
    0xE0, 0x07, 0x0F, 0x03, 0xF8, 0xFF, 0x38, 0x76, 0x06, 0xC0, 0x18, 0x03, 0x00, 0x70, 0x0E, 0x00,
    0xF8, 0x0F, 0x80, 0x70, 0x0E, 0x01, 0xC0, 0x38, 0x00, 0xC0, 0x38, 0x66, 0x0F, 0xC0, 0xF8, 0x0F,
    0x81, 0xBF, 0x73, 0xFC, 0x07, 0x80, 0xFC, 0x1B, 0x87, 0x10, 0xC0, 0x00, 0x03, 0xFF, 0xFF, 0xE0,
    0x1F, 0x7F, 0xFC, 0x60, 0xDB, 0xB0, 0x77, 0x64, 0x78, 0x7F, 0xF1, 0xE0, 0x00, 0x70, 0x00, 0x07,
    0xC0, 0x00, 0x00, 0x00, 0x78, 0x07, 0x83, 0x60, 0x36, 0x00, 0x00, 0x00, 0x00, 0x00, 0x00, 0x00,
    0x00, 0x78, 0x00, 0xF6, 0xC0, 0x06, 0xC0, 0x00, 0x00, 0x00, 0x00, 0x00, 0x00, 0x00, 0x0E, 0x00,
    0xE0, 0xF8, 0x0F, 0x86, 0xC0, 0x48, 0x00, 0x70, 0x00, 0x07, 0xC0, 0x00, 0x24, 0x00, 0x00, 0x00,
    0x00, 0x03, 0x00, 0x00, 0x60, 0x00, 0x86, 0x00, 0x0C, 0x61, 0xC0, 0xC0, 0x38, 0x0C, 0x03, 0x00,
    0x00, 0x00, 0x00, 0x00, 0x0E, 0x00, 0x08, 0xF8, 0x00, 0xF1, 0x80, 0x07, 0x00, 0x00, 0x00, 0x00,
    0x00, 0x00, 0x03, 0x00, 0xE0, 0x30, 0x1C, 0x23, 0x81, 0x06, 0x18, 0x00, 0x60, 0x00, 0x06, 0x00,
    0x00, 0x40, 0x00, 0x0C, 0xC0, 0x1F, 0x80, 0x3E, 0x00, 0x10, 0x04, 0x01, 0x1C, 0x07, 0x38, 0x1E,
    0x70, 0x7C, 0xE0, 0xF9, 0xC3, 0xF3, 0x8E, 0xE7, 0x1D, 0xCE, 0x73, 0x9C, 0xE7, 0x3B, 0x8E, 0x7E,
    0x1C, 0xFC, 0x39, 0xF0, 0x73, 0xC0, 0xFF, 0x81, 0xF0, 0x00, 0xC0, 0x01, 0x80, 0x07, 0x00, 0x04,
    0x33, 0x03, 0xF0, 0x1E, 0x00, 0x40, 0x40, 0xCE, 0x1C, 0xE3, 0xCE, 0x3C, 0xE7, 0xCE, 0xFC, 0xED,
    0xCF, 0xDC, 0xF9, 0xCF, 0x1C, 0xF1, 0xFE, 0x1F, 0x00, 0x60, 0x0E, 0x00, 0xE0, 0x0C, 0x10, 0x00,
    0xE0, 0x03, 0x80, 0x3F, 0xE0, 0xFF, 0x83, 0xFC, 0x03, 0xF8, 0x0F, 0xFC, 0x3F, 0xF8, 0xE0, 0xE3,
    0x81, 0xCE, 0x07, 0x38, 0x1C, 0xE0, 0xE3, 0xFF, 0x8F, 0xF8, 0x38, 0x03, 0x80, 0xFF, 0x0F, 0xF0,
    0xFF, 0x03, 0x80, 0x3F, 0x83, 0xFE, 0x3F, 0xF3, 0x87, 0x38, 0x73, 0x87, 0x3F, 0xE3, 0xFC, 0x7E,
    0x0F, 0xFC, 0xFF, 0xEE, 0x0E, 0xE0, 0x6E, 0x07, 0xE3, 0x6E, 0x3E, 0xFF, 0xEF, 0xFC, 0xFF, 0xEE,
    0x0C, 0xE0, 0x0E, 0x00, 0xE0, 0x0E, 0x00, 0x4E, 0x1F, 0xF3, 0xFF, 0x70, 0x6E, 0x0F, 0xC1, 0xF8,
    0x3F, 0x07, 0xE3, 0xFE, 0x7B, 0xFF, 0x7F, 0xFE, 0x6D, 0xC0, 0x38, 0x07, 0x00, 0x40, 0x00, 0x00,
    0x00, 0x00, 0xC0, 0x03, 0x00, 0x0C, 0x7F, 0xF1, 0xFF, 0xC6, 0x00, 0x18, 0x00, 0x60, 0x01, 0x80,
    0x06, 0x00, 0x18, 0x00, 0x60, 0x01, 0x80, 0x06, 0x00, 0x18, 0x00, 0x60, 0x01, 0x80, 0x06, 0x00,
    0x18, 0x00, 0x60, 0x01, 0x80, 0x00, 0x00, 0x00, 0x00, 0x00, 0x00, 0x00, 0x00, 0x00, 0x00, 0x00,
    0x00, 0x00, 0x00, 0x00, 0x00, 0x00, 0x00, 0x00, 0x00, 0x00, 0x00, 0x03, 0x00, 0x0C, 0x00, 0x31,
    0xFF, 0xC7, 0xFF, 0x18, 0x00, 0x60, 0x01, 0x80, 0x06, 0x00, 0x18, 0x00, 0x60, 0x01, 0x80, 0x06,
    0x00, 0x18, 0x00, 0x60, 0x01, 0x80, 0x00, 0x00, 0x00, 0x00, 0x00, 0x00, 0x00, 0x00, 0x00, 0x00,
    0x00, 0x00, 0x00, 0x00, 0x00, 0x00, 0x00, 0x00, 0x7F, 0xF1, 0xFF, 0xC6, 0x00, 0x18, 0x00, 0x60,
    0x01, 0x80, 0x06, 0x00, 0x18, 0x00, 0xFF, 0x03, 0xFC, 0x06, 0x00, 0x18, 0x00, 0x60, 0x01, 0x80,
    0x06, 0x00, 0x18, 0x00, 0x60, 0x01, 0x80, 0x00, 0x00, 0x00, 0x00, 0x00, 0x00, 0x00, 0x00, 0x00,
    0x00, 0x00, 0x00, 0x00, 0x00, 0x00, 0x00, 0x00, 0x00, 0x00, 0x00, 0x00, 0x00, 0x00, 0x00, 0x00,
    0x00, 0x01, 0xFF, 0xC7, 0xFF, 0x18, 0x00, 0x60, 0x01, 0x80, 0x06, 0x00, 0x3F, 0xC0, 0xFF, 0x01,
    0x80, 0x06, 0x00, 0x18, 0x00, 0x60, 0x01, 0x80, 0x00, 0x00, 0x00, 0x00, 0x00, 0x00, 0x00, 0x00,
    0x00, 0x00, 0x00, 0x00, 0x00, 0x00, 0x00, 0x00, 0x00, 0x00, 0x7F, 0xF1, 0xFF, 0xC6, 0x00, 0x18,
    0x00, 0x60, 0x01, 0x80, 0x06, 0x00, 0x18, 0x00, 0x60, 0x01, 0xFF, 0x07, 0xFE, 0x18, 0x1C, 0x60,
    0x31, 0x80, 0xC6, 0x03, 0x18, 0x0C, 0x60, 0x31, 0x80, 0xC0, 0x03, 0x00, 0x18, 0x00, 0xC0, 0x00,
    0x00, 0x00, 0x00, 0x00, 0x00, 0x00, 0x00, 0x00, 0x00, 0x00, 0x00, 0x00, 0x00, 0x00, 0x00, 0x00,
    0x00, 0x00, 0x00, 0x01, 0xFF, 0xC7, 0xFF, 0x18, 0x00, 0x60, 0x01, 0x80, 0x06, 0x00, 0x1F, 0xE0,
    0x7F, 0xC1, 0x83, 0x86, 0x06, 0x18, 0x18, 0x60, 0x61, 0x81, 0x80, 0x06, 0x00, 0x30, 0x01, 0x80,
    0x00, 0x00, 0x00, 0x00, 0x00, 0x00, 0x00, 0x00, 0x00, 0x00, 0x00, 0x00, 0x63, 0x19, 0x8C, 0x66,
    0x31, 0x98, 0xC6, 0x63, 0x19, 0xCC, 0xE3, 0xB7, 0x07, 0xF8, 0x0F, 0xC0, 0x7F, 0x83, 0xB7, 0x1C,
    0xCE, 0x63, 0x19, 0x8C, 0x66, 0x31, 0x98, 0xC6, 0x63, 0x1D, 0x8C, 0x70, 0x00, 0xC0, 0x03, 0x00,
    0x0C, 0x00, 0x30, 0x00, 0x00, 0x00, 0x00, 0x00, 0x00, 0x00, 0x00, 0x00, 0x00, 0x00, 0x00, 0x00,
    0x00, 0x00, 0x00, 0x00, 0x00, 0x01, 0x8C, 0x66, 0x31, 0x98, 0xC6, 0x73, 0x38, 0xED, 0xC1, 0xFE,
    0x03, 0xF0, 0x1F, 0xE0, 0xED, 0xC7, 0x33, 0x98, 0xC6, 0x63, 0x1D, 0x8C, 0x70, 0x00, 0xC0, 0x03,
    0x00, 0x0C, 0x00, 0x30, 0x00, 0x00, 0x00, 0x00, 0x00, 0x00, 0x00, 0x00, 0x00, 0x00, 0x1F, 0xC0,
    0xFF, 0x87, 0x07, 0x18, 0x0C, 0x00, 0x30, 0x00, 0xC0, 0x03, 0x00, 0x1C, 0x0F, 0xE0, 0x3F, 0x80,
    0x07, 0x00, 0x0C, 0x00, 0x30, 0x00, 0xC6, 0x03, 0x1C, 0x1C, 0x3F, 0xE0, 0x7F, 0x00, 0x60, 0x01,
    0x80, 0x06, 0x00, 0x18, 0x00, 0x60, 0x00, 0x00, 0x00, 0x00, 0x00, 0x00, 0x00, 0x00, 0x00, 0x00,
    0x00, 0x00, 0x00, 0x00, 0x00, 0x00, 0x00, 0x00, 0x7F, 0x03, 0xFE, 0x1C, 0x1C, 0x00, 0x30, 0x01,
    0xC0, 0xFE, 0x03, 0xF8, 0x00, 0x70, 0x00, 0xC0, 0x03, 0x1C, 0x1C, 0x3F, 0xE0, 0x7F, 0x00, 0x60,
    0x01, 0x80, 0x06, 0x00, 0x18, 0x00, 0x60, 0x00, 0x00, 0x00, 0x00, 0x00, 0x00, 0x00, 0x00, 0x00,
    0x60, 0x31, 0x81, 0xC6, 0x0E, 0x18, 0x70, 0x63, 0x81, 0x9C, 0x06, 0xE0, 0x1F, 0x00, 0x78, 0x01,
    0xE0, 0x07, 0xC0, 0x1B, 0x80, 0x67, 0x01, 0x8E, 0x06, 0x1C, 0x18, 0x38, 0x60, 0x71, 0x80, 0xE0,
    0x01, 0x80, 0x06, 0x00, 0x18, 0x00, 0x60, 0x00, 0x00, 0x00, 0x00, 0x00, 0x00, 0x00, 0x00, 0x00,
    0x00, 0x00, 0x00, 0x00, 0x00, 0x00, 0x00, 0x00, 0x00, 0x00, 0xC1, 0xC3, 0x0E, 0x0C, 0x70, 0x33,
    0x80, 0xDC, 0x03, 0xE0, 0x0F, 0x00, 0x3E, 0x00, 0xDC, 0x03, 0x38, 0x0C, 0x70, 0x30, 0xE0, 0xC1,
    0xC0, 0x03, 0x00, 0x0C, 0x00, 0x30, 0x00, 0xC0, 0x00, 0x00, 0x00, 0x00, 0x00, 0x00, 0x00, 0x00,
    0x00, 0x00, 0x60, 0x19, 0x80, 0x66, 0x03, 0x98, 0x1C, 0x6C, 0xE1, 0xB7, 0x06, 0xF8, 0x1B, 0xC0,
    0x7E, 0x01, 0xF8, 0x06, 0xF0, 0x1B, 0xE0, 0x6D, 0xC1, 0xB3, 0x86, 0x07, 0x18, 0x0E, 0x60, 0x19,
    0x80, 0x60, 0x00, 0x00, 0x00, 0x00, 0x00, 0x00, 0x00, 0x00, 0x00, 0x00, 0x00, 0x00, 0x00, 0x00,
    0x00, 0x00, 0x00, 0x00, 0x00, 0x00, 0x00, 0x00, 0x00, 0x00, 0x00, 0x01, 0x80, 0x66, 0x03, 0x9B,
    0x1C, 0x6C, 0xE1, 0xB7, 0x07, 0xF8, 0x1F, 0xC0, 0x7F, 0x81, 0xB7, 0x06, 0xCE, 0x1B, 0x1C, 0x60,
    0x39, 0x80, 0x60, 0x00, 0x00, 0x00, 0x00, 0x00, 0x00, 0x00, 0x00, 0x00, 0x00, 0x00, 0x00, 0x00,
    0x00, 0x00, 0x00, 0x00, 0xF0, 0x1B, 0xC0, 0xE3, 0x07, 0x0C, 0x38, 0x31, 0xC0, 0xCE, 0x03, 0x70,
    0x0F, 0x80, 0x3C, 0x00, 0xF0, 0x03, 0xE0, 0x0D, 0xC0, 0x33, 0x80, 0xC7, 0x03, 0x0E, 0x0C, 0x1C,
    0x30, 0x38, 0xC0, 0x60, 0x00, 0x00, 0x00, 0x00, 0x00, 0x00, 0x00, 0x00, 0x00, 0x00, 0x00, 0x00,
    0x00, 0x00, 0x00, 0x00, 0x00, 0x00, 0x00, 0x00, 0x00, 0x00, 0x00, 0x00, 0x00, 0x03, 0xC1, 0xCF,
    0x0E, 0x0C, 0x70, 0x33, 0x80, 0xDC, 0x03, 0xE0, 0x0F, 0x00, 0x3E, 0x00, 0xDC, 0x03, 0x38, 0x0C,
    0x70, 0x30, 0xE0, 0xC1, 0xC0, 0x00, 0x00, 0x00, 0x00, 0x00, 0x00, 0x00, 0x00, 0x00, 0x00, 0x00,
    0x00, 0x00, 0x00, 0x00, 0x00, 0x00, 0x60, 0x31, 0x80, 0xC6, 0x03, 0x18, 0x0C, 0x60, 0x31, 0x80,
    0xC6, 0x03, 0x18, 0x0C, 0x7F, 0xF1, 0xFF, 0xC6, 0x03, 0x18, 0x0C, 0x60, 0x31, 0x80, 0xC6, 0x03,
    0x18, 0x0C, 0x60, 0x39, 0x80, 0xE0, 0x01, 0x80, 0x06, 0x00, 0x18, 0x00, 0x60, 0x00, 0x00, 0x00,
    0x00, 0x00, 0x00, 0x00, 0x00, 0x00, 0x00, 0x00, 0x00, 0x00, 0x00, 0x00, 0x00, 0x00, 0x00, 0x01,
    0x80, 0xC6, 0x03, 0x18, 0x0C, 0x60, 0x31, 0x80, 0xC7, 0xFF, 0x1F, 0xFC, 0x60, 0x31, 0x80, 0xC6,
    0x03, 0x18, 0x0C, 0x60, 0x39, 0x80, 0xE0, 0x01, 0x80, 0x06, 0x00, 0x18, 0x00, 0x60, 0x00, 0x00,
    0x00, 0x00, 0x00, 0x00, 0x00, 0x00, 0x00, 0x00, 0x60, 0xFD, 0x83, 0xF6, 0x0C, 0x18, 0x30, 0x60,
    0xC1, 0x83, 0x06, 0x0C, 0x18, 0x30, 0x7F, 0xC1, 0xFF, 0x06, 0x0C, 0x18, 0x30, 0x60, 0xC1, 0x83,
    0x06, 0x0C, 0x18, 0x30, 0x60, 0xC1, 0x83, 0x00, 0x00, 0x00, 0x00, 0x00, 0x00, 0x00, 0x00, 0x00,
    0x00, 0x00, 0x00, 0x00, 0x00, 0x00, 0x00, 0x00, 0x00, 0x00, 0x00, 0x00, 0x00, 0x00, 0x00, 0x00,
    0x00, 0x01, 0x83, 0xF6, 0x0F, 0xD8, 0x30, 0x60, 0xC1, 0x83, 0x07, 0xFC, 0x1F, 0xF0, 0x60, 0xC1,
    0x83, 0x06, 0x0C, 0x18, 0x30, 0x60, 0xC1, 0x83, 0x00, 0x00, 0x00, 0x00, 0x00, 0x00, 0x00, 0x00,
    0x00, 0x00, 0x00, 0x7F, 0xF0, 0x07, 0xFF, 0xC0, 0x3F, 0xFE, 0x01, 0xC0, 0x70, 0x0E, 0x03, 0x80,
    0x70, 0x1C, 0x03, 0x80, 0xEE, 0x1C, 0x07, 0xFC, 0xE0, 0x3F, 0xF7, 0x01, 0xC1, 0xF8, 0x0E, 0x0F,
    0xC0, 0x70, 0x3E, 0x03, 0x81, 0xF0, 0x1C, 0x1F, 0x80, 0xE1, 0xFC, 0x07, 0x7E, 0x00, 0x03, 0xE0,
    0x7F, 0xC0, 0x3F, 0xF0, 0x0F, 0xFC, 0x03, 0x87, 0x00, 0xE1, 0xC0, 0x38, 0x7F, 0x0E, 0x1F, 0xF3,
    0x87, 0xFE, 0xE1, 0xC3, 0xB8, 0x70, 0x6E, 0x1C, 0x1B, 0x87, 0x06, 0x00, 0x03, 0x80, 0x03, 0xC0,
    0x00, 0xE0, 0x06, 0x00, 0x03, 0xC0, 0x00, 0xF8, 0x70, 0x3C, 0x3F, 0x87, 0x0F, 0xF9, 0xC3, 0x87,
    0x38, 0x70, 0x76, 0x0E, 0x0E, 0xC1, 0xC1, 0xD8, 0x38, 0x3B, 0x87, 0x0E, 0x70, 0x71, 0xC7, 0x0F,
    0x70, 0xF0, 0xFC, 0x0F, 0xFF, 0xF0, 0xFF, 0xFF, 0x03, 0x83, 0x80, 0x0C, 0x00, 0x1E, 0x00, 0x3C,
    0xF8, 0x71, 0xFC, 0x73, 0x8E, 0x63, 0x8E, 0x63, 0x0E, 0x63, 0x8E, 0x73, 0x8C, 0x71, 0xFC, 0x3F,
    0xFF, 0x1F, 0xFF, 0x03, 0x8C, 0x00, 0x00, 0x00, 0x00, 0x00, 0x00, 0x00, 0x1F, 0xC0, 0xFF, 0x87,
    0x07, 0x18, 0x0C, 0x60, 0x31, 0x80, 0x06, 0x00, 0x18, 0x00, 0x60, 0x01, 0x80, 0x06, 0x00, 0x18,
    0x00, 0x60, 0x01, 0x80, 0xC6, 0x03, 0x1C, 0x1C, 0x3F, 0xE0, 0x7F, 0x00, 0x60, 0x01, 0x80, 0x06,
    0x00, 0x18, 0x00, 0x60, 0x00, 0x00, 0x00, 0x00, 0x00, 0x00, 0x00, 0x00, 0x00, 0x00, 0x00, 0x00,
    0x00, 0x00, 0x00, 0x00, 0x00, 0x00, 0x7F, 0x03, 0xFE, 0x1C, 0x1C, 0x60, 0x01, 0x80, 0x06, 0x00,
    0x18, 0x00, 0x60, 0x01, 0x80, 0x06, 0x00, 0x1C, 0x1C, 0x3F, 0xE0, 0x7F, 0x00, 0x60, 0x01, 0x80,
    0x06, 0x00, 0x18, 0x00, 0x60, 0x00, 0x00, 0x7F, 0xF3, 0xFF, 0xDF, 0xFE, 0x0E, 0x00, 0x70, 0x03,
    0x80, 0x1C, 0x00, 0xE0, 0x07, 0x00, 0x38, 0x01, 0xC0, 0x0E, 0x00, 0x70, 0x03, 0x80, 0x1E, 0x00,
    0xF0, 0x01, 0x80, 0x0C, 0x00, 0x60, 0x03, 0x00, 0xFF, 0xBF, 0xFF, 0xFC, 0x30, 0x0C, 0x03, 0x00,
    0xC0, 0x30, 0x0C, 0x03, 0x00, 0xF0, 0x3C, 0x07, 0x01, 0xC0, 0x70, 0x18, 0x00, 0x00, 0x00, 0x00,
    0x00, 0x00, 0x00, 0x60, 0x19, 0x80, 0x63, 0x03, 0x0C, 0x0C, 0x18, 0x60, 0x61, 0x80, 0xCC, 0x03,
    0x30, 0x07, 0x80, 0x1E, 0x00, 0x30, 0x00, 0xC0, 0x03, 0x00, 0x0C, 0x00, 0x30, 0x00, 0xC0, 0x03,
    0x00, 0x0C, 0x00, 0x00, 0x00, 0x00, 0x00, 0x00, 0x00, 0x00, 0x00, 0x00, 0x00, 0x00, 0x00, 0x00,
    0x00, 0x00, 0x00, 0x00, 0x00, 0x00, 0x00, 0x00, 0x00, 0x00, 0x00, 0x00, 0x01, 0x80, 0x66, 0x01,
    0x98, 0x06, 0x30, 0x30, 0xC0, 0xC1, 0x86, 0x06, 0x18, 0x0C, 0xC0, 0x33, 0x00, 0x78, 0x01, 0xE0,
    0x03, 0x00, 0x0C, 0x00, 0x30, 0x00, 0xC0, 0x03, 0x00, 0x0C, 0x00, 0x30, 0x00, 0x00, 0x00, 0x00,
    0x00, 0x00, 0x00, 0x00, 0x00, 0x60, 0x19, 0x80, 0x63, 0x03, 0x0C, 0x0C, 0x18, 0x60, 0x61, 0x80,
    0xCC, 0x03, 0x30, 0x07, 0x80, 0x1E, 0x00, 0x30, 0x0F, 0xFC, 0x3F, 0xF0, 0x0C, 0x00, 0x30, 0x00,
    0xC0, 0x03, 0x00, 0x0C, 0x00, 0x00, 0x00, 0x00, 0x00, 0x00, 0x00, 0x00, 0x00, 0x00, 0x00, 0x00,
    0x00, 0x00, 0x00, 0x00, 0x00, 0x00, 0x00, 0x00, 0x00, 0x00, 0x00, 0x00, 0x00, 0x00, 0x01, 0x80,
    0x66, 0x01, 0x98, 0x06, 0x30, 0x30, 0xC0, 0xC1, 0x86, 0x06, 0x18, 0x0C, 0xC0, 0x33, 0x00, 0x78,
    0x01, 0xE0, 0x03, 0x00, 0xFF, 0xC3, 0xFF, 0x00, 0xC0, 0x03, 0x00, 0x0C, 0x00, 0x30, 0x00, 0x00,
    0x00, 0x00, 0x00, 0x00, 0x00, 0x00, 0x00, 0x60, 0x31, 0x80, 0xC3, 0x06, 0x0C, 0x18, 0x18, 0xC0,
    0x63, 0x00, 0xD8, 0x03, 0x60, 0x07, 0x00, 0x1C, 0x00, 0xD8, 0x03, 0x60, 0x18, 0xC0, 0x63, 0x03,
    0x06, 0x0C, 0x18, 0x60, 0x39, 0x80, 0xE0, 0x01, 0x80, 0x06, 0x00, 0x18, 0x00, 0x60, 0x00, 0x00,
    0x00, 0x00, 0x00, 0x00, 0x00, 0x00, 0x00, 0x00, 0x00, 0x00, 0x00, 0x00, 0x00, 0x00, 0x00, 0x00,
    0x01, 0x80, 0xC6, 0x03, 0x1C, 0x1C, 0x38, 0xE0, 0x77, 0x00, 0xF8, 0x01, 0xC0, 0x0F, 0x80, 0x77,
    0x03, 0x8E, 0x1C, 0x1C, 0x60, 0x39, 0x80, 0xE0, 0x01, 0x80, 0x06, 0x00, 0x18, 0x00, 0x60, 0x00,
    0x00, 0x00, 0x7F, 0xF1, 0x8F, 0xFF, 0x31, 0xFF, 0xC6, 0x03, 0x80, 0xC0, 0x70, 0x18, 0x0E, 0x03,
    0x01, 0xC0, 0x60, 0x38, 0x0C, 0x07, 0x01, 0x80, 0xE0, 0x30, 0x1C, 0x06, 0x03, 0x80, 0xC0, 0x70,
    0x18, 0x0E, 0x03, 0x01, 0xFF, 0xF8, 0x3F, 0xFF, 0x00, 0x00, 0xE0, 0x00, 0x1C, 0x00, 0x03, 0x80,
    0x00, 0x20, 0xFE, 0x33, 0xFC, 0xCF, 0xF3, 0x06, 0x0C, 0x18, 0x30, 0x60, 0xC1, 0x83, 0x06, 0x0C,
    0x18, 0x30, 0x60, 0xC1, 0xFF, 0xC7, 0xFF, 0x00, 0x1C, 0x00, 0x70, 0x01, 0xC0, 0x02, 0x00, 0x00,
    0x00, 0x00, 0x00, 0x00, 0x00, 0x60, 0x31, 0x80, 0xC6, 0x03, 0x18, 0x0C, 0x60, 0x31, 0x80, 0xC6,
    0x03, 0x1C, 0x0C, 0x3F, 0xF0, 0x7F, 0xC0, 0x03, 0x00, 0x0C, 0x00, 0x30, 0x00, 0xC0, 0x03, 0x00,
    0x0C, 0x00, 0x38, 0x00, 0xE0, 0x01, 0x80, 0x06, 0x00, 0x18, 0x00, 0x60, 0x00, 0x00, 0x00, 0x00,
    0x00, 0x00, 0x00, 0x00, 0x00, 0x00, 0x00, 0x00, 0x00, 0x00, 0x00, 0x00, 0x00, 0x00, 0x01, 0x80,
    0xC6, 0x03, 0x18, 0x0C, 0x60, 0x31, 0xC0, 0xC3, 0xFF, 0x07, 0xFC, 0x00, 0x30, 0x00, 0xC0, 0x03,
    0x00, 0x0C, 0x00, 0x38, 0x00, 0xE0, 0x01, 0x80, 0x06, 0x00, 0x18, 0x00, 0x60, 0x00, 0x00, 0x00,
    0x00, 0x00, 0x00, 0x00, 0x00, 0x00, 0x00, 0x60, 0x31, 0x80, 0xC6, 0x03, 0x18, 0x0C, 0x63, 0x31,
    0x8C, 0xC6, 0x33, 0x1C, 0xCC, 0x3F, 0xF0, 0x7F, 0xC0, 0x33, 0x00, 0xCC, 0x03, 0x30, 0x0C, 0xC0,
    0x03, 0x00, 0x0C, 0x00, 0x30, 0x00, 0xC0, 0x00, 0x00, 0x00, 0x00, 0x00, 0x00, 0x00, 0x00, 0x00,
    0x00, 0x00, 0x00, 0x00, 0x00, 0x00, 0x00, 0x00, 0x00, 0x00, 0x00, 0x00, 0x00, 0x00, 0x00, 0x00,
    0x01, 0x80, 0xC6, 0x03, 0x18, 0xCC, 0x63, 0x31, 0xCC, 0xC3, 0xFF, 0x07, 0xFC, 0x03, 0x30, 0x0C,
    0xC0, 0x33, 0x00, 0x0C, 0x00, 0x30, 0x00, 0xC0, 0x00, 0x00, 0x00, 0x00, 0x00, 0x00, 0x00, 0x00,
    0x00, 0x00, 0x00, 0x00, 0x00, 0x00, 0x00, 0x00, 0x00, 0x60, 0x01, 0x80, 0x06, 0x00, 0x18, 0x00,
    0x60, 0x01, 0x80, 0x06, 0x00, 0x1F, 0xF0, 0x7F, 0xE1, 0x81, 0xC6, 0x03, 0x18, 0x0C, 0x60, 0x31,
    0x80, 0xC6, 0x03, 0x18, 0x0C, 0x60, 0x31, 0x80, 0xC0, 0x00, 0x00, 0x00, 0x00, 0x00, 0x00, 0x00,
    0x00, 0x00, 0x00, 0x00, 0x00, 0x00, 0x00, 0x00, 0x00, 0x00, 0x00, 0x00, 0x00, 0x00, 0x00, 0x00,
    0x00, 0x00, 0x01, 0x80, 0x06, 0x00, 0x18, 0x00, 0x60, 0x01, 0x80, 0x07, 0xFC, 0x1F, 0xF8, 0x60,
    0x71, 0x80, 0xC6, 0x03, 0x18, 0x0C, 0x60, 0x31, 0x80, 0xC0, 0x00, 0x00, 0x00, 0x00, 0x00, 0x00,
    0x00, 0x00, 0x00, 0x00, 0x00, 0xF0, 0x01, 0xFE, 0x01, 0xFF, 0x81, 0xE1, 0xE0, 0xC0, 0x76, 0xE0,
    0x1B, 0x70, 0x0D, 0xFF, 0xFF, 0x7F, 0xFF, 0x9F, 0xFF, 0x87, 0x00, 0x03, 0x80, 0x60, 0xE0, 0x70,
    0x78, 0x78, 0x1F, 0xF8, 0x07, 0xF8, 0x00, 0x60, 0x00, 0x01, 0xC0, 0x1F, 0xC0, 0x7F, 0xB3, 0x87,
    0xCC, 0x1F, 0xFF, 0xF7, 0xFF, 0xC7, 0x00, 0x0C, 0x00, 0x38, 0x70, 0x7F, 0x80, 0xFC, 0x00, 0xC0,
    0x00, 0xF0, 0x01, 0xFE, 0x01, 0xFF, 0x81, 0xE1, 0xE0, 0xC0, 0x76, 0xE0, 0x1B, 0x70, 0x0D, 0xFF,
    0xFF, 0x7F, 0xFF, 0x9F, 0xFF, 0x87, 0x00, 0x03, 0x80, 0x60, 0xE0, 0x70, 0x78, 0x78, 0x1F, 0xF8,
    0x07, 0xF8, 0x00, 0xE0, 0x00, 0x30, 0x00, 0x18, 0x00, 0x0C, 0x00, 0x01, 0xC0, 0x1F, 0xC0, 0x7F,
    0xB3, 0x87, 0xCC, 0x1F, 0xFF, 0xF7, 0xFF, 0xC7, 0x00, 0x0C, 0x00, 0x38, 0x70, 0x7F, 0x80, 0xFC,
    0x00, 0xC0, 0x03, 0x80, 0x07, 0x00, 0x78, 0x00, 0xC0, 0x00, 0x00, 0x00, 0x00, 0x00, 0x00, 0x00,
    0x0F, 0xC0, 0x3F, 0x00, 0x30, 0x00, 0xC0, 0x03, 0x00, 0x0C, 0x00, 0x30, 0x00, 0xC0, 0x03, 0x00,
    0x0C, 0x00, 0x30, 0x00, 0xC0, 0x03, 0x00, 0x0C, 0x00, 0x30, 0x00, 0xC0, 0x0F, 0xC0, 0x3F, 0x00,
    0x00, 0x00, 0x00, 0x00, 0x00, 0x00, 0x00, 0x00, 0x00, 0x00, 0x18, 0xC0, 0x7F, 0x00, 0xF8, 0x00,
    0x00, 0x63, 0x19, 0x8C, 0x66, 0x31, 0x98, 0xC6, 0x63, 0x19, 0xCC, 0xE3, 0xB7, 0x07, 0xF8, 0x0F,
    0xC0, 0x7F, 0x83, 0xB7, 0x1C, 0xCE, 0x63, 0x19, 0x8C, 0x66, 0x31, 0x98, 0xC6, 0x63, 0x19, 0x8C,
    0x60, 0x00, 0x00, 0x00, 0x00, 0x00, 0x00, 0x00, 0x00, 0x00, 0x00, 0x00, 0x00, 0x00, 0x00, 0x00,
    0x00, 0x00, 0x00, 0x00, 0x63, 0x01, 0xFC, 0x03, 0xE0, 0x00, 0x01, 0x8C, 0x66, 0x31, 0x98, 0xC6,
    0x73, 0x38, 0xED, 0xC1, 0xFE, 0x03, 0xF0, 0x1F, 0xE0, 0xED, 0xC7, 0x33, 0x98, 0xC6, 0x63, 0x19,
    0x8C, 0x60, 0x00, 0x00, 0x00, 0x00, 0x00, 0x00, 0x00, 0x00, 0x00, 0x00, 0x40, 0x3E, 0x07, 0xE0,
    0xEE, 0x1C, 0xE3, 0x8E, 0x78, 0xE7, 0x0F, 0xF0, 0xFF, 0xCF, 0xFE, 0xE0, 0xFE, 0x07, 0xE0, 0x7E,
    0x07, 0xE0, 0x7E, 0x07, 0x00, 0xF0, 0x3E, 0x03, 0xC0, 0x00, 0x41, 0xDC, 0x7B, 0x8E, 0x73, 0x8E,
    0xE1, 0xF8, 0x3F, 0xE7, 0xFE, 0xE1, 0xDC, 0x1B, 0x83, 0x70, 0x60, 0x3C, 0x0F, 0x00, 0xC0, 0x07,
    0xF8, 0x0F, 0xFC, 0x0F, 0xFC, 0x0C, 0x1C, 0x0C, 0x1C, 0x0C, 0x1C, 0x1C, 0x1C, 0x1C, 0x1C, 0x1C,
    0x1C, 0x1C, 0x1C, 0x1C, 0x1C, 0x1C, 0x1C, 0x1C, 0x1C, 0x38, 0x1C, 0x78, 0x1F, 0x70, 0x1F, 0x00,
    0x06, 0x00, 0x0E, 0x00, 0x0E, 0x00, 0x0C, 0x1F, 0xC1, 0xFF, 0x0F, 0xF8, 0x71, 0xC3, 0x8E, 0x1C,
    0x70, 0xE3, 0x87, 0x1C, 0x30, 0xE1, 0x87, 0x3C, 0x3F, 0xC1, 0xE0, 0x07, 0x00, 0x38, 0x01, 0x80,
    0x0C, 0x40, 0x17, 0x01, 0xF8, 0x0F, 0xC0, 0x7E, 0x03, 0xF0, 0x1F, 0x80, 0xFF, 0xFF, 0xFF, 0xFF,
    0x01, 0xF8, 0x0F, 0xC0, 0x7E, 0x03, 0xF0, 0x1F, 0x80, 0xFC, 0x07, 0x00, 0x38, 0x01, 0xC0, 0x3E,
    0x01, 0xE0, 0x0E, 0x00, 0x40, 0xF8, 0x7E, 0x1F, 0x87, 0xE1, 0xFF, 0xFF, 0xFF, 0x87, 0xE1, 0xF8,
    0x7E, 0x1F, 0x87, 0x01, 0xC0, 0x70, 0x3C, 0x1E, 0x07, 0x00, 0x40, 0x11, 0xC0, 0x73, 0x80, 0xE7,
    0x01, 0xCE, 0x03, 0x9C, 0x07, 0x38, 0x0E, 0x7F, 0xFC, 0xFF, 0xF9, 0xC0, 0x73, 0x80, 0xE7, 0x01,
    0xCE, 0x03, 0x9C, 0x07, 0x38, 0x0F, 0xF0, 0x1F, 0x00, 0x0C, 0x00, 0x38, 0x00, 0x70, 0x00, 0xC0,
    0x40, 0xCE, 0x1C, 0xE1, 0xCE, 0x1C, 0xE1, 0xCF, 0xFC, 0xFF, 0xCE, 0x1C, 0xE1, 0xCE, 0x1C, 0xE1,
    0xFE, 0x1F, 0x00, 0x60, 0x0E, 0x00, 0xE0, 0x0C, 0x40, 0x23, 0x81, 0xCE, 0x07, 0x38, 0x1C, 0xE0,
    0x73, 0x81, 0xCE, 0x07, 0x3C, 0x1C, 0x7F, 0xF0, 0xFF, 0xC0, 0xF7, 0x00, 0x1C, 0x00, 0x70, 0x01,
    0xC0, 0x07, 0x80, 0x1F, 0x00, 0x1C, 0x00, 0x70, 0x01, 0xC0, 0x06, 0x40, 0x9C, 0x3B, 0x87, 0x70,
    0xEE, 0x1D, 0xC3, 0x9F, 0xF3, 0xFE, 0x1F, 0xC0, 0x38, 0x07, 0x80, 0xF0, 0x06, 0x00, 0xC0, 0x18,
    0x03, 0x60, 0x07, 0x3C, 0x01, 0xCF, 0x00, 0xF3, 0xE0, 0x3C, 0xF8, 0x1F, 0x3F, 0x07, 0xCF, 0xC1,
    0xB3, 0xB0, 0xEC, 0xEE, 0x33, 0x39, 0x9C, 0xCE, 0x77, 0x33, 0x9D, 0x8C, 0xE3, 0xE3, 0x38, 0xF0,
    0xCE, 0x3C, 0x3F, 0x87, 0x0F, 0x00, 0x01, 0xC0, 0x00, 0x60, 0x00, 0x38, 0x00, 0x04, 0x60, 0x18,
    0xF0, 0x3C, 0xF0, 0x7C, 0xF8, 0x7C, 0xF8, 0x7C, 0xFC, 0xFC, 0xFC, 0xDC, 0xED, 0xDC, 0xEF, 0xDC,
    0xE7, 0x9C, 0xE7, 0x9E, 0xE3, 0x1E, 0x00, 0x0E, 0x00, 0x0E, 0x00, 0x0C, 0x00, 0x0C, 0x00, 0x00,
    0x00, 0x00, 0x00, 0x00, 0x00, 0x0F, 0x00, 0x3C, 0x00, 0x30, 0x00, 0xC0, 0x03, 0x00, 0x0C, 0x00,
    0x30, 0x00, 0xC0, 0x03, 0x00, 0x0C, 0x00, 0x30, 0x00, 0xC0, 0x03, 0x00, 0x0C, 0x00, 0x30, 0x00,
    0xC0, 0x0F, 0xC0, 0x3F, 0x00, 0x00, 0x00, 0x00, 0x00, 0x00, 0x00, 0x00, 0x00, 0x00, 0x00, 0x18,
    0xC0, 0x7F, 0x00, 0xF8, 0x00, 0x00, 0x1F, 0xC0, 0xFF, 0x87, 0x07, 0x18, 0x0C, 0x60, 0x31, 0x80,
    0xC6, 0x03, 0x18, 0x0C, 0x60, 0x31, 0xFF, 0xC7, 0xFF, 0x18, 0x0C, 0x60, 0x31, 0x80, 0xC6, 0x03,
    0x18, 0x0C, 0x60, 0x31, 0x80, 0xC0, 0x00, 0x00, 0x00, 0x00, 0x00, 0x00, 0x00, 0x00, 0x00, 0x00,
    0x00, 0x00, 0x00, 0x00, 0x00, 0x00, 0x00, 0x00, 0x00, 0x63, 0x01, 0xFC, 0x03, 0xE0, 0x00, 0x00,
    0x7F, 0x01, 0xFE, 0x00, 0x1C, 0x00, 0x30, 0x7F, 0xC3, 0xFF, 0x1C, 0x0C, 0x60, 0x31, 0x80, 0xC6,
    0x03, 0x1C, 0x0C, 0x3F, 0xF0, 0x7F, 0xC0, 0x00, 0x00, 0x00, 0x00, 0x00, 0x00, 0x00, 0x00, 0x00,
    0x00, 0x18, 0xC0, 0x63, 0x01, 0x8C, 0x00, 0x00, 0x1F, 0xC0, 0xFF, 0x87, 0x07, 0x18, 0x0C, 0x60,
    0x31, 0x80, 0xC6, 0x03, 0x18, 0x0C, 0x60, 0x31, 0xFF, 0xC7, 0xFF, 0x18, 0x0C, 0x60, 0x31, 0x80,
    0xC6, 0x03, 0x18, 0x0C, 0x60, 0x31, 0x80, 0xC0, 0x00, 0x00, 0x00, 0x00, 0x00, 0x00, 0x00, 0x00,
    0x00, 0x00, 0x00, 0x00, 0x00, 0x00, 0x00, 0x00, 0x00, 0x00, 0x00, 0x63, 0x01, 0x8C, 0x06, 0x30,
    0x00, 0x00, 0x7F, 0x01, 0xFE, 0x00, 0x1C, 0x00, 0x30, 0x7F, 0xC3, 0xFF, 0x1C, 0x0C, 0x60, 0x31,
    0x80, 0xC6, 0x03, 0x1C, 0x0C, 0x3F, 0xF0, 0x7F, 0xC0, 0x00, 0x00, 0x00, 0x00, 0x00, 0x00, 0x00,
    0x00, 0x00, 0x00, 0x00, 0x00, 0x00, 0x00, 0x00, 0x00, 0x00, 0x3F, 0xF9, 0xFF, 0xEE, 0x30, 0x30,
    0xC0, 0xC3, 0x03, 0x0C, 0x0C, 0x30, 0x30, 0xC0, 0xFF, 0xF3, 0xFF, 0xCC, 0x30, 0x30, 0xC0, 0xC3,
    0x03, 0x0C, 0x0C, 0x30, 0x30, 0xC0, 0xC3, 0xFB, 0x0F, 0xE0, 0x00, 0x00, 0x00, 0x00, 0x00, 0x00,
    0x00, 0x00, 0x00, 0x00, 0x00, 0x00, 0x00, 0x00, 0x00, 0x00, 0x00, 0x00, 0x00, 0x00, 0x00, 0x00,
    0x00, 0x00, 0x00, 0x01, 0xF7, 0x87, 0xFF, 0x01, 0xCE, 0x03, 0x18, 0xFC, 0x67, 0xFF, 0xB8, 0xFE,
    0xC3, 0x03, 0x0C, 0x0C, 0x30, 0x38, 0xE6, 0x7F, 0xF8, 0xFB, 0xC0, 0x00, 0x00, 0x00, 0x00, 0x00,
    0x00, 0x00, 0x00, 0x00, 0x00, 0x18, 0xC0, 0x7F, 0x00, 0xF8, 0x00, 0x00, 0x7F, 0xF1, 0xFF, 0xC6,
    0x00, 0x18, 0x00, 0x60, 0x01, 0x80, 0x06, 0x00, 0x18, 0x00, 0x7F, 0x81, 0xFE, 0x06, 0x00, 0x18,
    0x00, 0x60, 0x01, 0x80, 0x06, 0x00, 0x18, 0x00, 0x7F, 0xF1, 0xFF, 0xC0, 0x00, 0x00, 0x00, 0x00,
    0x00, 0x00, 0x00, 0x00, 0x00, 0x00, 0x00, 0x00, 0x00, 0x00, 0x00, 0x00, 0x00, 0x00, 0x00, 0x63,
    0x01, 0xFC, 0x03, 0xE0, 0x00, 0x00, 0x7F, 0x03, 0xFE, 0x1C, 0x1C, 0x60, 0x31, 0x80, 0xC7, 0xFF,
    0x1F, 0xFC, 0x60, 0x01, 0x80, 0x06, 0x00, 0x1C, 0x1C, 0x3F, 0xE0, 0x7F, 0x00, 0x00, 0x00, 0x00,
    0x00, 0x00, 0x00, 0x00, 0x00, 0x00, 0x00, 0x00, 0x00, 0x00, 0x00, 0x00, 0x00, 0x00, 0x1F, 0xC0,
    0xFF, 0x87, 0x07, 0x18, 0x0C, 0x00, 0x30, 0x00, 0xC0, 0x03, 0x00, 0x0C, 0x7F, 0xF1, 0xFF, 0xC6,
    0x03, 0x18, 0x0C, 0x60, 0x31, 0x80, 0xC6, 0x03, 0x1C, 0x1C, 0x3F, 0xE0, 0x7F, 0x00, 0x00, 0x00,
    0x00, 0x00, 0x00, 0x00, 0x00, 0x00, 0x00, 0x00, 0x00, 0x00, 0x00, 0x00, 0x00, 0x00, 0x00, 0x00,
    0x00, 0x00, 0x00, 0x00, 0x00, 0x00, 0x00, 0x00, 0x7F, 0x03, 0xFE, 0x1C, 0x1C, 0x00, 0x30, 0x00,
    0xC0, 0x03, 0x1F, 0xFC, 0x7F, 0xF1, 0x80, 0xC6, 0x03, 0x1C, 0x1C, 0x3F, 0xE0, 0x7F, 0x00, 0x00,
    0x00, 0x00, 0x00, 0x00, 0x00, 0x00, 0x00, 0x00, 0x00, 0x18, 0xC0, 0x63, 0x01, 0x8C, 0x00, 0x00,
    0x1F, 0xC0, 0xFF, 0x87, 0x07, 0x18, 0x0C, 0x00, 0x30, 0x00, 0xC0, 0x03, 0x00, 0x0C, 0x7F, 0xF1,
    0xFF, 0xC6, 0x03, 0x18, 0x0C, 0x60, 0x31, 0x80, 0xC6, 0x03, 0x1C, 0x1C, 0x3F, 0xE0, 0x7F, 0x00,
    0x00, 0x00, 0x00, 0x00, 0x00, 0x00, 0x00, 0x00, 0x00, 0x00, 0x00, 0x00, 0x00, 0x00, 0x00, 0x00,
    0x00, 0x00, 0x00, 0x63, 0x01, 0x8C, 0x06, 0x30, 0x00, 0x00, 0x7F, 0x03, 0xFE, 0x1C, 0x1C, 0x00,
    0x30, 0x00, 0xC0, 0x03, 0x1F, 0xFC, 0x7F, 0xF1, 0x80, 0xC6, 0x03, 0x1C, 0x1C, 0x3F, 0xE0, 0x7F,
    0x00, 0x00, 0x00, 0x00, 0x00, 0x00, 0x00, 0x00, 0x00, 0x00, 0x00, 0x18, 0x60, 0x61, 0x81, 0x86,
    0x00, 0x00, 0x63, 0x19, 0x8C, 0x66, 0x31, 0x98, 0xC6, 0x63, 0x19, 0xCC, 0xE3, 0xB7, 0x07, 0xF8,
    0x0F, 0xC0, 0x7F, 0x83, 0xB7, 0x1C, 0xCE, 0x63, 0x19, 0x8C, 0x66, 0x31, 0x98, 0xC6, 0x63, 0x19,
    0x8C, 0x60, 0x00, 0x00, 0x00, 0x00, 0x00, 0x00, 0x00, 0x00, 0x00, 0x00, 0x00, 0x00, 0x00, 0x00,
    0x00, 0x00, 0x00, 0x00, 0x00, 0x61, 0x81, 0x86, 0x06, 0x18, 0x00, 0x01, 0x8C, 0x66, 0x31, 0x98,
    0xC6, 0x73, 0x38, 0xED, 0xC1, 0xFE, 0x03, 0xF0, 0x1F, 0xE0, 0xED, 0xC7, 0x33, 0x98, 0xC6, 0x63,
    0x19, 0x8C, 0x60, 0x00, 0x00, 0x00, 0x00, 0x00, 0x00, 0x00, 0x00, 0x00, 0x00, 0x18, 0xC0, 0x63,
    0x01, 0x8C, 0x00, 0x00, 0x1F, 0xC0, 0xFF, 0x87, 0x07, 0x18, 0x0C, 0x00, 0x30, 0x00, 0xC0, 0x03,
    0x00, 0x1C, 0x0F, 0xE0, 0x3F, 0x80, 0x07, 0x00, 0x0C, 0x00, 0x30, 0x00, 0xC6, 0x03, 0x1C, 0x1C,
    0x3F, 0xE0, 0x7F, 0x00, 0x00, 0x00, 0x00, 0x00, 0x00, 0x00, 0x00, 0x00, 0x00, 0x00, 0x00, 0x00,
    0x00, 0x00, 0x00, 0x00, 0x00, 0x00, 0x00, 0x63, 0x01, 0x8C, 0x06, 0x30, 0x00, 0x00, 0x7F, 0x03,
    0xFE, 0x1C, 0x1C, 0x00, 0x30, 0x01, 0xC0, 0xFE, 0x03, 0xF8, 0x00, 0x70, 0x00, 0xC0, 0x03, 0x1C,
    0x1C, 0x3F, 0xE0, 0x7F, 0x00, 0x00, 0x00, 0x00, 0x00, 0x00, 0x00, 0x00, 0x00, 0x00, 0x00, 0x7F,
    0xCF, 0xF9, 0xFF, 0x01, 0xC0, 0x70, 0x1E, 0x03, 0x80, 0xF8, 0x1F, 0xC0, 0x38, 0x03, 0x80, 0x7E,
    0x0F, 0xC1, 0xDF, 0xF1, 0xFC, 0x0E, 0x00, 0x7F, 0xCF, 0xF9, 0xFF, 0x01, 0xC0, 0x70, 0x1E, 0x03,
    0x80, 0xF8, 0x1F, 0xC0, 0x38, 0x03, 0x80, 0x7E, 0x0F, 0xC1, 0xDF, 0xF1, 0xFC, 0x0E, 0x00, 0x1F,
    0xC0, 0x7F, 0x00, 0x00, 0x00, 0x00, 0x60, 0x31, 0x80, 0xC6, 0x03, 0x18, 0x0C, 0x60, 0x71, 0x83,
    0xC6, 0x1F, 0x18, 0xEC, 0x67, 0x31, 0xB8, 0xC7, 0xC3, 0x1E, 0x0C, 0x70, 0x31, 0x80, 0xC6, 0x03,
    0x18, 0x0C, 0x60, 0x31, 0x80, 0xC0, 0x00, 0x00, 0x00, 0x00, 0x00, 0x00, 0x00, 0x00, 0x00, 0x00,
    0x00, 0x00, 0x00, 0x00, 0x00, 0x00, 0x00, 0x00, 0x00, 0x7F, 0x01, 0xFC, 0x00, 0x00, 0x00, 0x01,
    0x80, 0xC6, 0x03, 0x18, 0x0C, 0x60, 0x31, 0x80, 0xC6, 0x03, 0x18, 0x0C, 0x60, 0x31, 0x80, 0xC6,
    0x03, 0x1C, 0x0C, 0x3F, 0xF0, 0x7F, 0xC0, 0x00, 0x00, 0x00, 0x00, 0x00, 0x00, 0x00, 0x00, 0x00,
    0x00, 0x18, 0xC0, 0x63, 0x01, 0x8C, 0x00, 0x00, 0x60, 0x31, 0x80, 0xC6, 0x03, 0x18, 0x0C, 0x60,
    0x71, 0x83, 0xC6, 0x1F, 0x18, 0xEC, 0x67, 0x31, 0xB8, 0xC7, 0xC3, 0x1E, 0x0C, 0x70, 0x31, 0x80,
    0xC6, 0x03, 0x18, 0x0C, 0x60, 0x31, 0x80, 0xC0, 0x00, 0x00, 0x00, 0x00, 0x00, 0x00, 0x00, 0x00,
    0x00, 0x00, 0x00, 0x00, 0x00, 0x00, 0x00, 0x00, 0x00, 0x00, 0x00, 0x63, 0x01, 0x8C, 0x06, 0x30,
    0x00, 0x01, 0x80, 0xC6, 0x03, 0x18, 0x0C, 0x60, 0x31, 0x80, 0xC6, 0x03, 0x18, 0x0C, 0x60, 0x31,
    0x80, 0xC6, 0x03, 0x1C, 0x0C, 0x3F, 0xF0, 0x7F, 0xC0, 0x00, 0x00, 0x00, 0x00, 0x00, 0x00, 0x00,
    0x00, 0x00, 0x00, 0x18, 0xC0, 0x63, 0x01, 0x8C, 0x00, 0x00, 0x1F, 0xC0, 0xFF, 0x87, 0x07, 0x18,
    0x0C, 0x60, 0x31, 0x80, 0xC6, 0x03, 0x18, 0x0C, 0x60, 0x31, 0x80, 0xC6, 0x03, 0x18, 0x0C, 0x60,
    0x31, 0x80, 0xC6, 0x03, 0x1C, 0x1C, 0x3F, 0xE0, 0x7F, 0x00, 0x00, 0x00, 0x00, 0x00, 0x00, 0x00,
    0x00, 0x00, 0x00, 0x00, 0x00, 0x00, 0x00, 0x00, 0x00, 0x00, 0x00, 0x00, 0x00, 0x63, 0x01, 0x8C,
    0x06, 0x30, 0x00, 0x00, 0x7F, 0x03, 0xFE, 0x1C, 0x1C, 0x60, 0x31, 0x80, 0xC6, 0x03, 0x18, 0x0C,
    0x60, 0x31, 0x80, 0xC6, 0x03, 0x1C, 0x1C, 0x3F, 0xE0, 0x7F, 0x00, 0x00, 0x00, 0x00, 0x00, 0x00,
    0x00, 0x00, 0x00, 0x00, 0x00, 0x00, 0x00, 0x00, 0x00, 0x00, 0x00, 0x00, 0x1F, 0xC0, 0xFF, 0x87,
    0x07, 0x18, 0x0C, 0x60, 0x31, 0x80, 0xC6, 0x03, 0x18, 0x0C, 0x7F, 0xF1, 0xFF, 0xC6, 0x03, 0x18,
    0x0C, 0x60, 0x31, 0x80, 0xC6, 0x03, 0x1C, 0x1C, 0x3F, 0xE0, 0x7F, 0x00, 0x00, 0x00, 0x00, 0x00,
    0x00, 0x00, 0x00, 0x00, 0x00, 0x00, 0x00, 0x00, 0x00, 0x00, 0x00, 0x00, 0x00, 0x00, 0x00, 0x00,
    0x00, 0x00, 0x00, 0x00, 0x00, 0x00, 0x7F, 0x03, 0xFE, 0x1C, 0x1C, 0x60, 0x31, 0x80, 0xC7, 0xFF,
    0x1F, 0xFC, 0x60, 0x31, 0x80, 0xC6, 0x03, 0x1C, 0x1C, 0x3F, 0xE0, 0x7F, 0x00, 0x00, 0x00, 0x00,
    0x00, 0x00, 0x00, 0x00, 0x00, 0x00, 0x00, 0x18, 0xC0, 0x63, 0x01, 0x8C, 0x00, 0x00, 0x1F, 0xC0,
    0xFF, 0x87, 0x07, 0x18, 0x0C, 0x60, 0x31, 0x80, 0xC6, 0x03, 0x18, 0x0C, 0x7F, 0xF1, 0xFF, 0xC6,
    0x03, 0x18, 0x0C, 0x60, 0x31, 0x80, 0xC6, 0x03, 0x1C, 0x1C, 0x3F, 0xE0, 0x7F, 0x00, 0x00, 0x00,
    0x00, 0x00, 0x00, 0x00, 0x00, 0x00, 0x00, 0x00, 0x00, 0x00, 0x00, 0x00, 0x00, 0x00, 0x00, 0x00,
    0x00, 0x63, 0x01, 0x8C, 0x06, 0x30, 0x00, 0x00, 0x7F, 0x03, 0xFE, 0x1C, 0x1C, 0x60, 0x31, 0x80,
    0xC7, 0xFF, 0x1F, 0xFC, 0x60, 0x31, 0x80, 0xC6, 0x03, 0x1C, 0x1C, 0x3F, 0xE0, 0x7F, 0x00, 0x00,
    0x00, 0x00, 0x00, 0x00, 0x00, 0x00, 0x00, 0x00, 0x00, 0x18, 0xC0, 0x63, 0x01, 0x8C, 0x00, 0x00,
    0x1F, 0xC0, 0xFF, 0x87, 0x07, 0x18, 0x0C, 0x00, 0x30, 0x00, 0xC0, 0x03, 0x00, 0x0C, 0x0F, 0xF0,
    0x3F, 0xC0, 0x03, 0x00, 0x0C, 0x00, 0x30, 0x00, 0xC6, 0x03, 0x1C, 0x1C, 0x3F, 0xE0, 0x7F, 0x00,
    0x00, 0x00, 0x00, 0x00, 0x00, 0x00, 0x00, 0x00, 0x00, 0x00, 0x00, 0x00, 0x00, 0x00, 0x00, 0x00,
    0x00, 0x00, 0x00, 0x63, 0x01, 0x8C, 0x06, 0x30, 0x00, 0x00, 0x7F, 0x03, 0xFE, 0x1C, 0x1C, 0x00,
    0x30, 0x00, 0xC0, 0xFF, 0x03, 0xFC, 0x00, 0x30, 0x00, 0xC0, 0x03, 0x1C, 0x1C, 0x3F, 0xE0, 0x7F,
    0x00, 0x00, 0x00, 0x00, 0x00, 0x00, 0x00, 0x00, 0x00, 0x00, 0x00, 0x1F, 0xC0, 0x7F, 0x00, 0x00,
    0x00, 0x00, 0x60, 0x31, 0x80, 0xC6, 0x03, 0x18, 0x0C, 0x60, 0x31, 0x80, 0xC6, 0x03, 0x18, 0x0C,
    0x70, 0x30, 0xFF, 0xC1, 0xFF, 0x00, 0x0C, 0x00, 0x30, 0x00, 0xC0, 0x03, 0x00, 0x1C, 0x3F, 0xE0,
    0xFF, 0x00, 0x00, 0x00, 0x00, 0x00, 0x00, 0x00, 0x00, 0x00, 0x00, 0x00, 0x00, 0x00, 0x00, 0x00,
    0x00, 0x00, 0x00, 0x00, 0x00, 0x7F, 0x01, 0xFC, 0x00, 0x00, 0x00, 0x01, 0x80, 0xC6, 0x03, 0x18,
    0x0C, 0x60, 0x31, 0x80, 0xC6, 0x03, 0x18, 0x0C, 0x60, 0x31, 0x80, 0xC6, 0x03, 0x1C, 0x0C, 0x3F,
    0xF0, 0x7F, 0xC0, 0x03, 0x00, 0x0C, 0x00, 0x70, 0xFF, 0x83, 0xFC, 0x00, 0x00, 0x18, 0xC0, 0x63,
    0x01, 0x8C, 0x00, 0x00, 0x60, 0x31, 0x80, 0xC6, 0x03, 0x18, 0x0C, 0x60, 0x31, 0x80, 0xC6, 0x03,
    0x18, 0x0C, 0x70, 0x30, 0xFF, 0xC1, 0xFF, 0x00, 0x0C, 0x00, 0x30, 0x00, 0xC0, 0x03, 0x00, 0x1C,
    0x3F, 0xE0, 0xFF, 0x00, 0x00, 0x00, 0x00, 0x00, 0x00, 0x00, 0x00, 0x00, 0x00, 0x00, 0x00, 0x00,
    0x00, 0x00, 0x00, 0x00, 0x00, 0x00, 0x00, 0x63, 0x01, 0x8C, 0x06, 0x30, 0x00, 0x01, 0x80, 0xC6,
    0x03, 0x18, 0x0C, 0x60, 0x31, 0x80, 0xC6, 0x03, 0x18, 0x0C, 0x60, 0x31, 0x80, 0xC6, 0x03, 0x1C,
    0x0C, 0x3F, 0xF0, 0x7F, 0xC0, 0x03, 0x00, 0x0C, 0x00, 0x70, 0xFF, 0x83, 0xFC, 0x00, 0x00, 0x07,
    0x38, 0x39, 0xC1, 0xCE, 0x00, 0x00, 0x60, 0x31, 0x80, 0xC6, 0x03, 0x18, 0x0C, 0x60, 0x31, 0x80,
    0xC6, 0x03, 0x18, 0x0C, 0x70, 0x30, 0xFF, 0xC1, 0xFF, 0x00, 0x0C, 0x00, 0x30, 0x00, 0xC0, 0x03,
    0x00, 0x1C, 0x3F, 0xE0, 0xFF, 0x00, 0x00, 0x00, 0x00, 0x00, 0x00, 0x00, 0x00, 0x00, 0x00, 0x00,
    0x00, 0x00, 0x00, 0x00, 0x00, 0x00, 0x00, 0x00, 0x00, 0x1C, 0xE0, 0xE7, 0x07, 0x38, 0x00, 0x01,
    0x80, 0xC6, 0x03, 0x18, 0x0C, 0x60, 0x31, 0x80, 0xC6, 0x03, 0x18, 0x0C, 0x60, 0x31, 0x80, 0xC6,
    0x03, 0x1C, 0x0C, 0x3F, 0xF0, 0x7F, 0xC0, 0x03, 0x00, 0x0C, 0x00, 0x70, 0xFF, 0x83, 0xFC, 0x00,
    0x00, 0x18, 0xC0, 0x63, 0x01, 0x8C, 0x00, 0x00, 0x60, 0x31, 0x80, 0xC6, 0x03, 0x18, 0x0C, 0x60,
    0x31, 0x80, 0xC6, 0x03, 0x1C, 0x0C, 0x3F, 0xF0, 0x7F, 0xC0, 0x03, 0x00, 0x0C, 0x00, 0x30, 0x00,
    0xC0, 0x03, 0x00, 0x0C, 0x00, 0x30, 0x00, 0xC0, 0x00, 0x00, 0x00, 0x00, 0x00, 0x00, 0x00, 0x00,
    0x00, 0x00, 0x00, 0x00, 0x00, 0x00, 0x00, 0x00, 0x00, 0x00, 0x00, 0x63, 0x01, 0x8C, 0x06, 0x30,
    0x00, 0x01, 0x80, 0xC6, 0x03, 0x18, 0x0C, 0x60, 0x31, 0xC0, 0xC3, 0xFF, 0x07, 0xFC, 0x00, 0x30,
    0x00, 0xC0, 0x03, 0x00, 0x0C, 0x00, 0x30, 0x00, 0xC0, 0x00, 0x00, 0x00, 0x00, 0x00, 0x00, 0x00,
    0x00, 0x00, 0x00, 0x7F, 0xFF, 0xFF, 0xFF, 0x80, 0xE0, 0x38, 0x0E, 0x03, 0x80, 0xE0, 0x38, 0x0E,
    0x03, 0x80, 0xE0, 0x38, 0x0F, 0x03, 0xE0, 0x38, 0x0E, 0x03, 0x80, 0xC0, 0x7F, 0xFF, 0xFF, 0xE0,
    0xE0, 0xE0, 0xE0, 0xE0, 0xE0, 0xE0, 0xF0, 0xF0, 0x30, 0x30, 0x30, 0x30, 0x18, 0xC0, 0x63, 0x01,
    0x8C, 0x00, 0x00, 0x60, 0x19, 0x80, 0x66, 0x01, 0x98, 0x06, 0x60, 0x19, 0x80, 0x67, 0xF1, 0x9F,
    0xE6, 0x61, 0xD9, 0x83, 0x66, 0x0D, 0x98, 0x36, 0x60, 0xD9, 0x83, 0x66, 0x0D, 0x98, 0x76, 0x7F,
    0x99, 0xFC, 0x60, 0x00, 0x00, 0x00, 0x00, 0x00, 0x00, 0x00, 0x00, 0x00, 0x00, 0x00, 0x00, 0x00,
    0x00, 0x00, 0x00, 0x00, 0x00, 0x00, 0x63, 0x01, 0x8C, 0x06, 0x30, 0x00, 0x01, 0x80, 0x66, 0x01,
    0x98, 0x06, 0x60, 0x19, 0xFC, 0x67, 0xF9, 0x98, 0x76, 0x60, 0xD9, 0x83, 0x66, 0x0D, 0x98, 0x76,
    0x7F, 0x99, 0xFC, 0x60, 0x00, 0x00, 0x00, 0x00, 0x00, 0x00, 0x00, 0x00, 0x00, 0x00, 0x3F, 0xE3,
    0xFF, 0x3F, 0xF3, 0x00, 0x30, 0x03, 0x00, 0x30, 0x0F, 0xF8, 0xFF, 0x8F, 0xF0, 0x30, 0x03, 0x00,
    0x30, 0x03, 0x00, 0x3C, 0x03, 0xC0, 0x0C, 0x00, 0xC0, 0x7C, 0x07, 0x80, 0x70, 0x00, 0x3F, 0xBF,
    0xDF, 0xEE, 0x07, 0x07, 0xF3, 0xF9, 0xF8, 0x70, 0x38, 0x1E, 0x0F, 0x01, 0x80, 0xC1, 0xE1, 0xF0,
    0x60, 0x00, 0x60, 0x18, 0xE0, 0x70, 0xE1, 0xE1, 0xC3, 0x81, 0xCE, 0x01, 0xF8, 0x03, 0xF0, 0x03,
    0xC0, 0x07, 0x80, 0x0F, 0x80, 0x3F, 0x00, 0xE7, 0x01, 0xCF, 0x07, 0x0E, 0x1C, 0x0F, 0xF0, 0x0F,
    0x00, 0x0E, 0x00, 0x1C, 0x00, 0xF8, 0x01, 0xE0, 0x03, 0x80, 0x60, 0xCE, 0x39, 0xC6, 0x1D, 0xC1,
    0xF0, 0x3C, 0x03, 0x80, 0xF8, 0x3F, 0x07, 0x71, 0xC6, 0x70, 0xE0, 0x0C, 0x01, 0x81, 0xF0, 0x3E,
    0x07, 0x00, 0x60, 0x19, 0xC0, 0xE3, 0x87, 0x8E, 0x1C, 0x1C, 0xE0, 0x3F, 0x00, 0xFC, 0x1F, 0xFC,
    0x7F, 0xF8, 0x1F, 0x00, 0xFC, 0x07, 0x38, 0x1C, 0xF0, 0xE1, 0xC7, 0x03, 0xB8, 0x07, 0x60, 0xCE,
    0x38, 0xC7, 0x1D, 0xC1, 0xF0, 0xFF, 0x9F, 0xF0, 0xF8, 0x1B, 0x87, 0x71, 0xC7, 0x70, 0x70, 0x03,
    0x00, 0x1E, 0x00, 0x78, 0x01, 0xF0, 0x0F, 0xC0, 0x3B, 0x00, 0xCE, 0x07, 0x38, 0x18, 0x60, 0xE1,
    0xC3, 0xFF, 0x0F, 0xFC, 0x70, 0x39, 0xC0, 0xE6, 0x01, 0xF8, 0x07, 0x00, 0x00, 0x0C, 0x00, 0x38,
    0x00, 0xC0, 0x0E, 0x0F, 0xE7, 0xFD, 0xC3, 0x00, 0xC7, 0xF7, 0xFD, 0xE3, 0x60, 0xD8, 0x77, 0xFC,
    0xFF, 0x0C, 0x01, 0x80, 0xE0, 0x38, 0x07, 0x80, 0x1E, 0x00, 0x38, 0x00, 0xC0, 0x03, 0x00, 0x1E,
    0x00, 0x78, 0x01, 0xF0, 0x0F, 0xC0, 0x3B, 0x00, 0xCE, 0x07, 0x38, 0x18, 0x60, 0xE1, 0xC3, 0xFF,
    0x0F, 0xFC, 0x70, 0x39, 0xC0, 0xE6, 0x01, 0xF8, 0x07, 0x0E, 0x03, 0x80, 0x60, 0x10, 0x0E, 0x0F,
    0xE7, 0xFD, 0xC3, 0x00, 0xC7, 0xF7, 0xFD, 0xE3, 0x60, 0xD8, 0x77, 0xFC, 0xFF, 0x0C, 0x00, 0x00,
    0x70, 0x01, 0x80, 0x0E, 0x00, 0xC0, 0x07, 0x80, 0x3F, 0x00, 0xCC, 0x00, 0xC0, 0x07, 0x80, 0x1E,
    0x00, 0x7C, 0x03, 0xF0, 0x0E, 0xC0, 0x33, 0x81, 0xCE, 0x06, 0x18, 0x38, 0x70, 0xFF, 0xC3, 0xFF,
    0x1C, 0x0E, 0x70, 0x39, 0x80, 0x7E, 0x01, 0xC0, 0x00, 0xE0, 0x38, 0x06, 0x07, 0x00, 0xF0, 0x37,
    0x0E, 0x60, 0x70, 0x3F, 0x8F, 0xF9, 0xC3, 0x00, 0x61, 0xFC, 0xFF, 0x9E, 0x33, 0x06, 0x61, 0xCF,
    0xF8, 0xFF, 0x06, 0x00, 0x01, 0xC0, 0x03, 0x00, 0x0E, 0x00, 0xC0, 0x07, 0x80, 0x3F, 0x00, 0xCC,
    0x00, 0xC0, 0x07, 0x80, 0x1E, 0x00, 0x7C, 0x03, 0xF0, 0x0E, 0xC0, 0x33, 0x81, 0xCE, 0x06, 0x18,
    0x38, 0x70, 0xFF, 0xC3, 0xFF, 0x1C, 0x0E, 0x70, 0x39, 0x80, 0x7E, 0x01, 0xC0, 0x07, 0x00, 0xE0,
    0x18, 0x38, 0x0F, 0x06, 0xE3, 0x98, 0x38, 0x3F, 0x9F, 0xF7, 0x0C, 0x03, 0x1F, 0xDF, 0xF7, 0x8D,
    0x83, 0x61, 0xDF, 0xF3, 0xFC, 0x30, 0x01, 0xE0, 0x07, 0x80, 0x0E, 0x00, 0xC0, 0x07, 0x80, 0x3F,
    0x00, 0xCC, 0x00, 0xC0, 0x07, 0x80, 0x1E, 0x00, 0x7C, 0x03, 0xF0, 0x0E, 0xC0, 0x33, 0x81, 0xCE,
    0x06, 0x18, 0x38, 0x70, 0xFF, 0xC3, 0xFF, 0x1C, 0x0E, 0x70, 0x39, 0x80, 0x7E, 0x01, 0xC0, 0x03,
    0x80, 0xE0, 0x18, 0x38, 0x0F, 0x06, 0xE3, 0x98, 0x38, 0x3F, 0x9F, 0xF7, 0x0C, 0x03, 0x1F, 0xDF,
    0xF7, 0x8D, 0x83, 0x61, 0xDF, 0xF3, 0xFC, 0x30, 0x06, 0x40, 0x3F, 0x00, 0xDC, 0x00, 0xC0, 0x07,
    0x80, 0x3F, 0x00, 0xCC, 0x00, 0xC0, 0x07, 0x80, 0x1E, 0x00, 0x7C, 0x03, 0xF0, 0x0E, 0xC0, 0x33,
    0x81, 0xCE, 0x06, 0x18, 0x38, 0x70, 0xFF, 0xC3, 0xFF, 0x1C, 0x0E, 0x70, 0x39, 0x80, 0x7E, 0x01,
    0xC0, 0x1D, 0x87, 0xE3, 0x30, 0x38, 0x0F, 0x06, 0xE3, 0x98, 0x38, 0x3F, 0x9F, 0xF7, 0x0C, 0x03,
    0x1F, 0xDF, 0xF7, 0x8D, 0x83, 0x61, 0xDF, 0xF3, 0xFC, 0x30, 0x03, 0x80, 0x1E, 0x00, 0xEC, 0x00,
    0x00, 0x03, 0x00, 0x1E, 0x00, 0x78, 0x01, 0xF0, 0x0F, 0xC0, 0x3B, 0x00, 0xCE, 0x07, 0x38, 0x18,
    0x60, 0xE1, 0xC3, 0xFF, 0x0F, 0xFC, 0x70, 0x39, 0xC0, 0xE6, 0x01, 0xF8, 0x07, 0x00, 0x00, 0x0C,
    0x00, 0x38, 0x00, 0xC0, 0x0E, 0x07, 0xC3, 0xB8, 0x00, 0x0E, 0x0F, 0xE7, 0xFD, 0xC3, 0x00, 0xC7,
    0xF7, 0xFD, 0xE3, 0x60, 0xD8, 0x77, 0xFC, 0xFF, 0x0C, 0x01, 0x80, 0xE0, 0x38, 0x01, 0xC0, 0x06,
    0x00, 0x38, 0x03, 0x10, 0x0C, 0xC0, 0x3F, 0x00, 0x38, 0x00, 0xC0, 0x07, 0x80, 0x1E, 0x00, 0x7C,
    0x03, 0xF0, 0x0E, 0xC0, 0x33, 0x81, 0xCE, 0x06, 0x18, 0x38, 0x70, 0xFF, 0xC3, 0xFF, 0x1C, 0x0E,
    0x70, 0x39, 0x80, 0x7E, 0x01, 0xC0, 0x03, 0x01, 0xC0, 0x60, 0x46, 0x3B, 0x87, 0xC0, 0xE0, 0x38,
    0x3F, 0x9F, 0xF7, 0x0C, 0x03, 0x1F, 0xDF, 0xF7, 0x8D, 0x83, 0x61, 0xDF, 0xF3, 0xFC, 0x30, 0x0E,
    0x00, 0x1C, 0x00, 0x30, 0x03, 0x30, 0x0C, 0xC0, 0x3F, 0x00, 0x30, 0x00, 0xC0, 0x07, 0x80, 0x1E,
    0x00, 0x7C, 0x03, 0xF0, 0x0E, 0xC0, 0x33, 0x81, 0xCE, 0x06, 0x18, 0x38, 0x70, 0xFF, 0xC3, 0xFF,
    0x1C, 0x0E, 0x70, 0x39, 0x80, 0x7E, 0x01, 0xC0, 0x1C, 0x07, 0x00, 0xC0, 0xC6, 0x3B, 0x87, 0xC0,
    0xE0, 0x38, 0x3F, 0x9F, 0xF7, 0x0C, 0x03, 0x1F, 0xDF, 0xF7, 0x8D, 0x83, 0x61, 0xDF, 0xF3, 0xFC,
    0x30, 0x07, 0x80, 0x1E, 0x00, 0x38, 0x03, 0x10, 0x0C, 0xC0, 0x3F, 0x00, 0x38, 0x00, 0xC0, 0x07,
    0x80, 0x1E, 0x00, 0x7C, 0x03, 0xF0, 0x0E, 0xC0, 0x33, 0x81, 0xCE, 0x06, 0x18, 0x38, 0x70, 0xFF,
    0xC3, 0xFF, 0x1C, 0x0E, 0x70, 0x39, 0x80, 0x7E, 0x01, 0xC0, 0x0E, 0x03, 0x80, 0x60, 0x46, 0x3B,
    0x87, 0xC0, 0xE0, 0x38, 0x3F, 0x9F, 0xF7, 0x0C, 0x03, 0x1F, 0xDF, 0xF7, 0x8D, 0x83, 0x61, 0xDF,
    0xF3, 0xFC, 0x30, 0x06, 0x40, 0x3F, 0x00, 0xDC, 0x03, 0x30, 0x0C, 0xC0, 0x3F, 0x00, 0x30, 0x00,
    0xC0, 0x07, 0x80, 0x1E, 0x00, 0x7C, 0x03, 0xF0, 0x0E, 0xC0, 0x33, 0x81, 0xCE, 0x06, 0x18, 0x38,
    0x70, 0xFF, 0xC3, 0xFF, 0x1C, 0x0E, 0x70, 0x39, 0x80, 0x7E, 0x01, 0xC0, 0x1D, 0x87, 0xE3, 0x30,
    0x46, 0x3B, 0x87, 0xC0, 0xE0, 0x38, 0x3F, 0x9F, 0xF7, 0x0C, 0x03, 0x1F, 0xDF, 0xF7, 0x8D, 0x83,
    0x61, 0xDF, 0xF3, 0xFC, 0x30, 0x0C, 0xC0, 0x3F, 0x00, 0x7C, 0x00, 0x40, 0x03, 0x00, 0x1E, 0x00,
    0x78, 0x01, 0xF0, 0x0F, 0xC0, 0x3B, 0x00, 0xCE, 0x07, 0x38, 0x18, 0x60, 0xE1, 0xC3, 0xFF, 0x0F,
    0xFC, 0x70, 0x39, 0xC0, 0xE6, 0x01, 0xF8, 0x07, 0x00, 0x00, 0x0C, 0x00, 0x38, 0x00, 0xC0, 0x31,
    0x87, 0xE1, 0xF0, 0x10, 0x0E, 0x0F, 0xE7, 0xFD, 0xC3, 0x00, 0xC7, 0xF7, 0xFD, 0xE3, 0x60, 0xD8,
    0x77, 0xFC, 0xFF, 0x0C, 0x01, 0x80, 0xE0, 0x38, 0x00, 0x00, 0x00, 0x00, 0x00, 0x00, 0x00, 0x7F,
    0xF1, 0xFF, 0xC6, 0x00, 0x18, 0x00, 0x60, 0x01, 0x80, 0x06, 0x00, 0x18, 0x00, 0x7F, 0x81, 0xFE,
    0x06, 0x00, 0x18, 0x00, 0x60, 0x01, 0x80, 0x06, 0x00, 0x18, 0x00, 0x7F, 0xF1, 0xFF, 0xC0, 0x00,
    0x00, 0xC0, 0x03, 0x00, 0x0C, 0x00, 0x00, 0x00, 0x00, 0x00, 0x00, 0x00, 0x00, 0x00, 0x00, 0x00,
    0x00, 0x00, 0x00, 0x00, 0x00, 0x00, 0x00, 0x00, 0x00, 0x7F, 0x03, 0xFE, 0x1C, 0x1C, 0x60, 0x31,
    0x80, 0xC7, 0xFF, 0x1F, 0xFC, 0x60, 0x01, 0x80, 0x06, 0x00, 0x1C, 0x1C, 0x3F, 0xE0, 0x7F, 0x00,
    0x00, 0x00, 0xC0, 0x03, 0x00, 0x0C, 0x00, 0x00, 0x00, 0x00, 0x1E, 0x01, 0xC0, 0x18, 0x02, 0x07,
    0xFD, 0xFF, 0xFF, 0xF7, 0x00, 0xE0, 0x1C, 0x03, 0x80, 0x7F, 0xEF, 0xFD, 0xFF, 0x38, 0x07, 0x00,
    0xE0, 0x1C, 0x03, 0xFF, 0xFF, 0xF0, 0x0E, 0x01, 0xE0, 0x1C, 0x03, 0x00, 0xF0, 0x3F, 0x8F, 0xF3,
    0x87, 0x60, 0x6F, 0xFD, 0xFF, 0xB0, 0x06, 0x00, 0xE1, 0xCF, 0xF8, 0xFE, 0x06, 0x00, 0x1E, 0x60,
    0xFF, 0x83, 0x3C, 0x00, 0x00, 0x7F, 0xF1, 0xFF, 0xC6, 0x00, 0x18, 0x00, 0x60, 0x01, 0x80, 0x06,
    0x00, 0x18, 0x00, 0x7F, 0x81, 0xFE, 0x06, 0x00, 0x18, 0x00, 0x60, 0x01, 0x80, 0x06, 0x00, 0x18,
    0x00, 0x7F, 0xF1, 0xFF, 0xC0, 0x00, 0x00, 0x00, 0x00, 0x00, 0x00, 0x00, 0x00, 0x00, 0x00, 0x00,
    0x00, 0x00, 0x00, 0x00, 0x00, 0x00, 0x00, 0x00, 0x79, 0x83, 0xFE, 0x0C, 0xF0, 0x00, 0x00, 0x7F,
    0x03, 0xFE, 0x1C, 0x1C, 0x60, 0x31, 0x80, 0xC7, 0xFF, 0x1F, 0xFC, 0x60, 0x01, 0x80, 0x06, 0x00,
    0x1C, 0x1C, 0x3F, 0xE0, 0x7F, 0x00, 0x00, 0x00, 0x00, 0x00, 0x00, 0x00, 0x00, 0x00, 0x00, 0x00,
    0x00, 0xC0, 0x38, 0x06, 0x07, 0x01, 0xF0, 0x37, 0x0C, 0x63, 0xFE, 0xFF, 0xFF, 0xFB, 0x80, 0x70,
    0x0E, 0x01, 0xC0, 0x3F, 0xF7, 0xFE, 0xFF, 0x9C, 0x03, 0x80, 0x70, 0x0E, 0x01, 0xFF, 0xFF, 0xF8,
    0x00, 0xE0, 0x18, 0x07, 0x03, 0x00, 0xF0, 0x3F, 0x06, 0x60, 0x78, 0x1F, 0xC7, 0xF9, 0xC3, 0xB0,
    0x37, 0xFE, 0xFF, 0xD8, 0x03, 0x00, 0x70, 0xE7, 0xFC, 0x7F, 0x03, 0x00, 0x07, 0x00, 0x70, 0x06,
    0x07, 0x01, 0xF0, 0x37, 0x0C, 0x63, 0xFE, 0xFF, 0xFF, 0xFB, 0x80, 0x70, 0x0E, 0x01, 0xC0, 0x3F,
    0xF7, 0xFE, 0xFF, 0x9C, 0x03, 0x80, 0x70, 0x0E, 0x01, 0xFF, 0xFF, 0xF8, 0x03, 0x80, 0x30, 0x07,
    0x03, 0x00, 0xF0, 0x3F, 0x06, 0x60, 0x78, 0x1F, 0xC7, 0xF9, 0xC3, 0xB0, 0x37, 0xFE, 0xFF, 0xD8,
    0x03, 0x00, 0x70, 0xE7, 0xFC, 0x7F, 0x03, 0x00, 0x07, 0x80, 0x70, 0x06, 0x07, 0x01, 0xF0, 0x37,
    0x0C, 0x63, 0xFE, 0xFF, 0xFF, 0xFB, 0x80, 0x70, 0x0E, 0x01, 0xC0, 0x3F, 0xF7, 0xFE, 0xFF, 0x9C,
    0x03, 0x80, 0x70, 0x0E, 0x01, 0xFF, 0xFF, 0xF8, 0x03, 0xC0, 0x78, 0x06, 0x03, 0x00, 0xF0, 0x3F,
    0x06, 0x60, 0x78, 0x1F, 0xC7, 0xF9, 0xC3, 0xB0, 0x37, 0xFE, 0xFF, 0xD8, 0x03, 0x00, 0x70, 0xE7,
    0xFC, 0x7F, 0x03, 0x00, 0x1D, 0x87, 0xF0, 0xDC, 0x07, 0x01, 0xF0, 0x37, 0x0C, 0x63, 0xFE, 0xFF,
    0xFF, 0xFB, 0x80, 0x70, 0x0E, 0x01, 0xC0, 0x3F, 0xF7, 0xFE, 0xFF, 0x9C, 0x03, 0x80, 0x70, 0x0E,
    0x01, 0xFF, 0xFF, 0xF8, 0x0D, 0x83, 0xF0, 0x6E, 0x03, 0x00, 0xF0, 0x3F, 0x06, 0x60, 0x78, 0x1F,
    0xC7, 0xF9, 0xC3, 0xB0, 0x37, 0xFE, 0xFF, 0xD8, 0x03, 0x00, 0x70, 0xE7, 0xFC, 0x7F, 0x03, 0x00,
    0x0E, 0x03, 0xE0, 0xEE, 0x00, 0x07, 0xFD, 0xFF, 0xFF, 0xF7, 0x00, 0xE0, 0x1C, 0x03, 0x80, 0x7F,
    0xEF, 0xFD, 0xFF, 0x38, 0x07, 0x00, 0xE0, 0x1C, 0x03, 0xFF, 0xFF, 0xF0, 0x00, 0x1C, 0x03, 0x80,
    0x70, 0x07, 0x01, 0xE0, 0x76, 0x00, 0x00, 0xF0, 0x3F, 0x8F, 0xF3, 0x87, 0x60, 0x6F, 0xFD, 0xFF,
    0xB0, 0x06, 0x00, 0xE1, 0xCF, 0xF8, 0xFE, 0x06, 0x00, 0xC0, 0x3C, 0x03, 0x00, 0xEF, 0x66, 0x4E,
    0xEE, 0xEE, 0xEE, 0xEE, 0xEE, 0xEE, 0xEE, 0xF7, 0x32, 0x27, 0x77, 0x77, 0x77, 0x77, 0x77, 0x00,
    0x00, 0x00, 0x00, 0x00, 0x00, 0x00, 0x0F, 0xC0, 0x3F, 0x00, 0x30, 0x00, 0xC0, 0x03, 0x00, 0x0C,
    0x00, 0x30, 0x00, 0xC0, 0x03, 0x00, 0x0C, 0x00, 0x30, 0x00, 0xC0, 0x03, 0x00, 0x0C, 0x00, 0x30,
    0x00, 0xC0, 0x0F, 0xC0, 0x3F, 0x00, 0x00, 0x00, 0xC0, 0x03, 0x00, 0x0C, 0x00, 0x00, 0x00, 0x00,
    0x00, 0x00, 0x00, 0x00, 0x00, 0x00, 0x00, 0x03, 0x00, 0x0C, 0x00, 0x30, 0x00, 0x00, 0x00, 0x00,
    0x3C, 0x00, 0xF0, 0x00, 0xC0, 0x03, 0x00, 0x0C, 0x00, 0x30, 0x00, 0xC0, 0x03, 0x00, 0x0C, 0x00,
    0x30, 0x00, 0xC0, 0x0F, 0xC0, 0x3F, 0x00, 0x00, 0x00, 0xC0, 0x03, 0x00, 0x0C, 0x00, 0x00, 0x00,
    0x00, 0x00, 0x00, 0x00, 0x00, 0x00, 0x00, 0x00, 0x1F, 0xC0, 0xFF, 0x87, 0x07, 0x18, 0x0C, 0x60,
    0x31, 0x80, 0xC6, 0x03, 0x18, 0x0C, 0x60, 0x31, 0x80, 0xC6, 0x03, 0x18, 0x0C, 0x60, 0x31, 0x80,
    0xC6, 0x03, 0x1C, 0x1C, 0x3F, 0xE0, 0x7F, 0x00, 0x00, 0x00, 0xC0, 0x03, 0x00, 0x0C, 0x00, 0x00,
    0x00, 0x00, 0x00, 0x00, 0x00, 0x00, 0x00, 0x00, 0x00, 0x00, 0x00, 0x00, 0x00, 0x00, 0x00, 0x00,
    0x00, 0x00, 0x7F, 0x03, 0xFE, 0x1C, 0x1C, 0x60, 0x31, 0x80, 0xC6, 0x03, 0x18, 0x0C, 0x60, 0x31,
    0x80, 0xC6, 0x03, 0x1C, 0x1C, 0x3F, 0xE0, 0x7F, 0x00, 0x00, 0x00, 0xC0, 0x03, 0x00, 0x0C, 0x00,
    0x00, 0x00, 0x00, 0x07, 0x00, 0x1E, 0x00, 0x30, 0x00, 0xC0, 0x07, 0x80, 0x7F, 0x83, 0xFF, 0x1E,
    0x1E, 0x70, 0x3B, 0x80, 0x7E, 0x01, 0xF0, 0x07, 0xC0, 0x1F, 0x00, 0x7E, 0x01, 0xF8, 0x07, 0x70,
    0x39, 0xE1, 0xE3, 0xFF, 0x07, 0xF8, 0x03, 0x00, 0x0F, 0x00, 0xF0, 0x07, 0x00, 0x60, 0x0F, 0x01,
    0xFC, 0x3F, 0xE7, 0x0E, 0x70, 0x66, 0x07, 0x60, 0x76, 0x07, 0x70, 0x67, 0x0E, 0x3F, 0xC1, 0xF8,
    0x06, 0x00, 0x00, 0x70, 0x01, 0x80, 0x0E, 0x00, 0xC0, 0x07, 0x80, 0x3F, 0x00, 0xCC, 0x01, 0xE0,
    0x1F, 0xE0, 0xFF, 0xC7, 0x87, 0x9C, 0x0E, 0xE0, 0x1F, 0x80, 0x7C, 0x01, 0xF0, 0x07, 0xC0, 0x1F,
    0x80, 0x7E, 0x01, 0xDC, 0x0E, 0x78, 0x78, 0xFF, 0xC1, 0xFE, 0x00, 0xC0, 0x00, 0xE0, 0x0C, 0x01,
    0xC0, 0x60, 0x0F, 0x01, 0xF8, 0x19, 0x80, 0xF0, 0x1F, 0xC3, 0xFE, 0x70, 0xE7, 0x06, 0x60, 0x76,
    0x07, 0x60, 0x77, 0x06, 0x70, 0xE3, 0xFC, 0x1F, 0x80, 0x60, 0x01, 0xC0, 0x07, 0x00, 0x0E, 0x00,
    0xC0, 0x07, 0x80, 0x3F, 0x00, 0xCC, 0x01, 0xE0, 0x1F, 0xE0, 0xFF, 0xC7, 0x87, 0x9C, 0x0E, 0xE0,
    0x1F, 0x80, 0x7C, 0x01, 0xF0, 0x07, 0xC0, 0x1F, 0x80, 0x7E, 0x01, 0xDC, 0x0E, 0x78, 0x78, 0xFF,
    0xC1, 0xFE, 0x00, 0xC0, 0x03, 0x80, 0x18, 0x01, 0xC0, 0x60, 0x0F, 0x01, 0xF8, 0x19, 0x80, 0xF0,
    0x1F, 0xC3, 0xFE, 0x70, 0xE7, 0x06, 0x60, 0x76, 0x07, 0x60, 0x77, 0x06, 0x70, 0xE3, 0xFC, 0x1F,
    0x80, 0x60, 0x01, 0xE0, 0x07, 0x80, 0x0C, 0x00, 0xC0, 0x07, 0x80, 0x3F, 0x00, 0xCC, 0x01, 0xE0,
    0x1F, 0xE0, 0xFF, 0xC7, 0x87, 0x9C, 0x0E, 0xE0, 0x1F, 0x80, 0x7C, 0x01, 0xF0, 0x07, 0xC0, 0x1F,
    0x80, 0x7E, 0x01, 0xDC, 0x0E, 0x78, 0x78, 0xFF, 0xC1, 0xFE, 0x00, 0xC0, 0x03, 0xC0, 0x3C, 0x01,
    0xC0, 0x60, 0x0F, 0x01, 0xF8, 0x19, 0x80, 0xF0, 0x1F, 0xC3, 0xFE, 0x70, 0xE7, 0x06, 0x60, 0x76,
    0x07, 0x60, 0x77, 0x06, 0x70, 0xE3, 0xFC, 0x1F, 0x80, 0x60, 0x0E, 0xC0, 0x3F, 0x00, 0xD8, 0x00,
    0xC0, 0x07, 0x80, 0x3F, 0x00, 0xCC, 0x01, 0xE0, 0x1F, 0xE0, 0xFF, 0xC7, 0x87, 0x9C, 0x0E, 0xE0,
    0x1F, 0x80, 0x7C, 0x01, 0xF0, 0x07, 0xC0, 0x1F, 0x80, 0x7E, 0x01, 0xDC, 0x0E, 0x78, 0x78, 0xFF,
    0xC1, 0xFE, 0x00, 0xC0, 0x0C, 0x81, 0xF8, 0x1B, 0x80, 0x60, 0x0F, 0x01, 0xF8, 0x19, 0x80, 0xF0,
    0x1F, 0xC3, 0xFE, 0x70, 0xE7, 0x06, 0x60, 0x76, 0x07, 0x60, 0x77, 0x06, 0x70, 0xE3, 0xFC, 0x1F,
    0x80, 0x60, 0x07, 0x00, 0x1E, 0x00, 0xDC, 0x00, 0x00, 0x07, 0x80, 0x7F, 0x83, 0xFF, 0x1E, 0x1E,
    0x70, 0x3B, 0x80, 0x7E, 0x01, 0xF0, 0x07, 0xC0, 0x1F, 0x00, 0x7E, 0x01, 0xF8, 0x07, 0x70, 0x39,
    0xE1, 0xE3, 0xFF, 0x07, 0xF8, 0x03, 0x00, 0x0C, 0x00, 0x78, 0x00, 0xC0, 0x07, 0x00, 0xF8, 0x1D,
    0x80, 0x00, 0x0F, 0x01, 0xFC, 0x3F, 0xE7, 0x0E, 0x70, 0x66, 0x07, 0x60, 0x76, 0x07, 0x70, 0x67,
    0x0E, 0x3F, 0xC1, 0xF8, 0x06, 0x00, 0x60, 0x07, 0x00, 0x60, 0x01, 0xC0, 0x06, 0x00, 0x38, 0xC0,
    0xC3, 0x07, 0xFC, 0x7F, 0xF3, 0xFF, 0x9E, 0x1E, 0x70, 0x3B, 0x80, 0x7E, 0x01, 0xF0, 0x07, 0xC0,
    0x1F, 0x00, 0x7E, 0x01, 0xF8, 0x07, 0x70, 0x39, 0xE1, 0xE3, 0xFF, 0x07, 0xF8, 0x03, 0x00, 0x03,
    0x80, 0x30, 0x07, 0x30, 0x67, 0x0F, 0xF1, 0xFF, 0x3F, 0xE7, 0x0E, 0x70, 0x66, 0x07, 0x60, 0x76,
    0x07, 0x70, 0x67, 0x0E, 0x3F, 0xC1, 0xF8, 0x06, 0x00, 0x0E, 0x00, 0x18, 0x00, 0x70, 0xC0, 0xC3,
    0x07, 0xFC, 0x7F, 0xF3, 0xFF, 0x9E, 0x1E, 0x70, 0x3B, 0x80, 0x7E, 0x01, 0xF0, 0x07, 0xC0, 0x1F,
    0x00, 0x7E, 0x01, 0xF8, 0x07, 0x70, 0x39, 0xE1, 0xE3, 0xFF, 0x07, 0xF8, 0x03, 0x00, 0x1C, 0x00,
    0xC0, 0x0E, 0x30, 0x67, 0x0F, 0xF1, 0xFF, 0x3F, 0xE7, 0x0E, 0x70, 0x66, 0x07, 0x60, 0x76, 0x07,
    0x70, 0x67, 0x0E, 0x3F, 0xC1, 0xF8, 0x06, 0x00, 0x07, 0x00, 0x1E, 0x00, 0x30, 0xC0, 0xC3, 0x07,
    0xFC, 0x7F, 0xF3, 0xFF, 0x9E, 0x1E, 0x70, 0x3B, 0x80, 0x7E, 0x01, 0xF0, 0x07, 0xC0, 0x1F, 0x00,
    0x7E, 0x01, 0xF8, 0x07, 0x70, 0x39, 0xE1, 0xE3, 0xFF, 0x07, 0xF8, 0x03, 0x00, 0x0F, 0x00, 0xF0,
    0x07, 0x30, 0x67, 0x0F, 0xF1, 0xFF, 0x3F, 0xE7, 0x0E, 0x70, 0x66, 0x07, 0x60, 0x76, 0x07, 0x70,
    0x67, 0x0E, 0x3F, 0xC1, 0xF8, 0x06, 0x00, 0x06, 0xC0, 0x3F, 0x00, 0xFC, 0xC0, 0x03, 0x07, 0xFC,
    0x7F, 0xF3, 0xFF, 0x9E, 0x1E, 0x70, 0x3B, 0x80, 0x7E, 0x01, 0xF0, 0x07, 0xC0, 0x1F, 0x00, 0x7E,
    0x01, 0xF8, 0x07, 0x70, 0x39, 0xE1, 0xE3, 0xFF, 0x07, 0xF8, 0x03, 0x00, 0x0C, 0x81, 0xF8, 0x1B,
    0xB0, 0x07, 0x0F, 0xF1, 0xFF, 0x3F, 0xE7, 0x0E, 0x70, 0x66, 0x07, 0x60, 0x76, 0x07, 0x70, 0x67,
    0x0E, 0x3F, 0xC1, 0xF8, 0x06, 0x00, 0x00, 0x0C, 0x00, 0x30, 0x7F, 0xC7, 0xFF, 0x3F, 0xF9, 0xE1,
    0xE7, 0x03, 0xB8, 0x07, 0xE0, 0x1F, 0x00, 0x7C, 0x01, 0xF0, 0x07, 0xE0, 0x1F, 0x80, 0x77, 0x03,
    0x9E, 0x1E, 0x3F, 0xF0, 0x7F, 0x80, 0x30, 0x00, 0xC0, 0x07, 0x80, 0x0C, 0x00, 0x00, 0x30, 0x07,
    0x0F, 0xF1, 0xFF, 0x3F, 0xE7, 0x0E, 0x70, 0x66, 0x07, 0x60, 0x76, 0x07, 0x70, 0x67, 0x0E, 0x3F,
    0xC1, 0xF8, 0x06, 0x00, 0x60, 0x07, 0x00, 0x60, 0x00, 0x00, 0x00, 0x00, 0x00, 0x00, 0x00, 0x60,
    0x31, 0x80, 0xC6, 0x03, 0x18, 0x0C, 0x60, 0x31, 0x80, 0xC6, 0x03, 0x18, 0x0C, 0x60, 0x31, 0x80,
    0xC6, 0x03, 0x18, 0x0C, 0x60, 0x31, 0x80, 0xC6, 0x03, 0x1C, 0x1C, 0x3F, 0xE0, 0x7F, 0x00, 0x00,
    0x00, 0xC0, 0x03, 0x00, 0x0C, 0x00, 0x00, 0x00, 0x00, 0x00, 0x00, 0x00, 0x00, 0x00, 0x00, 0x00,
    0x00, 0x00, 0x00, 0x00, 0x00, 0x00, 0x00, 0x00, 0x01, 0x80, 0xC6, 0x03, 0x18, 0x0C, 0x60, 0x31,
    0x80, 0xC6, 0x03, 0x18, 0x0C, 0x60, 0x31, 0x80, 0xC6, 0x03, 0x1C, 0x0C, 0x3F, 0xF0, 0x7F, 0xC0,
    0x00, 0x00, 0xC0, 0x03, 0x00, 0x0C, 0x00, 0x00, 0x00, 0x00, 0x07, 0x00, 0x38, 0x00, 0xC0, 0x04,
    0x04, 0x01, 0x70, 0x1F, 0x80, 0xFC, 0x07, 0xE0, 0x3F, 0x01, 0xF8, 0x0F, 0xC0, 0x7E, 0x03, 0xF0,
    0x1F, 0x80, 0xFC, 0x07, 0x60, 0x3B, 0x83, 0x8F, 0xFC, 0x3F, 0xC0, 0x70, 0x00, 0x1C, 0x07, 0x80,
    0xE0, 0x30, 0x40, 0xF8, 0x7E, 0x1F, 0x87, 0xE1, 0xF8, 0x7E, 0x1F, 0x87, 0xE1, 0xF8, 0x77, 0xFC,
    0xFF, 0x08, 0x00, 0x01, 0x80, 0x07, 0x00, 0x0C, 0x18, 0x18, 0x74, 0x01, 0xFC, 0x07, 0xF8, 0x0F,
    0x70, 0x1C, 0xE0, 0x39, 0xC0, 0x73, 0x80, 0xE7, 0x01, 0xCE, 0x03, 0x9C, 0x07, 0x38, 0x0E, 0x70,
    0x1C, 0x60, 0x38, 0xE0, 0xE0, 0xFF, 0xC0, 0xFF, 0x00, 0x70, 0x00, 0x07, 0x00, 0x60, 0x0E, 0x70,
    0xC7, 0x40, 0xFE, 0x1E, 0xE1, 0xCE, 0x1C, 0xE1, 0xCE, 0x1C, 0xE1, 0xCE, 0x1C, 0xE1, 0xCE, 0x1C,
    0x7F, 0xC3, 0xFC, 0x08, 0x00, 0x0C, 0x00, 0x1C, 0x00, 0x18, 0x18, 0x10, 0x74, 0x01, 0xFC, 0x07,
    0xF8, 0x0F, 0x70, 0x1C, 0xE0, 0x39, 0xC0, 0x73, 0x80, 0xE7, 0x01, 0xCE, 0x03, 0x9C, 0x07, 0x38,
    0x0E, 0x70, 0x1C, 0x60, 0x38, 0xE0, 0xE0, 0xFF, 0xC0, 0xFF, 0x00, 0x70, 0x00, 0x38, 0x01, 0x80,
    0x1C, 0x70, 0xC7, 0x40, 0xFE, 0x1E, 0xE1, 0xCE, 0x1C, 0xE1, 0xCE, 0x1C, 0xE1, 0xCE, 0x1C, 0xE1,
    0xCE, 0x1C, 0x7F, 0xC3, 0xFC, 0x08, 0x00, 0x07, 0x00, 0x0E, 0x00, 0x0C, 0x18, 0x10, 0x74, 0x01,
    0xFC, 0x07, 0xF8, 0x0F, 0x70, 0x1C, 0xE0, 0x39, 0xC0, 0x73, 0x80, 0xE7, 0x01, 0xCE, 0x03, 0x9C,
    0x07, 0x38, 0x0E, 0x70, 0x1C, 0x60, 0x38, 0xE0, 0xE0, 0xFF, 0xC0, 0xFF, 0x00, 0x70, 0x00, 0x1C,
    0x01, 0xE0, 0x0E, 0x70, 0xC7, 0x40, 0xFE, 0x1E, 0xE1, 0xCE, 0x1C, 0xE1, 0xCE, 0x1C, 0xE1, 0xCE,
    0x1C, 0xE1, 0xCE, 0x1C, 0x7F, 0xC3, 0xFC, 0x08, 0x00, 0x0C, 0xC0, 0x1F, 0x80, 0x6E, 0x18, 0x00,
    0x74, 0x01, 0xFC, 0x07, 0xF8, 0x0F, 0x70, 0x1C, 0xE0, 0x39, 0xC0, 0x73, 0x80, 0xE7, 0x01, 0xCE,
    0x03, 0x9C, 0x07, 0x38, 0x0E, 0x70, 0x1C, 0x60, 0x38, 0xE0, 0xE0, 0xFF, 0xC0, 0xFF, 0x00, 0x70,
    0x00, 0x19, 0x03, 0xF0, 0x3F, 0x70, 0x07, 0x40, 0xFE, 0x1E, 0xE1, 0xCE, 0x1C, 0xE1, 0xCE, 0x1C,
    0xE1, 0xCE, 0x1C, 0xE1, 0xCE, 0x1C, 0x7F, 0xC3, 0xFC, 0x08, 0x00, 0x00, 0x06, 0x00, 0x1D, 0x00,
    0x7F, 0x01, 0xFE, 0x03, 0xDC, 0x07, 0x38, 0x0E, 0x70, 0x1C, 0xE0, 0x39, 0xC0, 0x73, 0x80, 0xE7,
    0x01, 0xCE, 0x03, 0x9C, 0x07, 0x18, 0x0E, 0x38, 0x38, 0x3F, 0xF0, 0x3F, 0xC0, 0x1C, 0x00, 0x18,
    0x00, 0x70, 0x00, 0xE0, 0x00, 0x00, 0x70, 0x07, 0x40, 0xFE, 0x1E, 0xE1, 0xCE, 0x1C, 0xE1, 0xCE,
    0x1C, 0xE1, 0xCE, 0x1C, 0xE1, 0xCE, 0x1C, 0x7F, 0xC3, 0xFC, 0x08, 0x00, 0xC0, 0x0E, 0x00, 0xC0,
    0x0E, 0x00, 0x18, 0x00, 0x70, 0x00, 0xC0, 0x40, 0x0B, 0x80, 0xF7, 0x03, 0x8E, 0x1C, 0x38, 0x70,
    0x73, 0x80, 0xFC, 0x03, 0xF0, 0x07, 0x80, 0x1E, 0x00, 0x30, 0x00, 0xC0, 0x03, 0x00, 0x0C, 0x00,
    0x30, 0x00, 0xC0, 0x1C, 0x03, 0x80, 0x38, 0x03, 0x04, 0x07, 0xC1, 0xD8, 0x3B, 0x86, 0x31, 0xC7,
    0x38, 0xE6, 0x0D, 0xC1, 0xF0, 0x3E, 0x03, 0xC0, 0x70, 0x0E, 0x01, 0x80, 0xF0, 0x3C, 0x07, 0x00,
    0x40, 0x0B, 0x80, 0xF7, 0x03, 0x8E, 0x1C, 0x38, 0x70, 0x73, 0x80, 0xFC, 0x03, 0xF0, 0x07, 0x80,
    0x1E, 0x00, 0x30, 0x00, 0xC0, 0x03, 0x00, 0x0C, 0x00, 0x30, 0x00, 0xC0, 0x00, 0x00, 0x0C, 0x00,
    0x78, 0x00, 0xC0, 0x40, 0x7C, 0x1D, 0x83, 0xB8, 0x63, 0x1C, 0x73, 0x8E, 0x60, 0xDC, 0x1F, 0x03,
    0xE0, 0x3C, 0x07, 0x00, 0xE0, 0x19, 0x8F, 0x73, 0xCE, 0x70, 0x00, 0x07, 0x00, 0x1E, 0x00, 0x30,
    0x00, 0xC0, 0x40, 0x0B, 0x80, 0xF7, 0x03, 0x8E, 0x1C, 0x38, 0x70, 0x73, 0x80, 0xFC, 0x03, 0xF0,
    0x07, 0x80, 0x1E, 0x00, 0x30, 0x00, 0xC0, 0x03, 0x00, 0x0C, 0x00, 0x30, 0x00, 0xC0, 0x0E, 0x01,
    0xE0, 0x18, 0x03, 0x04, 0x07, 0xC1, 0xD8, 0x3B, 0x86, 0x31, 0xC7, 0x38, 0xE6, 0x0D, 0xC1, 0xF0,
    0x3E, 0x03, 0xC0, 0x70, 0x0E, 0x01, 0x80, 0xF0, 0x3C, 0x07, 0x00, 0x1E, 0x60, 0xFF, 0x83, 0x3C,
    0x00, 0x00, 0x60, 0x19, 0x80, 0x63, 0x03, 0x0C, 0x0C, 0x18, 0x60, 0x61, 0x80, 0xCC, 0x03, 0x30,
    0x07, 0x80, 0x1E, 0x00, 0x30, 0x00, 0xC0, 0x03, 0x00, 0x0C, 0x00, 0x30, 0x00, 0xC0, 0x03, 0x00,
    0x0C, 0x00, 0x00, 0x00, 0x00, 0x00, 0x00, 0x00, 0x00, 0x00, 0x00, 0x00, 0x00, 0x00, 0x00, 0x00,
    0x00, 0x00, 0x00, 0x00, 0x00, 0x79, 0x83, 0xFE, 0x0C, 0xF0, 0x00, 0x01, 0x80, 0xC6, 0x03, 0x18,
    0x0C, 0x60, 0x31, 0x80, 0xC6, 0x03, 0x18, 0x0C, 0x60, 0x31, 0x80, 0xC6, 0x03, 0x1C, 0x0C, 0x3F,
    0xF0, 0x7F, 0xC0, 0x03, 0x00, 0x0C, 0x00, 0x70, 0xFF, 0x83, 0xFC, 0x00, 0x00, 0x00, 0x00, 0x00,
    0x00, 0x00, 0x00, 0x00, 0x00, 0x00, 0x00, 0x00, 0x00, 0x00, 0x00, 0x00, 0x00, 0x00, 0x00, 0x00,
    0x00, 0x00, 0x00, 0x00, 0x00, 0x00, 0x00, 0x00, 0x00, 0x00, 0x00, 0x00, 0x00, 0x00, 0x00, 0x00,
    0x00, 0x00, 0x00, 0x00, 0x00, 0x00, 0x00, 0x00, 0x00, 0x00, 0x00, 0x00, 0x00, 0x00, 0x00, 0x00,
    0x00, 0x00, 0x00, 0x00, 0x00, 0x00, 0x00, 0x00, 0x00, 0x00, 0x00, 0x00, 0x00, 0x00, 0x00, 0x00,
    0x00, 0x00, 0x00, 0x00, 0x00, 0x00, 0x00, 0x00, 0x00, 0x00, 0x00, 0x00, 0x00, 0x00, 0x00, 0x00,
    0x00, 0x00, 0x00, 0x00, 0x00, 0x00, 0x00, 0x00, 0x00, 0x00, 0x00, 0x00, 0x00, 0x00, 0x00, 0x00,
    0x00, 0x00, 0x00, 0x00, 0x00, 0x00, 0x00, 0x00, 0x00, 0x00, 0x00, 0x00, 0x00, 0x00, 0x00, 0x00,
    0x00, 0x00, 0x00, 0x00, 0x00, 0x00, 0x00, 0x00, 0x00, 0x00, 0x00, 0x00, 0x00, 0x00, 0x00, 0x00,
    0x00, 0x00, 0x00, 0x00, 0x00, 0x00, 0x00, 0x00, 0x00, 0x00, 0x00, 0x00, 0x00, 0x00, 0x00, 0x00,
    0x00, 0x00, 0x00, 0x00, 0x00, 0x00, 0x00, 0x00, 0x00, 0x00, 0x00, 0x00, 0x00, 0x00, 0x00, 0x00,
    0x00, 0x00, 0x00, 0x00, 0x00, 0x00, 0x00, 0x00, 0x00, 0x00, 0x00, 0x00, 0x00, 0x00, 0x00, 0x00,
    0x00, 0x00, 0x00, 0x00, 0x00, 0x00, 0x00, 0x00, 0x00, 0x00, 0x00, 0x00, 0x00, 0x00, 0x00, 0x00,
    0x00, 0x00, 0x00, 0x00, 0x00, 0x00, 0x00, 0x00, 0x00, 0x00, 0x00, 0x00, 0x00, 0x00, 0x00, 0x00,
    0x00, 0x00, 0x00, 0x00, 0x00, 0x00, 0x00, 0x00, 0x00, 0x00, 0x00, 0x00, 0x00, 0x00, 0x00, 0x00,
    0x00, 0x00, 0x00, 0x00, 0x00, 0x00, 0x00, 0x00, 0x00, 0x00, 0x00, 0x00, 0x00, 0x00, 0x00, 0x00,
    0x00, 0x00, 0x00, 0x00, 0x00, 0x00, 0x00, 0x00, 0x00, 0x00, 0x00, 0x00, 0x00, 0x00, 0x00, 0x00,
    0x00, 0x00, 0x00, 0x00, 0x00, 0x00, 0x00, 0x00, 0x00, 0x00, 0x00, 0x00, 0x00, 0x00, 0x00, 0x00,
    0x00, 0x00, 0x00, 0x00, 0x00, 0x00, 0x00, 0x00, 0x00, 0x00, 0x00, 0x00, 0x00, 0x00, 0x00, 0x00,
    0x00, 0x00, 0x00, 0x00, 0x00, 0x00, 0x00, 0x00, 0x00, 0x00, 0x00, 0x00, 0x00, 0x00, 0x00, 0x00,
    0x00, 0x00, 0x00, 0x00, 0x00, 0x00, 0x00, 0x00, 0x00, 0x00, 0x00, 0x00, 0x00, 0x00, 0x00, 0x00,
    0x00, 0x00, 0x00, 0x00, 0x00, 0x00, 0x00, 0x00, 0x00, 0x00, 0x00, 0x00, 0x00, 0x00, 0x00, 0x00,
    0x00, 0x00, 0x00, 0x00, 0x00, 0x00, 0x00, 0x00, 0x00, 0x00, 0x00, 0x00, 0x00, 0x00, 0x00, 0x00,
    0x00, 0x00, 0x00, 0x00, 0x00, 0x00, 0x00, 0x00, 0x00, 0x00, 0x00, 0x00, 0x00, 0x00, 0x00, 0x00,
    0x00, 0x00, 0x00, 0x00, 0x00, 0x00, 0x00, 0x00, 0x00, 0x00, 0x00, 0x00, 0x00, 0x00, 0x00, 0x00,
    0x00, 0x00, 0x00, 0x00, 0x00, 0x00, 0x00, 0x00, 0x00, 0x00, 0x00, 0x00, 0x00, 0x00, 0x00, 0x00,
    0x00, 0x00, 0x00, 0x00, 0x00, 0x00, 0x00, 0x00, 0x00, 0x00, 0x00, 0x00, 0x00, 0x00, 0x00, 0x00,
    0x00, 0x00, 0x00, 0x00, 0x00, 0x00, 0x00, 0x00, 0x00, 0x00, 0x00, 0x00, 0x00, 0x00, 0x00, 0x00,
    0x00, 0x00, 0x00, 0x00, 0x00, 0x00, 0x00, 0x00, 0x00, 0x00, 0x00, 0x00, 0x00, 0x00, 0x00, 0x00,
    0x00, 0x00, 0x00, 0x00, 0x00, 0x00, 0x00, 0x00, 0x00, 0x00, 0x00, 0x00, 0x00, 0x00, 0x00, 0x00,
    0x00, 0x00, 0x00, 0x00, 0x00, 0x00, 0x00, 0x00, 0x00, 0x00, 0x00, 0x00, 0x00, 0x00, 0x00, 0x00,
    0x00, 0x00, 0x00, 0x00, 0x00, 0x00, 0x00, 0x00, 0x00, 0x00, 0x00, 0x00, 0x00, 0x00, 0x00, 0x00,
    0x00, 0x00, 0x00, 0x00, 0x00, 0x00, 0x00, 0x00, 0x00, 0x00, 0x00, 0x00, 0x00, 0x00, 0x00, 0x00,
    0x00, 0x00, 0x00, 0x00, 0x00, 0x00, 0x00, 0x00, 0x00, 0x00, 0x00, 0x00, 0x00, 0x00, 0x00, 0x00,
    0x00, 0x00, 0x00, 0x00, 0x00, 0x00, 0x00, 0x00, 0x00, 0x00, 0x00, 0x00, 0x00, 0x00, 0x00, 0x00,
    0x00, 0x00, 0x00, 0x00, 0x00, 0x00, 0x00, 0x00, 0x00, 0x00, 0x00, 0x00, 0x00, 0x3F, 0xF0, 0xFF,
    0xC0, 0x00, 0x00, 0x00, 0x00, 0x00, 0x00, 0x00, 0x00, 0x00, 0x00, 0x00, 0x00, 0x00, 0x00, 0x00,
    0x00, 0x00, 0x00, 0x00, 0x00, 0x00, 0x00, 0x00, 0x00, 0x00, 0x00, 0x00, 0x00, 0x00, 0x00, 0x00,
    0x00, 0x00, 0x00, 0x00, 0x00, 0x00, 0x00, 0x00, 0x00, 0x00, 0x00, 0x00, 0x00, 0x00, 0x3F, 0xF0,
    0xFF, 0xC0, 0x00, 0x00, 0x00, 0x00, 0x00, 0x00, 0x00, 0x00, 0x00, 0x00, 0x00, 0x00, 0x00, 0x00,
    0x00, 0x00, 0x00, 0x00, 0x00, 0x00, 0x00, 0x00, 0x00, 0x00, 0x00, 0x00, 0x00, 0x00, 0x00, 0x00,
    0x00, 0x00, 0x00, 0x00, 0x00, 0x00, 0x00, 0x00, 0x00, 0x00, 0x00, 0x00, 0x00, 0x00, 0x00, 0x7F,
    0xF1, 0xFF, 0xC0, 0x00, 0x00, 0x00, 0x00, 0x00, 0x00, 0x00, 0x00, 0x00, 0x00, 0x00, 0x00, 0x00,
    0x00, 0x00, 0x00, 0x00, 0x00, 0x00, 0x00, 0x00, 0x00, 0x00, 0x00, 0x00, 0x00, 0x00, 0x00, 0x00,
    0x00, 0x00, 0x00, 0x00, 0x00, 0x00, 0x00, 0x00, 0x00, 0x00, 0x00, 0x00, 0x00, 0x00, 0x00, 0x00,
    0x7F, 0xF1, 0xFF, 0xC0, 0x00, 0x00, 0x00, 0x00, 0x00, 0x00, 0x00, 0x00, 0x00, 0x00, 0x00, 0x00,
    0x00, 0x00, 0x00, 0x00, 0x00, 0x00, 0x00, 0x00, 0x00, 0x00, 0x00, 0x00, 0x00, 0x00, 0x00, 0x00,
    0x00, 0x00, 0x00, 0x00, 0x00, 0x00, 0x00, 0x00, 0x00, 0x00, 0x00, 0x00, 0x00, 0x00, 0x00, 0x00,
    0x00, 0x7F, 0xF9, 0xFF, 0xE0, 0x00, 0x00, 0x00, 0x00, 0x00, 0x00, 0x00, 0x00, 0x00, 0x00, 0x00,
    0x00, 0x00, 0x00, 0x00, 0x00, 0x00, 0x00, 0x00, 0x00, 0x00, 0x00, 0x00, 0x00, 0x00, 0x00, 0x00,
    0x00, 0x00, 0x00, 0x00, 0x00, 0x00, 0x00, 0x00, 0x00, 0x00, 0x00, 0x00, 0x00, 0x00, 0x00, 0x00,
    0x00, 0x00, 0x7F, 0xF9, 0xFF, 0xE0, 0x00, 0x00, 0x00, 0x00, 0x00, 0x00, 0x00, 0x00, 0x00, 0x00,
    0x00, 0x00, 0x00, 0x00, 0x00, 0x00, 0x00, 0x00, 0x00, 0x00, 0x00, 0x00, 0x00, 0x00, 0x00, 0x00,
    0x00, 0x00, 0x00, 0x00, 0x00, 0x0C, 0xC0, 0x33, 0x00, 0xCC, 0x03, 0x30, 0x0C, 0xC0, 0x33, 0x00,
    0xCC, 0x03, 0x30, 0x0C, 0xC0, 0x33, 0x00, 0xCC, 0x03, 0x30, 0x0C, 0xC0, 0x33, 0x00, 0xCC, 0x03,
    0x30, 0x0C, 0xC0, 0x33, 0x00, 0x00, 0x00, 0x00, 0x00, 0x00, 0x00, 0x00, 0x00, 0x00, 0x00, 0x00,
    0x00, 0x00, 0x00, 0x00, 0x00, 0x00, 0x00, 0x00, 0x00, 0x00, 0x00, 0x00, 0x00, 0x00, 0x00, 0x00,
    0x00, 0x00, 0x00, 0x00, 0x00, 0x00, 0x00, 0x00, 0x00, 0x00, 0x00, 0x00, 0x00, 0x00, 0x00, 0x00,
    0x00, 0x00, 0x00, 0x00, 0x00, 0x00, 0x00, 0x1F, 0xFC, 0x7F, 0xF0, 0x00, 0x07, 0xFF, 0x1F, 0xFC,
    0x00, 0x00, 0x00, 0x00, 0x30, 0x00, 0xC0, 0x06, 0x00, 0x18, 0x00, 0x60, 0x01, 0x80, 0x00, 0x00,
    0x00, 0x00, 0x00, 0x00, 0x00, 0x00, 0x00, 0x00, 0x00, 0x00, 0x00, 0x00, 0x00, 0x00, 0x00, 0x00,
    0x00, 0x00, 0x00, 0x00, 0x00, 0x00, 0x00, 0x00, 0x00, 0x00, 0x00, 0x00, 0x00, 0x00, 0x00, 0x00,
    0x00, 0x00, 0x00, 0x00, 0x00, 0x30, 0x00, 0xC0, 0x03, 0x00, 0x0C, 0x00, 0x60, 0x01, 0x80, 0x00,
    0x00, 0x00, 0x00, 0x00, 0x00, 0x00, 0x00, 0x00, 0x00, 0x00, 0x00, 0x00, 0x00, 0x00, 0x00, 0x00,
    0x00, 0x00, 0x00, 0x00, 0x00, 0x00, 0x00, 0x00, 0x00, 0x00, 0x00, 0x00, 0x00, 0x00, 0x00, 0x00,
    0x00, 0x00, 0x00, 0x00, 0x00, 0x00, 0x00, 0x00, 0x00, 0x00, 0x00, 0x00, 0x00, 0x00, 0x00, 0x00,
    0x00, 0x00, 0x00, 0x00, 0x00, 0x00, 0x00, 0x00, 0x00, 0x00, 0x00, 0x00, 0x00, 0x00, 0x00, 0x00,
    0x00, 0x00, 0x30, 0x00, 0xC0, 0x03, 0x00, 0x0C, 0x00, 0x60, 0x01, 0x80, 0x00, 0x00, 0x00, 0x00,
    0x00, 0x00, 0x00, 0x00, 0x00, 0x00, 0x00, 0x60, 0x01, 0x80, 0x06, 0x00, 0x18, 0x00, 0x30, 0x00,
    0xC0, 0x00, 0x00, 0x00, 0x00, 0x00, 0x00, 0x00, 0x00, 0x00, 0x00, 0x00, 0x00, 0x00, 0x00, 0x00,
    0x00, 0x00, 0x00, 0x00, 0x00, 0x00, 0x00, 0x00, 0x00, 0x00, 0x00, 0x00, 0x00, 0x00, 0x00, 0x00,
    0x00, 0x00, 0x00, 0x00, 0x00, 0x00, 0x00, 0x00, 0xC6, 0x03, 0x18, 0x18, 0xC0, 0x63, 0x01, 0x8C,
    0x06, 0x30, 0x00, 0x00, 0x00, 0x00, 0x00, 0x00, 0x00, 0x00, 0x00, 0x00, 0x00, 0x00, 0x00, 0x00,
    0x00, 0x00, 0x00, 0x00, 0x00, 0x00, 0x00, 0x00, 0x00, 0x00, 0x00, 0x00, 0x00, 0x00, 0x00, 0x00,
    0x00, 0x00, 0x00, 0x00, 0x00, 0x00, 0x00, 0x00, 0x00, 0xC6, 0x03, 0x18, 0x0C, 0x60, 0x31, 0x81,
    0x8C, 0x06, 0x30, 0x00, 0x00, 0x00, 0x00, 0x00, 0x00, 0x00, 0x00, 0x00, 0x00, 0x00, 0x00, 0x00,
    0x00, 0x00, 0x00, 0x00, 0x00, 0x00, 0x00, 0x00, 0x00, 0x00, 0x00, 0x00, 0x00, 0x00, 0x00, 0x00,
    0x00, 0x00, 0x00, 0x00, 0x00, 0x00, 0x00, 0x00, 0x00, 0x00, 0x00, 0x00, 0x00, 0x00, 0x00, 0x00,
    0x00, 0x00, 0x00, 0x00, 0x00, 0x00, 0x00, 0x00, 0x00, 0x00, 0x00, 0x00, 0x00, 0x00, 0x00, 0x00,
    0x00, 0x00, 0x00, 0x00, 0x00, 0x01, 0x8C, 0x06, 0x30, 0x18, 0xC0, 0x63, 0x03, 0x18, 0x0C, 0x60,
    0x00, 0x00, 0x00, 0x00, 0x00, 0x00, 0x00, 0x00, 0x00, 0x00, 0x03, 0x18, 0x0C, 0x60, 0x31, 0x80,
    0xC6, 0x01, 0x8C, 0x06, 0x30, 0x00, 0x00, 0x00, 0x00, 0x00, 0x00, 0x00, 0x00, 0x00, 0x00, 0x00,
    0x00, 0x00, 0x00, 0x00, 0x00, 0x00, 0x00, 0x00, 0x00, 0x00, 0x00, 0x00, 0x00, 0x00, 0x00, 0x00,
    0x00, 0x00, 0x00, 0x00, 0x00, 0x00, 0x00, 0x00, 0x00, 0x00, 0x00, 0x00, 0x00, 0x00, 0x00, 0x03,
    0x00, 0x0C, 0x00, 0x30, 0x00, 0xC0, 0x3F, 0xF0, 0xFF, 0xC0, 0x30, 0x00, 0xC0, 0x03, 0x00, 0x0C,
    0x00, 0x30, 0x00, 0xC0, 0x03, 0x00, 0x0C, 0x00, 0x30, 0x00, 0xC0, 0x03, 0x00, 0x0C, 0x00, 0x00,
    0x00, 0x00, 0x00, 0x00, 0x00, 0x00, 0x00, 0x00, 0x00, 0x00, 0x00, 0x00, 0x00, 0x00, 0x00, 0x00,
    0x03, 0x00, 0x0C, 0x00, 0x30, 0x00, 0xC0, 0x3F, 0xF0, 0xFF, 0xC0, 0x30, 0x00, 0xC0, 0x03, 0x00,
    0x0C, 0x00, 0x30, 0x00, 0xC0, 0x3F, 0xF0, 0xFF, 0xC0, 0x30, 0x00, 0xC0, 0x03, 0x00, 0x0C, 0x00,
    0x00, 0x00, 0x00, 0x00, 0x00, 0x00, 0x00, 0x00, 0x00, 0x00, 0x00, 0x00, 0x00, 0x00, 0x00, 0x00,
    0x00, 0x00, 0x00, 0x00, 0x00, 0x00, 0x00, 0x00, 0x00, 0x00, 0x00, 0x00, 0x00, 0x01, 0xE0, 0x0F,
    0xC0, 0x3F, 0x00, 0xFC, 0x03, 0xF0, 0x07, 0x80, 0x00, 0x00, 0x00, 0x00, 0x00, 0x00, 0x00, 0x00,
    0x00, 0x00, 0x00, 0x00, 0x00, 0x00, 0x00, 0x00, 0x00, 0x00, 0x00, 0x03, 0x8F, 0x3F, 0xFF, 0xCC,
    0x00, 0x6E, 0xE0, 0x63, 0xF1, 0xF8, 0xE0, 0x00, 0x00, 0x00, 0x00, 0x00, 0x00, 0x00, 0x00, 0x00,
    0x00, 0x00, 0x00, 0x00, 0x00, 0x00, 0x00, 0x00, 0x00, 0x00, 0x00, 0x00, 0x00, 0x00, 0x00, 0x00,
    0x00, 0x00, 0x00, 0x00, 0x00, 0x00, 0x00, 0x06, 0x31, 0x98, 0xC6, 0x63, 0x19, 0x8C, 0x60, 0x00,
    0x00, 0x00, 0x00, 0x00, 0x00, 0x00, 0x00, 0x00, 0x00, 0x6E, 0xE0, 0x00, 0x00, 0x00, 0x00, 0x00,
    0x00, 0x00, 0x38, 0xC1, 0xF3, 0x06, 0xD8, 0x1F, 0x60, 0x3B, 0x00, 0x0C, 0x00, 0x60, 0x01, 0x80,
    0x0C, 0x00, 0x30, 0x01, 0x80, 0x06, 0x00, 0x30, 0x00, 0xDD, 0xC6, 0xFF, 0x9B, 0x76, 0xCF, 0xFB,
    0x1D, 0xC0, 0x00, 0x00, 0x00, 0x00, 0x00, 0x00, 0x00, 0x00, 0x00, 0x00, 0x30, 0x0C, 0x00, 0x01,
    0xF8, 0x38, 0x00, 0x03, 0xB0, 0x60, 0x00, 0x06, 0x61, 0xC0, 0x00, 0x0C, 0xE7, 0x00, 0x00, 0x19,
    0x8C, 0x00, 0x00, 0x3F, 0x30, 0x00, 0x00, 0x3C, 0xE0, 0x00, 0x00, 0x03, 0x80, 0x00, 0x00, 0x06,
    0x3C, 0x78, 0xF0, 0x1C, 0xFD, 0xFB, 0xF0, 0x73, 0x9B, 0x36, 0x60, 0xC7, 0x36, 0x6C, 0xE3, 0x8E,
    0x6C, 0xD9, 0xCE, 0x0D, 0xDF, 0xBB, 0x18, 0x1F, 0x3F, 0x3E, 0x00, 0x0C, 0x18, 0x30, 0x00, 0x00,
    0x00, 0x00, 0x38, 0x00, 0xE0, 0x03, 0x80, 0x0C, 0x00, 0x30, 0x00, 0xC0, 0x03, 0x00, 0x00, 0x00,
    0x00, 0x00, 0x00, 0x00, 0x00, 0x00, 0x00, 0x00, 0x00, 0x00, 0x00, 0x00, 0x00, 0x00, 0x00, 0x00,
    0x00, 0x00, 0x00, 0x00, 0x00, 0x00, 0x00, 0x00, 0x00, 0x00, 0x00, 0x00, 0x00, 0x00, 0x00, 0x00,
    0x00, 0x00, 0x01, 0xCE, 0x07, 0x38, 0x1C, 0xE0, 0x63, 0x01, 0x8C, 0x06, 0x30, 0x18, 0xC0, 0x00,
    0x00, 0x00, 0x00, 0x00, 0x00, 0x00, 0x00, 0x00, 0x00, 0x00, 0x00, 0x00, 0x00, 0x00, 0x00, 0x00,
    0x00, 0x00, 0x00, 0x00, 0x00, 0x00, 0x00, 0x00, 0x00, 0x00, 0x00, 0x00, 0x00, 0x00, 0x00, 0x00,
    0x23, 0x13, 0xB9, 0xDD, 0xCC, 0xCE, 0x66, 0x73, 0x33, 0x19, 0x18, 0x80, 0x66, 0x77, 0x73, 0x30,
    0x62, 0x67, 0x77, 0x73, 0x73, 0x33, 0x33, 0x62, 0x33, 0x39, 0x9D, 0xCC, 0xE6, 0x77, 0x33, 0x99,
    0x8C, 0xCC, 0x60, 0x00, 0x0E, 0x0F, 0x86, 0xC7, 0x33, 0x1C, 0x00, 0x00, 0x00, 0x00, 0x00, 0x00,
    0x00, 0x00, 0x00, 0x00, 0x00, 0x00, 0x00, 0x00, 0x00, 0x00, 0x03, 0x80, 0x1C, 0x00, 0xE0, 0x07,
    0x00, 0x38, 0x01, 0xC0, 0x0E, 0x00, 0x1C, 0x00, 0x38, 0x00, 0x70, 0x00, 0xE0, 0x01, 0xC0, 0x03,
    0x80, 0x00, 0x00, 0x00, 0x00, 0x00, 0x00, 0x00, 0x00, 0x00, 0x00, 0x00, 0x00, 0x00, 0x00, 0x00,
    0x00, 0x00, 0x00, 0x00, 0x00, 0x00, 0x00, 0x00, 0x00, 0x00, 0x00, 0xE0, 0x01, 0xC0, 0x03, 0x80,
    0x07, 0x00, 0x0E, 0x00, 0x1C, 0x00, 0x38, 0x01, 0xC0, 0x0E, 0x00, 0x70, 0x03, 0x80, 0x1C, 0x00,
    0xE0, 0x00, 0x00, 0x00, 0x00, 0x00, 0x00, 0x00, 0x00, 0x00, 0x00, 0x00, 0x07, 0x00, 0xBB, 0x0F,
    0xF8, 0x7B, 0xC3, 0xFC, 0x3F, 0xF9, 0xFE, 0xC3, 0xF8, 0x3D, 0xE1, 0xFF, 0x05, 0xD8, 0x0E, 0x00,
    0x00, 0x00, 0x00, 0x00, 0x00, 0x00, 0x00, 0x18, 0xC0, 0x63, 0x01, 0x8C, 0x06, 0x30, 0x18, 0xC0,
    0x63, 0x01, 0x8C, 0x06, 0x30, 0x18, 0xC0, 0x63, 0x01, 0x8C, 0x06, 0x30, 0x00, 0x00, 0x00, 0x01,
    0x8C, 0x06, 0x30, 0x18, 0xC0, 0x63, 0x00, 0x00, 0x00, 0x00, 0x00, 0x00, 0x00, 0x00, 0x00, 0x00,
    0x00, 0x0E, 0x0F, 0xC7, 0xF9, 0x87, 0x61, 0xC3, 0x70, 0xD8, 0x3E, 0x0F, 0x03, 0x80, 0xC0, 0x30,
    0x00, 0x03, 0x01, 0xC0, 0x70, 0x00, 0x00, 0x7F, 0xF1, 0xFF, 0xC0, 0x00, 0x00, 0x00, 0x00, 0x00,
    0x00, 0x00, 0x00, 0x00, 0x00, 0x00, 0x00, 0x00, 0x00, 0x00, 0x00, 0x00, 0x00, 0x00, 0x00, 0x00,
    0x00, 0x00, 0x00, 0x00, 0x00, 0x00, 0x00, 0x00, 0x00, 0x00, 0x00, 0x00, 0x00, 0x00, 0x00, 0x00,
    0x00, 0x00, 0x00, 0x00, 0x00, 0x00, 0x00, 0x00, 0x60, 0x03, 0x3F, 0xFF, 0x8F, 0xFF, 0x81, 0xFF,
    0x00, 0x0F, 0xF8, 0x1F, 0xFF, 0x1F, 0x0F, 0xCC, 0x00, 0x60, 0x01, 0x81, 0x81, 0xC0, 0xC0, 0xE0,
    0xE0, 0x70, 0x78, 0x3E, 0x33, 0x98, 0xC0, 0x00, 0x02, 0x00, 0x7C, 0x03, 0xE0, 0x3F, 0x80, 0xF8,
    0x07, 0xC0, 0x08, 0x0F, 0x3E, 0x7D, 0xF7, 0xFF, 0xFF, 0x7E, 0xFB, 0xE3, 0x06, 0x00, 0x7E, 0xFC,
    0x00, 0x18, 0x01, 0xC0, 0x0C, 0x00, 0xE0, 0x0E, 0x00, 0x60, 0x06, 0x00, 0x70, 0x07, 0x00, 0x30,
    0x03, 0x80, 0x38, 0x01, 0x80, 0x1C, 0x01, 0xC0, 0x0C, 0x00, 0x07, 0xFD, 0x8C, 0x63, 0x18, 0xC7,
    0xBF, 0xEC, 0x63, 0x18, 0xC6, 0x3D, 0xF0, 0x07, 0xFE, 0x73, 0x9C, 0xE7, 0x3F, 0xFF, 0xF3, 0x9C,
    0xE7, 0x39, 0xFF, 0xF0, 0x0E, 0x03, 0xC1, 0xFC, 0x3F, 0x1F, 0xF3, 0xFC, 0xC3, 0xB8, 0x7E, 0x1D,
    0xC3, 0x80, 0xE0, 0x1C, 0x07, 0x01, 0xC0, 0xF0, 0x1E, 0x0F, 0x01, 0xE0, 0x70, 0x1C, 0x03, 0x00,
    0xE0, 0x18, 0x07, 0x00, 0x00, 0x00, 0x06, 0x00, 0xC0, 0x78, 0x0E, 0x03, 0x80, 0x70, 0x00, 0x00,
    0x00, 0x0E, 0x04, 0x7F, 0x1D, 0xFF, 0x3B, 0x0E, 0x7E, 0x1C, 0xE0, 0x39, 0xC0, 0x73, 0x83, 0xC7,
    0x0F, 0x0E, 0x1C, 0x1C, 0x30, 0x38, 0x60, 0x30, 0x00, 0x01, 0x81, 0xC7, 0x83, 0x8E, 0x07, 0x00,
    0x00, 0x60, 0xF1, 0xC3, 0xF3, 0x8F, 0xF7, 0x38, 0x7E, 0x70, 0xFC, 0x01, 0xD8, 0x07, 0x30, 0x1E,
    0x60, 0x78, 0xC1, 0xC1, 0x83, 0x83, 0x07, 0x00, 0x00, 0x0C, 0x0C, 0x38, 0x38, 0x70, 0x70, 0x00,
    0x00, 0x7F, 0x3F, 0x9F, 0xC0, 0x60, 0x30, 0x18, 0x0C, 0x0E, 0x07, 0x03, 0x81, 0xC0, 0xC0, 0x60,
    0x30, 0x18, 0x0C, 0x06, 0x00, 0x7C, 0x1F, 0xF3, 0xFF, 0x77, 0xEE, 0xFF, 0xDF, 0xFB, 0xFF, 0x7E,
    0xEF, 0xDD, 0xF3, 0xB8, 0x70, 0x0E, 0x01, 0xC0, 0x38, 0x07, 0x00, 0x1F, 0xDF, 0xF7, 0xFF, 0xF7,
    0xFD, 0xFF, 0x7F, 0xDD, 0xFF, 0x3F, 0xC3, 0xF0, 0xFE, 0x3F, 0xEF, 0xFF, 0xBF, 0xEF, 0xFB, 0xFE,
    0xFF, 0xFE, 0xFF, 0xBF, 0x80, 0x08, 0x0C, 0x36, 0x5F, 0xE7, 0xE3, 0xF3, 0xFD, 0xB6, 0x18, 0x0C,
    0x00, 0x6F, 0xE0, 0x00, 0x00, 0x06, 0x77, 0x73, 0x30, 0x0F, 0xF8, 0x1F, 0xFF, 0x1F, 0xFF, 0xCC,
    0x00, 0xE0, 0x00, 0x00, 0x00, 0x00, 0x00, 0x00, 0x00, 0x00, 0x00, 0x00, 0x00, 0x00, 0x00, 0x00,
    0x00, 0x00, 0x00, 0x00, 0x00, 0x00, 0x00, 0x00, 0x00, 0x00, 0x00, 0x00, 0x00, 0x30, 0x01, 0x9F,
    0xFF, 0xC7, 0xFF, 0xC0, 0xFF, 0x80, 0x08, 0x0C, 0x36, 0x5F, 0xE7, 0xE1, 0xF3, 0xFD, 0xB6, 0x18,
    0x0C, 0x02, 0x03, 0x0D, 0x97, 0xF9, 0xF8, 0x7C, 0xFF, 0x6D, 0x86, 0x03, 0x00, 0x00, 0x10, 0x01,
    0x90, 0x1D, 0xE0, 0xCF, 0x0C, 0x70, 0xE0, 0x0E, 0x00, 0x60, 0x07, 0x00, 0x70, 0x03, 0x0C, 0x38,
    0xF3, 0x87, 0x98, 0x1D, 0xC0, 0x1C, 0x00, 0x10, 0x03, 0xF0, 0x3F, 0xFE, 0x87, 0xF0, 0x0E, 0x00,
    0x0F, 0xF8, 0x1F, 0xFF, 0x1F, 0xFF, 0xCC, 0x00, 0x60, 0x0C, 0x37, 0x9F, 0xDF, 0xFF, 0xFF, 0xFD,
    0xFC, 0xFE, 0x0C, 0x00, 0x23, 0x11, 0xBB, 0x9D, 0xDD, 0xCC, 0xEC, 0xE6, 0x76, 0x73, 0x33, 0x31,
    0x99, 0x18, 0x8C, 0x00, 0x00, 0x00, 0x00, 0xF8, 0x07, 0xF0, 0x18, 0xC0, 0x63, 0x01, 0x8C, 0x06,
    0x30, 0x18, 0xC0, 0x63, 0x01, 0xFC, 0x03, 0xE0, 0x00, 0x00, 0x00, 0x00, 0x00, 0x00, 0x00, 0x00,
    0x00, 0x00, 0x00, 0x00, 0x00, 0x00, 0x00, 0x00, 0x00, 0x00, 0x00, 0x00, 0x00, 0x00, 0x00, 0x00,
    0x00, 0x00, 0x00, 0x00, 0x03, 0x00, 0x0C, 0x00, 0x00, 0x01, 0xC0, 0x07, 0x00, 0x0C, 0x00, 0x30,
    0x00, 0xC0, 0x03, 0x00, 0x0C, 0x00, 0x78, 0x01, 0xE0, 0x00, 0x00, 0x00, 0x00, 0x00, 0x00, 0x00,
    0x00, 0x00, 0x00, 0x00, 0x00, 0x00, 0x00, 0x00, 0x00, 0x00, 0x00, 0x00, 0x00, 0x00, 0x00, 0x00,
    0x00, 0x00, 0x00, 0x00, 0x00, 0x00, 0x00, 0x00, 0x00, 0x0C, 0x00, 0x70, 0x03, 0xC0, 0x1F, 0x00,
    0xEC, 0x07, 0x30, 0x1F, 0xC0, 0x7F, 0x00, 0x0C, 0x00, 0x30, 0x00, 0x00, 0x00, 0x00, 0x00, 0x00,
    0x00, 0x00, 0x00, 0x00, 0x00, 0x00, 0x00, 0x00, 0x00, 0x00, 0x00, 0x00, 0x00, 0x00, 0x00, 0x00,
    0x00, 0x00, 0x00, 0x00, 0x00, 0x00, 0x00, 0x00, 0x00, 0x01, 0xF8, 0x07, 0xE0, 0x18, 0x00, 0x60,
    0x01, 0xF8, 0x07, 0xF0, 0x00, 0xC0, 0x03, 0x01, 0xFC, 0x03, 0xE0, 0x00, 0x00, 0x00, 0x00, 0x00,
    0x00, 0x00, 0x00, 0x00, 0x00, 0x00, 0x00, 0x00, 0x00, 0x00, 0x00, 0x00, 0x00, 0x00, 0x00, 0x00,
    0x00, 0x00, 0x00, 0x00, 0x00, 0x00, 0x00, 0x00, 0x00, 0x00, 0x00, 0x78, 0x03, 0xE0, 0x18, 0x00,
    0x60, 0x01, 0xF8, 0x07, 0xF0, 0x18, 0xC0, 0x63, 0x01, 0xFC, 0x03, 0xE0, 0x00, 0x00, 0x00, 0x00,
    0x00, 0x00, 0x00, 0x00, 0x00, 0x00, 0x00, 0x00, 0x00, 0x00, 0x00, 0x00, 0x00, 0x00, 0x00, 0x00,
    0x00, 0x00, 0x00, 0x00, 0x00, 0x00, 0x00, 0x00, 0x00, 0x00, 0x00, 0x01, 0xFC, 0x07, 0xF0, 0x00,
    0xC0, 0x06, 0x00, 0x18, 0x00, 0xC0, 0x03, 0x00, 0x18, 0x00, 0x60, 0x01, 0x80, 0x00, 0x00, 0x00,
    0x00, 0x00, 0x00, 0x00, 0x00, 0x00, 0x00, 0x00, 0x00, 0x00, 0x00, 0x00, 0x00, 0x00, 0x00, 0x00,
    0x00, 0x00, 0x00, 0x00, 0x00, 0x00, 0x00, 0x00, 0x00, 0x00, 0x00, 0x00, 0x00, 0xF8, 0x07, 0xF0,
    0x18, 0xC0, 0x63, 0x00, 0xF8, 0x07, 0xF0, 0x18, 0xC0, 0x63, 0x01, 0xFC, 0x03, 0xE0, 0x00, 0x00,
    0x00, 0x00, 0x00, 0x00, 0x00, 0x00, 0x00, 0x00, 0x00, 0x00, 0x00, 0x00, 0x00, 0x00, 0x00, 0x00,
    0x00, 0x00, 0x00, 0x00, 0x00, 0x00, 0x00, 0x00, 0x00, 0x00, 0x00, 0x00, 0x00, 0x00, 0xF8, 0x07,
    0xF0, 0x18, 0xC0, 0x63, 0x01, 0xFC, 0x03, 0xF0, 0x00, 0xC0, 0x03, 0x00, 0xF8, 0x03, 0xC0, 0x00,
    0x00, 0x00, 0x00, 0x00, 0x00, 0x00, 0x00, 0x00, 0x00, 0x00, 0x00, 0x00, 0x00, 0x00, 0x00, 0x00,
    0x00, 0x00, 0x00, 0x00, 0x00, 0x00, 0x00, 0x00, 0x00, 0x00, 0x00, 0x00, 0x00, 0x00, 0x00, 0x00,
    0x00, 0xC0, 0x03, 0x00, 0x0C, 0x01, 0xFE, 0x07, 0xF8, 0x03, 0x00, 0x0C, 0x00, 0x30, 0x00, 0x00,
    0x00, 0x00, 0x00, 0x00, 0x00, 0x00, 0x00, 0x00, 0x00, 0x00, 0x00, 0x00, 0x00, 0x00, 0x00, 0x00,
    0x00, 0x00, 0x00, 0x00, 0x00, 0x00, 0x00, 0x00, 0x00, 0x00, 0x00, 0x00, 0x00, 0x00, 0x00, 0x00,
    0x00, 0x00, 0x00, 0x00, 0x00, 0x00, 0x01, 0xFE, 0x07, 0xF8, 0x00, 0x00, 0x00, 0x00, 0x00, 0x00,
    0x00, 0x00, 0x00, 0x00, 0x00, 0x00, 0x00, 0x00, 0x00, 0x00, 0x00, 0x00, 0x00, 0x00, 0x00, 0x00,
    0x00, 0x00, 0x00, 0x00, 0x00, 0x00, 0x00, 0x00, 0x00, 0x00, 0x00, 0x00, 0x00, 0x00, 0x00, 0x00,
    0x00, 0x00, 0x00, 0x00, 0x1F, 0xE0, 0x7F, 0x80, 0x00, 0x00, 0x00, 0x1F, 0xE0, 0x7F, 0x80, 0x00,
    0x00, 0x00, 0x00, 0x00, 0x00, 0x00, 0x00, 0x00, 0x00, 0x00, 0x00, 0x00, 0x00, 0x00, 0x00, 0x00,
    0x00, 0x00, 0x00, 0x00, 0x00, 0x00, 0x00, 0x00, 0x00, 0x00, 0x00, 0x00, 0x00, 0x00, 0x00, 0x00,
    0x00, 0x00, 0x18, 0x00, 0xC0, 0x06, 0x00, 0x18, 0x00, 0x60, 0x01, 0x80, 0x06, 0x00, 0x18, 0x00,
    0x30, 0x00, 0x60, 0x00, 0x00, 0x00, 0x00, 0x00, 0x00, 0x00, 0x00, 0x00, 0x00, 0x00, 0x00, 0x00,
    0x00, 0x00, 0x00, 0x00, 0x00, 0x00, 0x00, 0x00, 0x00, 0x00, 0x00, 0x00, 0x00, 0x00, 0x00, 0x00,
    0x00, 0x00, 0x00, 0x60, 0x00, 0xC0, 0x01, 0x80, 0x06, 0x00, 0x18, 0x00, 0x60, 0x01, 0x80, 0x06,
    0x00, 0x30, 0x01, 0x80, 0x00, 0x00, 0x00, 0x00, 0x00, 0x00, 0x00, 0x00, 0x00, 0x00, 0x00, 0x00,
    0x00, 0x00, 0x00, 0x00, 0x00, 0x00, 0x00, 0x00, 0x00, 0x00, 0x00, 0x00, 0x00, 0x00, 0x00, 0x00,
    0x00, 0x00, 0x00, 0x00, 0x00, 0x07, 0xF0, 0x1F, 0xE0, 0x61, 0x81, 0x86, 0x06, 0x18, 0x18, 0x60,
    0x61, 0x81, 0x86, 0x06, 0x18, 0x00, 0x00, 0x00, 0x00, 0x00, 0x00, 0x00, 0x00, 0x00, 0x00, 0x00,
    0x00, 0x00, 0x00, 0x00, 0x00, 0x00, 0x00, 0x00, 0x00, 0x00, 0x00, 0x00, 0x00, 0x00, 0x00, 0x00,
    0x00, 0x00, 0x00, 0x00, 0x00, 0x00, 0x00, 0x00, 0x00, 0x00, 0x00, 0x00, 0x00, 0x00, 0x00, 0x00,
    0x00, 0x00, 0x00, 0x00, 0x00, 0x00, 0x00, 0x00, 0x00, 0x00, 0xF8, 0x07, 0xF0, 0x18, 0xC0, 0x63,
    0x01, 0x8C, 0x06, 0x30, 0x18, 0xC0, 0x63, 0x01, 0xFC, 0x03, 0xE0, 0x00, 0x00, 0x00, 0x00, 0x00,
    0x00, 0x00, 0x00, 0x00, 0x00, 0x00, 0x00, 0x00, 0x00, 0x00, 0x00, 0x00, 0x00, 0x00, 0x00, 0x00,
    0x00, 0x00, 0x00, 0x00, 0x00, 0x00, 0x00, 0x00, 0x00, 0x00, 0x00, 0x30, 0x01, 0xC0, 0x0F, 0x00,
    0x0C, 0x00, 0x30, 0x00, 0xC0, 0x03, 0x00, 0x0C, 0x00, 0xFC, 0x03, 0xF0, 0x00, 0x00, 0x00, 0x00,
    0x00, 0x00, 0x00, 0x00, 0x00, 0x00, 0x00, 0x00, 0x00, 0x00, 0x00, 0x00, 0x00, 0x00, 0x00, 0x00,
    0x00, 0x00, 0x00, 0x00, 0x00, 0x00, 0x00, 0x00, 0x00, 0x00, 0x00, 0x00, 0xF8, 0x07, 0xF0, 0x18,
    0xC0, 0x03, 0x00, 0x1C, 0x00, 0xE0, 0x07, 0x00, 0x38, 0x01, 0xFC, 0x07, 0xF0, 0x00, 0x00, 0x00,
    0x00, 0x00, 0x00, 0x00, 0x00, 0x00, 0x00, 0x00, 0x00, 0x00, 0x00, 0x00, 0x00, 0x00, 0x00, 0x00,
    0x00, 0x00, 0x00, 0x00, 0x00, 0x00, 0x00, 0x00, 0x00, 0x00, 0x00, 0x00, 0x00, 0xF8, 0x07, 0xF0,
    0x00, 0xC0, 0x03, 0x00, 0x78, 0x01, 0xF0, 0x00, 0xC0, 0x03, 0x01, 0xFC, 0x03, 0xE0, 0x00, 0x00,
    0x00, 0x00, 0x00, 0x00, 0x00, 0x00, 0x00, 0x00, 0x00, 0x00, 0x00, 0x00, 0x00, 0x00, 0x00, 0x00,
    0x00, 0x00, 0x00, 0x00, 0x00, 0x00, 0x00, 0x00, 0x00, 0x00, 0x00, 0x00, 0x00, 0x00, 0x0C, 0x00,
    0x70, 0x03, 0xC0, 0x1F, 0x00, 0xEC, 0x07, 0x30, 0x1F, 0xC0, 0x7F, 0x00, 0x0C, 0x00, 0x30, 0x00,
    0x00, 0x00, 0x00, 0x00, 0x00, 0x00, 0x00, 0x00, 0x00, 0x00, 0x00, 0x00, 0x00, 0x00, 0x00, 0x00,
    0x00, 0x00, 0x00, 0x00, 0x00, 0x00, 0x00, 0x00, 0x00, 0x00, 0x00, 0x00, 0x00, 0x00, 0x01, 0xF8,
    0x07, 0xE0, 0x18, 0x00, 0x60, 0x01, 0xF8, 0x07, 0xF0, 0x00, 0xC0, 0x03, 0x01, 0xFC, 0x03, 0xE0,
    0x00, 0x00, 0x00, 0x00, 0x00, 0x00, 0x00, 0x00, 0x00, 0x00, 0x00, 0x00, 0x00, 0x00, 0x00, 0x00,
    0x00, 0x00, 0x00, 0x00, 0x00, 0x00, 0x00, 0x00, 0x00, 0x00, 0x00, 0x00, 0x00, 0x00, 0x00, 0x00,
    0x78, 0x03, 0xE0, 0x18, 0x00, 0x60, 0x01, 0xF8, 0x07, 0xF0, 0x18, 0xC0, 0x63, 0x01, 0xFC, 0x03,
    0xE0, 0x00, 0x00, 0x00, 0x00, 0x00, 0x00, 0x00, 0x00, 0x00, 0x00, 0x00, 0x00, 0x00, 0x00, 0x00,
    0x00, 0x00, 0x00, 0x00, 0x00, 0x00, 0x00, 0x00, 0x00, 0x00, 0x00, 0x00, 0x00, 0x00, 0x00, 0x00,
    0x01, 0xFC, 0x07, 0xF0, 0x00, 0xC0, 0x06, 0x00, 0x18, 0x00, 0xC0, 0x03, 0x00, 0x18, 0x00, 0x60,
    0x01, 0x80, 0x00, 0x00, 0x00, 0x00, 0x00, 0x00, 0x00, 0x00, 0x00, 0x00, 0x00, 0x00, 0x00, 0x00,
    0x00, 0x00, 0x00, 0x00, 0x00, 0x00, 0x00, 0x00, 0x00, 0x00, 0x00, 0x00, 0x00, 0x00, 0x00, 0x00,
    0x00, 0x00, 0xF8, 0x07, 0xF0, 0x18, 0xC0, 0x63, 0x00, 0xF8, 0x07, 0xF0, 0x18, 0xC0, 0x63, 0x01,
    0xFC, 0x03, 0xE0, 0x00, 0x00, 0x00, 0x00, 0x00, 0x00, 0x00, 0x00, 0x00, 0x00, 0x00, 0x00, 0x00,
    0x00, 0x00, 0x00, 0x00, 0x00, 0x00, 0x00, 0x00, 0x00, 0x00, 0x00, 0x00, 0x00, 0x00, 0x00, 0x00,
    0x00, 0x00, 0x00, 0xF8, 0x07, 0xF0, 0x18, 0xC0, 0x63, 0x01, 0xFC, 0x03, 0xF0, 0x00, 0xC0, 0x03,
    0x00, 0xF8, 0x03, 0xC0, 0x00, 0x00, 0x00, 0x00, 0x00, 0x00, 0x00, 0x00, 0x00, 0x00, 0x00, 0x00,
    0x00, 0x00, 0x00, 0x00, 0x00, 0x00, 0x00, 0x00, 0x00, 0x00, 0x00, 0x00, 0x00, 0x00, 0x00, 0x00,
    0x00, 0x00, 0x00, 0x00, 0x00, 0x00, 0xC0, 0x03, 0x00, 0x0C, 0x01, 0xFE, 0x07, 0xF8, 0x03, 0x00,
    0x0C, 0x00, 0x30, 0x00, 0x00, 0x00, 0x00, 0x00, 0x00, 0x00, 0x00, 0x00, 0x00, 0x00, 0x00, 0x00,
    0x00, 0x00, 0x00, 0x00, 0x00, 0x00, 0x00, 0x00, 0x00, 0x00, 0x00, 0x00, 0x00, 0x00, 0x00, 0x00,
    0x00, 0x00, 0x00, 0x00, 0x00, 0x00, 0x00, 0x00, 0x00, 0x00, 0x00, 0x01, 0xFE, 0x07, 0xF8, 0x00,
    0x00, 0x00, 0x00, 0x00, 0x00, 0x00, 0x00, 0x00, 0x00, 0x00, 0x00, 0x00, 0x00, 0x00, 0x00, 0x00,
    0x00, 0x00, 0x00, 0x00, 0x00, 0x00, 0x00, 0x00, 0x00, 0x00, 0x00, 0x00, 0x00, 0x00, 0x00, 0x00,
    0x00, 0x00, 0x00, 0x00, 0x00, 0x00, 0x00, 0x00, 0x00, 0x1F, 0xE0, 0x7F, 0x80, 0x00, 0x00, 0x00,
    0x1F, 0xE0, 0x7F, 0x80, 0x00, 0x00, 0x00, 0x00, 0x00, 0x00, 0x00, 0x00, 0x00, 0x00, 0x00, 0x00,
    0x00, 0x00, 0x00, 0x00, 0x00, 0x00, 0x00, 0x00, 0x00, 0x00, 0x00, 0x00, 0x00, 0x00, 0x00, 0x00,
    0x00, 0x00, 0x00, 0x00, 0x00, 0x00, 0x00, 0x18, 0x00, 0xC0, 0x06, 0x00, 0x18, 0x00, 0x60, 0x01,
    0x80, 0x06, 0x00, 0x18, 0x00, 0x30, 0x00, 0x60, 0x00, 0x00, 0x00, 0x00, 0x00, 0x00, 0x00, 0x00,
    0x00, 0x00, 0x00, 0x00, 0x00, 0x00, 0x00, 0x00, 0x00, 0x00, 0x00, 0x00, 0x00, 0x00, 0x00, 0x00,
    0x00, 0x00, 0x00, 0x00, 0x00, 0x00, 0x00, 0x00, 0x60, 0x00, 0xC0, 0x01, 0x80, 0x06, 0x00, 0x18,
    0x00, 0x60, 0x01, 0x80, 0x06, 0x00, 0x30, 0x01, 0x80, 0x00, 0x00, 0x00, 0x00, 0x00, 0x00, 0x00,
    0x00, 0x00, 0x00, 0x00, 0x00, 0x00, 0x00, 0x00, 0x00, 0x00, 0x00, 0x00, 0x00, 0x00, 0x00, 0x00,
    0x00, 0x00, 0x00, 0x00, 0x00, 0x00, 0x00, 0x00, 0x00, 0x00, 0x03, 0xF0, 0x0F, 0xE0, 0x01, 0x80,
    0xFE, 0x07, 0xF8, 0x18, 0x60, 0x61, 0x81, 0xFE, 0x03, 0xF8, 0x00, 0x00, 0x00, 0x00, 0x00, 0x00,
    0x00, 0x00, 0x00, 0x00, 0x00, 0x00, 0x00, 0x00, 0x00, 0x00, 0x00, 0x00, 0x00, 0x00, 0x00, 0x00,
    0x00, 0x00, 0x00, 0x00, 0x00, 0x00, 0x00, 0x00, 0x00, 0x00, 0x00, 0x03, 0xF0, 0x1F, 0xE0, 0x61,
    0x81, 0xFE, 0x07, 0xF8, 0x18, 0x00, 0x60, 0x01, 0xFE, 0x03, 0xF0, 0x00, 0x00, 0x00, 0x00, 0x00,
    0x00, 0x00, 0x00, 0x00, 0x00, 0x00, 0x00, 0x00, 0x00, 0x00, 0x00, 0x00, 0x00, 0x00, 0x00, 0x00,
    0x00, 0x00, 0x00, 0x00, 0x00, 0x00, 0x00, 0x00, 0x00, 0x00, 0x00, 0x00, 0x03, 0xF0, 0x1F, 0xE0,
    0x61, 0x81, 0x86, 0x06, 0x18, 0x18, 0x60, 0x61, 0x81, 0xFE, 0x03, 0xF0, 0x00, 0x00, 0x00, 0x00,
    0x00, 0x00, 0x00, 0x00, 0x00, 0x00, 0x00, 0x00, 0x00, 0x00, 0x00, 0x00, 0x00, 0x00, 0x00, 0x00,
    0x00, 0x00, 0x00, 0x00, 0x00, 0x00, 0x00, 0x00, 0x00, 0x00, 0x00, 0x00, 0x00, 0x06, 0x18, 0x18,
    0x60, 0x73, 0x80, 0xFC, 0x01, 0xE0, 0x0F, 0xC0, 0x73, 0x81, 0x86, 0x06, 0x18, 0x00, 0x00, 0x00,
    0x00, 0x00, 0x00, 0x00, 0x00, 0x00, 0x00, 0x00, 0x00, 0x00, 0x00, 0x00, 0x00, 0x00, 0x00, 0x00,
    0x00, 0x00, 0x00, 0x00, 0x00, 0x00, 0x00, 0x00, 0x00, 0x00, 0x00, 0x00, 0x00, 0x00, 0x03, 0xF0,
    0x1F, 0xE0, 0x01, 0x80, 0x06, 0x07, 0xF8, 0x1F, 0xE0, 0x61, 0x81, 0xFE, 0x03, 0xF0, 0x00, 0x00,
    0x00, 0x00, 0x00, 0x00, 0x00, 0x00, 0x00, 0x00, 0x00, 0x00, 0x00, 0x00, 0x00, 0x00, 0x00, 0x00,
    0x00, 0x00, 0x00, 0x00, 0x00, 0x00, 0x00, 0x00, 0x06, 0x00, 0x18, 0x00, 0x60, 0x01, 0x80, 0x07,
    0xF0, 0x1F, 0xE0, 0x61, 0x81, 0x86, 0x06, 0x18, 0x18, 0x60, 0x61, 0x81, 0x86, 0x06, 0x18, 0x00,
    0x00, 0x00, 0x00, 0x00, 0x00, 0x00, 0x00, 0x00, 0x00, 0x00, 0x00, 0x00, 0x00, 0x00, 0x00, 0x00,
    0x00, 0x00, 0x00, 0x00, 0x00, 0x00, 0x00, 0x00, 0x00, 0x06, 0x00, 0x18, 0x00, 0x60, 0x01, 0x80,
    0x06, 0x38, 0x19, 0xC0, 0x6E, 0x01, 0xF0, 0x07, 0x80, 0x1F, 0x00, 0x6E, 0x01, 0x9C, 0x06, 0x38,
    0x00, 0x00, 0x00, 0x00, 0x00, 0x00, 0x00, 0x00, 0x00, 0x00, 0x00, 0x00, 0x00, 0x00, 0x00, 0x00,
    0x00, 0x00, 0x00, 0x00, 0x00, 0x00, 0x00, 0x00, 0x00, 0x00, 0x01, 0xC0, 0x07, 0x00, 0x0C, 0x00,
    0x30, 0x00, 0xC0, 0x03, 0x00, 0x0C, 0x00, 0x30, 0x00, 0xC0, 0x03, 0x00, 0x0C, 0x00, 0x78, 0x01,
    0xE0, 0x00, 0x00, 0x00, 0x00, 0x00, 0x00, 0x00, 0x00, 0x00, 0x00, 0x00, 0x00, 0x00, 0x00, 0x00,
    0x00, 0x00, 0x00, 0x00, 0x00, 0x00, 0x00, 0x00, 0x00, 0x00, 0x00, 0x00, 0x00, 0x00, 0x00, 0x00,
    0x00, 0x00, 0x0F, 0xF8, 0x3F, 0xF0, 0xCC, 0xC3, 0x33, 0x0C, 0xCC, 0x33, 0x30, 0xCC, 0xC3, 0x33,
    0x0C, 0xCC, 0x00, 0x00, 0x00, 0x00, 0x00, 0x00, 0x00, 0xD9, 0xFF, 0xBE, 0x3C, 0x78, 0xF1, 0x80,
    0x00, 0x00, 0x00, 0x00, 0x00, 0x00, 0x00, 0x00, 0x00, 0x00, 0x00, 0x00, 0x00, 0x00, 0x00, 0x00,
    0x00, 0x00, 0x00, 0x00, 0x00, 0x00, 0x00, 0x00, 0x00, 0x00, 0x07, 0xF0, 0x1F, 0xE0, 0x61, 0x81,
    0x86, 0x06, 0x18, 0x18, 0x60, 0x61, 0x81, 0xFE, 0x07, 0xF0, 0x18, 0x00, 0x60, 0x01, 0x80, 0x00,
    0x00, 0x38, 0x7E, 0x66, 0x7E, 0x3E, 0x7E, 0x7E, 0x00, 0x67, 0xFE, 0xC6, 0x31, 0xEF, 0x00, 0x1E,
    0x01, 0xFC, 0x1C, 0xE1, 0xC3, 0x8E, 0x08, 0x73, 0xFF, 0x9F, 0xFC, 0xC0, 0x66, 0x03, 0xFF, 0x8F,
    0xFC, 0x1F, 0xE0, 0x60, 0x03, 0x00, 0x1F, 0xE0, 0xFF, 0x00, 0x00, 0x00, 0x00, 0x06, 0xC0, 0x7A,
    0x07, 0xF8, 0x3F, 0xF1, 0xED, 0xE6, 0x2F, 0xB9, 0xB6, 0xE6, 0xC3, 0x1E, 0x0C, 0x58, 0x33, 0x60,
    0xED, 0x03, 0xAC, 0x67, 0xB3, 0x9E, 0x9E, 0x3F, 0xF0, 0xFF, 0x83, 0x70, 0x0B, 0x00, 0x07, 0x80,
    0xFF, 0x0F, 0xFC, 0xE0, 0xF6, 0x03, 0xF0, 0x0F, 0x80, 0x18, 0xEE, 0xC7, 0xF6, 0x3F, 0xB9, 0xE1,
    0xCE, 0x37, 0x73, 0xBF, 0xBC, 0xFF, 0xC3, 0xFC, 0x03, 0x00, 0x1F, 0xF0, 0xFF, 0xC7, 0xFE, 0x30,
    0x01, 0x80, 0x0C, 0x00, 0x60, 0x03, 0xFE, 0x1F, 0xF0, 0xFF, 0x86, 0x00, 0xFC, 0x0F, 0xF0, 0x0E,
    0x00, 0x60, 0x03, 0x00, 0x07, 0x03, 0xF0, 0xFF, 0x38, 0x77, 0x0E, 0xE0, 0x3F, 0xC7, 0xFC, 0x70,
    0x1F, 0xE3, 0xFE, 0x38, 0x07, 0x04, 0xE1, 0xFF, 0xFF, 0xFE, 0x00, 0x00, 0x00, 0xE0, 0xEE, 0xF8,
    0xFF, 0xFE, 0xFF, 0xFE, 0xE3, 0x86, 0xE3, 0x87, 0xE3, 0x87, 0xE3, 0x87, 0xE7, 0x87, 0xE7, 0x87,
    0xEF, 0x87, 0xEF, 0x87, 0xED, 0x87, 0x1C, 0x00, 0x18, 0x00, 0x30, 0x0C, 0x38, 0x0C, 0x3C, 0x0C,
    0x3C, 0x0C, 0x3E, 0x0C, 0x37, 0x0C, 0xFF, 0xFF, 0xFF, 0xFF, 0x33, 0x8C, 0xFF, 0xFF, 0xFF, 0xFF,
    0x70, 0xEC, 0x30, 0x7C, 0x30, 0x3C, 0x30, 0x3C, 0x30, 0x1C, 0x00, 0x00, 0x00, 0x00, 0x00, 0x00,
    0x00, 0xFE, 0x03, 0xFC, 0x0C, 0x38, 0x30, 0x60, 0xC1, 0x83, 0x06, 0x0C, 0x18, 0x30, 0xE0, 0xFF,
    0x63, 0xF9, 0x8C, 0x1F, 0xB0, 0x7E, 0xC0, 0x63, 0x01, 0x8C, 0x06, 0x30, 0x18, 0xC0, 0x7B, 0x00,
    0xE0, 0x00, 0x00, 0x00, 0x00, 0x00, 0x00, 0x00, 0x00, 0x00, 0x00, 0x7E, 0x00, 0x03, 0xFF, 0x00,
    0x0F, 0xFE, 0x00, 0x38, 0x38, 0x00, 0xE0, 0x61, 0xE3, 0x81, 0xDF, 0xCE, 0x06, 0x7F, 0xB8, 0x3B,
    0x86, 0xFF, 0xEE, 0x03, 0xFF, 0x1F, 0x0E, 0x38, 0x3F, 0x38, 0x70, 0x3E, 0xE1, 0xC0, 0x1B, 0x83,
    0xB8, 0x6E, 0x0E, 0xFF, 0xB8, 0x1D, 0xFC, 0x00, 0x01, 0xC0, 0x40, 0x60, 0x2E, 0x0E, 0x07, 0xE0,
    0xF0, 0x66, 0x0F, 0x0E, 0x71, 0xF0, 0xE7, 0x1F, 0x8E, 0xFF, 0xFF, 0xFF, 0xFF, 0xFF, 0x3B, 0x99,
    0xCF, 0xFF, 0xFE, 0xFF, 0xFF, 0xF1, 0xF1, 0xF8, 0x1F, 0x0F, 0x81, 0xF0, 0xF0, 0x0E, 0x0F, 0x00,
    0xE0, 0x70, 0x00, 0x00, 0x00, 0x00, 0x00, 0x00, 0x00, 0xFE, 0x1B, 0xFC, 0x6C, 0x39, 0xB0, 0x66,
    0xC1, 0x9B, 0x36, 0x6C, 0xD9, 0xB3, 0x66, 0xCD, 0x9B, 0x36, 0x6C, 0xD9, 0xB3, 0x66, 0xCD, 0x9B,
    0x30, 0x6C, 0xC1, 0xB3, 0x0E, 0xCF, 0xF3, 0x3F, 0x80, 0x00, 0x00, 0x00, 0x00, 0x00, 0x00, 0x00,
    0x00, 0x00, 0x00, 0x00, 0x60, 0x1F, 0xC0, 0xFE, 0x07, 0xE0, 0xE6, 0x1F, 0xF0, 0xFF, 0x8E, 0x1C,
    0x60, 0x63, 0x03, 0x18, 0x18, 0xC0, 0xC7, 0x06, 0x38, 0x70, 0xFF, 0x83, 0xFC, 0x06, 0x00, 0x00,
    0x1F, 0xF8, 0xFF, 0xC0, 0x00, 0x00, 0x00, 0x00, 0x00, 0x00, 0x00, 0x0F, 0xC0, 0x7F, 0x83, 0x87,
    0x1C, 0x00, 0x60, 0x01, 0x80, 0x0F, 0xF8, 0x3F, 0xE0, 0x60, 0x01, 0x80, 0x0F, 0xF8, 0x3F, 0xE0,
    0x60, 0x01, 0x80, 0x07, 0x00, 0x0E, 0x1C, 0x1F, 0xE0, 0x3F, 0x00, 0x00, 0x00, 0x00, 0x00, 0x00,
    0x00, 0x00, 0x00, 0x00, 0x00, 0x10, 0x0C, 0x70, 0x38, 0xE0, 0xE1, 0xC3, 0x83, 0x8E, 0x07, 0x38,
    0x0E, 0xE0, 0x7F, 0xFF, 0xFF, 0xFE, 0x7F, 0x80, 0xF7, 0x01, 0xC7, 0x03, 0x87, 0x07, 0x07, 0x0E,
    0x0E, 0x1C, 0x0E, 0x00, 0x00, 0x00, 0x00, 0x00, 0x00, 0x00, 0x7F, 0xF9, 0xFF, 0xE0, 0x30, 0x00,
    0xC0, 0x03, 0x00, 0x0C, 0x00, 0x3F, 0x00, 0xF0, 0x0F, 0x00, 0xFF, 0xC0, 0x3C, 0x03, 0xC0, 0x3F,
    0x00, 0x0C, 0x00, 0x30, 0x00, 0xC0, 0x03, 0x00, 0x0C, 0x00, 0x00, 0x00, 0x00, 0x00, 0x00, 0x00,
    0x00, 0x00, 0x00, 0x00, 0x00, 0x00, 0x00, 0x00, 0x70, 0x00, 0x00, 0x07, 0xE0, 0x00, 0x03, 0xFF,
    0x80, 0x00, 0x3F, 0xFC, 0x00, 0x00, 0x70, 0xE0, 0x00, 0x07, 0x07, 0x07, 0x00, 0x70, 0x71, 0xFC,
    0x07, 0x03, 0x3F, 0xE0, 0x70, 0x33, 0x86, 0x07, 0x03, 0x70, 0x70, 0x70, 0x37, 0x07, 0x3F, 0x03,
    0x70, 0x77, 0xF0, 0x77, 0x07, 0x7F, 0x07, 0x70, 0x76, 0x78, 0xE7, 0x8E, 0x7F, 0xFE, 0x7F, 0xE7,
    0xDF, 0xC7, 0xFC, 0x18, 0x20, 0x73, 0x00, 0x00, 0x07, 0x00, 0x00, 0x00, 0x70, 0x00, 0x00, 0x07,
    0x00, 0x00, 0x00, 0x20, 0x00, 0x3E, 0x00, 0xFF, 0x03, 0xFE, 0x0C, 0x1C, 0xFF, 0xFF, 0xFF, 0xF3,
    0x03, 0x3F, 0xFF, 0xFF, 0xFC, 0xC3, 0xC3, 0xFE, 0x0F, 0xF0, 0x30, 0x00, 0xC0, 0x03, 0x00, 0x0C,
    0x00, 0x03, 0x00, 0x0C, 0x00, 0x78, 0x07, 0xF8, 0x3F, 0xF1, 0xCD, 0xE6, 0x33, 0xB8, 0xC6, 0xE3,
    0x03, 0x0C, 0x0C, 0x3F, 0xF0, 0xFF, 0xE3, 0x1F, 0x8C, 0x67, 0x33, 0x9E, 0xDE, 0x3F, 0xF0, 0x7F,
    0x80, 0x30, 0x00, 0xC0, 0x00, 0x00, 0x03, 0x00, 0x1E, 0x00, 0x78, 0x01, 0xF0, 0x0F, 0xC0, 0x3B,
    0x00, 0xCE, 0x3F, 0xFF, 0x7F, 0xFC, 0xE1, 0xC7, 0xFF, 0xFF, 0xFF, 0x70, 0x39, 0xC0, 0xE6, 0x01,
    0xF8, 0x07, 0x0E, 0x07, 0xF1, 0xFF, 0x38, 0xE6, 0x0C, 0x03, 0xBF, 0xFF, 0xFF, 0x00, 0x1F, 0xFF,
    0xFF, 0xB8, 0x06, 0x0E, 0xE3, 0x9F, 0xF1, 0xFC, 0x0E, 0x00, 0x03, 0x00, 0x0C, 0x00, 0x78, 0x07,
    0xF8, 0x3F, 0xF1, 0xED, 0xE6, 0x33, 0xB8, 0xC6, 0xE3, 0x03, 0x0C, 0x0C, 0x30, 0x30, 0xC0, 0xE3,
    0x03, 0x8C, 0x67, 0x33, 0x9E, 0xDE, 0x3F, 0xF0, 0x7F, 0x80, 0x30, 0x00, 0xC0, 0x02, 0x00, 0x7F,
    0xF3, 0xFF, 0xDF, 0xFE, 0xFF, 0xE7, 0xFF, 0xBF, 0xFC, 0x1C, 0x00, 0xE0, 0x07, 0x00, 0x38, 0x01,
    0xC0, 0x0E, 0x00, 0x70, 0x03, 0x80, 0x1C, 0x00, 0xE0, 0x7F, 0xDF, 0xFF, 0xFF, 0x03, 0xC7, 0xFF,
    0xFF, 0xDF, 0xF0, 0x3C, 0xFF, 0x1F, 0xC1, 0xE0, 0x1C, 0x01, 0xC0, 0x1C, 0x03, 0xC0, 0x3C, 0x18,
    0x01, 0x80, 0x1B, 0x81, 0xF8, 0x3F, 0x07, 0x90, 0x7F, 0x81, 0xF0, 0x7C, 0x07, 0x86, 0x58, 0x61,
    0x8E, 0x18, 0xE1, 0x9E, 0x1F, 0xC1, 0xF8, 0x1C, 0x00, 0x07, 0x00, 0x38, 0x01, 0xC0, 0x3F, 0x83,
    0xFE, 0x3F, 0xF9, 0xDD, 0xDC, 0xE7, 0xE7, 0x3F, 0x39, 0xF9, 0xCF, 0xCE, 0x70, 0x1F, 0x80, 0x7F,
    0xC1, 0xFF, 0x86, 0x0E, 0x18, 0x1C, 0x60, 0x71, 0x81, 0xC6, 0x0E, 0xFF, 0xFB, 0xFF, 0xC1, 0x80,
    0x3F, 0xE0, 0xFF, 0x80, 0x60, 0x01, 0x80, 0x06, 0x00, 0x08, 0x80, 0x6C, 0x03, 0xE0, 0x7F, 0x87,
    0xFE, 0x3E, 0xFB, 0xB6, 0xDD, 0xB7, 0xED, 0xBF, 0x6C, 0xB8, 0x00, 0xC0, 0x07, 0x00, 0x1C, 0x03,
    0xFF, 0xFF, 0xFF, 0x00, 0x01, 0xB0, 0x7F, 0x0F, 0xFC, 0xFF, 0xEE, 0x0E, 0xE0, 0x6E, 0x06, 0xE0,
    0xEF, 0xFC, 0xFF, 0xCF, 0xFE, 0xE0, 0x7E, 0x07, 0xE0, 0x7E, 0x0F, 0xFF, 0xEF, 0xFC, 0x1B, 0x01,
    0xB0, 0x00, 0x00, 0x00, 0x00, 0x00, 0x00, 0x00, 0x00, 0x00, 0x00, 0x00, 0x00, 0x00, 0x00, 0x04,
    0x00, 0x30, 0x01, 0xC0, 0x0E, 0x00, 0x70, 0x03, 0xFF, 0xEF, 0xFF, 0x9C, 0x00, 0x38, 0x00, 0x70,
    0x00, 0xC0, 0x01, 0x00, 0x00, 0x00, 0x00, 0x00, 0x00, 0x00, 0x00, 0x00, 0x00, 0x00, 0x00, 0x00,
    0x00, 0x00, 0x00, 0x00, 0x00, 0x00, 0x00, 0x00, 0x00, 0x03, 0x00, 0x1E, 0x00, 0xFC, 0x07, 0xF8,
    0x3B, 0x71, 0xCC, 0xE0, 0x30, 0x00, 0xC0, 0x03, 0x00, 0x0C, 0x00, 0x30, 0x00, 0xC0, 0x03, 0x00,
    0x0C, 0x00, 0x30, 0x00, 0xC0, 0x03, 0x00, 0x0C, 0x00, 0x00, 0x00, 0x00, 0x00, 0x00, 0x00, 0x00,
    0x00, 0x00, 0x00, 0x00, 0x00, 0x00, 0x00, 0x00, 0x00, 0x00, 0x00, 0x00, 0x00, 0x00, 0x00, 0x00,
    0x00, 0x01, 0x00, 0x06, 0x00, 0x1C, 0x00, 0x38, 0x00, 0x73, 0xFF, 0xEF, 0xFF, 0x80, 0x1C, 0x00,
    0xE0, 0x07, 0x00, 0x18, 0x00, 0x40, 0x00, 0x00, 0x00, 0x00, 0x00, 0x00, 0x00, 0x00, 0x00, 0x00,
    0x00, 0x00, 0x00, 0x00, 0x00, 0x00, 0x00, 0x00, 0x00, 0x00, 0x00, 0x03, 0x00, 0x0C, 0x00, 0x30,
    0x00, 0xC0, 0x03, 0x00, 0x0C, 0x00, 0x30, 0x00, 0xC0, 0x03, 0x00, 0x0C, 0x00, 0x30, 0x00, 0xC0,
    0x73, 0x38, 0xED, 0xC1, 0xFE, 0x03, 0xF0, 0x07, 0x80, 0x0C, 0x00, 0x00, 0x00, 0x00, 0x00, 0x00,
    0x00, 0x00, 0x00, 0x00, 0x00, 0x00, 0x00, 0x00, 0x00, 0x00, 0x00, 0x00, 0x00, 0x00, 0x00, 0x00,
    0x00, 0x00, 0x00, 0x04, 0x80, 0x33, 0x01, 0xCE, 0x0E, 0x1C, 0x70, 0x3B, 0xFF, 0xFF, 0xFF, 0xDC,
    0x0E, 0x38, 0x70, 0x73, 0x80, 0xCC, 0x01, 0x20, 0x00, 0x00, 0x00, 0x00, 0x00, 0x00, 0x00, 0x00,
    0x00, 0x00, 0x00, 0x00, 0x00, 0x00, 0x00, 0x00, 0x00, 0x00, 0x00, 0x00, 0x00, 0x03, 0x00, 0x1E,
    0x00, 0xFC, 0x07, 0xF8, 0x3B, 0x71, 0xCC, 0xE0, 0x30, 0x00, 0xC0, 0x03, 0x00, 0x0C, 0x00, 0x30,
    0x00, 0xC0, 0x73, 0x38, 0xED, 0xC1, 0xFE, 0x03, 0xF0, 0x07, 0x80, 0x0C, 0x00, 0x00, 0x00, 0x00,
    0x00, 0x00, 0x00, 0x00, 0x00, 0x00, 0x00, 0xFF, 0xCF, 0xFC, 0xFF, 0xCF, 0x80, 0xDC, 0x0D, 0xE0,
    0xCF, 0x0C, 0x78, 0xC3, 0xCC, 0x1E, 0x40, 0xF0, 0x07, 0x00, 0x00, 0x3F, 0xE3, 0xFF, 0x3F, 0xF0,
    0x1F, 0x03, 0xF0, 0x77, 0x0E, 0x71, 0xC7, 0x38, 0x77, 0x07, 0xE0, 0x2C, 0x00, 0x00, 0x00, 0x00,
    0x0E, 0x00, 0xF0, 0x37, 0x87, 0x3C, 0x71, 0xE7, 0x0F, 0x70, 0x7B, 0x03, 0xF0, 0x1F, 0x3F, 0xF3,
    0xFF, 0x00, 0x00, 0x07, 0xC0, 0xFC, 0x1E, 0xC3, 0xCC, 0x78, 0xCF, 0x0D, 0xE0, 0xFC, 0x0F, 0x80,
    0xFF, 0xCF, 0xFC, 0x00, 0x00, 0x00, 0x00, 0x00, 0x00, 0x00, 0x00, 0x00, 0x00, 0x00, 0x00, 0x00,
    0x00, 0x04, 0x18, 0x30, 0x61, 0xC1, 0x8E, 0x06, 0x70, 0x1B, 0xFF, 0xEF, 0xFF, 0x9C, 0x06, 0x38,
    0x18, 0x70, 0x60, 0xC1, 0x81, 0x06, 0x00, 0x00, 0x00, 0x00, 0x00, 0x00, 0x00, 0x00, 0x00, 0x00,
    0x00, 0x00, 0x00, 0x00, 0x00, 0x00, 0x00, 0x00, 0x00, 0x00, 0x00, 0x00, 0x00, 0x00, 0x00, 0x00,
    0x00, 0x00, 0xC1, 0x03, 0x06, 0x0C, 0x1C, 0x30, 0x38, 0xC0, 0x73, 0xFF, 0xEF, 0xFF, 0xB0, 0x1C,
    0xC0, 0xE3, 0x07, 0x0C, 0x18, 0x30, 0x40, 0x00, 0x00, 0x00, 0x00, 0x00, 0x00, 0x00, 0x00, 0x00,
    0x00, 0x00, 0x00, 0x00, 0x00, 0x00, 0x00, 0x00, 0x00, 0x00, 0x00, 0x00, 0x03, 0x00, 0x1E, 0x00,
    0xFC, 0x07, 0xF8, 0x3B, 0x71, 0xCC, 0xE0, 0x30, 0x00, 0xC0, 0x03, 0x00, 0x0C, 0x00, 0x30, 0x1C,
    0xCE, 0x3B, 0x70, 0x7F, 0x80, 0xFC, 0x01, 0xE0, 0x7F, 0xF9, 0xFF, 0xE0, 0x00, 0x00, 0x00, 0x00,
    0x00, 0x00, 0x00, 0x00, 0x00, 0x00, 0x00, 0x01, 0xC0, 0x00, 0x0F, 0x80, 0x00, 0x3C, 0x07, 0x00,
    0x70, 0x78, 0x01, 0x87, 0x80, 0x0C, 0x78, 0x00, 0xE7, 0x80, 0x07, 0x7F, 0xFF, 0xF3, 0xFF, 0xFF,
    0x0F, 0xFF, 0xE0, 0x38, 0x00, 0x00, 0xE0, 0x00, 0x03, 0x80, 0x00, 0x0E, 0x00, 0x00, 0x30, 0x00,
    0x0E, 0x00, 0x01, 0xF0, 0x00, 0x1E, 0x00, 0x00, 0xE0, 0x0C, 0x06, 0x00, 0x70, 0x70, 0x01, 0xC1,
    0x80, 0x07, 0x0E, 0x00, 0x1C, 0x3F, 0xFF, 0xF0, 0xFF, 0xFF, 0xC1, 0xFF, 0xFC, 0x00, 0x01, 0xC0,
    0x00, 0x1C, 0x00, 0x01, 0xC0, 0x00, 0x1C, 0x00, 0x00, 0xC0, 0x04, 0x00, 0x03, 0x00, 0x01, 0xC0,
    0x00, 0xF0, 0x00, 0x7F, 0xFF, 0xDF, 0xFF, 0xF3, 0xC0, 0x1C, 0x70, 0x07, 0x0C, 0x01, 0xC0, 0x00,
    0x70, 0x00, 0x1C, 0x00, 0x07, 0x00, 0x01, 0xC0, 0x00, 0x70, 0x00, 0x1C, 0x00, 0x07, 0x00, 0x08,
    0x00, 0x06, 0x00, 0x03, 0x80, 0x01, 0xEF, 0xFF, 0xFF, 0xFF, 0xFB, 0x00, 0x39, 0x80, 0x18, 0xC0,
    0x08, 0x60, 0x00, 0x30, 0x00, 0x18, 0x00, 0x0C, 0x00, 0x06, 0x00, 0x03, 0x00, 0x01, 0x80, 0x00,
    0x00, 0x00, 0x00, 0x00, 0x00, 0x00, 0x00, 0x00, 0x18, 0x00, 0x60, 0x01, 0x80, 0x06, 0x00, 0x18,
    0x00, 0x60, 0x41, 0x83, 0x06, 0x1C, 0x18, 0xE0, 0x67, 0x01, 0xBF, 0xFE, 0xFF, 0xF9, 0xC0, 0x03,
    0x80, 0x07, 0x00, 0x0C, 0x00, 0x10, 0x00, 0x00, 0x00, 0x00, 0x00, 0x00, 0x00, 0x00, 0x00, 0x00,
    0x00, 0x00, 0x00, 0x00, 0x00, 0x00, 0x00, 0x00, 0xC0, 0x03, 0x00, 0x0C, 0x00, 0x30, 0x00, 0xC0,
    0x03, 0x00, 0x0C, 0x10, 0x30, 0x60, 0xC1, 0xC3, 0x03, 0x8C, 0x07, 0x3F, 0xFE, 0xFF, 0xF8, 0x01,
    0xC0, 0x0E, 0x00, 0x70, 0x01, 0x80, 0x04, 0x00, 0x00, 0x00, 0x00, 0x00, 0x00, 0x00, 0x00, 0x00,
    0x00, 0x00, 0xFF, 0xC3, 0xFF, 0x0F, 0xFC, 0x00, 0x30, 0x00, 0xC0, 0x03, 0x00, 0x0C, 0x00, 0x30,
    0x00, 0xC0, 0x03, 0x00, 0x0C, 0x01, 0xFE, 0x07, 0xF8, 0x0F, 0xC0, 0x1E, 0x00, 0x30, 0x00, 0x00,
    0x00, 0x00, 0x00, 0x00, 0x00, 0x00, 0x00, 0x00, 0x00, 0x00, 0x00, 0x00, 0x00, 0x06, 0x00, 0x18,
    0x00, 0x60, 0x41, 0x83, 0x06, 0x1C, 0x18, 0xE0, 0x67, 0x01, 0xBF, 0xFE, 0xFF, 0xF9, 0xC0, 0x03,
    0x80, 0x07, 0x00, 0x0C, 0x00, 0x10, 0x00, 0x00, 0x00, 0x00, 0x00, 0x00, 0x00, 0x00, 0x00, 0x00,
    0x00, 0x00, 0x80, 0x01, 0x80, 0x03, 0x80, 0x07, 0x80, 0x0F, 0xF0, 0x0F, 0xF8, 0x07, 0xBC, 0x03,
    0x8E, 0x01, 0x86, 0x00, 0x07, 0x00, 0x07, 0xC0, 0x07, 0xC0, 0x07, 0xE0, 0x07, 0x60, 0x0E, 0x70,
    0x0E, 0x3C, 0x3C, 0x1F, 0xF8, 0x0F, 0xE0, 0x00, 0x00, 0x00, 0x00, 0x00, 0x00, 0x00, 0x00, 0x00,
    0x00, 0x00, 0x00, 0x1F, 0x80, 0x7E, 0x00, 0x78, 0x03, 0xE3, 0x1D, 0x8E, 0x66, 0x19, 0x80, 0x66,
    0x01, 0x98, 0x06, 0x70, 0x38, 0xE1, 0xC1, 0xFE, 0x03, 0xF0, 0x00, 0x00, 0x00, 0x00, 0x00, 0x00,
    0x00, 0x00, 0x00, 0x00, 0x00, 0x00, 0x00, 0x00, 0x00, 0x00, 0x00, 0x00, 0x00, 0x00, 0x00, 0x00,
    0x00, 0x00, 0x00, 0x00, 0x02, 0x00, 0x18, 0x00, 0xE0, 0x07, 0x00, 0x3F, 0xFE, 0xFF, 0xF8, 0x00,
    0x00, 0x00, 0x3F, 0xFE, 0xFF, 0xF8, 0x01, 0xC0, 0x0E, 0x00, 0x30, 0x00, 0x80, 0x00, 0x00, 0x00,
    0x00, 0x00, 0x00, 0x00, 0x00, 0x00, 0x00, 0x00, 0x00, 0x00, 0x00, 0x00, 0x00, 0x00, 0x00, 0x00,
    0x00, 0x00, 0x00, 0x00, 0x00, 0x00, 0x20, 0x00, 0xC0, 0x03, 0x80, 0x07, 0x3F, 0xFE, 0xFF, 0xF8,
    0x00, 0x00, 0x00, 0x3F, 0xFE, 0xFF, 0xF9, 0xC0, 0x03, 0x80, 0x06, 0x00, 0x08, 0x00, 0x00, 0x00,
    0x00, 0x00, 0x00, 0x00, 0x00, 0x00, 0x00, 0x00, 0x00, 0x00, 0x00, 0x00, 0x00, 0x00, 0x00, 0x00,
    0x00, 0x00, 0x00, 0x00, 0x00, 0x00, 0x00, 0x00, 0x04, 0x00, 0x30, 0x01, 0xC0, 0x0F, 0xFE, 0x7F,
    0xFB, 0xC0, 0x0F, 0x00, 0x1F, 0xFE, 0x3F, 0xF8, 0x70, 0x00, 0xC0, 0x01, 0x00, 0x00, 0x00, 0x00,
    0x00, 0x00, 0x00, 0x00, 0x00, 0x00, 0x00, 0x00, 0x00, 0x00, 0x00, 0x00, 0x00, 0x00, 0x00, 0x00,
    0x00, 0x00, 0x03, 0x00, 0x1E, 0x00, 0xFC, 0x07, 0xF8, 0x3C, 0xF1, 0xF3, 0xE0, 0xCC, 0x03, 0x30,
    0x0C, 0xC0, 0x33, 0x00, 0xCC, 0x03, 0x30, 0x0C, 0xC0, 0x33, 0x00, 0xCC, 0x03, 0x30, 0x0C, 0xC0,
    0x33, 0x00, 0x00, 0x00, 0x00, 0x00, 0x00, 0x00, 0x00, 0x00, 0x00, 0x00, 0x00, 0x00, 0x00, 0x00,
    0x00, 0x00, 0x00, 0x00, 0x00, 0x00, 0x00, 0x00, 0x00, 0x00, 0x01, 0x00, 0x06, 0x00, 0x1C, 0x3F,
    0xF8, 0xFF, 0xF0, 0x01, 0xE0, 0x07, 0xBF, 0xFC, 0xFF, 0xE0, 0x07, 0x00, 0x18, 0x00, 0x40, 0x00,
    0x00, 0x00, 0x00, 0x00, 0x00, 0x00, 0x00, 0x00, 0x00, 0x00, 0x00, 0x00, 0x00, 0x00, 0x00, 0x00,
    0x00, 0x00, 0x00, 0x00, 0x0C, 0xC0, 0x33, 0x00, 0xCC, 0x03, 0x30, 0x0C, 0xC0, 0x33, 0x00, 0xCC,
    0x03, 0x30, 0x0C, 0xC0, 0x33, 0x00, 0xCC, 0x03, 0x30, 0x7C, 0xF8, 0xF3, 0xC1, 0xFE, 0x03, 0xF0,
    0x07, 0x80, 0x0C, 0x00, 0x00, 0x00, 0x00, 0x00, 0x00, 0x00, 0x00, 0x00, 0x00, 0x00, 0x00, 0x00,
    0x00, 0x00, 0x00, 0x00, 0x00, 0x00, 0x00, 0x00, 0x00, 0x00, 0x00, 0x00, 0x04, 0x80, 0x33, 0x01,
    0xCE, 0x0F, 0xFC, 0x7F, 0xFB, 0xC0, 0xFF, 0x03, 0xDF, 0xFE, 0x3F, 0xF0, 0x73, 0x80, 0xCC, 0x01,
    0x20, 0x00, 0x00, 0x00, 0x00, 0x00, 0x00, 0x00, 0x00, 0x00, 0x00, 0x00, 0x00, 0x00, 0x00, 0x00,
    0x00, 0x00, 0x00, 0x00, 0x00, 0x00, 0x03, 0x00, 0x1E, 0x00, 0xFC, 0x07, 0xF8, 0x3C, 0xF1, 0xF3,
    0xE0, 0xCC, 0x03, 0x30, 0x0C, 0xC0, 0x33, 0x00, 0xCC, 0x03, 0x30, 0x7C, 0xF8, 0xF3, 0xC1, 0xFE,
    0x03, 0xF0, 0x07, 0x80, 0x0C, 0x00, 0x00, 0x00, 0x00, 0x00, 0x00, 0x00, 0x00, 0x00, 0x00, 0x00,
    0x0C, 0x07, 0x83, 0xF1, 0xFE, 0x7F, 0xC3, 0x00, 0xC0, 0xFE, 0x3F, 0x83, 0x03, 0xF8, 0xFE, 0x3F,
    0x83, 0x00, 0xC0, 0x30, 0x0C, 0x03, 0x00, 0xC0, 0x30, 0x3F, 0x8F, 0xE0, 0xC0, 0xFE, 0x3F, 0x8F,
    0xE0, 0xC0, 0x30, 0x7F, 0xCF, 0xE1, 0xF0, 0x38, 0x04, 0x00, 0xE1, 0x80, 0x1C, 0x70, 0x03, 0x9E,
    0x00, 0x77, 0xFF, 0xEE, 0xFF, 0xFF, 0xCF, 0xFF, 0xB8, 0xE0, 0x07, 0x0C, 0x00, 0xE0, 0x80, 0x00,
    0x00, 0x30, 0xE0, 0x07, 0x1C, 0x00, 0xF3, 0xBF, 0xFF, 0x7F, 0xFF, 0xEE, 0xFF, 0xF9, 0xC0, 0x0E,
    0x38, 0x01, 0x87, 0x00, 0x20, 0xE0, 0x00, 0x00, 0x00, 0x1C, 0x00, 0x07, 0xC0, 0x01, 0xDC, 0x00,
    0x71, 0xC0, 0x1C, 0x1C, 0x07, 0x01, 0xC1, 0xC0, 0x1C, 0x7E, 0x0F, 0xCF, 0xC1, 0xF8, 0x18, 0x30,
    0x03, 0x06, 0x00, 0x60, 0xC0, 0x0C, 0x18, 0x01, 0x83, 0x00, 0x3F, 0xE0, 0x07, 0xFC, 0x00, 0x00,
    0x00, 0x00, 0x1C, 0x00, 0x07, 0xC0, 0x01, 0xDC, 0x00, 0x71, 0xC0, 0x1C, 0x1C, 0x07, 0x01, 0xC1,
    0xC0, 0x1C, 0x7E, 0x0F, 0xCF, 0xC1, 0xF8, 0x18, 0x30, 0x03, 0x06, 0x00, 0x7F, 0xC0, 0x0F, 0xF8,
    0x00, 0x00, 0x00, 0x3F, 0xE0, 0x07, 0xFC, 0x00, 0xC1, 0x80, 0x1F, 0xF0, 0x03, 0xFE, 0x00, 0x7F,
    0xC0, 0x00, 0x00, 0x00, 0x00, 0x00, 0x00, 0x00, 0x60, 0x31, 0x80, 0xC6, 0x03, 0x18, 0x0C, 0x30,
    0x60, 0xFF, 0x83, 0xFE, 0x0C, 0x18, 0x18, 0xC0, 0x63, 0x01, 0x8C, 0x06, 0x30, 0x0D, 0x80, 0x36,
    0x00, 0xD8, 0x01, 0xC0, 0x07, 0x00, 0x1C, 0x00, 0x00, 0x00, 0x00, 0x00, 0x00, 0x00, 0x00, 0x00,
    0x00, 0x00, 0x1C, 0x0F, 0xE1, 0xFE, 0x01, 0xE0, 0x1C, 0x1D, 0x8F, 0xFB, 0xFF, 0x70, 0xFC, 0x1F,
    0x83, 0xF0, 0x7E, 0x0C, 0xE3, 0x9F, 0xE1, 0xFC, 0x04, 0x00, 0x00, 0x00, 0x00, 0x00, 0x00, 0x00,
    0x00, 0x7F, 0xF1, 0xFF, 0xC0, 0x03, 0x00, 0x0C, 0x00, 0x30, 0x00, 0xC0, 0x03, 0x00, 0x0C, 0x7F,
    0xF1, 0xFF, 0xC0, 0x03, 0x00, 0x0C, 0x00, 0x30, 0x00, 0xC0, 0x03, 0x00, 0x0C, 0x7F, 0xF1, 0xFF,
    0xC0, 0x00, 0x00, 0x00, 0x00, 0x00, 0x00, 0x00, 0x00, 0x00, 0x00, 0x00, 0x00, 0x00, 0x00, 0x03,
    0x00, 0x0C, 0x7F, 0xF1, 0xFF, 0xC0, 0x0F, 0x00, 0x3C, 0x01, 0xB0, 0x06, 0xC0, 0x33, 0x00, 0xCC,
    0x7F, 0xF1, 0xFF, 0xC0, 0x63, 0x03, 0x0C, 0x0C, 0x30, 0x60, 0xC1, 0x83, 0x0C, 0x0C, 0x7F, 0xF1,
    0xFF, 0xC6, 0x00, 0x18, 0x00, 0x00, 0x00, 0x00, 0x00, 0x00, 0x00, 0x00, 0x00, 0x00, 0x00, 0x00,
    0x00, 0x00, 0x00, 0x00, 0x00, 0x01, 0xC0, 0x0E, 0x07, 0xF0, 0x3F, 0xE1, 0xC7, 0xC6, 0x1B, 0x18,
    0xCC, 0x63, 0x31, 0x98, 0xC6, 0x63, 0x1B, 0x0C, 0x7C, 0x70, 0xFF, 0x81, 0xFC, 0x0E, 0x00, 0x70,
    0x00, 0x00, 0x00, 0x00, 0x00, 0x00, 0x00, 0x00, 0x00, 0x00, 0x00, 0x00, 0x00, 0x00, 0x00, 0x00,
    0x00, 0x00, 0x00, 0x00, 0x03, 0x00, 0x0C, 0x00, 0x30, 0x01, 0xE0, 0x07, 0x80, 0x1E, 0x00, 0xCC,
    0x03, 0x30, 0x0C, 0xC0, 0x61, 0x81, 0x86, 0x06, 0x18, 0x30, 0x30, 0xC0, 0xC3, 0x03, 0x18, 0x06,
    0x7F, 0xF9, 0xFF, 0xE0, 0x00, 0x00, 0x00, 0x00, 0x00, 0x00, 0x00, 0x00, 0x00, 0x00, 0x00, 0x00,
    0x00, 0x00, 0x00, 0x00, 0x00, 0x7F, 0xF9, 0xFF, 0xE6, 0x01, 0x8C, 0x0C, 0x30, 0x30, 0xC0, 0xC1,
    0x86, 0x06, 0x18, 0x18, 0x60, 0x33, 0x00, 0xCC, 0x03, 0x30, 0x07, 0x80, 0x1E, 0x00, 0x78, 0x00,
    0xC0, 0x03, 0x00, 0x0C, 0x00, 0x00, 0x00, 0x00, 0x00, 0x00, 0x00, 0x00, 0x00, 0x00, 0x00, 0x00,
    0x00, 0x00, 0x00, 0x00, 0x00, 0x00, 0x07, 0xF0, 0x7F, 0xC3, 0x80, 0x0C, 0x00, 0x60, 0x01, 0x80,
    0x06, 0x00, 0x18, 0x00, 0x7F, 0xF1, 0xFF, 0xC6, 0x00, 0x18, 0x00, 0x60, 0x01, 0x80, 0x03, 0x00,
    0x0E, 0x00, 0x1F, 0xF0, 0x1F, 0xC0, 0x00, 0x00, 0x00, 0x00, 0x00, 0x00, 0x00, 0x00, 0x00, 0x00,
    0x00, 0x00, 0x00, 0x00, 0x01, 0x80, 0x06, 0x07, 0xF0, 0x7F, 0xC3, 0x86, 0x0C, 0x18, 0x60, 0xC1,
    0x83, 0x06, 0x18, 0x18, 0x60, 0x7F, 0xF1, 0xFF, 0xC6, 0x30, 0x18, 0xC0, 0x66, 0x01, 0x98, 0x03,
    0xC0, 0x0F, 0x00, 0x1F, 0xF0, 0x7F, 0xC3, 0x00, 0x0C, 0x00, 0x00, 0x00, 0x00, 0x00, 0x00, 0x00,
    0x00, 0x00, 0x00, 0x00, 0x00, 0x00, 0x00, 0x00, 0x00, 0x00, 0x00, 0x00, 0x7F, 0x07, 0xFC, 0x38,
    0x00, 0xC0, 0x06, 0x00, 0x18, 0x00, 0x7F, 0xF1, 0xFF, 0xC6, 0x00, 0x18, 0x00, 0x30, 0x00, 0xE0,
    0x01, 0xFF, 0x01, 0xFC, 0x00, 0x00, 0x00, 0x00, 0x00, 0x00, 0x00, 0x00, 0x00, 0x00, 0x00, 0x00,
    0x00, 0x00, 0x00, 0x00, 0x00, 0x00, 0x00, 0x00, 0x00, 0x7F, 0x01, 0xFF, 0x00, 0x0E, 0x00, 0x18,
    0x00, 0x30, 0x00, 0xC0, 0x03, 0x00, 0x0C, 0x7F, 0xF1, 0xFF, 0xC0, 0x03, 0x00, 0x0C, 0x00, 0x30,
    0x00, 0xC0, 0x06, 0x00, 0x38, 0x7F, 0xC1, 0xFC, 0x00, 0x00, 0x00, 0x00, 0x00, 0x00, 0x00, 0x00,
    0x00, 0x00, 0x00, 0x00, 0x00, 0x00, 0x06, 0x00, 0x18, 0x00, 0x3F, 0x80, 0xFF, 0x81, 0x87, 0x06,
    0x0C, 0x0C, 0x18, 0x30, 0x60, 0x61, 0x81, 0x86, 0x3F, 0xF8, 0xFF, 0xE0, 0x31, 0x80, 0xC6, 0x01,
    0x98, 0x06, 0x60, 0x0F, 0x00, 0x3C, 0x3F, 0xE0, 0xFF, 0x80, 0x03, 0x00, 0x0C, 0x00, 0x00, 0x00,
    0x00, 0x00, 0x00, 0x00, 0x00, 0x00, 0x00, 0x00, 0x00, 0x00, 0x00, 0x00, 0x00, 0x00, 0x07, 0xF0,
    0x1F, 0xF0, 0x00, 0xE0, 0x01, 0x80, 0x03, 0x00, 0x0C, 0x7F, 0xF1, 0xFF, 0xC0, 0x03, 0x00, 0x0C,
    0x00, 0x60, 0x03, 0x87, 0xFC, 0x1F, 0xC0, 0x00, 0x00, 0x00, 0x00, 0x00, 0x00, 0x00, 0x00, 0x00,
    0x00, 0x00, 0x00, 0x00, 0x00, 0x7F, 0xF7, 0xFF, 0xBF, 0xFD, 0xC0, 0x6E, 0x03, 0x70, 0x1B, 0x80,
    0xDC, 0x06, 0xE0, 0x37, 0x01, 0xB8, 0x0D, 0xC0, 0x6E, 0x03, 0x70, 0x1B, 0x80, 0xDC, 0x06, 0xE0,
    0x37, 0x01, 0x98, 0x0C, 0x7F, 0xE7, 0xFF, 0xBF, 0xFC, 0xF0, 0x03, 0x80, 0x0E, 0x00, 0x38, 0x00,
    0xE0, 0x07, 0x80, 0x1C, 0x00, 0xE0, 0x0E, 0x00, 0xF0, 0x0F, 0x00, 0x70, 0x07, 0x00, 0x70, 0x07,
    0xFF, 0xFF, 0xFE, 0x00, 0x00, 0x00, 0x00, 0x00, 0x00, 0x00, 0x00, 0x00, 0x00, 0x00, 0x00, 0x00,
    0x00, 0x00, 0x00, 0x00, 0x00, 0x00, 0x00, 0x00, 0x7F, 0xF1, 0xFF, 0xC0, 0x00, 0x00, 0x00, 0x00,
    0x00, 0x00, 0x00, 0x00, 0x00, 0x00, 0x00, 0x00, 0x00, 0x00, 0x00, 0x00, 0x00, 0x00, 0x00, 0x00,
    0x00, 0x00, 0x00, 0x00, 0x00, 0x00, 0x00, 0x00, 0x00, 0x00, 0x00, 0x00, 0x00, 0x00, 0x07, 0xFF,
    0x9F, 0xFE, 0x00, 0x00, 0x00, 0x00, 0x30, 0x00, 0xC0, 0x03, 0x00, 0x0C, 0x00, 0x30, 0x1F, 0xFE,
    0x7F, 0xF8, 0x0C, 0x00, 0x30, 0x00, 0xC0, 0x03, 0x00, 0x0C, 0x00, 0x00, 0x00, 0x00, 0x00, 0x00,
    0x00, 0x00, 0x00, 0x00, 0x00, 0x00, 0x00, 0x00, 0x00, 0x00, 0x00, 0x00, 0x03, 0x00, 0x0C, 0x00,
    0x30, 0x00, 0xC0, 0x00, 0x00, 0x00, 0x00, 0x30, 0x00, 0xC0, 0x03, 0x00, 0x0C, 0x00, 0x30, 0x1F,
    0xFE, 0x7F, 0xF8, 0x0C, 0x00, 0x30, 0x00, 0xC0, 0x03, 0x00, 0x0C, 0x00, 0x00, 0x00, 0x00, 0x00,
    0x00, 0x00, 0x00, 0x00, 0x00, 0x00, 0x00, 0x00, 0x00, 0x00, 0x00, 0x00, 0x00, 0x00, 0x00, 0x00,
    0x00, 0x00, 0x00, 0x06, 0x00, 0x38, 0x01, 0xC0, 0x0E, 0x00, 0x70, 0x03, 0x80, 0x1C, 0x00, 0xE0,
    0x07, 0x00, 0x38, 0x01, 0xC0, 0x06, 0x00, 0x00, 0x00, 0x00, 0x00, 0x00, 0x00, 0x00, 0x00, 0x00,
    0x00, 0x00, 0x00, 0x00, 0x00, 0x00, 0x00, 0x00, 0x00, 0x00, 0x00, 0x00, 0x00, 0x00, 0x00, 0x00,
    0x00, 0x00, 0x00, 0x18, 0x00, 0x70, 0x00, 0xE0, 0x01, 0xC0, 0x03, 0x80, 0x07, 0x00, 0x0E, 0x00,
    0x1C, 0x00, 0x38, 0x00, 0x70, 0x00, 0xE0, 0x01, 0x80, 0x00, 0x00, 0x00, 0x00, 0x00, 0x00, 0x00,
    0x00, 0x00, 0x00, 0x00, 0x00, 0x00, 0x00, 0x00, 0x00, 0x00, 0x00, 0x00, 0x00, 0x00, 0x00, 0x00,
    0x00, 0x00, 0x00, 0x00, 0x00, 0x00, 0x00, 0x00, 0x00, 0x00, 0x00, 0x01, 0xC0, 0x0F, 0x80, 0x3E,
    0x00, 0xF8, 0x01, 0xC0, 0x00, 0x00, 0x00, 0x00, 0x00, 0x00, 0x00, 0x00, 0x00, 0x00, 0x00, 0x00,
    0x00, 0x00, 0x00, 0x00, 0x00, 0x00, 0x00, 0x00, 0x00, 0x00, 0x00, 0x00, 0x00, 0x07, 0x80, 0x1E,
    0x00, 0x60, 0x01, 0x80, 0x06, 0x00, 0x18, 0x00, 0x60, 0x01, 0x80, 0x06, 0x00, 0x18, 0x60, 0x61,
    0x81, 0x86, 0x06, 0x1C, 0x18, 0x38, 0x60, 0x71, 0x80, 0xE6, 0x01, 0xD8, 0x03, 0xE0, 0x07, 0x80,
    0x00, 0x00, 0x00, 0x00, 0x00, 0x00, 0x00, 0x00, 0x00, 0x00, 0x00, 0x00, 0x00, 0x00, 0x00, 0x00,
    0x00, 0x00, 0x00, 0x00, 0x00, 0x00, 0x00, 0x00, 0x00, 0x00, 0x73, 0x83, 0xFF, 0x1D, 0xEE, 0x63,
    0x19, 0x8C, 0x66, 0x31, 0x9D, 0xEE, 0x3F, 0xF0, 0x73, 0x80, 0x00, 0x00, 0x00, 0x00, 0x00, 0x00,
    0x00, 0x00, 0x00, 0x00, 0x00, 0x00, 0x00, 0x00, 0x00, 0x00, 0x00, 0x00, 0x00, 0x00, 0x00, 0x00,
    0x00, 0x00, 0x00, 0x00, 0x00, 0x00, 0x00, 0x00, 0x00, 0x60, 0x01, 0x80, 0x06, 0x00, 0x18, 0x00,
    0x60, 0x01, 0x80, 0x06, 0x00, 0x18, 0x00, 0x60, 0x01, 0xFF, 0xC7, 0xFF, 0x00, 0x00, 0x00, 0x00,
    0x00, 0x00, 0x00, 0x00, 0x00, 0x00, 0x00, 0x00, 0x00, 0x00, 0x00, 0x00, 0x00, 0x00, 0x00, 0x00,
    0x00, 0x00, 0x00, 0x0C, 0xC0, 0x33, 0x00, 0xCC, 0x03, 0x30, 0x0C, 0xC0, 0x33, 0x00, 0xCC, 0x03,
    0x30, 0x0C, 0xC0, 0x33, 0x00, 0xCC, 0x03, 0x30, 0x0C, 0xC0, 0x33, 0x00, 0xCC, 0x03, 0x30, 0x0C,
    0xC0, 0x33, 0x00, 0x00, 0x00, 0x00, 0x00, 0x00, 0x00, 0x00, 0x00, 0x00, 0x00, 0x00, 0x00, 0x00,
    0x00, 0x00, 0x00, 0x00, 0x00, 0x00, 0x00, 0x00, 0x00, 0x00, 0x00, 0x00, 0x00, 0x0C, 0x00, 0x30,
    0x01, 0xE0, 0x07, 0x80, 0x33, 0x00, 0xCC, 0x06, 0x18, 0x18, 0x60, 0x61, 0x83, 0x03, 0x0C, 0x0C,
    0x60, 0x19, 0x80, 0x60, 0x00, 0x00, 0x00, 0x00, 0x00, 0x00, 0x00, 0x00, 0x00, 0x00, 0x00, 0x00,
    0x00, 0x00, 0x00, 0x00, 0x00, 0x00, 0x00, 0x00, 0x00, 0x00, 0x00, 0x00, 0x00, 0x01, 0x80, 0x66,
    0x01, 0x8C, 0x0C, 0x30, 0x30, 0x61, 0x81, 0x86, 0x06, 0x18, 0x0C, 0xC0, 0x33, 0x00, 0x78, 0x01,
    0xE0, 0x03, 0x00, 0x0C, 0x00, 0x00, 0x00, 0x00, 0x00, 0x00, 0x00, 0x00, 0x00, 0x00, 0x00, 0x00,
    0x00, 0x00, 0x00, 0x00, 0x00, 0x00, 0x00, 0x00, 0x00, 0x00, 0x00, 0x00, 0x00, 0x0F, 0x80, 0x7F,
    0x03, 0x8E, 0x0C, 0x18, 0x60, 0x31, 0x80, 0xC6, 0x03, 0x18, 0x0C, 0x60, 0x31, 0x80, 0xC6, 0x03,
    0x18, 0x0C, 0x60, 0x31, 0x80, 0xC0, 0x00, 0x00, 0x00, 0x00, 0x00, 0x00, 0x00, 0x00, 0x00, 0x00,
    0x00, 0x00, 0x00, 0x00, 0x00, 0x00, 0x00, 0x00, 0x00, 0x00, 0x00, 0x00, 0x00, 0x00, 0x60, 0x31,
    0x80, 0xC6, 0x03, 0x18, 0x0C, 0x60, 0x31, 0x80, 0xC6, 0x03, 0x18, 0x0C, 0x60, 0x31, 0x80, 0xC3,
    0x06, 0x0E, 0x38, 0x1F, 0xC0, 0x3E, 0x00, 0x00, 0x00, 0x00, 0x00, 0x00, 0x00, 0x00, 0x00, 0x00,
    0x00, 0x00, 0x07, 0x87, 0xC3, 0x81, 0x80, 0xC0, 0x60, 0x30, 0x18, 0x0C, 0x06, 0x03, 0x01, 0x80,
    0xC0, 0x60, 0x30, 0x18, 0x0C, 0x06, 0x03, 0x0F, 0x87, 0x80, 0x6E, 0xE0, 0x00, 0x00, 0x6E, 0xE0,
    0x00, 0x00, 0x00, 0x00, 0x00, 0x00, 0x00, 0x00, 0x00, 0x00, 0x00, 0x00, 0x00, 0x00, 0x00, 0x00,
    0x78, 0x63, 0xF3, 0x9C, 0xFC, 0x61, 0xE0, 0x00, 0x01, 0xE1, 0x8F, 0xCE, 0x73, 0xF1, 0x83, 0x80,
    0x00, 0x00, 0x00, 0x00, 0x00, 0x00, 0x00, 0x00, 0x00, 0x00, 0x00, 0x00, 0x00, 0x00, 0x00, 0x00,
    0x00, 0x00, 0x00, 0x00, 0x00, 0x00, 0x00, 0x00, 0x00, 0x00, 0x00, 0x00, 0x00, 0x00, 0x0E, 0x00,
    0x71, 0xFF, 0xE7, 0xFF, 0x80, 0x70, 0x03, 0x80, 0x1C, 0x00, 0xE0, 0x1F, 0xFE, 0x7F, 0xF8, 0xE0,
    0x07, 0x00, 0x00, 0x00, 0x00, 0x00, 0x00, 0x00, 0x00, 0x00, 0x00, 0x00, 0x00, 0x00, 0x00, 0x00,
    0x00, 0x00, 0x00, 0x00, 0x00, 0x00, 0x00, 0x00, 0x00, 0x00, 0x00, 0x00, 0x07, 0xFF, 0x1F, 0xFC,
    0x00, 0x00, 0x00, 0x00, 0x00, 0x00, 0x00, 0x7F, 0xF1, 0xFF, 0xC0, 0x00, 0x00, 0x00, 0x00, 0x00,
    0x00, 0x07, 0xFF, 0x1F, 0xFC, 0x00, 0x00, 0x00, 0x00, 0x00, 0x00, 0x00, 0x00, 0x00, 0x00, 0x00,
    0x00, 0x00, 0x00, 0x00, 0x00, 0x00, 0x00, 0x00, 0x00, 0x00, 0x00, 0x70, 0x03, 0x80, 0x1C, 0x00,
    0xE0, 0x07, 0x00, 0x38, 0x01, 0xC0, 0x0E, 0x00, 0x1C, 0x00, 0x38, 0x00, 0x70, 0x00, 0xE0, 0x01,
    0xC0, 0x03, 0x80, 0x07, 0x00, 0x00, 0x7F, 0xF1, 0xFF, 0xC0, 0x00, 0x00, 0x00, 0x00, 0x00, 0x00,
    0x00, 0x00, 0x00, 0x00, 0x00, 0x00, 0x00, 0x00, 0x00, 0x00, 0x00, 0x70, 0x00, 0xE0, 0x01, 0xC0,
    0x03, 0x80, 0x07, 0x00, 0x0E, 0x00, 0x1C, 0x00, 0x38, 0x01, 0xC0, 0x0E, 0x00, 0x70, 0x03, 0x80,
    0x1C, 0x00, 0xE0, 0x07, 0x00, 0x00, 0x00, 0x7F, 0xF1, 0xFF, 0xC0, 0x00, 0x00, 0x00, 0x00, 0x00,
    0x00, 0x00, 0x00, 0x00, 0x00, 0x00, 0x00, 0x00, 0x00, 0x00, 0x00, 0x00, 0x00, 0x00, 0x06, 0x30,
    0x39, 0xC1, 0xCE, 0x0E, 0x70, 0x73, 0x83, 0x9C, 0x1C, 0xE0, 0xE7, 0x03, 0x9C, 0x07, 0x38, 0x0E,
    0x70, 0x1C, 0xE0, 0x39, 0xC0, 0x73, 0x80, 0xE7, 0x01, 0x8C, 0x00, 0x00, 0x00, 0x00, 0x00, 0x00,
    0x00, 0x00, 0x00, 0x00, 0x00, 0x00, 0x00, 0x00, 0x00, 0x00, 0x00, 0x00, 0x00, 0x00, 0x03, 0x18,
    0x0E, 0x70, 0x1C, 0xE0, 0x39, 0xC0, 0x73, 0x80, 0xE7, 0x01, 0xCE, 0x03, 0x9C, 0x0E, 0x70, 0x73,
    0x83, 0x9C, 0x1C, 0xE0, 0xE7, 0x07, 0x38, 0x39, 0xC0, 0xC6, 0x00, 0x00, 0x00, 0x00, 0x00, 0x00,
    0x00, 0x00, 0x00, 0x00, 0x00, 0x00, 0x00, 0x00, 0x00, 0x00, 0x00, 0x00, 0x00, 0x00, 0x00, 0x00,
    0x00, 0x00, 0x00, 0x01, 0xFE, 0x1F, 0xF8, 0xE0, 0x07, 0x00, 0x18, 0x00, 0x60, 0x01, 0x80, 0x06,
    0x00, 0x18, 0x00, 0x70, 0x00, 0xE0, 0x01, 0xFF, 0x81, 0xFE, 0x00, 0x00, 0x00, 0x00, 0x00, 0x00,
    0x00, 0x00, 0x00, 0x00, 0x00, 0x00, 0x00, 0x00, 0x00, 0x00, 0x00, 0x00, 0x00, 0x00, 0x00, 0x00,
    0x00, 0x00, 0x00, 0x00, 0x1F, 0xE0, 0x7F, 0xE0, 0x01, 0xC0, 0x03, 0x80, 0x06, 0x00, 0x18, 0x00,
    0x60, 0x01, 0x80, 0x06, 0x00, 0x38, 0x01, 0xC7, 0xFE, 0x1F, 0xE0, 0x00, 0x00, 0x00, 0x00, 0x00,
    0x00, 0x00, 0x00, 0x00, 0x00, 0x00, 0x00, 0x00, 0x00, 0x00, 0x00, 0x00, 0x00, 0x00, 0x00, 0x00,
    0x00, 0x00, 0x1F, 0xE1, 0xFF, 0x8E, 0x00, 0x70, 0x01, 0x80, 0x06, 0x00, 0x18, 0x00, 0x60, 0x01,
    0x80, 0x07, 0x00, 0x0E, 0x00, 0x1F, 0xF8, 0x1F, 0xE0, 0x00, 0x00, 0x00, 0x7F, 0xF9, 0xFF, 0xE0,
    0x00, 0x00, 0x00, 0x00, 0x00, 0x00, 0x00, 0x00, 0x00, 0x00, 0x00, 0x00, 0x00, 0x00, 0x00, 0x00,
    0x00, 0x00, 0x01, 0xFE, 0x07, 0xFE, 0x00, 0x1C, 0x00, 0x38, 0x00, 0x60, 0x01, 0x80, 0x06, 0x00,
    0x18, 0x00, 0x60, 0x03, 0x80, 0x1C, 0x7F, 0xE1, 0xFE, 0x00, 0x00, 0x00, 0x00, 0x7F, 0xF9, 0xFF,
    0xE0, 0x00, 0x00, 0x00, 0x00, 0x00, 0x00, 0x00, 0x00, 0x00, 0x00, 0x00, 0x3F, 0xE0, 0x00, 0x07,
    0xFF, 0xC0, 0x00, 0xFC, 0x1F, 0x80, 0x0F, 0x00, 0x1E, 0x00, 0xF0, 0x00, 0x78, 0x0E, 0x00, 0x00,
    0xE0, 0xE0, 0x00, 0x03, 0x87, 0x00, 0xC0, 0x1C, 0x70, 0x07, 0x00, 0x73, 0x00, 0x38, 0x01, 0xB8,
    0x01, 0xC0, 0x0F, 0xC0, 0x0E, 0x00, 0x7E, 0x00, 0x70, 0x03, 0xE0, 0xFF, 0xFC, 0x0F, 0x07, 0xFF,
    0xF0, 0x78, 0x1F, 0xFF, 0x03, 0xE0, 0x07, 0x00, 0x3F, 0x00, 0x38, 0x01, 0xF8, 0x01, 0xC0, 0x0C,
    0xC0, 0x0E, 0x00, 0xE7, 0x00, 0x70, 0x07, 0x1C, 0x01, 0x00, 0x70, 0xE0, 0x00, 0x03, 0x83, 0x80,
    0x00, 0x38, 0x0F, 0x00, 0x07, 0x80, 0x3E, 0x00, 0xF8, 0x00, 0xFF, 0x7F, 0x80, 0x01, 0xFF, 0xF0,
    0x00, 0x01, 0xFC, 0x00, 0x00, 0x00, 0x3F, 0xE0, 0x00, 0x07, 0xFF, 0xC0, 0x00, 0xFC, 0x1F, 0x80,
    0x0F, 0x00, 0x1E, 0x00, 0xF0, 0x00, 0x78, 0x0E, 0x00, 0x00, 0xE0, 0xE0, 0x00, 0x03, 0x87, 0x00,
    0x00, 0x1C, 0x70, 0x00, 0x00, 0x73, 0x00, 0x00, 0x01, 0xB8, 0x00, 0x00, 0x0F, 0xC0, 0x00, 0x00,
    0x7E, 0x00, 0x00, 0x03, 0xE0, 0x3F, 0xF8, 0x0F, 0x01, 0xFF, 0xC0, 0x78, 0x00, 0x00, 0x03, 0xE0,
    0x00, 0x00, 0x3F, 0x00, 0x00, 0x01, 0xF8, 0x00, 0x00, 0x0C, 0xC0, 0x00, 0x00, 0xE7, 0x00, 0x00,
    0x07, 0x1C, 0x00, 0x00, 0x70, 0xE0, 0x00, 0x03, 0x83, 0x80, 0x00, 0x38, 0x0F, 0x00, 0x07, 0x80,
    0x3E, 0x00, 0xF8, 0x00, 0xFF, 0x7F, 0x80, 0x01, 0xFF, 0xF0, 0x00, 0x01, 0xFC, 0x00, 0x00, 0x00,
    0x3F, 0xE0, 0x00, 0x07, 0xFF, 0xC0, 0x00, 0xFC, 0x1F, 0x80, 0x0F, 0x00, 0x1E, 0x00, 0xF0, 0x00,
    0x78, 0x0E, 0x00, 0x00, 0xE0, 0xE0, 0x00, 0x03, 0x87, 0x00, 0x00, 0x1C, 0x70, 0x00, 0x00, 0x73,
    0x01, 0x83, 0x01, 0xB8, 0x0E, 0x38, 0x0F, 0xC0, 0x7B, 0xC0, 0x7E, 0x01, 0xFC, 0x03, 0xE0, 0x07,
    0xC0, 0x0F, 0x00, 0x3E, 0x00, 0x78, 0x03, 0xF8, 0x03, 0xE0, 0x3D, 0xE0, 0x3F, 0x01, 0xC7, 0x01,
    0xF8, 0x0C, 0x18, 0x0C, 0xC0, 0x00, 0x00, 0xE7, 0x00, 0x00, 0x07, 0x1C, 0x00, 0x00, 0x70, 0xE0,
    0x00, 0x03, 0x83, 0x80, 0x00, 0x38, 0x0F, 0x00, 0x07, 0x80, 0x3E, 0x00, 0xF8, 0x00, 0xFF, 0x7F,
    0x80, 0x01, 0xFF, 0xF0, 0x00, 0x01, 0xFC, 0x00, 0x00, 0x00, 0x3F, 0xE0, 0x00, 0x07, 0xFF, 0xC0,
    0x00, 0xFC, 0x1F, 0x80, 0x0F, 0x00, 0x1E, 0x00, 0xF0, 0x00, 0x78, 0x0E, 0x00, 0x00, 0xE0, 0xE0,
    0x00, 0x03, 0x87, 0x00, 0x00, 0x1C, 0x70, 0x00, 0x20, 0x73, 0x00, 0x03, 0x81, 0xB8, 0x00, 0x38,
    0x0F, 0xC0, 0x03, 0xC0, 0x7E, 0x00, 0x1C, 0x03, 0xE0, 0x01, 0xC0, 0x0F, 0x00, 0x1C, 0x00, 0x78,
    0x01, 0xC0, 0x03, 0xE0, 0x1C, 0x00, 0x3F, 0x01, 0xE0, 0x01, 0xF8, 0x1E, 0x00, 0x0C, 0xC0, 0xE0,
    0x00, 0xE7, 0x02, 0x00, 0x07, 0x1C, 0x00, 0x00, 0x70, 0xE0, 0x00, 0x03, 0x83, 0x80, 0x00, 0x38,
    0x0F, 0x00, 0x07, 0x80, 0x3E, 0x00, 0xF8, 0x00, 0xFF, 0x7F, 0x80, 0x01, 0xFF, 0xF0, 0x00, 0x01,
    0xFC, 0x00, 0x00, 0x00, 0x00, 0x00, 0x00, 0x00, 0x00, 0x00, 0x00, 0x00, 0x00, 0x00, 0x00, 0x00,
    0x00, 0x03, 0x00, 0x0C, 0x00, 0x30, 0x00, 0xC0, 0x03, 0x00, 0x0C, 0x00, 0x30, 0x00, 0xC0, 0x03,
    0x00, 0x0C, 0x00, 0x30, 0x00, 0xC0, 0x7F, 0xF9, 0xFF, 0xE0, 0x00, 0x00, 0x00, 0x00, 0x00, 0x00,
    0x00, 0x00, 0x00, 0x00, 0x00, 0x00, 0x00, 0x00, 0x00, 0x00, 0x00, 0x0F, 0x80, 0x7F, 0x03, 0x8E,
    0x0C, 0x18, 0x60, 0x31, 0x80, 0xC6, 0x03, 0x18, 0x0C, 0x60, 0x31, 0x80, 0xC6, 0x03, 0x18, 0x0C,
    0x60, 0x31, 0x80, 0xC6, 0x03, 0x18, 0x0C, 0x60, 0x31, 0x80, 0xC0, 0x00, 0x00, 0x00, 0x00, 0x00,
    0x00, 0x00, 0x00, 0x00, 0x00, 0x00, 0x00, 0x00, 0x00, 0x00, 0x00, 0x00, 0x60, 0x31, 0x80, 0xC6,
    0x03, 0x18, 0x0C, 0x60, 0x31, 0x80, 0xC6, 0x03, 0x18, 0x0C, 0x60, 0x31, 0x80, 0xC6, 0x03, 0x18,
    0x0C, 0x60, 0x31, 0x80, 0xC3, 0x06, 0x0E, 0x38, 0x1F, 0xC0, 0x3E, 0x00, 0x00, 0x00, 0x00, 0x00,
    0x00, 0x00, 0x00, 0x00, 0x00, 0x00, 0x00, 0x00, 0x00, 0x00, 0x00, 0x00, 0x00, 0x7F, 0xF1, 0xFF,
    0xC6, 0x03, 0x18, 0x0C, 0x60, 0x31, 0x80, 0xC6, 0x03, 0x18, 0x0C, 0x60, 0x31, 0x80, 0xC6, 0x03,
    0x18, 0x0C, 0x60, 0x31, 0x80, 0xC6, 0x03, 0x18, 0x0C, 0x7F, 0xF1, 0xFF, 0xC0, 0x00, 0x00, 0x00,
    0x00, 0x00, 0x00, 0x00, 0x00, 0x00, 0x00,
};

static const EpdGlyph inter_10_regularGlyphs[] = {
    { 0, 0, 0, 0, 0, 0, 0 }, // U+0000
    { 0, 0, 0, 0, 0, 0, 0 }, // U+0001
    { 0, 0, 0, 0, 0, 0, 0 }, // U+0002
    { 0, 0, 0, 0, 0, 0, 0 }, // U+0003
    { 0, 0, 0, 0, 0, 0, 0 }, // U+0004
    { 0, 0, 0, 0, 0, 0, 0 }, // U+0005
    { 0, 0, 0, 0, 0, 0, 0 }, // U+0006
    { 0, 0, 0, 0, 0, 0, 0 }, // U+0007
    { 0, 0, 0, 0, 0, 0, 0 }, // U+0008
    { 0, 0, 0, 0, 0, 0, 0 }, // U+0009
    { 0, 0, 0, 0, 0, 0, 0 }, // U+000A
    { 0, 0, 0, 0, 0, 0, 0 }, // U+000B
    { 0, 0, 0, 0, 0, 0, 0 }, // U+000C
    { 0, 0, 0, 0, 0, 0, 0 }, // U+000D
    { 0, 0, 0, 0, 0, 0, 0 }, // U+000E
    { 0, 0, 0, 0, 0, 0, 0 }, // U+000F
    { 0, 0, 0, 0, 0, 0, 0 }, // U+0010
    { 0, 0, 0, 0, 0, 0, 0 }, // U+0011
    { 0, 0, 0, 0, 0, 0, 0 }, // U+0012
    { 0, 0, 0, 0, 0, 0, 0 }, // U+0013
    { 0, 0, 0, 0, 0, 0, 0 }, // U+0014
    { 0, 0, 0, 0, 0, 0, 0 }, // U+0015
    { 0, 0, 0, 0, 0, 0, 0 }, // U+0016
    { 0, 0, 0, 0, 0, 0, 0 }, // U+0017
    { 0, 0, 0, 0, 0, 0, 0 }, // U+0018
    { 0, 0, 0, 0, 0, 0, 0 }, // U+0019
    { 0, 0, 0, 0, 0, 0, 0 }, // U+001A
    { 0, 0, 0, 0, 0, 0, 0 }, // U+001B
    { 0, 0, 0, 0, 0, 0, 0 }, // U+001C
    { 0, 0, 0, 0, 0, 0, 0 }, // U+001D
    { 0, 0, 0, 0, 0, 0, 0 }, // U+001E
    { 0, 0, 0, 0, 0, 0, 0 }, // U+001F
    { 14, 28, 224, 0, 22, 49, 0 }, // U+0020
    { 14, 28, 224, 0, 22, 49, 49 }, // !
    { 14, 28, 224, 0, 22, 49, 98 }, // "
    { 14, 28, 224, 0, 22, 49, 147 }, // #
    { 14, 28, 224, 0, 22, 49, 196 }, // $
    { 14, 28, 224, 0, 22, 49, 245 }, // %
    { 14, 28, 224, 0, 22, 49, 294 }, // &
    { 14, 28, 224, 0, 22, 49, 343 }, // '
    { 14, 28, 224, 0, 22, 49, 392 }, // (
    { 14, 28, 224, 0, 22, 49, 441 }, // )
    { 14, 28, 224, 0, 22, 49, 490 }, // *
    { 14, 28, 224, 0, 22, 49, 539 }, // +
    { 14, 28, 224, 0, 22, 49, 588 }, // ,
    { 14, 28, 224, 0, 22, 49, 637 }, // -
    { 14, 28, 224, 0, 22, 49, 686 }, // .
    { 14, 28, 224, 0, 22, 49, 735 }, // /
    { 14, 28, 224, 0, 22, 49, 784 }, // 0
    { 14, 28, 224, 0, 22, 49, 833 }, // 1
    { 14, 28, 224, 0, 22, 49, 882 }, // 2
    { 14, 28, 224, 0, 22, 49, 931 }, // 3
    { 14, 28, 224, 0, 22, 49, 980 }, // 4
    { 14, 28, 224, 0, 22, 49, 1029 }, // 5
    { 14, 28, 224, 0, 22, 49, 1078 }, // 6
    { 14, 28, 224, 0, 22, 49, 1127 }, // 7
    { 14, 28, 224, 0, 22, 49, 1176 }, // 8
    { 14, 28, 224, 0, 22, 49, 1225 }, // 9
    { 14, 28, 224, 0, 22, 49, 1274 }, // :
    { 14, 28, 224, 0, 22, 49, 1323 }, // ;
    { 14, 28, 224, 0, 22, 49, 1372 }, // <
    { 14, 28, 224, 0, 22, 49, 1421 }, // =
    { 14, 28, 224, 0, 22, 49, 1470 }, // >
    { 14, 28, 224, 0, 22, 49, 1519 }, // ?
    { 14, 28, 224, 0, 22, 49, 1568 }, // @
    { 14, 28, 224, 0, 22, 49, 1617 }, // A
    { 14, 28, 224, 0, 22, 49, 1666 }, // B
    { 14, 28, 224, 0, 22, 49, 1715 }, // C
    { 14, 28, 224, 0, 22, 49, 1764 }, // D
    { 14, 28, 224, 0, 22, 49, 1813 }, // E
    { 14, 28, 224, 0, 22, 49, 1862 }, // F
    { 14, 28, 224, 0, 22, 49, 1911 }, // G
    { 14, 28, 224, 0, 22, 49, 1960 }, // H
    { 14, 28, 224, 0, 22, 49, 2009 }, // I
    { 14, 28, 224, 0, 22, 49, 2058 }, // J
    { 14, 28, 224, 0, 22, 49, 2107 }, // K
    { 14, 28, 224, 0, 22, 49, 2156 }, // L
    { 14, 28, 224, 0, 22, 49, 2205 }, // M
    { 14, 28, 224, 0, 22, 49, 2254 }, // N
    { 14, 28, 224, 0, 22, 49, 2303 }, // O
    { 14, 28, 224, 0, 22, 49, 2352 }, // P
    { 14, 28, 224, 0, 22, 49, 2401 }, // Q
    { 14, 28, 224, 0, 22, 49, 2450 }, // R
    { 14, 28, 224, 0, 22, 49, 2499 }, // S
    { 14, 28, 224, 0, 22, 49, 2548 }, // T
    { 14, 28, 224, 0, 22, 49, 2597 }, // U
    { 14, 28, 224, 0, 22, 49, 2646 }, // V
    { 14, 28, 224, 0, 22, 49, 2695 }, // W
    { 14, 28, 224, 0, 22, 49, 2744 }, // X
    { 14, 28, 224, 0, 22, 49, 2793 }, // Y
    { 14, 28, 224, 0, 22, 49, 2842 }, // Z
    { 14, 28, 224, 0, 22, 49, 2891 }, // [
    { 14, 28, 224, 0, 22, 49, 2940 }, // <backslash>
    { 14, 28, 224, 0, 22, 49, 2989 }, // ]
    { 14, 28, 224, 0, 22, 49, 3038 }, // ^
    { 14, 28, 224, 0, 22, 49, 3087 }, // _
    { 14, 28, 224, 0, 22, 49, 3136 }, // `
    { 14, 28, 224, 0, 22, 49, 3185 }, // a
    { 14, 28, 224, 0, 22, 49, 3234 }, // b
    { 14, 28, 224, 0, 22, 49, 3283 }, // c
    { 14, 28, 224, 0, 22, 49, 3332 }, // d
    { 14, 28, 224, 0, 22, 49, 3381 }, // e
    { 14, 28, 224, 0, 22, 49, 3430 }, // f
    { 14, 28, 224, 0, 22, 49, 3479 }, // g
    { 14, 28, 224, 0, 22, 49, 3528 }, // h
    { 14, 28, 224, 0, 22, 49, 3577 }, // i
    { 14, 28, 224, 0, 22, 49, 3626 }, // j
    { 14, 28, 224, 0, 22, 49, 3675 }, // k
    { 14, 28, 224, 0, 22, 49, 3724 }, // l
    { 14, 28, 224, 0, 22, 49, 3773 }, // m
    { 14, 28, 224, 0, 22, 49, 3822 }, // n
    { 14, 28, 224, 0, 22, 49, 3871 }, // o
    { 14, 28, 224, 0, 22, 49, 3920 }, // p
    { 14, 28, 224, 0, 22, 49, 3969 }, // q
    { 14, 28, 224, 0, 22, 49, 4018 }, // r
    { 14, 28, 224, 0, 22, 49, 4067 }, // s
    { 14, 28, 224, 0, 22, 49, 4116 }, // t
    { 14, 28, 224, 0, 22, 49, 4165 }, // u
    { 14, 28, 224, 0, 22, 49, 4214 }, // v
    { 14, 28, 224, 0, 22, 49, 4263 }, // w
    { 14, 28, 224, 0, 22, 49, 4312 }, // x
    { 14, 28, 224, 0, 22, 49, 4361 }, // y
    { 14, 28, 224, 0, 22, 49, 4410 }, // z
    { 14, 28, 224, 0, 22, 49, 4459 }, // {
    { 14, 28, 224, 0, 22, 49, 4508 }, // |
    { 14, 28, 224, 0, 22, 49, 4557 }, // }
    { 14, 28, 224, 0, 22, 49, 4606 }, // ~
    { 0, 0, 0, 0, 0, 0, 4655 }, // U+007F
    { 0, 0, 0, 0, 0, 0, 4655 }, // U+0080
    { 0, 0, 0, 0, 0, 0, 4655 }, // U+0081
    { 0, 0, 0, 0, 0, 0, 4655 }, // U+0082
    { 0, 0, 0, 0, 0, 0, 4655 }, // U+0083
    { 0, 0, 0, 0, 0, 0, 4655 }, // U+0084
    { 0, 0, 0, 0, 0, 0, 4655 }, // U+0085
    { 0, 0, 0, 0, 0, 0, 4655 }, // U+0086
    { 0, 0, 0, 0, 0, 0, 4655 }, // U+0087
    { 0, 0, 0, 0, 0, 0, 4655 }, // U+0088
    { 0, 0, 0, 0, 0, 0, 4655 }, // U+0089
    { 0, 0, 0, 0, 0, 0, 4655 }, // U+008A
    { 0, 0, 0, 0, 0, 0, 4655 }, // U+008B
    { 0, 0, 0, 0, 0, 0, 4655 }, // U+008C
    { 0, 0, 0, 0, 0, 0, 4655 }, // U+008D
    { 0, 0, 0, 0, 0, 0, 4655 }, // U+008E
    { 0, 0, 0, 0, 0, 0, 4655 }, // U+008F
    { 0, 0, 0, 0, 0, 0, 4655 }, // U+0090
    { 0, 0, 0, 0, 0, 0, 4655 }, // U+0091
    { 0, 0, 0, 0, 0, 0, 4655 }, // U+0092
    { 0, 0, 0, 0, 0, 0, 4655 }, // U+0093
    { 0, 0, 0, 0, 0, 0, 4655 }, // U+0094
    { 0, 0, 0, 0, 0, 0, 4655 }, // U+0095
    { 0, 0, 0, 0, 0, 0, 4655 }, // U+0096
    { 0, 0, 0, 0, 0, 0, 4655 }, // U+0097
    { 0, 0, 0, 0, 0, 0, 4655 }, // U+0098
    { 0, 0, 0, 0, 0, 0, 4655 }, // U+0099
    { 0, 0, 0, 0, 0, 0, 4655 }, // U+009A
    { 0, 0, 0, 0, 0, 0, 4655 }, // U+009B
    { 0, 0, 0, 0, 0, 0, 4655 }, // U+009C
    { 0, 0, 0, 0, 0, 0, 4655 }, // U+009D
    { 0, 0, 0, 0, 0, 0, 4655 }, // U+009E
    { 0, 0, 0, 0, 0, 0, 4655 }, // U+009F
    { 14, 28, 224, 0, 22, 49, 4655 }, // U+00A0
    { 14, 28, 224, 0, 22, 49, 4704 }, // U+00A1
    { 14, 28, 224, 0, 22, 49, 4753 }, // U+00A2
    { 14, 28, 224, 0, 22, 49, 4802 }, // U+00A3
    { 14, 28, 224, 0, 22, 49, 4851 }, // U+00A4
    { 14, 28, 224, 0, 22, 49, 4900 }, // U+00A5
    { 14, 28, 224, 0, 22, 49, 4949 }, // U+00A6
    { 14, 28, 224, 0, 22, 49, 4998 }, // U+00A7
    { 14, 28, 224, 0, 22, 49, 5047 }, // U+00A8
    { 14, 28, 224, 0, 22, 49, 5096 }, // U+00A9
    { 14, 28, 224, 0, 22, 49, 5145 }, // U+00AA
    { 14, 28, 224, 0, 22, 49, 5194 }, // U+00AB
    { 14, 28, 224, 0, 22, 49, 5243 }, // U+00AC
    { 0, 0, 0, 0, 0, 0, 5292 }, // U+00AD
    { 14, 28, 224, 0, 22, 49, 5292 }, // U+00AE
    { 14, 28, 224, 0, 22, 49, 5341 }, // U+00AF
    { 14, 28, 224, 0, 22, 49, 5390 }, // U+00B0
    { 14, 28, 224, 0, 22, 49, 5439 }, // U+00B1
    { 14, 28, 224, 0, 22, 49, 5488 }, // U+00B2
    { 14, 28, 224, 0, 22, 49, 5537 }, // U+00B3
    { 14, 28, 224, 0, 22, 49, 5586 }, // U+00B4
    { 14, 28, 224, 0, 22, 49, 5635 }, // U+00B5
    { 14, 28, 224, 0, 22, 49, 5684 }, // U+00B6
    { 14, 28, 224, 0, 22, 49, 5733 }, // U+00B7
    { 14, 28, 224, 0, 22, 49, 5782 }, // U+00B8
    { 14, 28, 224, 0, 22, 49, 5831 }, // U+00B9
    { 14, 28, 224, 0, 22, 49, 5880 }, // U+00BA
    { 14, 28, 224, 0, 22, 49, 5929 }, // U+00BB
    { 14, 28, 224, 0, 22, 49, 5978 }, // U+00BC
    { 14, 28, 224, 0, 22, 49, 6027 }, // U+00BD
    { 14, 28, 224, 0, 22, 49, 6076 }, // U+00BE
    { 14, 28, 224, 0, 22, 49, 6125 }, // U+00BF
    { 14, 28, 224, 0, 22, 49, 6174 }, // U+00C0
    { 14, 28, 224, 0, 22, 49, 6223 }, // U+00C1
    { 14, 28, 224, 0, 22, 49, 6272 }, // U+00C2
    { 14, 28, 224, 0, 22, 49, 6321 }, // U+00C3
    { 14, 28, 224, 0, 22, 49, 6370 }, // U+00C4
    { 14, 28, 224, 0, 22, 49, 6419 }, // U+00C5
    { 14, 28, 224, 0, 22, 49, 6468 }, // U+00C6
    { 14, 28, 224, 0, 22, 49, 6517 }, // U+00C7
    { 14, 28, 224, 0, 22, 49, 6566 }, // U+00C8
    { 14, 28, 224, 0, 22, 49, 6615 }, // U+00C9
    { 14, 28, 224, 0, 22, 49, 6664 }, // U+00CA
    { 14, 28, 224, 0, 22, 49, 6713 }, // U+00CB
    { 14, 28, 224, 0, 22, 49, 6762 }, // U+00CC
    { 14, 28, 224, 0, 22, 49, 6811 }, // U+00CD
    { 14, 28, 224, 0, 22, 49, 6860 }, // U+00CE
    { 14, 28, 224, 0, 22, 49, 6909 }, // U+00CF
    { 14, 28, 224, 0, 22, 49, 6958 }, // U+00D0
    { 14, 28, 224, 0, 22, 49, 7007 }, // U+00D1
    { 14, 28, 224, 0, 22, 49, 7056 }, // U+00D2
    { 14, 28, 224, 0, 22, 49, 7105 }, // U+00D3
    { 14, 28, 224, 0, 22, 49, 7154 }, // U+00D4
    { 14, 28, 224, 0, 22, 49, 7203 }, // U+00D5
    { 14, 28, 224, 0, 22, 49, 7252 }, // U+00D6
    { 14, 28, 224, 0, 22, 49, 7301 }, // U+00D7
    { 14, 28, 224, 0, 22, 49, 7350 }, // U+00D8
    { 14, 28, 224, 0, 22, 49, 7399 }, // U+00D9
    { 14, 28, 224, 0, 22, 49, 7448 }, // U+00DA
    { 14, 28, 224, 0, 22, 49, 7497 }, // U+00DB
    { 14, 28, 224, 0, 22, 49, 7546 }, // U+00DC
    { 14, 28, 224, 0, 22, 49, 7595 }, // U+00DD
    { 14, 28, 224, 0, 22, 49, 7644 }, // U+00DE
    { 14, 28, 224, 0, 22, 49, 7693 }, // U+00DF
    { 14, 28, 224, 0, 22, 49, 7742 }, // U+00E0
    { 14, 28, 224, 0, 22, 49, 7791 }, // U+00E1
    { 14, 28, 224, 0, 22, 49, 7840 }, // U+00E2
    { 14, 28, 224, 0, 22, 49, 7889 }, // U+00E3
    { 14, 28, 224, 0, 22, 49, 7938 }, // U+00E4
    { 14, 28, 224, 0, 22, 49, 7987 }, // U+00E5
    { 14, 28, 224, 0, 22, 49, 8036 }, // U+00E6
    { 14, 28, 224, 0, 22, 49, 8085 }, // U+00E7
    { 14, 28, 224, 0, 22, 49, 8134 }, // U+00E8
    { 14, 28, 224, 0, 22, 49, 8183 }, // U+00E9
    { 14, 28, 224, 0, 22, 49, 8232 }, // U+00EA
    { 14, 28, 224, 0, 22, 49, 8281 }, // U+00EB
    { 14, 28, 224, 0, 22, 49, 8330 }, // U+00EC
    { 14, 28, 224, 0, 22, 49, 8379 }, // U+00ED
    { 14, 28, 224, 0, 22, 49, 8428 }, // U+00EE
    { 14, 28, 224, 0, 22, 49, 8477 }, // U+00EF
    { 14, 28, 224, 0, 22, 49, 8526 }, // U+00F0
    { 14, 28, 224, 0, 22, 49, 8575 }, // U+00F1
    { 14, 28, 224, 0, 22, 49, 8624 }, // U+00F2
    { 14, 28, 224, 0, 22, 49, 8673 }, // U+00F3
    { 14, 28, 224, 0, 22, 49, 8722 }, // U+00F4
    { 14, 28, 224, 0, 22, 49, 8771 }, // U+00F5
    { 14, 28, 224, 0, 22, 49, 8820 }, // U+00F6
    { 14, 28, 224, 0, 22, 49, 8869 }, // U+00F7
    { 14, 28, 224, 0, 22, 49, 8918 }, // U+00F8
    { 14, 28, 224, 0, 22, 49, 8967 }, // U+00F9
    { 14, 28, 224, 0, 22, 49, 9016 }, // U+00FA
    { 14, 28, 224, 0, 22, 49, 9065 }, // U+00FB
    { 14, 28, 224, 0, 22, 49, 9114 }, // U+00FC
    { 14, 28, 224, 0, 22, 49, 9163 }, // U+00FD
    { 14, 28, 224, 0, 22, 49, 9212 }, // U+00FE
    { 14, 28, 224, 0, 22, 49, 9261 }, // U+00FF
    { 14, 28, 224, 0, 22, 49, 9310 }, // U+0100
    { 14, 28, 224, 0, 22, 49, 9359 }, // U+0101
    { 14, 28, 224, 0, 22, 49, 9408 }, // U+0102
    { 14, 28, 224, 0, 22, 49, 9457 }, // U+0103
    { 14, 28, 224, 0, 22, 49, 9506 }, // U+0104
    { 14, 28, 224, 0, 22, 49, 9555 }, // U+0105
    { 14, 28, 224, 0, 22, 49, 9604 }, // U+0106
    { 14, 28, 224, 0, 22, 49, 9653 }, // U+0107
    { 14, 28, 224, 0, 22, 49, 9702 }, // U+0108
    { 14, 28, 224, 0, 22, 49, 9751 }, // U+0109
    { 14, 28, 224, 0, 22, 49, 9800 }, // U+010A
    { 14, 28, 224, 0, 22, 49, 9849 }, // U+010B
    { 14, 28, 224, 0, 22, 49, 9898 }, // U+010C
    { 14, 28, 224, 0, 22, 49, 9947 }, // U+010D
    { 14, 28, 224, 0, 22, 49, 9996 }, // U+010E
    { 14, 28, 224, 0, 22, 49, 10045 }, // U+010F
    { 14, 28, 224, 0, 22, 49, 10094 }, // U+0110
    { 14, 28, 224, 0, 22, 49, 10143 }, // U+0111
    { 14, 28, 224, 0, 22, 49, 10192 }, // U+0112
    { 14, 28, 224, 0, 22, 49, 10241 }, // U+0113
    { 14, 28, 224, 0, 22, 49, 10290 }, // U+0114
    { 14, 28, 224, 0, 22, 49, 10339 }, // U+0115
    { 14, 28, 224, 0, 22, 49, 10388 }, // U+0116
    { 14, 28, 224, 0, 22, 49, 10437 }, // U+0117
    { 14, 28, 224, 0, 22, 49, 10486 }, // U+0118
    { 14, 28, 224, 0, 22, 49, 10535 }, // U+0119
    { 14, 28, 224, 0, 22, 49, 10584 }, // U+011A
    { 14, 28, 224, 0, 22, 49, 10633 }, // U+011B
    { 14, 28, 224, 0, 22, 49, 10682 }, // U+011C
    { 14, 28, 224, 0, 22, 49, 10731 }, // U+011D
    { 14, 28, 224, 0, 22, 49, 10780 }, // U+011E
    { 14, 28, 224, 0, 22, 49, 10829 }, // U+011F
    { 14, 28, 224, 0, 22, 49, 10878 }, // U+0120
    { 14, 28, 224, 0, 22, 49, 10927 }, // U+0121
    { 14, 28, 224, 0, 22, 49, 10976 }, // U+0122
    { 14, 28, 224, 0, 22, 49, 11025 }, // U+0123
    { 14, 28, 224, 0, 22, 49, 11074 }, // U+0124
    { 14, 28, 224, 0, 22, 49, 11123 }, // U+0125
    { 14, 28, 224, 0, 22, 49, 11172 }, // U+0126
    { 14, 28, 224, 0, 22, 49, 11221 }, // U+0127
    { 14, 28, 224, 0, 22, 49, 11270 }, // U+0128
    { 14, 28, 224, 0, 22, 49, 11319 }, // U+0129
    { 14, 28, 224, 0, 22, 49, 11368 }, // U+012A
    { 14, 28, 224, 0, 22, 49, 11417 }, // U+012B
    { 14, 28, 224, 0, 22, 49, 11466 }, // U+012C
    { 14, 28, 224, 0, 22, 49, 11515 }, // U+012D
    { 14, 28, 224, 0, 22, 49, 11564 }, // U+012E
    { 14, 28, 224, 0, 22, 49, 11613 }, // U+012F
    { 14, 28, 224, 0, 22, 49, 11662 }, // U+0130
    { 14, 28, 224, 0, 22, 49, 11711 }, // U+0131
    { 14, 28, 224, 0, 22, 49, 11760 }, // U+0132
    { 14, 28, 224, 0, 22, 49, 11809 }, // U+0133
    { 14, 28, 224, 0, 22, 49, 11858 }, // U+0134
    { 14, 28, 224, 0, 22, 49, 11907 }, // U+0135
    { 14, 28, 224, 0, 22, 49, 11956 }, // U+0136
    { 14, 28, 224, 0, 22, 49, 12005 }, // U+0137
    { 14, 28, 224, 0, 22, 49, 12054 }, // U+0138
    { 14, 28, 224, 0, 22, 49, 12103 }, // U+0139
    { 14, 28, 224, 0, 22, 49, 12152 }, // U+013A
    { 14, 28, 224, 0, 22, 49, 12201 }, // U+013B
    { 14, 28, 224, 0, 22, 49, 12250 }, // U+013C
    { 14, 28, 224, 0, 22, 49, 12299 }, // U+013D
    { 14, 28, 224, 0, 22, 49, 12348 }, // U+013E
    { 14, 28, 224, 0, 22, 49, 12397 }, // U+013F
    { 14, 28, 224, 0, 22, 49, 12446 }, // U+0140
    { 14, 28, 224, 0, 22, 49, 12495 }, // U+0141
    { 14, 28, 224, 0, 22, 49, 12544 }, // U+0142
    { 14, 28, 224, 0, 22, 49, 12593 }, // U+0143
    { 14, 28, 224, 0, 22, 49, 12642 }, // U+0144
    { 14, 28, 224, 0, 22, 49, 12691 }, // U+0145
    { 14, 28, 224, 0, 22, 49, 12740 }, // U+0146
    { 14, 28, 224, 0, 22, 49, 12789 }, // U+0147
    { 14, 28, 224, 0, 22, 49, 12838 }, // U+0148
    { 14, 28, 224, 0, 22, 49, 12887 }, // U+0149
    { 14, 28, 224, 0, 22, 49, 12936 }, // U+014A
    { 14, 28, 224, 0, 22, 49, 12985 }, // U+014B
    { 14, 28, 224, 0, 22, 49, 13034 }, // U+014C
    { 14, 28, 224, 0, 22, 49, 13083 }, // U+014D
    { 14, 28, 224, 0, 22, 49, 13132 }, // U+014E
    { 14, 28, 224, 0, 22, 49, 13181 }, // U+014F
    { 14, 28, 224, 0, 22, 49, 13230 }, // U+0150
    { 14, 28, 224, 0, 22, 49, 13279 }, // U+0151
    { 14, 28, 224, 0, 22, 49, 13328 }, // U+0152
    { 14, 28, 224, 0, 22, 49, 13377 }, // U+0153
    { 14, 28, 224, 0, 22, 49, 13426 }, // U+0154
    { 14, 28, 224, 0, 22, 49, 13475 }, // U+0155
    { 14, 28, 224, 0, 22, 49, 13524 }, // U+0156
    { 14, 28, 224, 0, 22, 49, 13573 }, // U+0157
    { 14, 28, 224, 0, 22, 49, 13622 }, // U+0158
    { 14, 28, 224, 0, 22, 49, 13671 }, // U+0159
    { 14, 28, 224, 0, 22, 49, 13720 }, // U+015A
    { 14, 28, 224, 0, 22, 49, 13769 }, // U+015B
    { 14, 28, 224, 0, 22, 49, 13818 }, // U+015C
    { 14, 28, 224, 0, 22, 49, 13867 }, // U+015D
    { 14, 28, 224, 0, 22, 49, 13916 }, // U+015E
    { 14, 28, 224, 0, 22, 49, 13965 }, // U+015F
    { 14, 28, 224, 0, 22, 49, 14014 }, // U+0160
    { 14, 28, 224, 0, 22, 49, 14063 }, // U+0161
    { 14, 28, 224, 0, 22, 49, 14112 }, // U+0162
    { 14, 28, 224, 0, 22, 49, 14161 }, // U+0163
    { 14, 28, 224, 0, 22, 49, 14210 }, // U+0164
    { 14, 28, 224, 0, 22, 49, 14259 }, // U+0165
    { 14, 28, 224, 0, 22, 49, 14308 }, // U+0166
    { 14, 28, 224, 0, 22, 49, 14357 }, // U+0167
    { 14, 28, 224, 0, 22, 49, 14406 }, // U+0168
    { 14, 28, 224, 0, 22, 49, 14455 }, // U+0169
    { 14, 28, 224, 0, 22, 49, 14504 }, // U+016A
    { 14, 28, 224, 0, 22, 49, 14553 }, // U+016B
    { 14, 28, 224, 0, 22, 49, 14602 }, // U+016C
    { 14, 28, 224, 0, 22, 49, 14651 }, // U+016D
    { 14, 28, 224, 0, 22, 49, 14700 }, // U+016E
    { 14, 28, 224, 0, 22, 49, 14749 }, // U+016F
    { 14, 28, 224, 0, 22, 49, 14798 }, // U+0170
    { 14, 28, 224, 0, 22, 49, 14847 }, // U+0171
    { 14, 28, 224, 0, 22, 49, 14896 }, // U+0172
    { 14, 28, 224, 0, 22, 49, 14945 }, // U+0173
    { 14, 28, 224, 0, 22, 49, 14994 }, // U+0174
    { 14, 28, 224, 0, 22, 49, 15043 }, // U+0175
    { 14, 28, 224, 0, 22, 49, 15092 }, // U+0176
    { 14, 28, 224, 0, 22, 49, 15141 }, // U+0177
    { 14, 28, 224, 0, 22, 49, 15190 }, // U+0178
    { 14, 28, 224, 0, 22, 49, 15239 }, // U+0179
    { 14, 28, 224, 0, 22, 49, 15288 }, // U+017A
    { 14, 28, 224, 0, 22, 49, 15337 }, // U+017B
    { 14, 28, 224, 0, 22, 49, 15386 }, // U+017C
    { 14, 28, 224, 0, 22, 49, 15435 }, // U+017D
    { 14, 28, 224, 0, 22, 49, 15484 }, // U+017E
    { 14, 28, 224, 0, 22, 49, 15533 }, // U+017F
    { 14, 19, 253, 1, 18, 34, 15582 }, // U+01A0
    { 12, 15, 195, 0, 14, 23, 15616 }, // U+01A1
    { 15, 19, 244, 1, 18, 36, 15639 }, // U+01AF
    { 12, 15, 205, 1, 14, 23, 15675 }, // U+01B0
    { 24, 16, 417, 1, 16, 48, 15698 }, // U+01C5
    { 23, 17, 379, 0, 16, 49, 15746 }, // U+01C6
    { 21, 17, 374, 1, 16, 45, 15795 }, // U+01C7
    { 15, 21, 264, 1, 16, 40, 15840 }, // U+01C8
    { 8, 21, 156, 1, 16, 21, 15880 }, // U+01C9
    { 25, 17, 435, 1, 16, 54, 15901 }, // U+01CA
    { 19, 21, 326, 1, 16, 50, 15955 }, // U+01CB
    { 15, 21, 272, 1, 16, 40, 16005 }, // U+01CC
    { 14, 28, 224, 0, 22, 49, 16045 }, // U+01CD
    { 14, 28, 224, 0, 22, 49, 16094 }, // U+01CE
    { 14, 28, 224, 0, 22, 49, 16143 }, // U+01CF
    { 14, 28, 224, 0, 22, 49, 16192 }, // U+01D0
    { 14, 28, 224, 0, 22, 49, 16241 }, // U+01D1
    { 14, 28, 224, 0, 22, 49, 16290 }, // U+01D2
    { 14, 28, 224, 0, 22, 49, 16339 }, // U+01D3
    { 14, 28, 224, 0, 22, 49, 16388 }, // U+01D4
    { 13, 23, 245, 1, 22, 38, 16437 }, // U+01D5
    { 10, 19, 194, 1, 18, 24, 16475 }, // U+01D6
    { 13, 24, 245, 1, 23, 39, 16499 }, // U+01D7
    { 10, 20, 194, 1, 19, 25, 16538 }, // U+01D8
    { 13, 24, 245, 1, 23, 39, 16563 }, // U+01D9
    { 10, 20, 194, 1, 19, 25, 16602 }, // U+01DA
    { 13, 24, 245, 1, 23, 39, 16627 }, // U+01DB
    { 10, 20, 194, 1, 19, 25, 16666 }, // U+01DC
    { 11, 13, 191, 0, 12, 18, 16691 }, // U+01DD
    { 14, 22, 227, 0, 22, 39, 16709 }, // U+01DE
    { 10, 19, 184, 0, 18, 24, 16748 }, // U+01DF
    { 14, 22, 227, 0, 22, 39, 16772 }, // U+01E0
    { 10, 19, 184, 0, 18, 24, 16811 }, // U+01E1
    { 14, 28, 224, 0, 22, 49, 16835 }, // U+01E2
    { 14, 28, 224, 0, 22, 49, 16884 }, // U+01E3
    { 14, 28, 224, 0, 22, 49, 16933 }, // U+01E4
    { 14, 28, 224, 0, 22, 49, 16982 }, // U+01E5
    { 14, 28, 224, 0, 22, 49, 17031 }, // U+01E6
    { 14, 28, 224, 0, 22, 49, 17080 }, // U+01E7
    { 14, 28, 224, 0, 22, 49, 17129 }, // U+01E8
    { 14, 28, 224, 0, 22, 49, 17178 }, // U+01E9
    { 14, 28, 224, 0, 22, 49, 17227 }, // U+01EA
    { 14, 28, 224, 0, 22, 49, 17276 }, // U+01EB
    { 14, 28, 224, 0, 22, 49, 17325 }, // U+01EC
    { 14, 28, 224, 0, 22, 49, 17374 }, // U+01ED
    { 14, 28, 224, 0, 22, 49, 17423 }, // U+01EE
    { 14, 28, 224, 0, 22, 49, 17472 }, // U+01EF
    { 14, 28, 224, 0, 22, 49, 17521 }, // U+01F0
    { 26, 16, 447, 1, 16, 52, 17570 }, // U+01F1
    { 24, 16, 417, 1, 16, 48, 17622 }, // U+01F2
    { 23, 17, 379, 0, 16, 49, 17670 }, // U+01F3
    { 14, 28, 224, 0, 22, 49, 17719 }, // U+01F4
    { 14, 28, 224, 0, 22, 49, 17768 }, // U+01F5
    { 21, 17, 367, 1, 16, 45, 17817 }, // U+01F6
    { 11, 21, 209, 1, 16, 29, 17862 }, // U+01F7
    { 13, 20, 248, 1, 20, 33, 17891 }, // U+01F8
    { 10, 16, 194, 1, 16, 20, 17924 }, // U+01F9
    { 14, 24, 227, 0, 24, 42, 17944 }, // U+01FA
    { 10, 21, 184, 0, 20, 27, 17986 }, // U+01FB
    { 14, 28, 224, 0, 22, 49, 18013 }, // U+01FC
    { 14, 28, 224, 0, 22, 49, 18062 }, // U+01FD
    { 14, 28, 224, 0, 22, 49, 18111 }, // U+01FE
    { 14, 28, 224, 0, 22, 49, 18160 }, // U+01FF
    { 14, 20, 227, 0, 20, 35, 18209 }, // U+0200
    { 10, 17, 184, 0, 16, 22, 18244 }, // U+0201
    { 14, 20, 227, 0, 20, 35, 18266 }, // U+0202
    { 10, 17, 184, 0, 16, 22, 18301 }, // U+0203
    { 11, 20, 199, 1, 20, 28, 18323 }, // U+0204
    { 11, 17, 191, 0, 16, 24, 18351 }, // U+0205
    { 11, 20, 199, 1, 20, 28, 18375 }, // U+0206
    { 11, 17, 191, 0, 16, 24, 18403 }, // U+0207
    { 8, 20, 87, -2, 20, 20, 18427 }, // U+0208
    { 8, 16, 78, -3, 16, 16, 18447 }, // U+0209
    { 7, 20, 87, -1, 20, 18, 18463 }, // U+020A
    { 7, 16, 78, -1, 16, 14, 18481 }, // U+020B
    { 14, 21, 254, 1, 20, 37, 18495 }, // U+020C
    { 12, 17, 196, 0, 16, 26, 18532 }, // U+020D
    { 14, 21, 254, 1, 20, 37, 18558 }, // U+020E
    { 12, 17, 196, 0, 16, 26, 18595 }, // U+020F
    { 12, 20, 214, 1, 20, 30, 18621 }, // U+0210
    { 9, 16, 121, -1, 16, 18, 18651 }, // U+0211
    { 12, 20, 214, 1, 20, 30, 18669 }, // U+0212
    { 7, 16, 121, 1, 16, 14, 18699 }, // U+0213
    { 13, 21, 245, 1, 20, 35, 18713 }, // U+0214
    { 10, 17, 194, 1, 16, 22, 18748 }, // U+0215
    { 13, 21, 245, 1, 20, 35, 18770 }, // U+0216
    { 10, 17, 194, 1, 16, 22, 18805 }, // U+0217
    { 14, 28, 224, 0, 22, 49, 18827 }, // U+0218
    { 14, 28, 224, 0, 22, 49, 18876 }, // U+0219
    { 14, 28, 224, 0, 22, 49, 18925 }, // U+021A
    { 14, 28, 224, 0, 22, 49, 18974 }, // U+021B
    { 11, 21, 209, 1, 16, 29, 19023 }, // U+021C
    { 9, 17, 179, 1, 12, 20, 19052 }, // U+021D
    { 13, 20, 245, 1, 20, 33, 19072 }, // U+021E
    { 12, 20, 194, -1, 20, 30, 19105 }, // U+021F
    { 14, 28, 224, 0, 22, 49, 19135 }, // U+0300
    { 14, 28, 224, 0, 22, 49, 19184 }, // U+0301
    { 14, 28, 224, 0, 22, 49, 19233 }, // U+0302
    { 14, 28, 224, 0, 22, 49, 19282 }, // U+0303
    { 14, 28, 224, 0, 22, 49, 19331 }, // U+0304
    { 14, 28, 224, 0, 22, 49, 19380 }, // U+0305
    { 14, 28, 224, 0, 22, 49, 19429 }, // U+0306
    { 14, 28, 224, 0, 22, 49, 19478 }, // U+0307
    { 14, 28, 224, 0, 22, 49, 19527 }, // U+0308
    { 4, 4, 0, 1, 16, 2, 19576 }, // U+0309
    { 14, 28, 224, 0, 22, 49, 19578 }, // U+030A
    { 14, 28, 224, 0, 22, 49, 19627 }, // U+030B
    { 14, 28, 224, 0, 22, 49, 19676 }, // U+030C
    { 8, 4, 0, 1, 16, 4, 19725 }, // U+030F
    { 4, 7, 0, 4, 11, 4, 19729 }, // U+0313
    { 4, 7, 0, 4, 11, 4, 19733 }, // U+0315
    { 4, 5, 0, -5, 15, 3, 19737 }, // U+031B
    { 3, 3, 78, 1, -1, 2, 19740 }, // U+0323
    { 4, 5, 0, -9, -1, 3, 19742 }, // U+0326
    { 5, 6, 0, 1, 1, 4, 19745 }, // U+0327
    { 5, 6, 0, 0, 1, 4, 19749 }, // U+0328
    { 14, 28, 224, 0, 22, 49, 19753 }, // U+0329
    { 7, 4, 0, 1, -1, 4, 19802 }, // U+032C
    { 9, 15, 0, -11, 13, 17, 19806 }, // U+0337
    { 12, 17, 0, -12, 16, 26, 19823 }, // U+0338
    { 7, 3, 0, -9, 16, 3, 19849 }, // U+0342
    { 4, 5, 0, 0, 13, 3, 19852 }, // U+0343
    { 8, 5, 0, -10, 17, 5, 19855 }, // U+0346
    { 7, 5, 0, -10, -3, 5, 19860 }, // U+0347
    { 5, 5, 0, -8, -1, 4, 19865 }, // U+0348
    { 5, 5, 0, -8, -1, 4, 19869 }, // U+0349
    { 8, 5, 0, -10, 17, 5, 19873 }, // U+034A
    { 9, 8, 0, -11, 19, 9, 19878 }, // U+034B
    { 8, 5, 0, -10, 17, 5, 19887 }, // U+034C
    { 10, 5, 0, -11, -1, 7, 19892 }, // U+034D
    { 6, 6, 0, -9, 0, 5, 19899 }, // U+034E
    { 0, 0, 0, 0, 0, 0, 19904 }, // U+034F
    { 9, 8, 0, -10, 21, 9, 19904 }, // U+0350
    { 3, 5, 0, -7, 16, 2, 19913 }, // U+0351
    { 8, 7, 0, -10, 18, 7, 19915 }, // U+0352
    { 6, 6, 0, -8, 0, 5, 19922 }, // U+0353
    { 6, 6, 0, -8, 0, 5, 19927 }, // U+0354
    { 6, 6, 0, -8, 0, 5, 19932 }, // U+0355
    { 12, 6, 0, -10, 0, 9, 19937 }, // U+0356
    { 4, 7, 0, 0, 18, 4, 19946 }, // U+0357
    { 3, 3, 0, 1, 16, 2, 19950 }, // U+0358
    { 6, 6, 0, -9, 0, 5, 19952 }, // U+0359
    { 9, 5, 0, -10, 0, 6, 19957 }, // U+035A
    { 5, 5, 0, -8, 17, 4, 19963 }, // U+035B
    { 16, 4, 0, -8, 0, 8, 19967 }, // U+035C
    { 16, 4, 0, -8, 16, 8, 19975 }, // U+035D
    { 14, 3, 0, -13, 16, 6, 19983 }, // U+035E
    { 14, 3, 0, -13, -1, 6, 19989 }, // U+035F
    { 20, 4, 0, -10, 16, 10, 19995 }, // U+0360
    { 16, 4, 0, -8, 16, 8, 20005 }, // U+0361
    { 17, 5, 0, -8, -1, 11, 20013 }, // U+0362
    { 6, 6, 0, -9, 18, 5, 20024 }, // U+0363
    { 6, 6, 0, -9, 18, 5, 20029 }, // U+0364
    { 2, 8, 0, -7, 20, 2, 20034 }, // U+0365
    { 6, 6, 0, -9, 18, 5, 20036 }, // U+0366
    { 6, 6, 0, -9, 18, 5, 20041 }, // U+0367
    { 6, 6, 0, -9, 18, 5, 20046 }, // U+0368
    { 6, 9, 0, -9, 21, 7, 20051 }, // U+0369
    { 6, 9, 0, -9, 21, 7, 20058 }, // U+036A
    { 9, 6, 0, -10, 18, 7, 20065 }, // U+036B
    { 4, 6, 0, -8, 18, 3, 20072 }, // U+036C
    { 4, 8, 0, 0, 20, 4, 20075 }, // U+036D
    { 6, 6, 0, -9, 18, 5, 20079 }, // U+036E
    { 6, 6, 0, -8, 18, 5, 20084 }, // U+036F
    { 14, 28, 224, 0, 22, 49, 20089 }, // U+0400
    { 14, 28, 224, 0, 22, 49, 20138 }, // U+0401
    { 14, 28, 224, 0, 22, 49, 20187 }, // U+0402
    { 14, 28, 224, 0, 22, 49, 20236 }, // U+0403
    { 14, 28, 224, 0, 22, 49, 20285 }, // U+0404
    { 14, 28, 224, 0, 22, 49, 20334 }, // U+0405
    { 14, 28, 224, 0, 22, 49, 20383 }, // U+0406
    { 14, 28, 224, 0, 22, 49, 20432 }, // U+0407
    { 14, 28, 224, 0, 22, 49, 20481 }, // U+0408
    { 14, 28, 224, 0, 22, 49, 20530 }, // U+0409
    { 14, 28, 224, 0, 22, 49, 20579 }, // U+040A
    { 14, 28, 224, 0, 22, 49, 20628 }, // U+040B
    { 14, 28, 224, 0, 22, 49, 20677 }, // U+040C
    { 14, 28, 224, 0, 22, 49, 20726 }, // U+040D
    { 14, 28, 224, 0, 22, 49, 20775 }, // U+040E
    { 14, 28, 224, 0, 22, 49, 20824 }, // U+040F
    { 14, 28, 224, 0, 22, 49, 20873 }, // U+0410
    { 14, 28, 224, 0, 22, 49, 20922 }, // U+0411
    { 14, 28, 224, 0, 22, 49, 20971 }, // U+0412
    { 14, 28, 224, 0, 22, 49, 21020 }, // U+0413
    { 14, 28, 224, 0, 22, 49, 21069 }, // U+0414
    { 14, 28, 224, 0, 22, 49, 21118 }, // U+0415
    { 14, 28, 224, 0, 22, 49, 21167 }, // U+0416
    { 14, 28, 224, 0, 22, 49, 21216 }, // U+0417
    { 14, 28, 224, 0, 22, 49, 21265 }, // U+0418
    { 14, 28, 224, 0, 22, 49, 21314 }, // U+0419
    { 14, 28, 224, 0, 22, 49, 21363 }, // U+041A
    { 14, 28, 224, 0, 22, 49, 21412 }, // U+041B
    { 14, 28, 224, 0, 22, 49, 21461 }, // U+041C
    { 14, 28, 224, 0, 22, 49, 21510 }, // U+041D
    { 14, 28, 224, 0, 22, 49, 21559 }, // U+041E
    { 14, 28, 224, 0, 22, 49, 21608 }, // U+041F
    { 14, 28, 224, 0, 22, 49, 21657 }, // U+0420
    { 14, 28, 224, 0, 22, 49, 21706 }, // U+0421
    { 14, 28, 224, 0, 22, 49, 21755 }, // U+0422
    { 14, 28, 224, 0, 22, 49, 21804 }, // U+0423
    { 14, 28, 224, 0, 22, 49, 21853 }, // U+0424
    { 14, 28, 224, 0, 22, 49, 21902 }, // U+0425
    { 14, 28, 224, 0, 22, 49, 21951 }, // U+0426
    { 14, 28, 224, 0, 22, 49, 22000 }, // U+0427
    { 14, 28, 224, 0, 22, 49, 22049 }, // U+0428
    { 14, 28, 224, 0, 22, 49, 22098 }, // U+0429
    { 14, 28, 224, 0, 22, 49, 22147 }, // U+042A
    { 14, 28, 224, 0, 22, 49, 22196 }, // U+042B
    { 14, 28, 224, 0, 22, 49, 22245 }, // U+042C
    { 14, 28, 224, 0, 22, 49, 22294 }, // U+042D
    { 14, 28, 224, 0, 22, 49, 22343 }, // U+042E
    { 14, 28, 224, 0, 22, 49, 22392 }, // U+042F
    { 14, 28, 224, 0, 22, 49, 22441 }, // U+0430
    { 14, 28, 224, 0, 22, 49, 22490 }, // U+0431
    { 14, 28, 224, 0, 22, 49, 22539 }, // U+0432
    { 14, 28, 224, 0, 22, 49, 22588 }, // U+0433
    { 14, 28, 224, 0, 22, 49, 22637 }, // U+0434
    { 14, 28, 224, 0, 22, 49, 22686 }, // U+0435
    { 14, 28, 224, 0, 22, 49, 22735 }, // U+0436
    { 14, 28, 224, 0, 22, 49, 22784 }, // U+0437
    { 14, 28, 224, 0, 22, 49, 22833 }, // U+0438
    { 14, 28, 224, 0, 22, 49, 22882 }, // U+0439
    { 14, 28, 224, 0, 22, 49, 22931 }, // U+043A
    { 14, 28, 224, 0, 22, 49, 22980 }, // U+043B
    { 14, 28, 224, 0, 22, 49, 23029 }, // U+043C
    { 14, 28, 224, 0, 22, 49, 23078 }, // U+043D
    { 14, 28, 224, 0, 22, 49, 23127 }, // U+043E
    { 14, 28, 224, 0, 22, 49, 23176 }, // U+043F
    { 14, 28, 224, 0, 22, 49, 23225 }, // U+0440
    { 14, 28, 224, 0, 22, 49, 23274 }, // U+0441
    { 14, 28, 224, 0, 22, 49, 23323 }, // U+0442
    { 14, 28, 224, 0, 22, 49, 23372 }, // U+0443
    { 14, 28, 224, 0, 22, 49, 23421 }, // U+0444
    { 14, 28, 224, 0, 22, 49, 23470 }, // U+0445
    { 14, 28, 224, 0, 22, 49, 23519 }, // U+0446
    { 14, 28, 224, 0, 22, 49, 23568 }, // U+0447
    { 14, 28, 224, 0, 22, 49, 23617 }, // U+0448
    { 14, 28, 224, 0, 22, 49, 23666 }, // U+0449
    { 14, 28, 224, 0, 22, 49, 23715 }, // U+044A
    { 14, 28, 224, 0, 22, 49, 23764 }, // U+044B
    { 14, 28, 224, 0, 22, 49, 23813 }, // U+044C
    { 14, 28, 224, 0, 22, 49, 23862 }, // U+044D
    { 14, 28, 224, 0, 22, 49, 23911 }, // U+044E
    { 14, 28, 224, 0, 22, 49, 23960 }, // U+044F
    { 14, 28, 224, 0, 22, 49, 24009 }, // U+0450
    { 14, 28, 224, 0, 22, 49, 24058 }, // U+0451
    { 14, 28, 224, 0, 22, 49, 24107 }, // U+0452
    { 14, 28, 224, 0, 22, 49, 24156 }, // U+0453
    { 14, 28, 224, 0, 22, 49, 24205 }, // U+0454
    { 14, 28, 224, 0, 22, 49, 24254 }, // U+0455
    { 14, 28, 224, 0, 22, 49, 24303 }, // U+0456
    { 14, 28, 224, 0, 22, 49, 24352 }, // U+0457
    { 14, 28, 224, 0, 22, 49, 24401 }, // U+0458
    { 14, 28, 224, 0, 22, 49, 24450 }, // U+0459
    { 14, 28, 224, 0, 22, 49, 24499 }, // U+045A
    { 14, 28, 224, 0, 22, 49, 24548 }, // U+045B
    { 14, 28, 224, 0, 22, 49, 24597 }, // U+045C
    { 14, 28, 224, 0, 22, 49, 24646 }, // U+045D
    { 14, 28, 224, 0, 22, 49, 24695 }, // U+045E
    { 14, 28, 224, 0, 22, 49, 24744 }, // U+045F
    { 16, 17, 296, 1, 16, 34, 24793 }, // U+0460
    { 15, 13, 266, 1, 12, 25, 24827 }, // U+0461
    { 14, 28, 224, 0, 22, 49, 24852 }, // U+0462
    { 14, 28, 224, 0, 22, 49, 24901 }, // U+0463
    { 18, 17, 316, 1, 16, 39, 24950 }, // U+0464
    { 15, 13, 258, 1, 12, 25, 24989 }, // U+0465
    { 14, 16, 227, 0, 16, 28, 25014 }, // U+0466
    { 12, 12, 188, 0, 12, 18, 25042 }, // U+0467
    { 18, 16, 310, 1, 16, 36, 25060 }, // U+0468
    { 15, 12, 257, 1, 12, 23, 25096 }, // U+0469
    { 14, 28, 224, 0, 22, 49, 25119 }, // U+046A
    { 14, 28, 224, 0, 22, 49, 25168 }, // U+046B
    { 22, 16, 379, 1, 16, 44, 25217 }, // U+046C
    { 18, 12, 317, 1, 12, 27, 25261 }, // U+046D
    { 9, 25, 179, 1, 20, 29, 25288 }, // U+046E
    { 10, 21, 171, 0, 16, 27, 25317 }, // U+046F
    { 16, 16, 291, 1, 16, 32, 25344 }, // U+0470
    { 14, 19, 256, 1, 14, 34, 25376 }, // U+0471
    { 14, 17, 254, 1, 16, 30, 25410 }, // U+0472
    { 12, 13, 196, 0, 12, 20, 25440 }, // U+0473
    { 15, 16, 232, 0, 16, 30, 25460 }, // U+0474
    { 12, 12, 195, 0, 12, 18, 25490 }, // U+0475
    { 15, 20, 232, 0, 20, 38, 25508 }, // U+0476
    { 12, 16, 195, 0, 16, 24, 25546 }, // U+0477
    { 26, 21, 437, 1, 16, 69, 25570 }, // U+0478
    { 23, 17, 373, 0, 12, 49, 25639 }, // U+0479
    { 13, 16, 236, 1, 16, 26, 25688 }, // U+0480
    { 11, 16, 185, 0, 12, 22, 25714 }, // U+0481
    { 11, 14, 208, 1, 14, 20, 25736 }, // U+0482
    { 8, 4, 0, -10, 16, 4, 25756 }, // U+0483
    { 9, 3, 0, -10, 16, 4, 25760 }, // U+0484
    { 3, 4, 0, -7, 17, 2, 25764 }, // U+0485
    { 4, 4, 0, -7, 17, 2, 25766 }, // U+0486
    { 9, 3, 0, -10, 16, 4, 25768 }, // U+0487
    { 21, 19, 0, -16, 15, 50, 25772 }, // U+0488
    { 20, 21, 0, -16, 16, 53, 25822 }, // U+0489
    { 15, 24, 248, 1, 20, 45, 25875 }, // U+048A
    { 12, 20, 194, 1, 16, 30, 25920 }, // U+048B
    { 14, 16, 228, 0, 16, 28, 25950 }, // U+048C
    { 12, 14, 203, 0, 14, 21, 25978 }, // U+048D
    { 12, 16, 209, 1, 16, 24, 25999 }, // U+048E
    { 11, 17, 201, 1, 12, 24, 26023 }, // U+048F
    { 14, 28, 224, 0, 22, 49, 26047 }, // U+0490
    { 14, 28, 224, 0, 22, 49, 26096 }, // U+0491
    { 14, 28, 224, 0, 22, 49, 26145 }, // U+0492
    { 14, 28, 224, 0, 22, 49, 26194 }, // U+0493
    { 14, 28, 224, 0, 22, 49, 26243 }, // U+0494
    { 14, 28, 224, 0, 22, 49, 26292 }, // U+0495
    { 14, 28, 224, 0, 22, 49, 26341 }, // U+0496
    { 14, 28, 224, 0, 22, 49, 26390 }, // U+0497
    { 14, 28, 224, 0, 22, 49, 26439 }, // U+0498
    { 14, 28, 224, 0, 22, 49, 26488 }, // U+0499
    { 14, 28, 224, 0, 22, 49, 26537 }, // U+049A
    { 14, 28, 224, 0, 22, 49, 26586 }, // U+049B
    { 14, 28, 224, 0, 22, 49, 26635 }, // U+049C
    { 14, 28, 224, 0, 22, 49, 26684 }, // U+049D
    { 14, 28, 224, 0, 22, 49, 26733 }, // U+04A0
    { 14, 28, 224, 0, 22, 49, 26782 }, // U+04A1
    { 14, 28, 224, 0, 22, 49, 26831 }, // U+04A2
    { 14, 28, 224, 0, 22, 49, 26880 }, // U+04A3
    { 14, 28, 224, 0, 22, 49, 26929 }, // U+04A4
    { 14, 28, 224, 0, 22, 49, 26978 }, // U+04A5
    { 21, 17, 367, 1, 16, 45, 27027 }, // U+04A6
    { 18, 15, 305, 1, 12, 34, 27072 }, // U+04A7
    { 19, 17, 326, 1, 16, 41, 27106 }, // U+04A8
    { 16, 13, 257, 0, 12, 26, 27147 }, // U+04A9
    { 14, 28, 224, 0, 22, 49, 27173 }, // U+04AA
    { 14, 28, 224, 0, 22, 49, 27222 }, // U+04AB
    { 13, 20, 213, 0, 16, 33, 27271 }, // U+04AC
    { 10, 16, 155, 0, 12, 20, 27304 }, // U+04AD
    { 14, 28, 224, 0, 22, 49, 27324 }, // U+04AE
    { 14, 28, 224, 0, 22, 49, 27373 }, // U+04AF
    { 14, 28, 224, 0, 22, 49, 27422 }, // U+04B0
    { 14, 28, 224, 0, 22, 49, 27471 }, // U+04B1
    { 14, 28, 224, 0, 22, 49, 27520 }, // U+04B2
    { 14, 28, 224, 0, 22, 49, 27569 }, // U+04B3
    { 19, 20, 303, 0, 16, 48, 27618 }, // U+04B4
    { 14, 16, 218, 0, 12, 28, 27666 }, // U+04B5
    { 14, 28, 224, 0, 22, 49, 27694 }, // U+04B6
    { 14, 28, 224, 0, 22, 49, 27743 }, // U+04B7
    { 14, 28, 224, 0, 22, 49, 27792 }, // U+04B8
    { 14, 28, 224, 0, 22, 49, 27841 }, // U+04B9
    { 14, 28, 224, 0, 22, 49, 27890 }, // U+04BA
    { 14, 28, 224, 0, 22, 49, 27939 }, // U+04BB
    { 17, 17, 279, 0, 16, 37, 27988 }, // U+04BC
    { 14, 13, 235, 0, 12, 23, 28025 }, // U+04BD
    { 17, 20, 279, 0, 16, 43, 28048 }, // U+04BE
    { 14, 17, 235, 0, 12, 30, 28091 }, // U+04BF
    { 14, 28, 224, 0, 22, 49, 28121 }, // U+04C0
    { 14, 28, 224, 0, 22, 49, 28170 }, // U+04C1
    { 14, 28, 224, 0, 22, 49, 28219 }, // U+04C2
    { 12, 20, 225, 1, 16, 30, 28268 }, // U+04C3
    { 11, 15, 193, 1, 12, 21, 28298 }, // U+04C4
    { 16, 20, 246, 0, 16, 40, 28319 }, // U+04C5
    { 13, 16, 190, 0, 12, 26, 28359 }, // U+04C6
    { 13, 21, 245, 1, 16, 35, 28385 }, // U+04C7
    { 10, 17, 193, 1, 12, 22, 28420 }, // U+04C8
    { 15, 20, 245, 1, 16, 38, 28442 }, // U+04C9
    { 12, 16, 193, 1, 12, 24, 28480 }, // U+04CA
    { 14, 20, 235, 1, 16, 35, 28504 }, // U+04CB
    { 11, 16, 194, 1, 12, 22, 28539 }, // U+04CC
    { 18, 20, 298, 1, 16, 45, 28561 }, // U+04CD
    { 16, 16, 254, 1, 12, 32, 28606 }, // U+04CE
    { 14, 28, 224, 0, 22, 49, 28638 }, // U+04CF
    { 14, 28, 224, 0, 22, 49, 28687 }, // U+04D0
    { 14, 28, 224, 0, 22, 49, 28736 }, // U+04D1
    { 14, 28, 224, 0, 22, 49, 28785 }, // U+04D2
    { 14, 28, 224, 0, 22, 49, 28834 }, // U+04D3
    { 14, 28, 224, 0, 22, 49, 28883 }, // U+04D4
    { 14, 28, 224, 0, 22, 49, 28932 }, // U+04D5
    { 14, 28, 224, 0, 22, 49, 28981 }, // U+04D6
    { 14, 28, 224, 0, 22, 49, 29030 }, // U+04D7
    { 14, 28, 224, 0, 22, 49, 29079 }, // U+04D8
    { 14, 28, 224, 0, 22, 49, 29128 }, // U+04D9
    { 14, 28, 224, 0, 22, 49, 29177 }, // U+04DA
    { 14, 28, 224, 0, 22, 49, 29226 }, // U+04DB
    { 14, 28, 224, 0, 22, 49, 29275 }, // U+04DC
    { 14, 28, 224, 0, 22, 49, 29324 }, // U+04DD
    { 14, 28, 224, 0, 22, 49, 29373 }, // U+04DE
    { 14, 28, 224, 0, 22, 49, 29422 }, // U+04DF
    { 11, 17, 205, 1, 16, 24, 29471 }, // U+04E0
    { 11, 17, 205, 1, 12, 24, 29495 }, // U+04E1
    { 14, 28, 224, 0, 22, 49, 29519 }, // U+04E2
    { 14, 28, 224, 0, 22, 49, 29568 }, // U+04E3
    { 14, 28, 224, 0, 22, 49, 29617 }, // U+04E4
    { 14, 28, 224, 0, 22, 49, 29666 }, // U+04E5
    { 14, 28, 224, 0, 22, 49, 29715 }, // U+04E6
    { 14, 28, 224, 0, 22, 49, 29764 }, // U+04E7
    { 14, 28, 224, 0, 22, 49, 29813 }, // U+04E8
    { 14, 28, 224, 0, 22, 49, 29862 }, // U+04E9
    { 14, 28, 224, 0, 22, 49, 29911 }, // U+04EA
    { 14, 28, 224, 0, 22, 49, 29960 }, // U+04EB
    { 14, 28, 224, 0, 22, 49, 30009 }, // U+04EC
    { 14, 28, 224, 0, 22, 49, 30058 }, // U+04ED
    { 14, 28, 224, 0, 22, 49, 30107 }, // U+04EE
    { 14, 28, 224, 0, 22, 49, 30156 }, // U+04EF
    { 14, 28, 224, 0, 22, 49, 30205 }, // U+04F0
    { 14, 28, 224, 0, 22, 49, 30254 }, // U+04F1
    { 14, 28, 224, 0, 22, 49, 30303 }, // U+04F2
    { 14, 28, 224, 0, 22, 49, 30352 }, // U+04F3
    { 14, 28, 224, 0, 22, 49, 30401 }, // U+04F4
    { 14, 28, 224, 0, 22, 49, 30450 }, // U+04F5
    { 10, 20, 190, 1, 16, 25, 30499 }, // U+04F6
    { 8, 16, 144, 1, 12, 16, 30524 }, // U+04F7
    { 14, 28, 224, 0, 22, 49, 30540 }, // U+04F8
    { 14, 28, 224, 0, 22, 49, 30589 }, // U+04F9
    { 12, 21, 196, 0, 16, 32, 30638 }, // U+04FA
    { 9, 17, 144, 0, 12, 20, 30670 }, // U+04FB
    { 15, 21, 233, 0, 16, 40, 30690 }, // U+04FC
    { 11, 17, 171, 0, 12, 24, 30730 }, // U+04FD
    { 14, 16, 225, 0, 16, 28, 30754 }, // U+04FE
    { 11, 12, 179, 0, 12, 17, 30782 }, // U+04FF
    { 14, 20, 227, 0, 16, 35, 30799 }, // U+1EA0
    { 10, 16, 184, 0, 12, 20, 30834 }, // U+1EA1
    { 14, 20, 227, 0, 20, 35, 30854 }, // U+1EA2
    { 10, 17, 184, 0, 16, 22, 30889 }, // U+1EA3
    { 14, 23, 227, 0, 23, 41, 30911 }, // U+1EA4
    { 11, 20, 184, 0, 19, 28, 30952 }, // U+1EA5
    { 14, 23, 227, 0, 23, 41, 30980 }, // U+1EA6
    { 10, 20, 184, 0, 19, 25, 31021 }, // U+1EA7
    { 14, 23, 227, 0, 23, 41, 31046 }, // U+1EA8
    { 10, 20, 184, 0, 19, 25, 31087 }, // U+1EA9
    { 14, 23, 227, 0, 23, 41, 31112 }, // U+1EAA
    { 10, 20, 184, 0, 19, 25, 31153 }, // U+1EAB
    { 14, 24, 227, 0, 20, 42, 31178 }, // U+1EAC
    { 10, 20, 184, 0, 16, 25, 31220 }, // U+1EAD
    { 14, 23, 227, 0, 23, 41, 31245 }, // U+1EAE
    { 10, 20, 184, 0, 19, 25, 31286 }, // U+1EAF
    { 14, 23, 227, 0, 23, 41, 31311 }, // U+1EB0
    { 10, 20, 184, 0, 19, 25, 31352 }, // U+1EB1
    { 14, 23, 227, 0, 23, 41, 31377 }, // U+1EB2
    { 10, 20, 184, 0, 19, 25, 31418 }, // U+1EB3
    { 14, 23, 227, 0, 23, 41, 31443 }, // U+1EB4
    { 10, 20, 184, 0, 19, 25, 31484 }, // U+1EB5
    { 14, 24, 227, 0, 20, 42, 31509 }, // U+1EB6
    { 10, 20, 184, 0, 16, 25, 31551 }, // U+1EB7
    { 14, 28, 224, 0, 22, 49, 31576 }, // U+1EB8
    { 14, 28, 224, 0, 22, 49, 31625 }, // U+1EB9
    { 11, 20, 199, 1, 20, 28, 31674 }, // U+1EBA
    { 11, 17, 191, 0, 16, 24, 31702 }, // U+1EBB
    { 14, 28, 224, 0, 22, 49, 31726 }, // U+1EBC
    { 14, 28, 224, 0, 22, 49, 31775 }, // U+1EBD
    { 11, 23, 199, 1, 23, 32, 31824 }, // U+1EBE
    { 11, 20, 191, 0, 19, 28, 31856 }, // U+1EBF
    { 11, 23, 199, 1, 23, 32, 31884 }, // U+1EC0
    { 11, 20, 191, 0, 19, 28, 31916 }, // U+1EC1
    { 11, 23, 199, 1, 23, 32, 31944 }, // U+1EC2
    { 11, 20, 191, 0, 19, 28, 31976 }, // U+1EC3
    { 11, 23, 199, 1, 23, 32, 32004 }, // U+1EC4
    { 11, 20, 191, 0, 19, 28, 32036 }, // U+1EC5
    { 11, 24, 199, 1, 20, 33, 32064 }, // U+1EC6
    { 11, 20, 191, 0, 16, 28, 32097 }, // U+1EC7
    { 4, 20, 87, 1, 20, 10, 32125 }, // U+1EC8
    { 4, 16, 78, 0, 16, 8, 32135 }, // U+1EC9
    { 14, 28, 224, 0, 22, 49, 32143 }, // U+1ECA
    { 14, 28, 224, 0, 22, 49, 32192 }, // U+1ECB
    { 14, 28, 224, 0, 22, 49, 32241 }, // U+1ECC
    { 14, 28, 224, 0, 22, 49, 32290 }, // U+1ECD
    { 14, 21, 254, 1, 20, 37, 32339 }, // U+1ECE
    { 12, 17, 196, 0, 16, 26, 32376 }, // U+1ECF
    { 14, 24, 254, 1, 23, 42, 32402 }, // U+1ED0
    { 12, 20, 196, 0, 19, 30, 32444 }, // U+1ED1
    { 14, 24, 254, 1, 23, 42, 32474 }, // U+1ED2
    { 12, 20, 196, 0, 19, 30, 32516 }, // U+1ED3
    { 14, 24, 254, 1, 23, 42, 32546 }, // U+1ED4
    { 12, 20, 196, 0, 19, 30, 32588 }, // U+1ED5
    { 14, 24, 254, 1, 23, 42, 32618 }, // U+1ED6
    { 12, 20, 196, 0, 19, 30, 32660 }, // U+1ED7
    { 14, 24, 254, 1, 20, 42, 32690 }, // U+1ED8
    { 12, 20, 196, 0, 16, 30, 32732 }, // U+1ED9
    { 14, 21, 253, 1, 20, 37, 32762 }, // U+1EDA
    { 12, 17, 195, 0, 16, 26, 32799 }, // U+1EDB
    { 14, 21, 253, 1, 20, 37, 32825 }, // U+1EDC
    { 12, 17, 195, 0, 16, 26, 32862 }, // U+1EDD
    { 14, 21, 253, 1, 20, 37, 32888 }, // U+1EDE
    { 12, 17, 195, 0, 16, 26, 32925 }, // U+1EDF
    { 14, 21, 253, 1, 20, 37, 32951 }, // U+1EE0
    { 12, 17, 195, 0, 16, 26, 32988 }, // U+1EE1
    { 14, 22, 253, 1, 18, 39, 33014 }, // U+1EE2
    { 12, 18, 195, 0, 14, 27, 33053 }, // U+1EE3
    { 14, 28, 224, 0, 22, 49, 33080 }, // U+1EE4
    { 14, 28, 224, 0, 22, 49, 33129 }, // U+1EE5
    { 13, 21, 245, 1, 20, 35, 33178 }, // U+1EE6
    { 10, 17, 194, 1, 16, 22, 33213 }, // U+1EE7
    { 15, 21, 244, 1, 20, 40, 33235 }, // U+1EE8
    { 12, 17, 205, 1, 16, 26, 33275 }, // U+1EE9
    { 15, 21, 244, 1, 20, 40, 33301 }, // U+1EEA
    { 12, 17, 205, 1, 16, 26, 33341 }, // U+1EEB
    { 15, 21, 244, 1, 20, 40, 33367 }, // U+1EEC
    { 12, 17, 205, 1, 16, 26, 33407 }, // U+1EED
    { 15, 21, 244, 1, 20, 40, 33433 }, // U+1EEE
    { 12, 17, 205, 1, 16, 26, 33473 }, // U+1EEF
    { 15, 22, 244, 1, 18, 42, 33499 }, // U+1EF0
    { 12, 18, 205, 1, 14, 27, 33541 }, // U+1EF1
    { 14, 20, 224, 0, 20, 35, 33568 }, // U+1EF2
    { 11, 21, 184, 0, 16, 29, 33603 }, // U+1EF3
    { 14, 20, 224, 0, 16, 35, 33632 }, // U+1EF4
    { 11, 17, 184, 0, 12, 24, 33667 }, // U+1EF5
    { 14, 20, 224, 0, 20, 35, 33691 }, // U+1EF6
    { 11, 21, 184, 0, 16, 29, 33726 }, // U+1EF7
    { 14, 28, 224, 0, 22, 49, 33755 }, // U+1EF8
    { 14, 28, 224, 0, 22, 49, 33804 }, // U+1EF9
    { 14, 28, 224, 0, 22, 49, 33853 }, // U+2000
    { 14, 28, 224, 0, 22, 49, 33902 }, // U+2001
    { 14, 28, 224, 0, 22, 49, 33951 }, // U+2002
    { 14, 28, 224, 0, 22, 49, 34000 }, // U+2003
    { 14, 28, 224, 0, 22, 49, 34049 }, // U+2004
    { 14, 28, 224, 0, 22, 49, 34098 }, // U+2005
    { 14, 28, 224, 0, 22, 49, 34147 }, // U+2006
    { 14, 28, 224, 0, 22, 49, 34196 }, // U+2007
    { 14, 28, 224, 0, 22, 49, 34245 }, // U+2008
    { 14, 28, 224, 0, 22, 49, 34294 }, // U+2009
    { 14, 28, 224, 0, 22, 49, 34343 }, // U+200A
    { 0, 0, 0, 0, 0, 0, 34392 }, // U+200B
    { 0, 0, 0, 0, 0, 0, 34392 }, // U+200C
    { 0, 0, 0, 0, 0, 0, 34392 }, // U+200D
    { 0, 0, 0, 0, 0, 0, 34392 }, // U+200E
    { 0, 0, 0, 0, 0, 0, 34392 }, // U+200F
    { 14, 28, 224, 0, 22, 49, 34392 }, // U+2010
    { 14, 28, 224, 0, 22, 49, 34441 }, // U+2011
    { 14, 28, 224, 0, 22, 49, 34490 }, // U+2012
    { 14, 28, 224, 0, 22, 49, 34539 }, // U+2013
    { 14, 28, 224, 0, 22, 49, 34588 }, // U+2014
    { 14, 28, 224, 0, 22, 49, 34637 }, // U+2015
    { 14, 28, 224, 0, 22, 49, 34686 }, // U+2016
    { 14, 28, 224, 0, 22, 49, 34735 }, // U+2017
    { 14, 28, 224, 0, 22, 49, 34784 }, // U+2018
    { 14, 28, 224, 0, 22, 49, 34833 }, // U+2019
    { 14, 28, 224, 0, 22, 49, 34882 }, // U+201A
    { 14, 28, 224, 0, 22, 49, 34931 }, // U+201B
    { 14, 28, 224, 0, 22, 49, 34980 }, // U+201C
    { 14, 28, 224, 0, 22, 49, 35029 }, // U+201D
    { 14, 28, 224, 0, 22, 49, 35078 }, // U+201E
    { 14, 28, 224, 0, 22, 49, 35127 }, // U+201F
    { 14, 28, 224, 0, 22, 49, 35176 }, // U+2020
    { 14, 28, 224, 0, 22, 49, 35225 }, // U+2021
    { 14, 28, 224, 0, 22, 49, 35274 }, // U+2022
    { 6, 8, 183, 3, 10, 6, 35323 }, // U+2023
    { 4, 4, 91, 1, 3, 2, 35329 }, // U+2024
    { 9, 4, 182, 1, 3, 5, 35331 }, // U+2025
    { 14, 28, 224, 0, 22, 49, 35336 }, // U+2026
    { 4, 4, 91, 1, 9, 2, 35385 }, // U+2027
    { 0, 0, 0, 0, 0, 0, 35387 }, // U+202A
    { 0, 0, 0, 0, 0, 0, 35387 }, // U+202B
    { 0, 0, 0, 0, 0, 0, 35387 }, // U+202C
    { 0, 0, 0, 0, 0, 0, 35387 }, // U+202D
    { 0, 0, 0, 0, 0, 0, 35387 }, // U+202E
    { 0, 0, 58, 0, 0, 0, 35387 }, // U+202F
    { 14, 28, 224, 0, 22, 49, 35387 }, // U+2030
    { 31, 17, 550, 2, 16, 66, 35436 }, // U+2031
    { 14, 28, 224, 0, 22, 49, 35502 }, // U+2032
    { 14, 28, 224, 0, 22, 49, 35551 }, // U+2033
    { 13, 7, 213, 0, 16, 12, 35600 }, // U+2034
    { 4, 7, 72, 0, 16, 4, 35612 }, // U+2035
    { 8, 7, 143, 0, 16, 7, 35616 }, // U+2036
    { 13, 7, 213, 0, 16, 12, 35623 }, // U+2037
    { 9, 6, 149, 0, 0, 7, 35635 }, // U+2038
    { 14, 28, 224, 0, 22, 49, 35642 }, // U+2039
    { 14, 28, 224, 0, 22, 49, 35691 }, // U+203A
    { 13, 12, 210, 0, 13, 20, 35740 }, // U+203B
    { 14, 28, 224, 0, 22, 49, 35760 }, // U+203C
    { 10, 17, 168, 0, 16, 22, 35809 }, // U+203D
    { 14, 28, 224, 0, 22, 49, 35831 }, // U+203E
    { 17, 4, 270, 0, -1, 9, 35880 }, // U+203F
    { 17, 4, 270, 0, 16, 9, 35889 }, // U+2040
    { 9, 12, 148, 0, 6, 14, 35898 }, // U+2041
    { 13, 13, 239, 1, 14, 22, 35912 }, // U+2042
    { 7, 2, 183, 2, 7, 2, 35934 }, // U+2043
    { 13, 16, 59, -5, 16, 26, 35936 }, // U+2044
    { 5, 20, 117, 2, 17, 13, 35962 }, // U+2045
    { 5, 20, 117, 1, 17, 13, 35975 }, // U+2046
    { 21, 17, 343, 0, 16, 45, 35988 }, // U+2047
    { 15, 17, 262, 0, 16, 32, 36033 }, // U+2048
    { 15, 17, 262, 1, 16, 32, 36065 }, // U+2049
    { 9, 17, 144, 0, 12, 20, 36097 }, // U+204A
    { 11, 16, 198, 1, 16, 22, 36117 }, // U+204B
    { 10, 10, 195, 1, 11, 13, 36139 }, // U+204C
    { 10, 10, 195, 1, 11, 13, 36152 }, // U+204D
    { 9, 10, 165, 1, 8, 12, 36165 }, // U+204E
    { 4, 15, 95, 1, 11, 8, 36177 }, // U+204F
    { 17, 21, 268, 0, 16, 45, 36185 }, // U+2050
    { 9, 20, 178, 2, 16, 23, 36230 }, // U+2051
    { 13, 16, 238, 1, 16, 26, 36253 }, // U+2052
    { 13, 5, 239, 1, 10, 9, 36279 }, // U+2053
    { 17, 4, 270, 0, -1, 9, 36288 }, // U+2054
    { 9, 9, 180, 1, 10, 11, 36297 }, // U+2055
    { 17, 7, 284, 0, 16, 15, 36308 }, // U+2057
    { 0, 0, 91, 0, 0, 0, 36323 }, // U+205F
    { 0, 0, 0, 0, 0, 0, 36323 }, // U+2060
    { 0, 0, 0, 0, 0, 0, 36323 }, // U+2061
    { 0, 0, 0, 0, 0, 0, 36323 }, // U+2062
    { 0, 0, 0, 0, 0, 0, 36323 }, // U+2063
    { 0, 0, 0, 0, 0, 0, 36323 }, // U+2064
    { 0, 0, 0, 0, 0, 0, 36323 }, // U+2066
    { 0, 0, 0, 0, 0, 0, 36323 }, // U+2067
    { 0, 0, 0, 0, 0, 0, 36323 }, // U+2068
    { 0, 0, 0, 0, 0, 0, 36323 }, // U+2069
    { 0, 0, 0, 0, 0, 0, 36323 }, // U+206A
    { 0, 0, 0, 0, 0, 0, 36323 }, // U+206B
    { 0, 0, 0, 0, 0, 0, 36323 }, // U+206C
    { 0, 0, 0, 0, 0, 0, 36323 }, // U+206D
    { 0, 0, 0, 0, 0, 0, 36323 }, // U+206E
    { 0, 0, 0, 0, 0, 0, 36323 }, // U+206F
    { 14, 28, 224, 0, 22, 49, 36323 }, // U+2070
    { 14, 28, 224, 0, 22, 49, 36372 }, // U+2071
    { 14, 28, 224, 0, 22, 49, 36421 }, // U+2074
    { 14, 28, 224, 0, 22, 49, 36470 }, // U+2075
    { 14, 28, 224, 0, 22, 49, 36519 }, // U+2076
    { 14, 28, 224, 0, 22, 49, 36568 }, // U+2077
    { 14, 28, 224, 0, 22, 49, 36617 }, // U+2078
    { 14, 28, 224, 0, 22, 49, 36666 }, // U+2079
    { 14, 28, 224, 0, 22, 49, 36715 }, // U+207A
    { 14, 28, 224, 0, 22, 49, 36764 }, // U+207B
    { 14, 28, 224, 0, 22, 49, 36813 }, // U+207C
    { 14, 28, 224, 0, 22, 49, 36862 }, // U+207D
    { 14, 28, 224, 0, 22, 49, 36911 }, // U+207E
    { 14, 28, 224, 0, 22, 49, 36960 }, // U+207F
    { 14, 28, 224, 0, 22, 49, 37009 }, // U+2080
    { 14, 28, 224, 0, 22, 49, 37058 }, // U+2081
    { 14, 28, 224, 0, 22, 49, 37107 }, // U+2082
    { 14, 28, 224, 0, 22, 49, 37156 }, // U+2083
    { 14, 28, 224, 0, 22, 49, 37205 }, // U+2084
    { 14, 28, 224, 0, 22, 49, 37254 }, // U+2085
    { 14, 28, 224, 0, 22, 49, 37303 }, // U+2086
    { 14, 28, 224, 0, 22, 49, 37352 }, // U+2087
    { 14, 28, 224, 0, 22, 49, 37401 }, // U+2088
    { 14, 28, 224, 0, 22, 49, 37450 }, // U+2089
    { 14, 28, 224, 0, 22, 49, 37499 }, // U+208A
    { 14, 28, 224, 0, 22, 49, 37548 }, // U+208B
    { 14, 28, 224, 0, 22, 49, 37597 }, // U+208C
    { 14, 28, 224, 0, 22, 49, 37646 }, // U+208D
    { 14, 28, 224, 0, 22, 49, 37695 }, // U+208E
    { 14, 28, 224, 0, 22, 49, 37744 }, // U+2090
    { 14, 28, 224, 0, 22, 49, 37793 }, // U+2091
    { 14, 28, 224, 0, 22, 49, 37842 }, // U+2092
    { 14, 28, 224, 0, 22, 49, 37891 }, // U+2093
    { 14, 28, 224, 0, 22, 49, 37940 }, // U+2094
    { 14, 28, 224, 0, 22, 49, 37989 }, // U+2095
    { 14, 28, 224, 0, 22, 49, 38038 }, // U+2096
    { 14, 28, 224, 0, 22, 49, 38087 }, // U+2097
    { 14, 28, 224, 0, 22, 49, 38136 }, // U+2098
    { 7, 7, 141, 1, 4, 7, 38185 }, // U+2099
    { 14, 28, 224, 0, 22, 49, 38192 }, // U+209A
    { 8, 8, 126, 0, 4, 8, 38241 }, // U+209B
    { 5, 9, 82, 0, 5, 6, 38249 }, // U+209C
    { 13, 17, 240, 1, 16, 28, 38255 }, // U+20A0
    { 14, 20, 243, 1, 18, 35, 38283 }, // U+20A1
    { 13, 17, 241, 1, 16, 28, 38318 }, // U+20A2
    { 13, 16, 200, -1, 16, 26, 38346 }, // U+20A3
    { 11, 16, 201, 1, 16, 22, 38372 }, // U+20A4
    { 16, 16, 283, 1, 14, 32, 38394 }, // U+20A5
    { 16, 16, 254, 0, 16, 32, 38426 }, // U+20A6
    { 14, 28, 224, 0, 22, 49, 38458 }, // U+20A7
    { 22, 17, 370, 1, 16, 47, 38507 }, // U+20A8
    { 20, 16, 315, 0, 16, 40, 38554 }, // U+20A9
    { 14, 28, 224, 0, 22, 49, 38594 }, // U+20AA
    { 13, 20, 201, 0, 16, 33, 38643 }, // U+20AB
    { 14, 28, 224, 0, 22, 49, 38676 }, // U+20AC
    { 15, 16, 234, 0, 16, 30, 38725 }, // U+20AD
    { 14, 28, 224, 0, 22, 49, 38755 }, // U+20AE
    { 28, 23, 458, 0, 18, 81, 38804 }, // U+20AF
    { 14, 16, 219, 0, 16, 28, 38885 }, // U+20B1
    { 14, 21, 247, 1, 18, 37, 38913 }, // U+20B2
    { 14, 16, 227, 0, 16, 28, 38950 }, // U+20B3
    { 11, 17, 208, 1, 16, 24, 38978 }, // U+20B4
    { 14, 21, 243, 1, 18, 37, 39002 }, // U+20B5
    { 13, 16, 213, 0, 16, 26, 39039 }, // U+20B8
    { 11, 16, 178, 0, 16, 22, 39065 }, // U+20B9
    { 12, 17, 195, 0, 16, 26, 39087 }, // U+20BA
    { 13, 12, 240, 1, 12, 20, 39113 }, // U+20BC
    { 14, 16, 231, 0, 16, 28, 39133 }, // U+20BD
    { 13, 16, 239, 1, 16, 26, 39161 }, // U+20BE
    { 12, 20, 217, 1, 18, 30, 39187 }, // U+20BF
    { 14, 28, 224, 0, 22, 49, 39217 }, // U+2190
    { 14, 28, 224, 0, 22, 49, 39266 }, // U+2191
    { 14, 28, 224, 0, 22, 49, 39315 }, // U+2192
    { 14, 28, 224, 0, 22, 49, 39364 }, // U+2193
    { 14, 28, 224, 0, 22, 49, 39413 }, // U+2194
    { 14, 28, 224, 0, 22, 49, 39462 }, // U+2195
    { 12, 13, 255, 2, 12, 20, 39511 }, // U+2196
    { 12, 13, 255, 2, 12, 20, 39531 }, // U+2197
    { 12, 12, 255, 2, 12, 18, 39551 }, // U+2198
    { 12, 12, 255, 2, 12, 18, 39569 }, // U+2199
    { 14, 28, 224, 0, 22, 49, 39587 }, // U+21A4
    { 14, 28, 224, 0, 22, 49, 39636 }, // U+21A6
    { 14, 28, 224, 0, 22, 49, 39685 }, // U+21A8
    { 21, 16, 379, 1, 16, 42, 39734 }, // U+21A9
    { 21, 16, 379, 1, 16, 42, 39776 }, // U+21AA
    { 18, 16, 327, 1, 16, 36, 39818 }, // U+21B0
    { 17, 16, 327, 2, 16, 34, 39854 }, // U+21B1
    { 14, 28, 224, 0, 22, 49, 39888 }, // U+21B2
    { 14, 28, 224, 0, 22, 49, 39937 }, // U+21B3
    { 14, 17, 275, 2, 16, 30, 39986 }, // U+21B4
    { 14, 28, 224, 0, 22, 49, 40016 }, // U+21B5
    { 16, 19, 316, 2, 19, 38, 40065 }, // U+21BA
    { 14, 28, 224, 0, 22, 49, 40103 }, // U+21BB
    { 14, 28, 224, 0, 22, 49, 40152 }, // U+21CB
    { 14, 28, 224, 0, 22, 49, 40201 }, // U+21CC
    { 14, 28, 224, 0, 22, 49, 40250 }, // U+21D0
    { 14, 28, 224, 0, 22, 49, 40299 }, // U+21D1
    { 14, 28, 224, 0, 22, 49, 40348 }, // U+21D2
    { 14, 28, 224, 0, 22, 49, 40397 }, // U+21D3
    { 14, 28, 224, 0, 22, 49, 40446 }, // U+21D4
    { 14, 28, 224, 0, 22, 49, 40495 }, // U+21D5
    { 10, 16, 200, 1, 16, 20, 40544 }, // U+21DE
    { 10, 17, 200, 1, 16, 22, 40564 }, // U+21DF
    { 19, 9, 336, 1, 12, 22, 40586 }, // U+21E4
    { 19, 9, 336, 1, 12, 22, 40608 }, // U+21E5
    { 19, 17, 341, 1, 17, 41, 40630 }, // U+21E7
    { 19, 21, 341, 1, 17, 50, 40671 }, // U+21EA
    { 14, 28, 224, 0, 22, 49, 40721 }, // U+2200
    { 11, 17, 209, 1, 16, 24, 40770 }, // U+2202
    { 14, 28, 224, 0, 22, 49, 40794 }, // U+2203
    { 14, 28, 224, 0, 22, 49, 40843 }, // U+2204
    { 14, 28, 224, 0, 22, 49, 40892 }, // U+2205
    { 14, 28, 224, 0, 22, 49, 40941 }, // U+2206
    { 14, 28, 224, 0, 22, 49, 40990 }, // U+2207
    { 14, 28, 224, 0, 22, 49, 41039 }, // U+2208
    { 14, 28, 224, 0, 22, 49, 41088 }, // U+2209
    { 14, 28, 224, 0, 22, 49, 41137 }, // U+220A
    { 14, 28, 224, 0, 22, 49, 41186 }, // U+220B
    { 14, 28, 224, 0, 22, 49, 41235 }, // U+220C
    { 14, 28, 224, 0, 22, 49, 41284 }, // U+220D
    { 13, 19, 238, 1, 16, 31, 41333 }, // U+220F
    { 13, 19, 209, 0, 16, 31, 41364 }, // U+2211
    { 14, 28, 224, 0, 22, 49, 41395 }, // U+2212
    { 14, 28, 224, 0, 22, 49, 41444 }, // U+2213
    { 14, 28, 224, 0, 22, 49, 41493 }, // U+2214
    { 14, 28, 224, 0, 22, 49, 41542 }, // U+2215
    { 14, 28, 224, 0, 22, 49, 41591 }, // U+2216
    { 14, 28, 224, 0, 22, 49, 41640 }, // U+2219
    { 14, 28, 224, 0, 22, 49, 41689 }, // U+221A
    { 14, 28, 224, 0, 22, 49, 41738 }, // U+221E
    { 14, 28, 224, 0, 22, 49, 41787 }, // U+221F
    { 14, 28, 224, 0, 22, 49, 41836 }, // U+2225
    { 14, 28, 224, 0, 22, 49, 41885 }, // U+2227
    { 14, 28, 224, 0, 22, 49, 41934 }, // U+2228
    { 14, 28, 224, 0, 22, 49, 41983 }, // U+2229
    { 14, 28, 224, 0, 22, 49, 42032 }, // U+222A
    { 9, 22, 120, -1, 17, 25, 42081 }, // U+222B
    { 4, 12, 91, 1, 13, 6, 42106 }, // U+2236
    { 14, 28, 224, 0, 22, 49, 42112 }, // U+2248
    { 14, 28, 224, 0, 22, 49, 42161 }, // U+2260
    { 14, 28, 224, 0, 22, 49, 42210 }, // U+2261
    { 14, 28, 224, 0, 22, 49, 42259 }, // U+2264
    { 14, 28, 224, 0, 22, 49, 42308 }, // U+2265
    { 14, 28, 224, 0, 22, 49, 42357 }, // U+226A
    { 14, 28, 224, 0, 22, 49, 42406 }, // U+226B
    { 14, 28, 224, 0, 22, 49, 42455 }, // U+2282
    { 14, 28, 224, 0, 22, 49, 42504 }, // U+2283
    { 14, 28, 224, 0, 22, 49, 42553 }, // U+2286
    { 14, 28, 224, 0, 22, 49, 42602 }, // U+2287
    { 29, 29, 463, 0, 22, 106, 42651 }, // U+2295
    { 29, 29, 463, 0, 22, 106, 42757 }, // U+2296
    { 29, 29, 463, 0, 22, 106, 42863 }, // U+2297
    { 29, 29, 463, 0, 22, 106, 42969 }, // U+2298
    { 14, 28, 224, 0, 22, 49, 43075 }, // U+22A5
    { 14, 28, 224, 0, 22, 49, 43124 }, // U+22C2
    { 14, 28, 224, 0, 22, 49, 43173 }, // U+22C3
    { 14, 28, 224, 0, 22, 49, 43222 }, // U+FFFD
};

static const EpdUnicodeInterval inter_10_regularIntervals[] = {
    { 0x0, 0x17F, 0x0 },
    { 0x1A0, 0x1A1, 0x180 },
    { 0x1AF, 0x1B0, 0x182 },
    { 0x1C5, 0x21F, 0x184 },
    { 0x300, 0x30C, 0x1DF },
    { 0x30F, 0x30F, 0x1EC },
    { 0x313, 0x313, 0x1ED },
    { 0x315, 0x315, 0x1EE },
    { 0x31B, 0x31B, 0x1EF },
    { 0x323, 0x323, 0x1F0 },
    { 0x326, 0x329, 0x1F1 },
    { 0x32C, 0x32C, 0x1F5 },
    { 0x337, 0x338, 0x1F6 },
    { 0x342, 0x343, 0x1F8 },
    { 0x346, 0x36F, 0x1FA },
    { 0x400, 0x479, 0x224 },
    { 0x480, 0x49D, 0x29E },
    { 0x4A0, 0x4FF, 0x2BC },
    { 0x1EA0, 0x1EF9, 0x31C },
    { 0x2000, 0x2027, 0x376 },
    { 0x202A, 0x2055, 0x39E },
    { 0x2057, 0x2057, 0x3CA },
    { 0x205F, 0x2064, 0x3CB },
    { 0x2066, 0x2071, 0x3D1 },
    { 0x2074, 0x208E, 0x3DD },
    { 0x2090, 0x209C, 0x3F8 },
    { 0x20A0, 0x20AF, 0x405 },
    { 0x20B1, 0x20B5, 0x415 },
    { 0x20B8, 0x20BA, 0x41A },
    { 0x20BC, 0x20BF, 0x41D },
    { 0x2190, 0x2199, 0x421 },
    { 0x21A4, 0x21A4, 0x42B },
    { 0x21A6, 0x21A6, 0x42C },
    { 0x21A8, 0x21AA, 0x42D },
    { 0x21B0, 0x21B5, 0x430 },
    { 0x21BA, 0x21BB, 0x436 },
    { 0x21CB, 0x21CC, 0x438 },
    { 0x21D0, 0x21D5, 0x43A },
    { 0x21DE, 0x21DF, 0x440 },
    { 0x21E4, 0x21E5, 0x442 },
    { 0x21E7, 0x21E7, 0x444 },
    { 0x21EA, 0x21EA, 0x445 },
    { 0x2200, 0x2200, 0x446 },
    { 0x2202, 0x220D, 0x447 },
    { 0x220F, 0x220F, 0x453 },
    { 0x2211, 0x2216, 0x454 },
    { 0x2219, 0x221A, 0x45A },
    { 0x221E, 0x221F, 0x45C },
    { 0x2225, 0x2225, 0x45E },
    { 0x2227, 0x222B, 0x45F },
    { 0x2236, 0x2236, 0x464 },
    { 0x2248, 0x2248, 0x465 },
    { 0x2260, 0x2261, 0x466 },
    { 0x2264, 0x2265, 0x468 },
    { 0x226A, 0x226B, 0x46A },
    { 0x2282, 0x2283, 0x46C },
    { 0x2286, 0x2287, 0x46E },
    { 0x2295, 0x2298, 0x470 },
    { 0x22A5, 0x22A5, 0x474 },
    { 0x22C2, 0x22C3, 0x475 },
    { 0xFFFD, 0xFFFD, 0x477 },
};

static const EpdKernClassEntry inter_10_regularKernLeftClasses[] = {
    { 0x01A0, 1 }, // U+01A0
    { 0x01AF, 2 }, // U+01AF
    { 0x01B0, 3 }, // U+01B0
    { 0x01C5, 4 }, // U+01C5
    { 0x01C6, 5 }, // U+01C6
    { 0x01C8, 6 }, // U+01C8
    { 0x01C9, 6 }, // U+01C9
    { 0x01CB, 6 }, // U+01CB
    { 0x01CC, 6 }, // U+01CC
    { 0x01D5, 7 }, // U+01D5
    { 0x01D6, 8 }, // U+01D6
    { 0x01D7, 7 }, // U+01D7
    { 0x01D8, 8 }, // U+01D8
    { 0x01D9, 7 }, // U+01D9
    { 0x01DA, 8 }, // U+01DA
    { 0x01DB, 7 }, // U+01DB
    { 0x01DC, 8 }, // U+01DC
    { 0x01DD, 9 }, // U+01DD
    { 0x01DE, 10 }, // U+01DE
    { 0x01DF, 11 }, // U+01DF
    { 0x01E0, 10 }, // U+01E0
    { 0x01E1, 11 }, // U+01E1
    { 0x01F1, 12 }, // U+01F1
    { 0x01F2, 5 }, // U+01F2
    { 0x01F3, 5 }, // U+01F3
    { 0x01F6, 13 }, // U+01F6
    { 0x01F8, 14 }, // U+01F8
    { 0x01F9, 11 }, // U+01F9
    { 0x01FA, 10 }, // U+01FA
    { 0x01FB, 11 }, // U+01FB
    { 0x0200, 10 }, // U+0200
    { 0x0201, 11 }, // U+0201
    { 0x0202, 10 }, // U+0202
    { 0x0203, 11 }, // U+0203
    { 0x0204, 15 }, // U+0204
    { 0x0205, 16 }, // U+0205
    { 0x0206, 15 }, // U+0206
    { 0x0207, 16 }, // U+0207
    { 0x0208, 17 }, // U+0208
    { 0x0209, 6 }, // U+0209
    { 0x020A, 18 }, // U+020A
    { 0x020B, 19 }, // U+020B
    { 0x020C, 20 }, // U+020C
    { 0x020D, 16 }, // U+020D
    { 0x020E, 20 }, // U+020E
    { 0x020F, 16 }, // U+020F
    { 0x0210, 21 }, // U+0210
    { 0x0211, 22 }, // U+0211
    { 0x0212, 21 }, // U+0212
    { 0x0213, 22 }, // U+0213
    { 0x0214, 7 }, // U+0214
    { 0x0215, 8 }, // U+0215
    { 0x0216, 7 }, // U+0216
    { 0x0217, 8 }, // U+0217
    { 0x021E, 14 }, // U+021E
    { 0x021F, 11 }, // U+021F
    { 0x0460, 14 }, // U+0460
    { 0x0464, 23 }, // U+0464
    { 0x0465, 16 }, // U+0465
    { 0x0466, 10 }, // U+0466
    { 0x0467, 10 }, // U+0467
    { 0x0468, 10 }, // U+0468
    { 0x046E, 24 }, // U+046E
    { 0x0472, 20 }, // U+0472
    { 0x0473, 16 }, // U+0473
    { 0x0474, 25 }, // U+0474
    { 0x0475, 26 }, // U+0475
    { 0x0476, 25 }, // U+0476
    { 0x0477, 26 }, // U+0477
    { 0x0479, 27 }, // U+0479
    { 0x0481, 16 }, // U+0481
    { 0x048A, 14 }, // U+048A
    { 0x048B, 28 }, // U+048B
    { 0x048C, 16 }, // U+048C
    { 0x048D, 16 }, // U+048D
    { 0x048E, 29 }, // U+048E
    { 0x048F, 16 }, // U+048F
    { 0x04A6, 16 }, // U+04A6
    { 0x04A7, 30 }, // U+04A7
    { 0x04A9, 31 }, // U+04A9
    { 0x04AC, 32 }, // U+04AC
    { 0x04AD, 22 }, // U+04AD
    { 0x04B5, 33 }, // U+04B5
    { 0x04BD, 16 }, // U+04BD
    { 0x04BF, 31 }, // U+04BF
    { 0x04C3, 24 }, // U+04C3
    { 0x04C4, 11 }, // U+04C4
    { 0x04C6, 28 }, // U+04C6
    { 0x04C7, 14 }, // U+04C7
    { 0x04C8, 11 }, // U+04C8
    { 0x04C9, 28 }, // U+04C9
    { 0x04CA, 28 }, // U+04CA
    { 0x04CC, 11 }, // U+04CC
    { 0x04CD, 14 }, // U+04CD
    { 0x04CE, 28 }, // U+04CE
    { 0x04E0, 34 }, // U+04E0
    { 0x04F6, 32 }, // U+04F6
    { 0x04F7, 22 }, // U+04F7
    { 0x04FA, 32 }, // U+04FA
    { 0x04FB, 22 }, // U+04FB
    { 0x04FC, 35 }, // U+04FC
    { 0x04FD, 36 }, // U+04FD
    { 0x04FE, 35 }, // U+04FE
    { 0x04FF, 36 }, // U+04FF
    { 0x1EA0, 10 }, // U+1EA0
    { 0x1EA1, 11 }, // U+1EA1
    { 0x1EA2, 10 }, // U+1EA2
    { 0x1EA3, 11 }, // U+1EA3
    { 0x1EA4, 10 }, // U+1EA4
    { 0x1EA5, 11 }, // U+1EA5
    { 0x1EA6, 10 }, // U+1EA6
    { 0x1EA7, 11 }, // U+1EA7
    { 0x1EA8, 10 }, // U+1EA8
    { 0x1EA9, 11 }, // U+1EA9
    { 0x1EAA, 10 }, // U+1EAA
    { 0x1EAB, 11 }, // U+1EAB
    { 0x1EAC, 10 }, // U+1EAC
    { 0x1EAD, 11 }, // U+1EAD
    { 0x1EAE, 10 }, // U+1EAE
    { 0x1EAF, 11 }, // U+1EAF
    { 0x1EB0, 10 }, // U+1EB0
    { 0x1EB1, 11 }, // U+1EB1
    { 0x1EB2, 10 }, // U+1EB2
    { 0x1EB3, 11 }, // U+1EB3
    { 0x1EB4, 10 }, // U+1EB4
    { 0x1EB5, 11 }, // U+1EB5
    { 0x1EB6, 10 }, // U+1EB6
    { 0x1EB7, 11 }, // U+1EB7
    { 0x1EBA, 15 }, // U+1EBA
    { 0x1EBB, 16 }, // U+1EBB
    { 0x1EBE, 15 }, // U+1EBE
    { 0x1EBF, 16 }, // U+1EBF
    { 0x1EC0, 15 }, // U+1EC0
    { 0x1EC1, 16 }, // U+1EC1
    { 0x1EC2, 15 }, // U+1EC2
    { 0x1EC3, 16 }, // U+1EC3
    { 0x1EC4, 15 }, // U+1EC4
    { 0x1EC5, 16 }, // U+1EC5
    { 0x1EC6, 15 }, // U+1EC6
    { 0x1EC7, 16 }, // U+1EC7
    { 0x1EC8, 14 }, // U+1EC8
    { 0x1EC9, 6 }, // U+1EC9
    { 0x1ECE, 20 }, // U+1ECE
    { 0x1ECF, 16 }, // U+1ECF
    { 0x1ED0, 20 }, // U+1ED0
    { 0x1ED1, 16 }, // U+1ED1
    { 0x1ED2, 20 }, // U+1ED2
    { 0x1ED3, 16 }, // U+1ED3
    { 0x1ED4, 20 }, // U+1ED4
    { 0x1ED5, 37 }, // U+1ED5
    { 0x1ED6, 20 }, // U+1ED6
    { 0x1ED7, 16 }, // U+1ED7
    { 0x1ED8, 20 }, // U+1ED8
    { 0x1ED9, 16 }, // U+1ED9
    { 0x1EDA, 20 }, // U+1EDA
    { 0x1EDB, 16 }, // U+1EDB
    { 0x1EDC, 20 }, // U+1EDC
    { 0x1EDD, 16 }, // U+1EDD
    { 0x1EDE, 20 }, // U+1EDE
    { 0x1EDF, 16 }, // U+1EDF
    { 0x1EE0, 20 }, // U+1EE0
    { 0x1EE1, 16 }, // U+1EE1
    { 0x1EE2, 20 }, // U+1EE2
    { 0x1EE3, 16 }, // U+1EE3
    { 0x1EE6, 7 }, // U+1EE6
    { 0x1EE7, 8 }, // U+1EE7
    { 0x1EE8, 38 }, // U+1EE8
    { 0x1EE9, 8 }, // U+1EE9
    { 0x1EEA, 38 }, // U+1EEA
    { 0x1EEB, 8 }, // U+1EEB
    { 0x1EEC, 38 }, // U+1EEC
    { 0x1EED, 3 }, // U+1EED
    { 0x1EEE, 38 }, // U+1EEE
    { 0x1EEF, 8 }, // U+1EEF
    { 0x1EF0, 38 }, // U+1EF0
    { 0x1EF1, 8 }, // U+1EF1
    { 0x1EF2, 39 }, // U+1EF2
    { 0x1EF3, 26 }, // U+1EF3
    { 0x1EF4, 39 }, // U+1EF4
    { 0x1EF5, 26 }, // U+1EF5
    { 0x1EF6, 39 }, // U+1EF6
    { 0x1EF7, 26 }, // U+1EF7
    { 0x2023, 40 }, // U+2023
    { 0x2034, 41 }, // U+2034
    { 0x203D, 42 }, // U+203D
    { 0x2043, 40 }, // U+2043
    { 0x204B, 29 }, // U+204B
    { 0x204C, 11 }, // U+204C
    { 0x204D, 40 }, // U+204D
    { 0x204F, 43 }, // U+204F
    { 0x2099, 44 }, // U+2099
    { 0x209B, 44 }, // U+209B
    { 0x209C, 44 }, // U+209C
    { 0x20A1, 23 }, // U+20A1
    { 0x20A8, 45 }, // U+20A8
    { 0x20A9, 38 }, // U+20A9
    { 0x20AF, 16 }, // U+20AF
    { 0x20B2, 46 }, // U+20B2
    { 0x20B5, 23 }, // U+20B5
    { 0x20BF, 24 }, // U+20BF
};

static const EpdKernClassEntry inter_10_regularKernRightClasses[] = {
    { 0x01A0, 1 }, // U+01A0
    { 0x01A1, 2 }, // U+01A1
    { 0x01AF, 3 }, // U+01AF
    { 0x01B0, 4 }, // U+01B0
    { 0x01C5, 5 }, // U+01C5
    { 0x01C6, 2 }, // U+01C6
    { 0x01C8, 6 }, // U+01C8
    { 0x01C9, 6 }, // U+01C9
    { 0x01CB, 6 }, // U+01CB
    { 0x01CC, 7 }, // U+01CC
    { 0x01D5, 3 }, // U+01D5
    { 0x01D6, 4 }, // U+01D6
    { 0x01D7, 3 }, // U+01D7
    { 0x01D8, 4 }, // U+01D8
    { 0x01D9, 3 }, // U+01D9
    { 0x01DA, 4 }, // U+01DA
    { 0x01DB, 3 }, // U+01DB
    { 0x01DC, 4 }, // U+01DC
    { 0x01DD, 8 }, // U+01DD
    { 0x01DE, 9 }, // U+01DE
    { 0x01DF, 10 }, // U+01DF
    { 0x01E0, 9 }, // U+01E0
    { 0x01E1, 10 }, // U+01E1
    { 0x01F2, 6 }, // U+01F2
    { 0x01F3, 8 }, // U+01F3
    { 0x01F6, 5 }, // U+01F6
    { 0x01F8, 6 }, // U+01F8
    { 0x01F9, 7 }, // U+01F9
    { 0x01FA, 9 }, // U+01FA
    { 0x01FB, 10 }, // U+01FB
    { 0x0200, 9 }, // U+0200
    { 0x0201, 10 }, // U+0201
    { 0x0202, 9 }, // U+0202
    { 0x0203, 10 }, // U+0203
    { 0x0204, 6 }, // U+0204
    { 0x0205, 2 }, // U+0205
    { 0x0206, 6 }, // U+0206
    { 0x0207, 2 }, // U+0207
    { 0x0208, 11 }, // U+0208
    { 0x0209, 12 }, // U+0209
    { 0x020A, 11 }, // U+020A
    { 0x020B, 13 }, // U+020B
    { 0x020C, 1 }, // U+020C
    { 0x020D, 2 }, // U+020D
    { 0x020E, 1 }, // U+020E
    { 0x020F, 2 }, // U+020F
    { 0x0210, 6 }, // U+0210
    { 0x0211, 7 }, // U+0211
    { 0x0212, 6 }, // U+0212
    { 0x0213, 7 }, // U+0213
    { 0x0214, 3 }, // U+0214
    { 0x0215, 4 }, // U+0215
    { 0x0216, 3 }, // U+0216
    { 0x0217, 4 }, // U+0217
    { 0x021E, 6 }, // U+021E
    { 0x021F, 6 }, // U+021F
    { 0x0460, 6 }, // U+0460
    { 0x0464, 6 }, // U+0464
    { 0x0465, 7 }, // U+0465
    { 0x0466, 9 }, // U+0466
    { 0x0467, 9 }, // U+0467
    { 0x0468, 6 }, // U+0468
    { 0x046C, 6 }, // U+046C
    { 0x046E, 6 }, // U+046E
    { 0x0472, 1 }, // U+0472
    { 0x0473, 2 }, // U+0473
    { 0x0474, 14 }, // U+0474
    { 0x0475, 15 }, // U+0475
    { 0x0476, 14 }, // U+0476
    { 0x0477, 15 }, // U+0477
    { 0x0478, 1 }, // U+0478
    { 0x0479, 2 }, // U+0479
    { 0x0481, 2 }, // U+0481
    { 0x048A, 5 }, // U+048A
    { 0x048B, 7 }, // U+048B
    { 0x048D, 16 }, // U+048D
    { 0x048E, 6 }, // U+048E
    { 0x048F, 7 }, // U+048F
    { 0x04A6, 6 }, // U+04A6
    { 0x04A7, 7 }, // U+04A7
    { 0x04A9, 2 }, // U+04A9
    { 0x04AC, 17 }, // U+04AC
    { 0x04AD, 16 }, // U+04AD
    { 0x04B4, 17 }, // U+04B4
    { 0x04B5, 16 }, // U+04B5
    { 0x04BD, 16 }, // U+04BD
    { 0x04C3, 6 }, // U+04C3
    { 0x04C4, 7 }, // U+04C4
    { 0x04C6, 18 }, // U+04C6
    { 0x04C7, 5 }, // U+04C7
    { 0x04C8, 7 }, // U+04C8
    { 0x04C9, 6 }, // U+04C9
    { 0x04CA, 7 }, // U+04CA
    { 0x04CD, 6 }, // U+04CD
    { 0x04CE, 7 }, // U+04CE
    { 0x04E1, 16 }, // U+04E1
    { 0x04F7, 7 }, // U+04F7
    { 0x04FB, 16 }, // U+04FB
    { 0x04FC, 19 }, // U+04FC
    { 0x04FD, 20 }, // U+04FD
    { 0x04FE, 19 }, // U+04FE
    { 0x04FF, 20 }, // U+04FF
    { 0x1EA0, 9 }, // U+1EA0
    { 0x1EA1, 10 }, // U+1EA1
    { 0x1EA2, 9 }, // U+1EA2
    { 0x1EA3, 10 }, // U+1EA3
    { 0x1EA4, 9 }, // U+1EA4
    { 0x1EA5, 10 }, // U+1EA5
    { 0x1EA6, 9 }, // U+1EA6
    { 0x1EA7, 10 }, // U+1EA7
    { 0x1EA8, 9 }, // U+1EA8
    { 0x1EA9, 10 }, // U+1EA9
    { 0x1EAA, 9 }, // U+1EAA
    { 0x1EAB, 10 }, // U+1EAB
    { 0x1EAC, 9 }, // U+1EAC
    { 0x1EAD, 10 }, // U+1EAD
    { 0x1EAE, 9 }, // U+1EAE
    { 0x1EAF, 10 }, // U+1EAF
    { 0x1EB0, 9 }, // U+1EB0
    { 0x1EB1, 10 }, // U+1EB1
    { 0x1EB2, 9 }, // U+1EB2
    { 0x1EB3, 10 }, // U+1EB3
    { 0x1EB4, 9 }, // U+1EB4
    { 0x1EB5, 10 }, // U+1EB5
    { 0x1EB6, 9 }, // U+1EB6
    { 0x1EB7, 10 }, // U+1EB7
    { 0x1EBA, 6 }, // U+1EBA
    { 0x1EBB, 2 }, // U+1EBB
    { 0x1EBE, 6 }, // U+1EBE
    { 0x1EBF, 2 }, // U+1EBF
    { 0x1EC0, 6 }, // U+1EC0
    { 0x1EC1, 2 }, // U+1EC1
    { 0x1EC2, 6 }, // U+1EC2
    { 0x1EC3, 2 }, // U+1EC3
    { 0x1EC4, 6 }, // U+1EC4
    { 0x1EC5, 2 }, // U+1EC5
    { 0x1EC6, 6 }, // U+1EC6
    { 0x1EC7, 2 }, // U+1EC7
    { 0x1EC8, 6 }, // U+1EC8
    { 0x1EC9, 21 }, // U+1EC9
    { 0x1ECE, 1 }, // U+1ECE
    { 0x1ECF, 2 }, // U+1ECF
    { 0x1ED0, 1 }, // U+1ED0
    { 0x1ED1, 2 }, // U+1ED1
    { 0x1ED2, 1 }, // U+1ED2
    { 0x1ED3, 2 }, // U+1ED3
    { 0x1ED4, 1 }, // U+1ED4
    { 0x1ED5, 2 }, // U+1ED5
    { 0x1ED6, 1 }, // U+1ED6
    { 0x1ED7, 2 }, // U+1ED7
    { 0x1ED8, 1 }, // U+1ED8
    { 0x1ED9, 2 }, // U+1ED9
    { 0x1EDA, 1 }, // U+1EDA
    { 0x1EDB, 2 }, // U+1EDB
    { 0x1EDC, 1 }, // U+1EDC
    { 0x1EDD, 2 }, // U+1EDD
    { 0x1EDE, 1 }, // U+1EDE
    { 0x1EDF, 2 }, // U+1EDF
    { 0x1EE0, 1 }, // U+1EE0
    { 0x1EE1, 2 }, // U+1EE1
    { 0x1EE2, 1 }, // U+1EE2
    { 0x1EE3, 2 }, // U+1EE3
    { 0x1EE6, 3 }, // U+1EE6
    { 0x1EE7, 4 }, // U+1EE7
    { 0x1EE8, 3 }, // U+1EE8
    { 0x1EE9, 4 }, // U+1EE9
    { 0x1EEA, 3 }, // U+1EEA
    { 0x1EEB, 4 }, // U+1EEB
    { 0x1EEC, 3 }, // U+1EEC
    { 0x1EED, 4 }, // U+1EED
    { 0x1EEE, 3 }, // U+1EEE
    { 0x1EEF, 4 }, // U+1EEF
    { 0x1EF0, 3 }, // U+1EF0
    { 0x1EF1, 4 }, // U+1EF1
    { 0x1EF2, 22 }, // U+1EF2
    { 0x1EF3, 15 }, // U+1EF3
    { 0x1EF4, 22 }, // U+1EF4
    { 0x1EF5, 15 }, // U+1EF5
    { 0x1EF6, 22 }, // U+1EF6
    { 0x1EF7, 15 }, // U+1EF7
    { 0x2023, 23 }, // U+2023
    { 0x2034, 24 }, // U+2034
    { 0x203D, 25 }, // U+203D
    { 0x2043, 23 }, // U+2043
    { 0x2044, 26 }, // U+2044
    { 0x204A, 16 }, // U+204A
    { 0x204B, 6 }, // U+204B
    { 0x204C, 23 }, // U+204C
    { 0x204D, 7 }, // U+204D
    { 0x204F, 27 }, // U+204F
    { 0x2099, 28 }, // U+2099
    { 0x209B, 28 }, // U+209B
    { 0x209C, 28 }, // U+209C
    { 0x20A1, 1 }, // U+20A1
    { 0x20A8, 6 }, // U+20A8
    { 0x20A9, 29 }, // U+20A9
    { 0x20AB, 2 }, // U+20AB
    { 0x20B2, 1 }, // U+20B2
    { 0x20B4, 30 }, // U+20B4
    { 0x20B5, 1 }, // U+20B5
    { 0x20B8, 31 }, // U+20B8
    { 0x20BF, 6 }, // U+20BF
    { 0x222B, 32 }, // U+222B
    { 0x2236, 27 }, // U+2236
};

static const int8_t inter_10_regularKernMatrix[] = {
       0,    0,    0,    0,    0,    0,    0,    0,  -11,    0,    0,    0,    0,    0,    0,    0,    0,    0,    0,    0,    0,    0,    0,    0,    0,    0,    0,    0,    0,    0,    0,    0,
       0,    0,    0,    0,    0,    0,    0,    0,    0,    0,    0,    0,    0,    0,    0,    0,   14,    0,    0,    0,    0,    0,    0,    0,    0,    0,    0,    0,    0,    0,    0,    0,
       0,  -12,    0,    0,    0,    0,    0,  -12,    0,    0,    0,    0,    0,    0,    5,   10,    0,    0,    0,    0,    0,    0,    0,    0,    0,    0,    0,    0,    0,    0,    0,    0,
       0,   -5,    0,    0,    0,    0,    0,   -5,    0,    0,    0,    0,    0,    0,    0,    0,  -24,    0,    0,    0,    0,    0,    0,    0,    0,    0,    0,    0,    0,    0,    0,    0,
       0,   -5,    0,    0,    0,    0,    0,   -5,    0,    0,    0,    0,    0,    0,    0,    0,  -11,    0,    0,    0,    0,    0,    0,    0,    0,    0,    0,    0,    0,    0,    0,    0,
       0,    0,    0,    0,    0,    0,    0,    0,    0,    0,    0,   28,   35,    0,    0,    1,    0,    0,    0,    0,    0,    0,    0,    0,    0,    0,    0,    0,    2,    0,    0,    0,
       0,    0,    0,    0,    0,    0,    0,    0,   -8,    0,    0,   16,    0,    0,    0,    0,    0,    0,    0,    0,    0,    0,    0,    0,    0,    0,    0,    0,    0,    0,    0,    0,
       0,    0,    0,    0,    0,    0,    0,    0,    0,    0,    0,    0,    0,    0,    0,    0,  -17,    0,    0,    0,    0,  -19,    0,    5,    0,    0,    0,    0,    0,    0,    0,    0,
       0,    0,    0,    0,    0,    0,    0,    0,  -10,    3,    0,   12,    0,  -18,   -7,    0,  -56,    0,   -9,   -8,    0,  -29,    0,   -8,    0,    0,    0,    0,    0,    0,    0,    0,
     -11,   -1,   -8,    0,    0,    0,    0,   -1,    5,    0,    0,    0,    0,  -25,  -23,   -7,  -29,    0,    0,    0,    1,  -27,  -11,  -34,  -21,   -2,    0,    0,    0,    0,  -17,    0,
       0,    0,    0,    0,    0,    0,    0,    0,    0,    0,    0,    0,    0,  -17,   -6,    0,  -25,    0,    0,    0,    0,  -25,    0,   -8,    0,    0,    0,    0,    0,    0,    0,    0,
       0,    0,    0,    0,    0,    0,    0,    0,    0,    0,    0,   11,    0,    0,    0,    0,    0,    0,    0,    0,    0,    0,    0,    0,    0,    0,    0,    0,    0,    0,    0,    0,
       0,    0,    0,    0,    0,    0,    0,    0,    0,    0,    0,    0,    0,    0,    0,    0,  -32,    0,    0,    0,    0,  -19,    0,    5,    0,    0,    0,    0,    0,    0,    0,    0,
       0,    0,    0,    0,    0,    0,    0,    0,    0,    0,    0,   16,   21,    0,    2,    4,    0,    0,    0,    0,    0,    0,    0,    0,    0,    0,    0,    0,    0,    0,    0,    0,
       0,    0,    0,    0,    0,    0,    0,    0,    0,    0,    0,   19,   25,    0,    0,    0,    0,    0,    0,    0,    0,    0,    0,    0,    0,    0,    0,    0,    0,    0,    0,    0,
       0,    0,    0,    0,    0,    0,    0,    0,  -10,    3,    0,   12,    0,  -18,   -7,    0,  -30,    0,   -9,   -8,    0,  -29,    0,   -8,    0,    0,    0,    0,    0,    0,    0,    0,
       0,    0,    0,    0,    0,    0,    0,    0,    0,    0,    0,   24,    7,    0,    0,    0,    0,    0,    0,    0,    0,    0,    0,    0,    0,    0,    0,    0,    0,    0,    0,    0,
       0,    0,    0,    0,    0,    0,    0,    0,    0,    0,    0,   13,    7,    0,    0,    0,    0,    0,    0,    0,    0,    0,    0,    0,    0,    0,    0,    0,    0,    0,    0,    0,
       0,    0,    0,    0,   46,   21,    9,    0,    0,    0,    7,   32,   71,   28,    0,   17,   30,    0,    0,    0,   35,    0,    0,    0,    0,    0,    0,    0,    0,    0,    0,   36,
       0,    0,    0,    0,    0,    0,    0,    0,  -11,    0,    0,    0,    0,  -11,    0,    0,  -11,    0,  -13,    0,    0,  -13,    0,    0,    0,    0,    0,  -13,    0,    0,    0,    0,
       0,   -5,    0,    0,    0,    0,    0,   -5,    0,   -2,    0,    0,   15,   -6,    0,    0,   -1,    0,    0,    0,    0,   -8,    0,    0,    0,    0,    0,    0,    0,    0,    0,    0,
       0,   -5,    0,    0,    3,    3,    4,   -5,  -13,   -1,    0,    0,    9,    0,    5,    5,  -19,   -8,    0,    4,    3,    0,    0,    5,    0,    0,    0,    0,    0,    0,    0,    4,
       0,    0,    0,    0,    0,    0,    0,    0,   -6,    0,    0,    0,   11,    0,    0,    0,    0,    0,   -2,    0,    0,    0,    0,    0,    0,    0,    0,    0,    0,    0,    0,    0,
       0,    0,    0,    0,    0,    0,    0,    0,    0,    0,    0,    0,   11,    0,    0,    0,  -18,    0,    0,    0,    0,    0,    0,    0,    0,    0,    0,    0,    0,    0,    0,    0,
     -11,  -18,    0,    0,    0,    0,   -3,  -18,  -25,  -18,    0,   13,   28,    6,    0,    0,    0,    0,    0,    0,    0,    0,  -13,    0,    0,    0,  -21,  -44,    0,    0,    0,    0,
       0,   -7,    0,    0,    2,    2,    0,   -7,  -23,   -2,    0,    2,    0,    0,    0,    5,  -11,  -15,    0,    0,    0,  -11,    0,    3,    0,    0,    0,    0,    0,    0,    0,    0,
       0,   -8,    0,    0,    0,    0,    0,   -8,  -11,   -5,    0,   15,   45,    0,    0,  -11,    0,    0,    0,    0,    0,    3,   -7,    0,    0,    0,    0,    0,    0,    0,    0,    0,
       0,   -3,    0,    0,    0,    0,    0,   -3,    0,    2,    0,   15,    0,   -3,    7,   -3,  -11,    0,    0,    0,    0,   -5,   -4,    2,    0,    0,    0,    0,    0,    0,    0,    3,
       0,   -4,    0,    0,    0,    0,   -1,   -4,  -25,   -2,    0,    0,    0,    0,    0,    0,   -1,    0,    0,    0,    0,    0,    0,    0,    0,    0,    0,    0,    0,    0,    0,    0,
       0,    0,    0,    0,    0,    0,    0,    0,    0,    0,    0,    0,    0,  -33,   -9,   -9,  -33,    0,   -9,   -7,    0,  -57,    0,    0,    0,    0,    0,    0,    0,    0,    0,    0,
       0,    0,    0,    0,    0,    0,    0,    0,    0,    0,    0,    0,    0,    0,    0,    0,  -26,    0,    0,    0,    0,    0,    0,    0,    0,    0,    0,    0,    0,    0,    0,    0,
     -11,  -29,    0,  -26,    0,    0,  -21,  -29,  -29,  -27,    0,   42,   30,    0,  -25,  -27,    0,    0,    0,  -23,    0,    5,  -11,    0,    0,    0,  -11,    0,    0,    0,    0,    0,
       0,   -5,    0,    0,    0,    0,    0,   -5,    0,    0,    0,    0,    0,    0,   -7,   -8,    0,    0,    0,    0,    0,    0,    0,   -9,    0,    0,    0,    0,    0,    0,    0,    0,
       0,    0,    0,    0,    0,    0,    0,    0,    0,    0,    0,    0,    0,    0,    0,    0,    0,    0,   -7,    0,    0,    0,    0,    0,    0,    0,    0,    0,    0,    0,    0,    0,
     -13,   -9,    0,    0,    0,    0,    0,   -9,    0,  -19,    0,   28,    0,    0,    0,    0,  -10,    0,    0,    0,    0,    0,  -15,    0,    0,    0,    0,    0,    0,  -11,    0,    0,
       0,   -8,    0,    0,    0,    0,    0,   -8,    0,   -1,    0,    0,    0,    0,    0,    6,  -21,    0,    0,    0,    0,    0,    0,    0,    0,    0,    0,    0,    0,    0,    0,    0,
       0,    0,    0,    0,    0,    0,    0,    0,  -10,    3,    0,   23,    0,  -18,   -7,    0,  -30,    0,   -9,   -8,    0,  -29,    0,   -8,    0,    0,    0,    0,    0,    0,    0,    0,
       0,    0,    0,    0,    0,    0,    0,    0,    0,    0,    0,   13,    0,    0,    0,    0,    0,    0,    0,    0,    0,    0,    0,    0,    0,    0,    0,    0,    0,    0,    0,    0,
     -13,  -27,    0,  -13,    0,    0,  -15,  -46,  -27,  -26,    0,   28,    0,    0,    0,    0,    5,    0,    0,    0,   -9,    0,  -13,    0,    0,    0,  -21,  -50,    0,    0,    0,    0,
       0,    0,    0,    0,    0,    0,    0,    0,  -11,    0,    0,    0,    0,  -13,    0,    0,  -11,    0,  -15,    0,    0,  -15,    0,    0,    0,    0,    0,    0,    0,    0,  -11,    0,
     -19,  -21,    0,  -13,    0,    0,   -7,  -21,  -46,  -19,    0,    0,    0,    0,    5,    5,    0,  -21,    0,    0,    0,    0,    0,    0,    0,    0,  -19,    0,    0,    0,    0,    0,
       0,    0,    0,    0,    0,    0,    0,    0,  -21,    0,    0,    0,    0,    0,    0,    0,    0,    0,    0,    0,    0,    0,    0,    0,    0,    0,    0,    0,    0,    0,    0,    0,
       0,    0,    0,    0,    0,    0,    0,    0,    0,    0,    0,    0,    0,  -21,    0,    0,  -11,    0,    0,    0,    0,    0,    0,    0,    0,    0,    0,    0,    0,    0,    0,    0,
     -13,    0,    0,    0,    0,    0,    0,    0,    0,    0,    0,    0,    0,  -44,  -17,    0,  -42,    0,    0,    0,    0,  -50,    0,    0,    0,    0,    0,    0,    0,    0,    0,    5,
       0,    0,    0,    0,    0,    0,    0,    0,    0,    0,    0,    0,    0,  -15,   -1,    1,  -25,    0,    0,    0,    0,  -25,    0,    0,    0,    0,    0,    0,    0,    0,    0,    0,
       0,    0,    0,    0,    0,    0,    0,    0,   -7,    0,    0,    7,   11,   -7,    0,    0,  -10,    0,   -2,    0,    0,   -7,    0,    0,    0,    0,    0,    0,    0,    0,    0,    0,
};

static constexpr EpdFontData inter_10_regular = {
    inter_10_regularBitmaps,
    inter_10_regularGlyphs,
    inter_10_regularIntervals,
    61,
    28,
    22,
    -6,
    false,
    nullptr,
    0,
    nullptr,
    inter_10_regularKernLeftClasses,
    inter_10_regularKernRightClasses,
    inter_10_regularKernMatrix,
    200,
    204,
    46,
    32,
    nullptr,
    0,
};
