/**
 * generated by fontconvert.py
 * name: inter_8_regular
 * size: 8
 * mode: 1-bit
 * Command used: fontconvert.py inter_8_regular 8 downloaded_fonts/terminus-font-4.49.1/ter-u22b.bdf ../builtinFonts/source/Inter/Inter-Regular.ttf
 */
#pragma once
#include "EpdFontData.h"

static const uint8_t inter_8_regularBitmaps[27659] = {
    0x00, 0x00, 0x00, 0x00, 0x00, 0x00, 0x00, 0x00, 0x00, 0x00, 0x00, 0x00, 0x00, 0x00, 0x00, 0x00,
    0x00, 0x00, 0x00, 0x00, 0x00, 0x00, 0x00, 0x00, 0x00, 0x00, 0x00, 0x00, 0x00, 0x00, 0x00, 0x00,
    0x00, 0x00, 0x00, 0x06, 0x00, 0xC0, 0x18, 0x03, 0x00, 0x60, 0x0C, 0x01, 0x80, 0x30, 0x06, 0x00,
    0x00, 0x00, 0x03, 0x00, 0x60, 0x0C, 0x00, 0x00, 0x00, 0x00, 0x00, 0x00, 0x00, 0x00, 0x00, 0x06,
    0x60, 0xCC, 0x19, 0x83, 0x30, 0x66, 0x00, 0x00, 0x00, 0x00, 0x00, 0x00, 0x00, 0x00, 0x00, 0x00,
    0x00, 0x00, 0x00, 0x00, 0x00, 0x00, 0x00, 0x00, 0x00, 0x00, 0x00, 0x00, 0x00, 0x00, 0x00, 0x00,
    0x00, 0x19, 0x83, 0x30, 0x66, 0x0C, 0xC7, 0xFE, 0x33, 0x06, 0x60, 0xCC, 0x19, 0x8F, 0xFC, 0x66,
    0x0C, 0xC1, 0x98, 0x33, 0x00, 0x00, 0x00, 0x00, 0x00, 0x00, 0x00, 0x00, 0x00, 0x00, 0x00, 0x30,
    0x06, 0x03, 0xF0, 0xDB, 0x33, 0x36, 0x60, 0xCC, 0x0D, 0x80, 0xFC, 0x06, 0xC0, 0xCC, 0x19, 0xB3,
    0x33, 0x6C, 0x3F, 0x01, 0x80, 0x30, 0x00, 0x00, 0x00, 0x00, 0x00, 0x00, 0x00, 0x00, 0x00, 0x38,
    0xCD, 0x99, 0xB6, 0x1C, 0xC0, 0x30, 0x06, 0x01, 0x80, 0x30, 0x0C, 0x01, 0x80, 0x67, 0x0D, 0xB3,
    0x36, 0x63, 0x80, 0x00, 0x00, 0x00, 0x00, 0x00, 0x00, 0x00, 0x00, 0x00, 0x00, 0x00, 0x1F, 0x06,
    0x30, 0xC6, 0x18, 0xC1, 0xB0, 0x1C, 0x07, 0x81, 0x9B, 0x61, 0xEC, 0x19, 0x83, 0x30, 0x63, 0x1E,
    0x3E, 0xC0, 0x00, 0x00, 0x00, 0x00, 0x00, 0x00, 0x00, 0x00, 0x01, 0x80, 0x30, 0x06, 0x00, 0xC0,
    0x18, 0x00, 0x00, 0x00, 0x00, 0x00, 0x00, 0x00, 0x00, 0x00, 0x00, 0x00, 0x00, 0x00, 0x00, 0x00,
    0x00, 0x00, 0x00, 0x00, 0x00, 0x00, 0x00, 0x00, 0x00, 0x00, 0x00, 0x00, 0x01, 0x80, 0x60, 0x18,
    0x03, 0x00, 0xC0, 0x18, 0x03, 0x00, 0x60, 0x0C, 0x01, 0x80, 0x18, 0x03, 0x00, 0x30, 0x03, 0x00,
    0x00, 0x00, 0x00, 0x00, 0x00, 0x00, 0x00, 0x00, 0x00, 0x00, 0x00, 0x0C, 0x00, 0xC0, 0x0C, 0x01,
    0x80, 0x18, 0x03, 0x00, 0x60, 0x0C, 0x01, 0x80, 0x30, 0x0C, 0x01, 0x80, 0x60, 0x18, 0x00, 0x00,
    0x00, 0x00, 0x00, 0x00, 0x00, 0x00, 0x00, 0x00, 0x00, 0x00, 0x00, 0x00, 0x00, 0x00, 0x18, 0x61,
    0x98, 0x1E, 0x01, 0x83, 0xFF, 0x06, 0x01, 0xE0, 0x66, 0x18, 0x60, 0x00, 0x00, 0x00, 0x00, 0x00,
    0x00, 0x00, 0x00, 0x00, 0x00, 0x00, 0x00, 0x00, 0x00, 0x00, 0x00, 0x00, 0x00, 0x03, 0x00, 0x60,
    0x0C, 0x01, 0x83, 0xFF, 0x06, 0x00, 0xC0, 0x18, 0x03, 0x00, 0x00, 0x00, 0x00, 0x00, 0x00, 0x00,
    0x00, 0x00, 0x00, 0x00, 0x00, 0x00, 0x00, 0x00, 0x00, 0x00, 0x00, 0x00, 0x00, 0x00, 0x00, 0x00,
    0x00, 0x00, 0x00, 0x00, 0x00, 0x00, 0x18, 0x03, 0x00, 0x60, 0x0C, 0x03, 0x00, 0x00, 0x00, 0x00,
    0x00, 0x00, 0x00, 0x00, 0x00, 0x00, 0x00, 0x00, 0x00, 0x00, 0x00, 0x00, 0x00, 0x00, 0x00, 0x00,
    0x01, 0xFF, 0x00, 0x00, 0x00, 0x00, 0x00, 0x00, 0x00, 0x00, 0x00, 0x00, 0x00, 0x00, 0x00, 0x00,
    0x00, 0x00, 0x00, 0x00, 0x00, 0x00, 0x00, 0x00, 0x00, 0x00, 0x00, 0x00, 0x00, 0x00, 0x00, 0x00,
    0x00, 0x00, 0x00, 0x00, 0x00, 0x03, 0x00, 0x60, 0x0C, 0x00, 0x00, 0x00, 0x00, 0x00, 0x00, 0x00,
    0x00, 0x00, 0x00, 0x00, 0x00, 0x00, 0xC0, 0x18, 0x06, 0x00, 0xC0, 0x30, 0x06, 0x01, 0x80, 0x30,
    0x0C, 0x01, 0x80, 0x60, 0x0C, 0x03, 0x00, 0x60, 0x00, 0x00, 0x00, 0x00, 0x00, 0x00, 0x00, 0x00,
    0x00, 0x00, 0x00, 0x00, 0x0F, 0x83, 0x18, 0xC1, 0x98, 0x33, 0x0E, 0x63, 0xCC, 0xD9, 0xB3, 0x3C,
    0x67, 0x0C, 0xC1, 0x98, 0x31, 0x8C, 0x1F, 0x00, 0x00, 0x00, 0x00, 0x00, 0x00, 0x00, 0x00, 0x00,
    0x00, 0x00, 0x00, 0x03, 0x00, 0xE0, 0x3C, 0x0D, 0x80, 0x30, 0x06, 0x00, 0xC0, 0x18, 0x03, 0x00,
    0x60, 0x0C, 0x01, 0x80, 0x30, 0x3F, 0xC0, 0x00, 0x00, 0x00, 0x00, 0x00, 0x00, 0x00, 0x00, 0x00,
    0x00, 0x00, 0x0F, 0x83, 0x18, 0xC1, 0x98, 0x33, 0x06, 0x00, 0xC0, 0x30, 0x0C, 0x03, 0x00, 0xC0,
    0x30, 0x0C, 0x03, 0x00, 0x7F, 0xC0, 0x00, 0x00, 0x00, 0x00, 0x00, 0x00, 0x00, 0x00, 0x00, 0x00,
    0x00, 0x0F, 0x83, 0x18, 0xC1, 0x80, 0x30, 0x06, 0x01, 0x81, 0xE0, 0x06, 0x00, 0x60, 0x0C, 0x01,
    0x98, 0x31, 0x8C, 0x1F, 0x00, 0x00, 0x00, 0x00, 0x00, 0x00, 0x00, 0x00, 0x00, 0x00, 0x00, 0x00,
    0x00, 0x60, 0x1C, 0x07, 0x81, 0xB0, 0x66, 0x18, 0xC6, 0x19, 0x83, 0x30, 0x66, 0x0C, 0xFF, 0x80,
    0x30, 0x06, 0x00, 0xC0, 0x00, 0x00, 0x00, 0x00, 0x00, 0x00, 0x00, 0x00, 0x00, 0x00, 0x00, 0x3F,
    0xE6, 0x00, 0xC0, 0x18, 0x03, 0x00, 0x7F, 0x00, 0x30, 0x03, 0x00, 0x60, 0x0C, 0xC1, 0x98, 0x31,
    0x8C, 0x1F, 0x00, 0x00, 0x00, 0x00, 0x00, 0x00, 0x00, 0x00, 0x00, 0x00, 0x00, 0x00, 0x0F, 0xC3,
    0x00, 0xC0, 0x18, 0x03, 0x00, 0x7F, 0x0C, 0x31, 0x83, 0x30, 0x66, 0x0C, 0xC1, 0x98, 0x31, 0x8C,
    0x1F, 0x00, 0x00, 0x00, 0x00, 0x00, 0x00, 0x00, 0x00, 0x00, 0x00, 0x00, 0x00, 0x3F, 0xE6, 0x0C,
    0xC1, 0x80, 0x30, 0x0C, 0x01, 0x80, 0x60, 0x0C, 0x03, 0x00, 0x60, 0x18, 0x03, 0x00, 0x60, 0x0C,
    0x00, 0x00, 0x00, 0x00, 0x00, 0x00, 0x00, 0x00, 0x00, 0x00, 0x00, 0x00, 0x0F, 0x83, 0x18, 0xC1,
    0x98, 0x33, 0x06, 0x31, 0x83, 0xE0, 0xC6, 0x30, 0x66, 0x0C, 0xC1, 0x98, 0x31, 0x8C, 0x1F, 0x00,
    0x00, 0x00, 0x00, 0x00, 0x00, 0x00, 0x00, 0x00, 0x00, 0x00, 0x00, 0x0F, 0x83, 0x18, 0xC1, 0x98,
    0x33, 0x06, 0x60, 0xCC, 0x18, 0xC3, 0x0F, 0xE0, 0x0C, 0x01, 0x80, 0x30, 0x0C, 0x3F, 0x00, 0x00,
    0x00, 0x00, 0x00, 0x00, 0x00, 0x00, 0x00, 0x00, 0x00, 0x00, 0x00, 0x00, 0x00, 0x00, 0x03, 0x00,
    0x60, 0x0C, 0x00, 0x00, 0x00, 0x00, 0x00, 0x00, 0x18, 0x03, 0x00, 0x60, 0x00, 0x00, 0x00, 0x00,
    0x00, 0x00, 0x00, 0x00, 0x00, 0x00, 0x00, 0x00, 0x00, 0x00, 0x00, 0x00, 0x00, 0x03, 0x00, 0x60,
    0x0C, 0x00, 0x00, 0x00, 0x00, 0x00, 0x00, 0x18, 0x03, 0x00, 0x60, 0x0C, 0x03, 0x00, 0x00, 0x00,
    0x00, 0x00, 0x00, 0x00, 0x00, 0x00, 0x00, 0x00, 0x00, 0xC0, 0x30, 0x0C, 0x03, 0x00, 0xC0, 0x30,
    0x0C, 0x01, 0x80, 0x18, 0x01, 0x80, 0x18, 0x01, 0x80, 0x18, 0x01, 0x80, 0x00, 0x00, 0x00, 0x00,
    0x00, 0x00, 0x00, 0x00, 0x00, 0x00, 0x00, 0x00, 0x00, 0x00, 0x00, 0x00, 0x03, 0xFE, 0x00, 0x00,
    0x00, 0x00, 0x00, 0x07, 0xFC, 0x00, 0x00, 0x00, 0x00, 0x00, 0x00, 0x00, 0x00, 0x00, 0x00, 0x00,
    0x00, 0x00, 0x00, 0x00, 0x00, 0x00, 0x30, 0x03, 0x00, 0x30, 0x03, 0x00, 0x30, 0x03, 0x00, 0x30,
    0x06, 0x01, 0x80, 0x60, 0x18, 0x06, 0x01, 0x80, 0x60, 0x00, 0x00, 0x00, 0x00, 0x00, 0x00, 0x00,
    0x00, 0x00, 0x00, 0x00, 0x00, 0x0F, 0x83, 0x18, 0xC1, 0x98, 0x30, 0x06, 0x01, 0x80, 0x60, 0x18,
    0x03, 0x00, 0x00, 0x00, 0x01, 0x80, 0x30, 0x06, 0x00, 0x00, 0x00, 0x00, 0x00, 0x00, 0x00, 0x00,
    0x00, 0x00, 0x00, 0x00, 0x1F, 0x86, 0x19, 0x81, 0xB1, 0xF6, 0x66, 0xD8, 0xDB, 0x1B, 0x63, 0x6C,
    0x6C, 0xCD, 0x8F, 0xB0, 0x03, 0x00, 0x3F, 0xC0, 0x00, 0x00, 0x00, 0x00, 0x00, 0x00, 0x00, 0x00,
    0x00, 0x00, 0x00, 0x0F, 0x83, 0x18, 0xC1, 0x98, 0x33, 0x06, 0x60, 0xCC, 0x19, 0xFF, 0x30, 0x66,
    0x0C, 0xC1, 0x98, 0x33, 0x06, 0x60, 0xC0, 0x00, 0x00, 0x00, 0x00, 0x00, 0x00, 0x00, 0x00, 0x00,
    0x00, 0x00, 0x3F, 0x86, 0x18, 0xC1, 0x98, 0x33, 0x06, 0x61, 0x8F, 0xE1, 0x86, 0x30, 0x66, 0x0C,
    0xC1, 0x98, 0x33, 0x0C, 0x7F, 0x00, 0x00, 0x00, 0x00, 0x00, 0x00, 0x00, 0x00, 0x00, 0x00, 0x00,
    0x00, 0x0F, 0x83, 0x18, 0xC1, 0x98, 0x33, 0x00, 0x60, 0x0C, 0x01, 0x80, 0x30, 0x06, 0x00, 0xC1,
    0x98, 0x31, 0x8C, 0x1F, 0x00, 0x00, 0x00, 0x00, 0x00, 0x00, 0x00, 0x00, 0x00, 0x00, 0x00, 0x00,
    0x3F, 0x86, 0x18, 0xC1, 0x98, 0x33, 0x06, 0x60, 0xCC, 0x19, 0x83, 0x30, 0x66, 0x0C, 0xC1, 0x98,
    0x33, 0x0C, 0x7F, 0x00, 0x00, 0x00, 0x00, 0x00, 0x00, 0x00, 0x00, 0x00, 0x00, 0x00, 0x00, 0x3F,
    0xE6, 0x00, 0xC0, 0x18, 0x03, 0x00, 0x60, 0x0F, 0xE1, 0x80, 0x30, 0x06, 0x00, 0xC0, 0x18, 0x03,
    0x00, 0x7F, 0xC0, 0x00, 0x00, 0x00, 0x00, 0x00, 0x00, 0x00, 0x00, 0x00, 0x00, 0x00, 0x3F, 0xE6,
    0x00, 0xC0, 0x18, 0x03, 0x00, 0x60, 0x0F, 0xE1, 0x80, 0x30, 0x06, 0x00, 0xC0, 0x18, 0x03, 0x00,
    0x60, 0x00, 0x00, 0x00, 0x00, 0x00, 0x00, 0x00, 0x00, 0x00, 0x00, 0x00, 0x00, 0x0F, 0x83, 0x18,
    0xC1, 0x98, 0x33, 0x00, 0x60, 0x0C, 0x01, 0x9F, 0x30, 0x66, 0x0C, 0xC1, 0x98, 0x31, 0x8C, 0x1F,
    0x00, 0x00, 0x00, 0x00, 0x00, 0x00, 0x00, 0x00, 0x00, 0x00, 0x00, 0x00, 0x30, 0x66, 0x0C, 0xC1,
    0x98, 0x33, 0x06, 0x60, 0xCF, 0xF9, 0x83, 0x30, 0x66, 0x0C, 0xC1, 0x98, 0x33, 0x06, 0x60, 0xC0,
    0x00, 0x00, 0x00, 0x00, 0x00, 0x00, 0x00, 0x00, 0x00, 0x00, 0x00, 0x1F, 0x80, 0xC0, 0x18, 0x03,
    0x00, 0x60, 0x0C, 0x01, 0x80, 0x30, 0x06, 0x00, 0xC0, 0x18, 0x03, 0x00, 0x60, 0x3F, 0x00, 0x00,
    0x00, 0x00, 0x00, 0x00, 0x00, 0x00, 0x00, 0x00, 0x00, 0x00, 0x03, 0xF0, 0x18, 0x03, 0x00, 0x60,
    0x0C, 0x01, 0x80, 0x30, 0x06, 0x00, 0xC6, 0x18, 0xC3, 0x18, 0x61, 0x98, 0x1E, 0x00, 0x00, 0x00,
    0x00, 0x00, 0x00, 0x00, 0x00, 0x00, 0x00, 0x00, 0x00, 0x30, 0x66, 0x0C, 0xC3, 0x18, 0xC3, 0x30,
    0x6C, 0x0F, 0x01, 0xE0, 0x36, 0x06, 0x60, 0xC6, 0x18, 0x63, 0x06, 0x60, 0xC0, 0x00, 0x00, 0x00,
    0x00, 0x00, 0x00, 0x00, 0x00, 0x00, 0x00, 0x00, 0x30, 0x06, 0x00, 0xC0, 0x18, 0x03, 0x00, 0x60,
    0x0C, 0x01, 0x80, 0x30, 0x06, 0x00, 0xC0, 0x18, 0x03, 0x00, 0x7F, 0xC0, 0x00, 0x00, 0x00, 0x00,
    0x00, 0x00, 0x00, 0x00, 0x00, 0x00, 0x00, 0x40, 0x2C, 0x0D, 0xC3, 0xBC, 0xF6, 0xF6, 0xCC, 0xD8,
    0x1B, 0x03, 0x60, 0x6C, 0x0D, 0x81, 0xB0, 0x36, 0x06, 0xC0, 0xC0, 0x00, 0x00, 0x00, 0x00, 0x00,
    0x00, 0x00, 0x00, 0x00, 0x00, 0x00, 0x30, 0x66, 0x0C, 0xC1, 0x98, 0x33, 0x86, 0x78, 0xCD, 0x99,
    0x9B, 0x31, 0xE6, 0x1C, 0xC1, 0x98, 0x33, 0x06, 0x60, 0xC0, 0x00, 0x00, 0x00, 0x00, 0x00, 0x00,
    0x00, 0x00, 0x00, 0x00, 0x00, 0x0F, 0x83, 0x18, 0xC1, 0x98, 0x33, 0x06, 0x60, 0xCC, 0x19, 0x83,
    0x30, 0x66, 0x0C, 0xC1, 0x98, 0x31, 0x8C, 0x1F, 0x00, 0x00, 0x00, 0x00, 0x00, 0x00, 0x00, 0x00,
    0x00, 0x00, 0x00, 0x00, 0x3F, 0x86, 0x18, 0xC1, 0x98, 0x33, 0x06, 0x60, 0xCC, 0x31, 0xFC, 0x30,
    0x06, 0x00, 0xC0, 0x18, 0x03, 0x00, 0x60, 0x00, 0x00, 0x00, 0x00, 0x00, 0x00, 0x00, 0x00, 0x00,
    0x00, 0x00, 0x00, 0x0F, 0x83, 0x18, 0xC1, 0x98, 0x33, 0x06, 0x60, 0xCC, 0x19, 0x83, 0x30, 0x66,
    0x0C, 0xC1, 0x98, 0x31, 0xBC, 0x1F, 0x00, 0x30, 0x03, 0x00, 0x00, 0x00, 0x00, 0x00, 0x00, 0x00,
    0x00, 0x00, 0x3F, 0x86, 0x18, 0xC1, 0x98, 0x33, 0x06, 0x60, 0xCC, 0x31, 0xFC, 0x3C, 0x06, 0xC0,
    0xCC, 0x18, 0xC3, 0x0C, 0x60, 0xC0, 0x00, 0x00, 0x00, 0x00, 0x00, 0x00, 0x00, 0x00, 0x00, 0x00,
    0x00, 0x0F, 0x83, 0x18, 0xC1, 0x98, 0x03, 0x00, 0x30, 0x03, 0xE0, 0x06, 0x00, 0x60, 0x0C, 0x01,
    0x98, 0x31, 0x8C, 0x1F, 0x00, 0x00, 0x00, 0x00, 0x00, 0x00, 0x00, 0x00, 0x00, 0x00, 0x00, 0x00,
    0x7F, 0xE0, 0xC0, 0x18, 0x03, 0x00, 0x60, 0x0C, 0x01, 0x80, 0x30, 0x06, 0x00, 0xC0, 0x18, 0x03,
    0x00, 0x60, 0x0C, 0x00, 0x00, 0x00, 0x00, 0x00, 0x00, 0x00, 0x00, 0x00, 0x00, 0x00, 0x00, 0x30,
    0x66, 0x0C, 0xC1, 0x98, 0x33, 0x06, 0x60, 0xCC, 0x19, 0x83, 0x30, 0x66, 0x0C, 0xC1, 0x98, 0x31,
    0x8C, 0x1F, 0x00, 0x00, 0x00, 0x00, 0x00, 0x00, 0x00, 0x00, 0x00, 0x00, 0x00, 0x00, 0x30, 0x66,
    0x0C, 0xC1, 0x98, 0x33, 0x06, 0x31, 0x86, 0x30, 0xC6, 0x18, 0xC1, 0xB0, 0x36, 0x03, 0x80, 0x70,
    0x0E, 0x00, 0x00, 0x00, 0x00, 0x00, 0x00, 0x00, 0x00, 0x00, 0x00, 0x00, 0x00, 0x60, 0x6C, 0x0D,
    0x81, 0xB0, 0x36, 0x06, 0xC0, 0xD8, 0x1B, 0x33, 0x66, 0x6D, 0xED, 0xE7, 0xB8, 0x76, 0x06, 0x80,
    0x40, 0x00, 0x00, 0x00, 0x00, 0x00, 0x00, 0x00, 0x00, 0x00, 0x00, 0x00, 0x30, 0x66, 0x0C, 0x63,
    0x0C, 0x60, 0xD8, 0x1B, 0x01, 0xC0, 0x38, 0x0D, 0x81, 0xB0, 0x63, 0x0C, 0x63, 0x06, 0x60, 0xC0,
    0x00, 0x00, 0x00, 0x00, 0x00, 0x00, 0x00, 0x00, 0x00, 0x00, 0x00, 0x60, 0x6C, 0x0C, 0xC3, 0x18,
    0x61, 0x98, 0x33, 0x03, 0xC0, 0x78, 0x06, 0x00, 0xC0, 0x18, 0x03, 0x00, 0x60, 0x0C, 0x00, 0x00,
    0x00, 0x00, 0x00, 0x00, 0x00, 0x00, 0x00, 0x00, 0x00, 0x00, 0x3F, 0xE0, 0x0C, 0x01, 0x80, 0x30,
    0x0C, 0x03, 0x00, 0xC0, 0x30, 0x0C, 0x03, 0x00, 0xC0, 0x18, 0x03, 0x00, 0x7F, 0xC0, 0x00, 0x00,
    0x00, 0x00, 0x00, 0x00, 0x00, 0x00, 0x00, 0x00, 0x00, 0x0F, 0x81, 0x80, 0x30, 0x06, 0x00, 0xC0,
    0x18, 0x03, 0x00, 0x60, 0x0C, 0x01, 0x80, 0x30, 0x06, 0x00, 0xC0, 0x1F, 0x00, 0x00, 0x00, 0x00,
    0x00, 0x00, 0x00, 0x00, 0x00, 0x00, 0x00, 0x00, 0x30, 0x06, 0x00, 0x60, 0x0C, 0x00, 0xC0, 0x18,
    0x01, 0x80, 0x30, 0x03, 0x00, 0x60, 0x06, 0x00, 0xC0, 0x0C, 0x01, 0x80, 0x00, 0x00, 0x00, 0x00,
    0x00, 0x00, 0x00, 0x00, 0x00, 0x00, 0x00, 0x0F, 0x80, 0x30, 0x06, 0x00, 0xC0, 0x18, 0x03, 0x00,
    0x60, 0x0C, 0x01, 0x80, 0x30, 0x06, 0x00, 0xC0, 0x18, 0x1F, 0x00, 0x00, 0x00, 0x00, 0x00, 0x00,
    0x00, 0x00, 0x00, 0x00, 0x80, 0x38, 0x0D, 0x83, 0x18, 0xC1, 0x80, 0x00, 0x00, 0x00, 0x00, 0x00,
    0x00, 0x00, 0x00, 0x00, 0x00, 0x00, 0x00, 0x00, 0x00, 0x00, 0x00, 0x00, 0x00, 0x00, 0x00, 0x00,
    0x00, 0x00, 0x00, 0x00, 0x00, 0x00, 0x00, 0x00, 0x00, 0x00, 0x00, 0x00, 0x00, 0x00, 0x00, 0x00,
    0x00, 0x00, 0x00, 0x00, 0x00, 0x00, 0x00, 0x00, 0x00, 0x01, 0xFF, 0x00, 0x00, 0x00, 0x00, 0x00,
    0x18, 0x01, 0x80, 0x18, 0x00, 0x00, 0x00, 0x00, 0x00, 0x00, 0x00, 0x00, 0x00, 0x00, 0x00, 0x00,
    0x00, 0x00, 0x00, 0x00, 0x00, 0x00, 0x00, 0x00, 0x00, 0x00, 0x00, 0x00, 0x00, 0x00, 0x00, 0x00,
    0x00, 0x00, 0x00, 0x00, 0x00, 0x00, 0x00, 0x00, 0x01, 0xF8, 0x01, 0x80, 0x18, 0x03, 0x1F, 0xE6,
    0x0C, 0xC1, 0x98, 0x33, 0x06, 0x3F, 0xC0, 0x00, 0x00, 0x00, 0x00, 0x00, 0x00, 0x00, 0x00, 0x00,
    0x00, 0x00, 0x30, 0x06, 0x00, 0xC0, 0x18, 0x03, 0xF8, 0x61, 0x8C, 0x19, 0x83, 0x30, 0x66, 0x0C,
    0xC1, 0x98, 0x33, 0x0C, 0x7F, 0x00, 0x00, 0x00, 0x00, 0x00, 0x00, 0x00, 0x00, 0x00, 0x00, 0x00,
    0x00, 0x00, 0x00, 0x00, 0x00, 0x00, 0x00, 0xF8, 0x31, 0x8C, 0x19, 0x80, 0x30, 0x06, 0x00, 0xC0,
    0x18, 0x31, 0x8C, 0x1F, 0x00, 0x00, 0x00, 0x00, 0x00, 0x00, 0x00, 0x00, 0x00, 0x00, 0x00, 0x00,
    0x00, 0x60, 0x0C, 0x01, 0x80, 0x30, 0xFE, 0x30, 0xCC, 0x19, 0x83, 0x30, 0x66, 0x0C, 0xC1, 0x98,
    0x31, 0x86, 0x1F, 0xC0, 0x00, 0x00, 0x00, 0x00, 0x00, 0x00, 0x00, 0x00, 0x00, 0x00, 0x00, 0x00,
    0x00, 0x00, 0x00, 0x00, 0x00, 0xF8, 0x31, 0x8C, 0x19, 0x83, 0x3F, 0xE6, 0x00, 0xC0, 0x18, 0x01,
    0x86, 0x1F, 0x80, 0x00, 0x00, 0x00, 0x00, 0x00, 0x00, 0x00, 0x00, 0x00, 0x00, 0x00, 0x03, 0xE0,
    0xC0, 0x18, 0x03, 0x03, 0xFC, 0x0C, 0x01, 0x80, 0x30, 0x06, 0x00, 0xC0, 0x18, 0x03, 0x00, 0x60,
    0x0C, 0x00, 0x00, 0x00, 0x00, 0x00, 0x00, 0x00, 0x00, 0x00, 0x00, 0x00, 0x00, 0x00, 0x00, 0x00,
    0x00, 0x00, 0x00, 0xFE, 0x30, 0xCC, 0x19, 0x83, 0x30, 0x66, 0x0C, 0xC1, 0x98, 0x31, 0x86, 0x1F,
    0xC0, 0x18, 0x03, 0x00, 0xC3, 0xF0, 0x00, 0x00, 0x00, 0x00, 0x00, 0x00, 0x30, 0x06, 0x00, 0xC0,
    0x18, 0x03, 0xF8, 0x61, 0x8C, 0x19, 0x83, 0x30, 0x66, 0x0C, 0xC1, 0x98, 0x33, 0x06, 0x60, 0xC0,
    0x00, 0x00, 0x00, 0x00, 0x00, 0x00, 0x00, 0x00, 0x00, 0x00, 0x00, 0x03, 0x00, 0x60, 0x0C, 0x00,
    0x00, 0xF0, 0x06, 0x00, 0xC0, 0x18, 0x03, 0x00, 0x60, 0x0C, 0x01, 0x80, 0x30, 0x1F, 0x80, 0x00,
    0x00, 0x00, 0x00, 0x00, 0x00, 0x00, 0x00, 0x00, 0x00, 0x00, 0x00, 0xC0, 0x18, 0x03, 0x00, 0x00,
    0x3C, 0x01, 0x80, 0x30, 0x06, 0x00, 0xC0, 0x18, 0x03, 0x00, 0x60, 0x0C, 0x01, 0x86, 0x30, 0xC6,
    0x18, 0xC1, 0xF0, 0x00, 0x00, 0x00, 0x00, 0x00, 0x00, 0x18, 0x03, 0x00, 0x60, 0x0C, 0x01, 0x86,
    0x31, 0x86, 0x60, 0xD8, 0x1E, 0x03, 0xC0, 0x6C, 0x0C, 0xC1, 0x8C, 0x30, 0xC0, 0x00, 0x00, 0x00,
    0x00, 0x00, 0x00, 0x00, 0x00, 0x00, 0x00, 0x00, 0x0F, 0x00, 0x60, 0x0C, 0x01, 0x80, 0x30, 0x06,
    0x00, 0xC0, 0x18, 0x03, 0x00, 0x60, 0x0C, 0x01, 0x80, 0x30, 0x1F, 0x80, 0x00, 0x00, 0x00, 0x00,
    0x00, 0x00, 0x00, 0x00, 0x00, 0x00, 0x00, 0x00, 0x00, 0x00, 0x00, 0x00, 0x07, 0xF8, 0xCD, 0x99,
    0x9B, 0x33, 0x66, 0x6C, 0xCD, 0x99, 0xB3, 0x36, 0x66, 0xCC, 0xC0, 0x00, 0x00, 0x00, 0x00, 0x00,
    0x00, 0x00, 0x00, 0x00, 0x00, 0x00, 0x00, 0x00, 0x00, 0x00, 0x00, 0x03, 0xF8, 0x61, 0x8C, 0x19,
    0x83, 0x30, 0x66, 0x0C, 0xC1, 0x98, 0x33, 0x06, 0x60, 0xC0, 0x00, 0x00, 0x00, 0x00, 0x00, 0x00,
    0x00, 0x00, 0x00, 0x00, 0x00, 0x00, 0x00, 0x00, 0x00, 0x00, 0x00, 0xF8, 0x31, 0x8C, 0x19, 0x83,
    0x30, 0x66, 0x0C, 0xC1, 0x98, 0x31, 0x8C, 0x1F, 0x00, 0x00, 0x00, 0x00, 0x00, 0x00, 0x00, 0x00,
    0x00, 0x00, 0x00, 0x00, 0x00, 0x00, 0x00, 0x00, 0x00, 0x03, 0xF8, 0x61, 0x8C, 0x19, 0x83, 0x30,
    0x66, 0x0C, 0xC1, 0x98, 0x33, 0x0C, 0x7F, 0x0C, 0x01, 0x80, 0x30, 0x06, 0x00, 0x00, 0x00, 0x00,
    0x00, 0x00, 0x00, 0x00, 0x00, 0x00, 0x00, 0x00, 0x00, 0xFE, 0x30, 0xCC, 0x19, 0x83, 0x30, 0x66,
    0x0C, 0xC1, 0x98, 0x31, 0x86, 0x1F, 0xC0, 0x18, 0x03, 0x00, 0x60, 0x0C, 0x00, 0x00, 0x00, 0x00,
    0x00, 0x00, 0x00, 0x00, 0x00, 0x00, 0x00, 0x03, 0x3E, 0x6C, 0x0F, 0x01, 0xC0, 0x30, 0x06, 0x00,
    0xC0, 0x18, 0x03, 0x00, 0x60, 0x00, 0x00, 0x00, 0x00, 0x00, 0x00, 0x00, 0x00, 0x00, 0x00, 0x00,
    0x00, 0x00, 0x00, 0x00, 0x00, 0x00, 0x01, 0xFC, 0x60, 0xCC, 0x01, 0x80, 0x1F, 0xC0, 0x0C, 0x01,
    0x80, 0x33, 0x06, 0x3F, 0x80, 0x00, 0x00, 0x00, 0x00, 0x00, 0x00, 0x00, 0x00, 0x00, 0x00, 0x00,
    0x06, 0x00, 0xC0, 0x18, 0x03, 0x03, 0xFC, 0x0C, 0x01, 0x80, 0x30, 0x06, 0x00, 0xC0, 0x18, 0x03,
    0x00, 0x60, 0x07, 0xC0, 0x00, 0x00, 0x00, 0x00, 0x00, 0x00, 0x00, 0x00, 0x00, 0x00, 0x00, 0x00,
    0x00, 0x00, 0x00, 0x00, 0x03, 0x06, 0x60, 0xCC, 0x19, 0x83, 0x30, 0x66, 0x0C, 0xC1, 0x98, 0x31,
    0x86, 0x1F, 0xC0, 0x00, 0x00, 0x00, 0x00, 0x00, 0x00, 0x00, 0x00, 0x00, 0x00, 0x00, 0x00, 0x00,
    0x00, 0x00, 0x00, 0x03, 0x06, 0x60, 0xCC, 0x18, 0xC6, 0x18, 0xC3, 0x18, 0x36, 0x06, 0xC0, 0x70,
    0x0E, 0x00, 0x00, 0x00, 0x00, 0x00, 0x00, 0x00, 0x00, 0x00, 0x00, 0x00, 0x00, 0x00, 0x00, 0x00,
    0x00, 0x00, 0x06, 0x06, 0xC0, 0xD8, 0x1B, 0x33, 0x66, 0x6C, 0xCD, 0x99, 0xB3, 0x36, 0x66, 0x7F,
    0x80, 0x00, 0x00, 0x00, 0x00, 0x00, 0x00, 0x00, 0x00, 0x00, 0x00, 0x00, 0x00, 0x00, 0x00, 0x00,
    0x00, 0x03, 0x06, 0x60, 0xC6, 0x30, 0x6C, 0x07, 0x00, 0xE0, 0x36, 0x0C, 0x63, 0x06, 0x60, 0xC0,
    0x00, 0x00, 0x00, 0x00, 0x00, 0x00, 0x00, 0x00, 0x00, 0x00, 0x00, 0x00, 0x00, 0x00, 0x00, 0x00,
    0x03, 0x06, 0x60, 0xCC, 0x19, 0x83, 0x30, 0x66, 0x0C, 0xC1, 0x98, 0x31, 0x86, 0x1F, 0xC0, 0x18,
    0x03, 0x00, 0xC3, 0xF0, 0x00, 0x00, 0x00, 0x00, 0x00, 0x00, 0x00, 0x00, 0x00, 0x00, 0x00, 0x03,
    0xFE, 0x00, 0xC0, 0x30, 0x0C, 0x03, 0x00, 0xC0, 0x30, 0x0C, 0x03, 0x00, 0x7F, 0xC0, 0x00, 0x00,
    0x00, 0x00, 0x00, 0x00, 0x00, 0x00, 0x00, 0x00, 0x00, 0x01, 0xC0, 0x60, 0x18, 0x03, 0x00, 0x60,
    0x0C, 0x07, 0x00, 0x30, 0x06, 0x00, 0xC0, 0x18, 0x03, 0x00, 0x30, 0x03, 0x80, 0x00, 0x00, 0x00,
    0x00, 0x00, 0x00, 0x00, 0x00, 0x00, 0x00, 0x00, 0x06, 0x00, 0xC0, 0x18, 0x03, 0x00, 0x60, 0x0C,
    0x01, 0x80, 0x30, 0x06, 0x00, 0xC0, 0x18, 0x03, 0x00, 0x60, 0x0C, 0x00, 0x00, 0x00, 0x00, 0x00,
    0x00, 0x00, 0x00, 0x00, 0x00, 0x00, 0x00, 0x1C, 0x00, 0xC0, 0x0C, 0x01, 0x80, 0x30, 0x06, 0x00,
    0x70, 0x18, 0x03, 0x00, 0x60, 0x0C, 0x01, 0x80, 0x60, 0x38, 0x00, 0x00, 0x00, 0x00, 0x00, 0x00,
    0x00, 0x00, 0x00, 0x07, 0x19, 0xB3, 0x33, 0x66, 0x38, 0x00, 0x00, 0x00, 0x00, 0x00, 0x00, 0x00,
    0x00, 0x00, 0x00, 0x00, 0x00, 0x00, 0x00, 0x00, 0x00, 0x00, 0x00, 0x00, 0x00, 0x00, 0x00, 0x00,
    0x00, 0x00, 0x00, 0x00, 0x00, 0x00, 0x00, 0x00, 0x00, 0x00, 0x00, 0x00, 0x00, 0x00, 0x00, 0x00,
    0x00, 0x00, 0x00, 0x00, 0x00, 0x00, 0x00, 0x00, 0x00, 0x00, 0x00, 0x00, 0x00, 0x00, 0x00, 0x00,
    0x00, 0x00, 0x00, 0x00, 0x06, 0x00, 0xC0, 0x18, 0x00, 0x00, 0x00, 0x0C, 0x01, 0x80, 0x30, 0x06,
    0x00, 0xC0, 0x18, 0x03, 0x00, 0x60, 0x0C, 0x00, 0x00, 0x00, 0x00, 0x00, 0x00, 0x00, 0x00, 0x00,
    0x00, 0x00, 0x00, 0x00, 0x00, 0x00, 0x18, 0x03, 0x01, 0xF8, 0x6D, 0x99, 0x9B, 0x30, 0x66, 0x0C,
    0xC1, 0x98, 0x33, 0x33, 0x6C, 0x3F, 0x01, 0x80, 0x30, 0x00, 0x00, 0x00, 0x00, 0x00, 0x00, 0x00,
    0x00, 0x00, 0x00, 0x01, 0xF0, 0x63, 0x0C, 0x61, 0x80, 0x30, 0x06, 0x01, 0xF8, 0x18, 0x03, 0x00,
    0x60, 0x0C, 0x01, 0x86, 0x30, 0xCF, 0xF8, 0x00, 0x00, 0x00, 0x00, 0x00, 0x00, 0x00, 0x00, 0x00,
    0x00, 0x00, 0x00, 0x01, 0x81, 0x98, 0x61, 0xF8, 0x61, 0x8C, 0x31, 0x86, 0x30, 0xC6, 0x18, 0x7E,
    0x18, 0x66, 0x06, 0x00, 0x00, 0x00, 0x00, 0x00, 0x00, 0x00, 0x00, 0x00, 0x00, 0x00, 0x00, 0x00,
    0x60, 0x6C, 0x0C, 0xC3, 0x18, 0x61, 0x98, 0x33, 0x03, 0xC0, 0x30, 0x3F, 0xC0, 0xC0, 0x18, 0x1F,
    0xE0, 0x60, 0x0C, 0x00, 0x00, 0x00, 0x00, 0x00, 0x00, 0x00, 0x00, 0x00, 0x00, 0x00, 0x00, 0x06,
    0x00, 0xC0, 0x18, 0x03, 0x00, 0x60, 0x0C, 0x00, 0x00, 0x00, 0x06, 0x00, 0xC0, 0x18, 0x03, 0x00,
    0x60, 0x0C, 0x00, 0x00, 0x00, 0x00, 0x00, 0x00, 0x00, 0x00, 0x00, 0x00, 0x00, 0x7C, 0x18, 0xC3,
    0x00, 0x60, 0x07, 0x81, 0x98, 0x31, 0x86, 0x30, 0xC6, 0x18, 0xC1, 0x98, 0x1E, 0x00, 0x60, 0x0C,
    0x31, 0x83, 0xE0, 0x00, 0x00, 0x00, 0x00, 0x00, 0x00, 0x31, 0x86, 0x30, 0xC6, 0x00, 0x00, 0x00,
    0x00, 0x00, 0x00, 0x00, 0x00, 0x00, 0x00, 0x00, 0x00, 0x00, 0x00, 0x00, 0x00, 0x00, 0x00, 0x00,
    0x00, 0x00, 0x00, 0x00, 0x00, 0x00, 0x00, 0x00, 0x00, 0x00, 0x00, 0x00, 0x00, 0x00, 0x00, 0x7E,
    0x10, 0x24, 0xF2, 0xB3, 0x56, 0x0A, 0xC1, 0x58, 0x2B, 0x35, 0x3C, 0x90, 0x21, 0xF8, 0x00, 0x00,
    0x00, 0x00, 0x00, 0x00, 0x00, 0x00, 0x00, 0x00, 0x07, 0xE0, 0x06, 0x00, 0xC3, 0xF8, 0xC3, 0x18,
    0x63, 0x0C, 0x3F, 0x80, 0x01, 0xFE, 0x00, 0x00, 0x00, 0x00, 0x00, 0x00, 0x00, 0x00, 0x00, 0x00,
    0x00, 0x00, 0x00, 0x00, 0x00, 0x00, 0x00, 0x00, 0x00, 0x00, 0x00, 0x00, 0x00, 0x00, 0x00, 0x00,
    0x66, 0x19, 0x86, 0x61, 0x98, 0x66, 0x0C, 0xC0, 0xCC, 0x0C, 0xC0, 0xCC, 0x0C, 0xC0, 0x00, 0x00,
    0x00, 0x00, 0x00, 0x00, 0x00, 0x00, 0x00, 0x00, 0x00, 0x00, 0x00, 0x00, 0x00, 0x00, 0x00, 0x00,
    0x7F, 0xC0, 0x18, 0x03, 0x00, 0x60, 0x0C, 0x00, 0x00, 0x00, 0x00, 0x00, 0x00, 0x00, 0x00, 0x00,
    0x00, 0x00, 0x00, 0x00, 0x00, 0x00, 0x00, 0x00, 0x00, 0x00, 0x00, 0x7E, 0x10, 0x25, 0xF2, 0xB3,
    0x56, 0x6A, 0xF9, 0x5E, 0x2B, 0x65, 0x66, 0x90, 0x21, 0xF8, 0x00, 0x00, 0x00, 0x00, 0x00, 0x00,
    0x00, 0x00, 0x00, 0x00, 0x07, 0xF0, 0x00, 0x00, 0x00, 0x00, 0x00, 0x00, 0x00, 0x00, 0x00, 0x00,
    0x00, 0x00, 0x00, 0x00, 0x00, 0x00, 0x00, 0x00, 0x00, 0x00, 0x00, 0x00, 0x00, 0x00, 0x00, 0x00,
    0x00, 0x00, 0x00, 0x03, 0xC0, 0xCC, 0x19, 0x83, 0x30, 0x3C, 0x00, 0x00, 0x00, 0x00, 0x00, 0x00,
    0x00, 0x00, 0x00, 0x00, 0x00, 0x00, 0x00, 0x00, 0x00, 0x00, 0x00, 0x00, 0x00, 0x00, 0x00, 0x00,
    0x00, 0x00, 0x00, 0x00, 0x00, 0x00, 0x00, 0x00, 0x18, 0x03, 0x00, 0x60, 0x0C, 0x1F, 0xF8, 0x30,
    0x06, 0x00, 0xC0, 0x18, 0x00, 0x00, 0x00, 0xFF, 0xC0, 0x00, 0x00, 0x00, 0x00, 0x00, 0x00, 0x00,
    0x00, 0x03, 0xC0, 0xCC, 0x19, 0x80, 0x30, 0x0C, 0x03, 0x00, 0xC0, 0x3F, 0x00, 0x00, 0x00, 0x00,
    0x00, 0x00, 0x00, 0x00, 0x00, 0x00, 0x00, 0x00, 0x00, 0x00, 0x00, 0x00, 0x00, 0x00, 0x00, 0x00,
    0x03, 0xC0, 0xCC, 0x01, 0x80, 0xE0, 0x06, 0x00, 0xC1, 0x98, 0x1E, 0x00, 0x00, 0x00, 0x00, 0x00,
    0x00, 0x00, 0x00, 0x00, 0x00, 0x00, 0x00, 0x00, 0x00, 0x00, 0x00, 0x00, 0x00, 0x00, 0x03, 0x00,
    0xC0, 0x30, 0x00, 0x00, 0x00, 0x00, 0x00, 0x00, 0x00, 0x00, 0x00, 0x00, 0x00, 0x00, 0x00, 0x00,
    0x00, 0x00, 0x00, 0x00, 0x00, 0x00, 0x00, 0x00, 0x00, 0x00, 0x00, 0x00, 0x00, 0x00, 0x00, 0x00,
    0x00, 0x00, 0x00, 0x00, 0x00, 0x00, 0x03, 0x06, 0x60, 0xCC, 0x19, 0x83, 0x30, 0x66, 0x0C, 0xC1,
    0x98, 0x73, 0x1E, 0x7E, 0xCC, 0x01, 0x80, 0x30, 0x06, 0x00, 0x00, 0x00, 0x00, 0x00, 0x00, 0x00,
    0x3F, 0xEC, 0xCD, 0x99, 0xB3, 0x36, 0x66, 0xCC, 0xD9, 0x99, 0xF3, 0x06, 0x60, 0xCC, 0x19, 0x83,
    0x30, 0x66, 0x0C, 0xC0, 0x00, 0x00, 0x00, 0x00, 0x00, 0x00, 0x00, 0x00, 0x00, 0x00, 0x00, 0x00,
    0x00, 0x00, 0x00, 0x00, 0x00, 0x00, 0x00, 0x01, 0x80, 0x30, 0x06, 0x00, 0x00, 0x00, 0x00, 0x00,
    0x00, 0x00, 0x00, 0x00, 0x00, 0x00, 0x00, 0x00, 0x00, 0x00, 0x00, 0x00, 0x00, 0x00, 0x00, 0x00,
    0x00, 0x00, 0x00, 0x00, 0x00, 0x00, 0x00, 0x00, 0x00, 0x00, 0x00, 0x00, 0x00, 0x00, 0x00, 0x00,
    0x00, 0x00, 0xC0, 0x18, 0x03, 0x00, 0xC0, 0x00, 0x00, 0x00, 0x01, 0x80, 0x70, 0x06, 0x00, 0xC0,
    0x18, 0x03, 0x00, 0x60, 0x1E, 0x00, 0x00, 0x00, 0x00, 0x00, 0x00, 0x00, 0x00, 0x00, 0x00, 0x00,
    0x00, 0x00, 0x00, 0x00, 0x00, 0x00, 0x00, 0x00, 0x00, 0x07, 0xE1, 0x86, 0x30, 0xC6, 0x18, 0xC3,
    0x18, 0x63, 0x0C, 0x3F, 0x00, 0x01, 0xFE, 0x00, 0x00, 0x00, 0x00, 0x00, 0x00, 0x00, 0x00, 0x00,
    0x00, 0x00, 0x00, 0x00, 0x00, 0x00, 0x00, 0x00, 0x00, 0x00, 0x00, 0x00, 0x00, 0x00, 0x00, 0x00,
    0x06, 0x60, 0x66, 0x06, 0x60, 0x66, 0x06, 0x60, 0xCC, 0x33, 0x0C, 0xC3, 0x30, 0xCC, 0x00, 0x00,
    0x00, 0x00, 0x00, 0x00, 0x00, 0x00, 0x00, 0x00, 0x00, 0xC0, 0x38, 0x0F, 0x00, 0x60, 0x8C, 0x31,
    0x8C, 0x33, 0x00, 0xC0, 0x33, 0x0C, 0xE3, 0x3C, 0xCD, 0x93, 0x30, 0x7E, 0x00, 0xC0, 0x18, 0x00,
    0x00, 0x00, 0x00, 0x00, 0x00, 0x00, 0x00, 0x00, 0xC0, 0x38, 0x0F, 0x04, 0x61, 0x8C, 0x61, 0x98,
    0x36, 0x01, 0x80, 0x60, 0x1B, 0xC6, 0xCC, 0x99, 0x80, 0x60, 0x18, 0x06, 0x01, 0xF8, 0x00, 0x00,
    0x00, 0x00, 0x00, 0x00, 0x00, 0x00, 0x01, 0xE0, 0x66, 0x00, 0xC0, 0x70, 0x83, 0x36, 0x6C, 0x7B,
    0x00, 0xC0, 0x33, 0x0C, 0xE3, 0x3C, 0xCD, 0x93, 0x30, 0x7E, 0x00, 0xC0, 0x18, 0x00, 0x00, 0x00,
    0x00, 0x00, 0x00, 0x00, 0x00, 0x00, 0x00, 0x06, 0x00, 0xC0, 0x18, 0x00, 0x00, 0x00, 0x0C, 0x01,
    0x80, 0x60, 0x18, 0x06, 0x00, 0xC1, 0x98, 0x31, 0x8C, 0x1F, 0x00, 0x00, 0x00, 0x00, 0x00, 0x00,
    0x00, 0x00, 0x18, 0x01, 0x80, 0x18, 0x00, 0x01, 0xF0, 0x63, 0x18, 0x33, 0x06, 0x60, 0xCC, 0x19,
    0x83, 0x3F, 0xE6, 0x0C, 0xC1, 0x98, 0x33, 0x06, 0x60, 0xC0, 0x00, 0x00, 0x00, 0x00, 0x00, 0x00,
    0x00, 0x03, 0x00, 0xC0, 0x30, 0x00, 0x01, 0xF0, 0x63, 0x18, 0x33, 0x06, 0x60, 0xCC, 0x19, 0x83,
    0x3F, 0xE6, 0x0C, 0xC1, 0x98, 0x33, 0x06, 0x60, 0xC0, 0x00, 0x00, 0x00, 0x00, 0x00, 0x00, 0x00,
    0x0E, 0x03, 0x60, 0xC6, 0x00, 0x01, 0xF0, 0x63, 0x18, 0x33, 0x06, 0x60, 0xCC, 0x19, 0x83, 0x3F,
    0xE6, 0x0C, 0xC1, 0x98, 0x33, 0x06, 0x60, 0xC0, 0x00, 0x00, 0x00, 0x00, 0x00, 0x00, 0x00, 0x1C,
    0xC6, 0xD8, 0xCE, 0x00, 0x01, 0xF0, 0x63, 0x18, 0x33, 0x06, 0x60, 0xCC, 0x19, 0x83, 0x3F, 0xE6,
    0x0C, 0xC1, 0x98, 0x33, 0x06, 0x60, 0xC0, 0x00, 0x00, 0x00, 0x00, 0x00, 0x00, 0x00, 0x31, 0x86,
    0x30, 0xC6, 0x00, 0x01, 0xF0, 0x63, 0x18, 0x33, 0x06, 0x60, 0xCC, 0x19, 0x83, 0x3F, 0xE6, 0x0C,
    0xC1, 0x98, 0x33, 0x06, 0x60, 0xC0, 0x00, 0x00, 0x00, 0x00, 0x00, 0x00, 0x00, 0x0E, 0x03, 0x60,
    0x6C, 0x07, 0x01, 0xF0, 0x63, 0x18, 0x33, 0x06, 0x60, 0xCC, 0x19, 0x83, 0x3F, 0xE6, 0x0C, 0xC1,
    0x98, 0x33, 0x06, 0x60, 0xC0, 0x00, 0x00, 0x00, 0x00, 0x00, 0x00, 0x00, 0x00, 0x00, 0x00, 0x00,
    0x1F, 0xF6, 0x61, 0x8C, 0x31, 0x86, 0x30, 0xC6, 0x1F, 0xFF, 0x18, 0x63, 0x0C, 0x61, 0x8C, 0x31,
    0x86, 0x30, 0xC7, 0xE0, 0x00, 0x00, 0x00, 0x00, 0x00, 0x00, 0x00, 0x00, 0x00, 0x00, 0x00, 0x0F,
    0x83, 0x18, 0xC1, 0x98, 0x33, 0x00, 0x60, 0x0C, 0x01, 0x80, 0x30, 0x06, 0x00, 0xC1, 0x98, 0x31,
    0x8C, 0x1F, 0x00, 0xC0, 0x18, 0x03, 0x00, 0xC0, 0x00, 0x00, 0x18, 0x01, 0x80, 0x18, 0x00, 0x07,
    0xFC, 0xC0, 0x18, 0x03, 0x00, 0x60, 0x0C, 0x01, 0xFC, 0x30, 0x06, 0x00, 0xC0, 0x18, 0x03, 0x00,
    0x7F, 0xC0, 0x00, 0x00, 0x00, 0x00, 0x00, 0x00, 0x00, 0x03, 0x00, 0xC0, 0x30, 0x00, 0x07, 0xFC,
    0xC0, 0x18, 0x03, 0x00, 0x60, 0x0C, 0x01, 0xFC, 0x30, 0x06, 0x00, 0xC0, 0x18, 0x03, 0x00, 0x7F,
    0xC0, 0x00, 0x00, 0x00, 0x00, 0x00, 0x00, 0x00, 0x0E, 0x03, 0x60, 0xC6, 0x00, 0x07, 0xFC, 0xC0,
    0x18, 0x03, 0x00, 0x60, 0x0C, 0x01, 0xFC, 0x30, 0x06, 0x00, 0xC0, 0x18, 0x03, 0x00, 0x7F, 0xC0,
    0x00, 0x00, 0x00, 0x00, 0x00, 0x00, 0x00, 0x31, 0x86, 0x30, 0xC6, 0x00, 0x07, 0xFC, 0xC0, 0x18,
    0x03, 0x00, 0x60, 0x0C, 0x01, 0xFC, 0x30, 0x06, 0x00, 0xC0, 0x18, 0x03, 0x00, 0x7F, 0xC0, 0x00,
    0x00, 0x00, 0x00, 0x00, 0x00, 0x00, 0x30, 0x03, 0x00, 0x30, 0x00, 0x03, 0xF0, 0x18, 0x03, 0x00,
    0x60, 0x0C, 0x01, 0x80, 0x30, 0x06, 0x00, 0xC0, 0x18, 0x03, 0x00, 0x60, 0x3F, 0x00, 0x00, 0x00,
    0x00, 0x00, 0x00, 0x00, 0x00, 0x03, 0x00, 0xC0, 0x30, 0x00, 0x03, 0xF0, 0x18, 0x03, 0x00, 0x60,
    0x0C, 0x01, 0x80, 0x30, 0x06, 0x00, 0xC0, 0x18, 0x03, 0x00, 0x60, 0x3F, 0x00, 0x00, 0x00, 0x00,
    0x00, 0x00, 0x00, 0x00, 0x0E, 0x03, 0x60, 0xC6, 0x00, 0x03, 0xF0, 0x18, 0x03, 0x00, 0x60, 0x0C,
    0x01, 0x80, 0x30, 0x06, 0x00, 0xC0, 0x18, 0x03, 0x00, 0x60, 0x3F, 0x00, 0x00, 0x00, 0x00, 0x00,
    0x00, 0x00, 0x00, 0x31, 0x86, 0x30, 0xC6, 0x00, 0x03, 0xF0, 0x18, 0x03, 0x00, 0x60, 0x0C, 0x01,
    0x80, 0x30, 0x06, 0x00, 0xC0, 0x18, 0x03, 0x00, 0x60, 0x3F, 0x00, 0x00, 0x00, 0x00, 0x00, 0x00,
    0x00, 0x00, 0x00, 0x00, 0x00, 0x00, 0x3F, 0x86, 0x18, 0xC1, 0x98, 0x33, 0x06, 0x60, 0xDF, 0x99,
    0x83, 0x30, 0x66, 0x0C, 0xC1, 0x98, 0x33, 0x0C, 0x7F, 0x00, 0x00, 0x00, 0x00, 0x00, 0x00, 0x00,
    0x00, 0x1C, 0xC6, 0xD8, 0xCE, 0x00, 0x06, 0x0C, 0xC1, 0x98, 0x33, 0x86, 0x78, 0xCD, 0x99, 0x9B,
    0x31, 0xE6, 0x1C, 0xC1, 0x98, 0x33, 0x06, 0x60, 0xC0, 0x00, 0x00, 0x00, 0x00, 0x00, 0x00, 0x00,
    0x18, 0x01, 0x80, 0x18, 0x00, 0x01, 0xF0, 0x63, 0x18, 0x33, 0x06, 0x60, 0xCC, 0x19, 0x83, 0x30,
    0x66, 0x0C, 0xC1, 0x98, 0x31, 0x8C, 0x1F, 0x00, 0x00, 0x00, 0x00, 0x00, 0x00, 0x00, 0x00, 0x03,
    0x00, 0xC0, 0x30, 0x00, 0x01, 0xF0, 0x63, 0x18, 0x33, 0x06, 0x60, 0xCC, 0x19, 0x83, 0x30, 0x66,
    0x0C, 0xC1, 0x98, 0x31, 0x8C, 0x1F, 0x00, 0x00, 0x00, 0x00, 0x00, 0x00, 0x00, 0x00, 0x0E, 0x03,
    0x60, 0xC6, 0x00, 0x01, 0xF0, 0x63, 0x18, 0x33, 0x06, 0x60, 0xCC, 0x19, 0x83, 0x30, 0x66, 0x0C,
    0xC1, 0x98, 0x31, 0x8C, 0x1F, 0x00, 0x00, 0x00, 0x00, 0x00, 0x00, 0x00, 0x00, 0x1C, 0xC6, 0xD8,
    0xCE, 0x00, 0x01, 0xF0, 0x63, 0x18, 0x33, 0x06, 0x60, 0xCC, 0x19, 0x83, 0x30, 0x66, 0x0C, 0xC1,
    0x98, 0x31, 0x8C, 0x1F, 0x00, 0x00, 0x00, 0x00, 0x00, 0x00, 0x00, 0x00, 0x31, 0x86, 0x30, 0xC6,
    0x00, 0x01, 0xF0, 0x63, 0x18, 0x33, 0x06, 0x60, 0xCC, 0x19, 0x83, 0x30, 0x66, 0x0C, 0xC1, 0x98,
    0x31, 0x8C, 0x1F, 0x00, 0x00, 0x00, 0x00, 0x00, 0x00, 0x00, 0x00, 0x00, 0x00, 0x00, 0x00, 0x00,
    0x00, 0x00, 0x00, 0x00, 0x03, 0x06, 0x31, 0x83, 0x60, 0x38, 0x07, 0x01, 0xB0, 0x63, 0x18, 0x30,
    0x00, 0x00, 0x00, 0x00, 0x00, 0x00, 0x00, 0x00, 0x00, 0x00, 0x00, 0x00, 0x00, 0x00, 0x0F, 0x83,
    0x18, 0xC1, 0xD8, 0x33, 0x0E, 0x63, 0xCC, 0xD9, 0xB3, 0x3C, 0x67, 0x0C, 0xC1, 0xB8, 0x31, 0x8C,
    0x1F, 0x00, 0x00, 0x00, 0x00, 0x00, 0x00, 0x00, 0x00, 0x18, 0x01, 0x80, 0x18, 0x30, 0x66, 0x0C,
    0xC1, 0x98, 0x33, 0x06, 0x60, 0xCC, 0x19, 0x83, 0x30, 0x66, 0x0C, 0xC1, 0x98, 0x31, 0x8C, 0x1F,
    0x00, 0x00, 0x00, 0x00, 0x00, 0x00, 0x00, 0x00, 0x03, 0x00, 0xC0, 0x30, 0x30, 0x66, 0x0C, 0xC1,
    0x98, 0x33, 0x06, 0x60, 0xCC, 0x19, 0x83, 0x30, 0x66, 0x0C, 0xC1, 0x98, 0x31, 0x8C, 0x1F, 0x00,
    0x00, 0x00, 0x00, 0x00, 0x00, 0x00, 0x00, 0x0E, 0x03, 0x60, 0xC6, 0x00, 0x06, 0x0C, 0xC1, 0x98,
    0x33, 0x06, 0x60, 0xCC, 0x19, 0x83, 0x30, 0x66, 0x0C, 0xC1, 0x98, 0x31, 0x8C, 0x1F, 0x00, 0x00,
    0x00, 0x00, 0x00, 0x00, 0x00, 0x00, 0x31, 0x86, 0x30, 0xC6, 0x00, 0x06, 0x0C, 0xC1, 0x98, 0x33,
    0x06, 0x60, 0xCC, 0x19, 0x83, 0x30, 0x66, 0x0C, 0xC1, 0x98, 0x31, 0x8C, 0x1F, 0x00, 0x00, 0x00,
    0x00, 0x00, 0x00, 0x00, 0x00, 0x03, 0x00, 0xC0, 0x30, 0x60, 0x6C, 0x0C, 0xC3, 0x18, 0x61, 0x98,
    0x33, 0x03, 0xC0, 0x78, 0x06, 0x00, 0xC0, 0x18, 0x03, 0x00, 0x60, 0x0C, 0x00, 0x00, 0x00, 0x00,
    0x00, 0x00, 0x00, 0x00, 0x00, 0x00, 0x00, 0x00, 0x30, 0x06, 0x00, 0xC0, 0x18, 0x03, 0xF8, 0x61,
    0x8C, 0x19, 0x83, 0x30, 0x66, 0x0C, 0xC1, 0x98, 0x33, 0x0C, 0x7F, 0x0C, 0x01, 0x80, 0x30, 0x06,
    0x00, 0x00, 0x00, 0x00, 0x00, 0x00, 0x00, 0x1F, 0x06, 0x30, 0xC3, 0x18, 0x63, 0x0C, 0x63, 0x0F,
    0xE1, 0x86, 0x30, 0x66, 0x0C, 0xC1, 0x98, 0x33, 0x8C, 0x6F, 0x00, 0x00, 0x00, 0x00, 0x00, 0x00,
    0x00, 0x00, 0x00, 0x00, 0x00, 0x00, 0x0C, 0x00, 0xC0, 0x0C, 0x00, 0x01, 0xF8, 0x01, 0x80, 0x18,
    0x03, 0x1F, 0xE6, 0x0C, 0xC1, 0x98, 0x33, 0x06, 0x3F, 0xC0, 0x00, 0x00, 0x00, 0x00, 0x00, 0x00,
    0x00, 0x00, 0x00, 0x00, 0x00, 0x01, 0x80, 0x60, 0x18, 0x00, 0x01, 0xF8, 0x01, 0x80, 0x18, 0x03,
    0x1F, 0xE6, 0x0C, 0xC1, 0x98, 0x33, 0x06, 0x3F, 0xC0, 0x00, 0x00, 0x00, 0x00, 0x00, 0x00, 0x00,
    0x00, 0x00, 0x00, 0x00, 0x07, 0x01, 0xB0, 0x63, 0x00, 0x01, 0xF8, 0x01, 0x80, 0x18, 0x03, 0x1F,
    0xE6, 0x0C, 0xC1, 0x98, 0x33, 0x06, 0x3F, 0xC0, 0x00, 0x00, 0x00, 0x00, 0x00, 0x00, 0x00, 0x00,
    0x00, 0x00, 0x00, 0x0E, 0x63, 0x6C, 0x67, 0x00, 0x01, 0xF8, 0x01, 0x80, 0x18, 0x03, 0x1F, 0xE6,
    0x0C, 0xC1, 0x98, 0x33, 0x06, 0x3F, 0xC0, 0x00, 0x00, 0x00, 0x00, 0x00, 0x00, 0x00, 0x00, 0x00,
    0x00, 0x00, 0x18, 0xC3, 0x18, 0x63, 0x00, 0x01, 0xF8, 0x01, 0x80, 0x18, 0x03, 0x1F, 0xE6, 0x0C,
    0xC1, 0x98, 0x33, 0x06, 0x3F, 0xC0, 0x00, 0x00, 0x00, 0x00, 0x00, 0x00, 0x00, 0x00, 0x00, 0x00,
    0x00, 0x07, 0x01, 0xB0, 0x36, 0x03, 0x81, 0xF8, 0x01, 0x80, 0x18, 0x03, 0x1F, 0xE6, 0x0C, 0xC1,
    0x98, 0x33, 0x06, 0x3F, 0xC0, 0x00, 0x00, 0x00, 0x00, 0x00, 0x00, 0x00, 0x00, 0x00, 0x00, 0x00,
    0x00, 0x00, 0x00, 0x00, 0x00, 0x03, 0xDC, 0x0C, 0xC1, 0x98, 0x33, 0x3F, 0xEC, 0xC1, 0x98, 0x33,
    0x06, 0x66, 0x77, 0x80, 0x00, 0x00, 0x00, 0x00, 0x00, 0x00, 0x00, 0x00, 0x00, 0x00, 0x00, 0x00,
    0x00, 0x00, 0x00, 0x00, 0x00, 0xF8, 0x31, 0x8C, 0x19, 0x80, 0x30, 0x06, 0x00, 0xC0, 0x18, 0x31,
    0x8C, 0x1F, 0x00, 0xC0, 0x18, 0x03, 0x00, 0xC0, 0x00, 0x00, 0x00, 0x00, 0x00, 0x00, 0x0C, 0x00,
    0xC0, 0x0C, 0x00, 0x00, 0xF8, 0x31, 0x8C, 0x19, 0x83, 0x3F, 0xE6, 0x00, 0xC0, 0x18, 0x01, 0x86,
    0x1F, 0x80, 0x00, 0x00, 0x00, 0x00, 0x00, 0x00, 0x00, 0x00, 0x00, 0x00, 0x00, 0x01, 0x80, 0x60,
    0x18, 0x00, 0x00, 0xF8, 0x31, 0x8C, 0x19, 0x83, 0x3F, 0xE6, 0x00, 0xC0, 0x18, 0x01, 0x86, 0x1F,
    0x80, 0x00, 0x00, 0x00, 0x00, 0x00, 0x00, 0x00, 0x00, 0x00, 0x00, 0x00, 0x07, 0x01, 0xB0, 0x63,
    0x00, 0x00, 0xF8, 0x31, 0x8C, 0x19, 0x83, 0x3F, 0xE6, 0x00, 0xC0, 0x18, 0x01, 0x86, 0x1F, 0x80,
    0x00, 0x00, 0x00, 0x00, 0x00, 0x00, 0x00, 0x00, 0x00, 0x00, 0x00, 0x18, 0xC3, 0x18, 0x63, 0x00,
    0x00, 0xF8, 0x31, 0x8C, 0x19, 0x83, 0x3F, 0xE6, 0x00, 0xC0, 0x18, 0x01, 0x86, 0x1F, 0x80, 0x00,
    0x00, 0x00, 0x00, 0x00, 0x00, 0x00, 0x00, 0x00, 0x00, 0x00, 0x0C, 0x00, 0xC0, 0x0C, 0x00, 0x00,
    0xF0, 0x06, 0x00, 0xC0, 0x18, 0x03, 0x00, 0x60, 0x0C, 0x01, 0x80, 0x30, 0x1F, 0x80, 0x00, 0x00,
    0x00, 0x00, 0x00, 0x00, 0x00, 0x00, 0x00, 0x00, 0x00, 0x00, 0xC0, 0x30, 0x0C, 0x00, 0x00, 0xF0,
    0x06, 0x00, 0xC0, 0x18, 0x03, 0x00, 0x60, 0x0C, 0x01, 0x80, 0x30, 0x1F, 0x80, 0x00, 0x00, 0x00,
    0x00, 0x00, 0x00, 0x00, 0x00, 0x00, 0x00, 0x00, 0x07, 0x01, 0xB0, 0x63, 0x00, 0x00, 0xF0, 0x06,
    0x00, 0xC0, 0x18, 0x03, 0x00, 0x60, 0x0C, 0x01, 0x80, 0x30, 0x1F, 0x80, 0x00, 0x00, 0x00, 0x00,
    0x00, 0x00, 0x00, 0x00, 0x00, 0x00, 0x00, 0x18, 0xC3, 0x18, 0x63, 0x00, 0x00, 0xF0, 0x06, 0x00,
    0xC0, 0x18, 0x03, 0x00, 0x60, 0x0C, 0x01, 0x80, 0x30, 0x1F, 0x80, 0x00, 0x00, 0x00, 0x00, 0x00,
    0x00, 0x00, 0x00, 0x00, 0x00, 0x00, 0x1B, 0x01, 0x80, 0xD8, 0x01, 0x80, 0xF8, 0x31, 0x8C, 0x19,
    0x83, 0x30, 0x66, 0x0C, 0xC1, 0x98, 0x31, 0x8C, 0x1F, 0x00, 0x00, 0x00, 0x00, 0x00, 0x00, 0x00,
    0x00, 0x00, 0x00, 0x00, 0x00, 0x1C, 0xC6, 0xD8, 0xCE, 0x00, 0x03, 0xF8, 0x61, 0x8C, 0x19, 0x83,
    0x30, 0x66, 0x0C, 0xC1, 0x98, 0x33, 0x06, 0x60, 0xC0, 0x00, 0x00, 0x00, 0x00, 0x00, 0x00, 0x00,
    0x00, 0x00, 0x00, 0x00, 0x0C, 0x00, 0xC0, 0x0C, 0x00, 0x00, 0xF8, 0x31, 0x8C, 0x19, 0x83, 0x30,
    0x66, 0x0C, 0xC1, 0x98, 0x31, 0x8C, 0x1F, 0x00, 0x00, 0x00, 0x00, 0x00, 0x00, 0x00, 0x00, 0x00,
    0x00, 0x00, 0x00, 0x01, 0x80, 0x60, 0x18, 0x00, 0x00, 0xF8, 0x31, 0x8C, 0x19, 0x83, 0x30, 0x66,
    0x0C, 0xC1, 0x98, 0x31, 0x8C, 0x1F, 0x00, 0x00, 0x00, 0x00, 0x00, 0x00, 0x00, 0x00, 0x00, 0x00,
    0x00, 0x00, 0x07, 0x01, 0xB0, 0x63, 0x00, 0x00, 0xF8, 0x31, 0x8C, 0x19, 0x83, 0x30, 0x66, 0x0C,
    0xC1, 0x98, 0x31, 0x8C, 0x1F, 0x00, 0x00, 0x00, 0x00, 0x00, 0x00, 0x00, 0x00, 0x00, 0x00, 0x00,
    0x00, 0x0E, 0x63, 0x6C, 0x67, 0x00, 0x00, 0xF8, 0x31, 0x8C, 0x19, 0x83, 0x30, 0x66, 0x0C, 0xC1,
    0x98, 0x31, 0x8C, 0x1F, 0x00, 0x00, 0x00, 0x00, 0x00, 0x00, 0x00, 0x00, 0x00, 0x00, 0x00, 0x00,
    0x18, 0xC3, 0x18, 0x63, 0x00, 0x00, 0xF8, 0x31, 0x8C, 0x19, 0x83, 0x30, 0x66, 0x0C, 0xC1, 0x98,
    0x31, 0x8C, 0x1F, 0x00, 0x00, 0x00, 0x00, 0x00, 0x00, 0x00, 0x00, 0x00, 0x00, 0x00, 0x00, 0x00,
    0x00, 0x00, 0x18, 0x03, 0x00, 0x60, 0x00, 0x00, 0x03, 0xFF, 0x00, 0x00, 0x00, 0x18, 0x03, 0x00,
    0x60, 0x00, 0x00, 0x00, 0x00, 0x00, 0x00, 0x00, 0x00, 0x00, 0x00, 0x00, 0x00, 0x00, 0x00, 0x00,
    0x00, 0x00, 0x00, 0x00, 0xFB, 0x31, 0xCC, 0x39, 0x8F, 0x33, 0x66, 0xCC, 0xF1, 0x9C, 0x33, 0x8C,
    0xDF, 0x00, 0x00, 0x00, 0x00, 0x00, 0x00, 0x00, 0x00, 0x00, 0x00, 0x00, 0x00, 0x0C, 0x00, 0xC0,
    0x0C, 0x00, 0x03, 0x06, 0x60, 0xCC, 0x19, 0x83, 0x30, 0x66, 0x0C, 0xC1, 0x98, 0x31, 0x86, 0x1F,
    0xC0, 0x00, 0x00, 0x00, 0x00, 0x00, 0x00, 0x00, 0x00, 0x00, 0x00, 0x00, 0x01, 0x80, 0x60, 0x18,
    0x00, 0x03, 0x06, 0x60, 0xCC, 0x19, 0x83, 0x30, 0x66, 0x0C, 0xC1, 0x98, 0x31, 0x86, 0x1F, 0xC0,
    0x00, 0x00, 0x00, 0x00, 0x00, 0x00, 0x00, 0x00, 0x00, 0x00, 0x00, 0x07, 0x01, 0xB0, 0x63, 0x00,
    0x03, 0x06, 0x60, 0xCC, 0x19, 0x83, 0x30, 0x66, 0x0C, 0xC1, 0x98, 0x31, 0x86, 0x1F, 0xC0, 0x00,
    0x00, 0x00, 0x00, 0x00, 0x00, 0x00, 0x00, 0x00, 0x00, 0x00, 0x18, 0xC3, 0x18, 0x63, 0x00, 0x03,
    0x06, 0x60, 0xCC, 0x19, 0x83, 0x30, 0x66, 0x0C, 0xC1, 0x98, 0x31, 0x86, 0x1F, 0xC0, 0x00, 0x00,
    0x00, 0x00, 0x00, 0x00, 0x00, 0x00, 0x00, 0x00, 0x00, 0x01, 0x80, 0x60, 0x18, 0x00, 0x03, 0x06,
    0x60, 0xCC, 0x19, 0x83, 0x30, 0x66, 0x0C, 0xC1, 0x98, 0x31, 0x86, 0x1F, 0xC0, 0x18, 0x03, 0x00,
    0xC3, 0xF0, 0x00, 0x00, 0x00, 0x00, 0x00, 0x00, 0x30, 0x06, 0x00, 0xC0, 0x18, 0x03, 0xF8, 0x61,
    0x8C, 0x19, 0x83, 0x30, 0x66, 0x0C, 0xC1, 0x98, 0x33, 0x0C, 0x7F, 0x0C, 0x01, 0x80, 0x30, 0x06,
    0x00, 0x00, 0x00, 0x00, 0x00, 0x00, 0x00, 0x18, 0xC3, 0x18, 0x63, 0x00, 0x03, 0x06, 0x60, 0xCC,
    0x19, 0x83, 0x30, 0x66, 0x0C, 0xC1, 0x98, 0x31, 0x86, 0x1F, 0xC0, 0x18, 0x03, 0x00, 0xC3, 0xF0,
    0x00, 0x00, 0x00, 0x07, 0xF0, 0x00, 0x0F, 0x83, 0x18, 0xC1, 0x98, 0x33, 0x06, 0x60, 0xCC, 0x19,
    0xFF, 0x30, 0x66, 0x0C, 0xC1, 0x98, 0x33, 0x06, 0x60, 0xC0, 0x00, 0x00, 0x00, 0x00, 0x00, 0x00,
    0x00, 0x00, 0x00, 0x00, 0x00, 0x00, 0x00, 0x00, 0x7F, 0x00, 0x01, 0xF8, 0x01, 0x80, 0x18, 0x03,
    0x1F, 0xE6, 0x0C, 0xC1, 0x98, 0x33, 0x06, 0x3F, 0xC0, 0x00, 0x00, 0x00, 0x00, 0x00, 0x00, 0x00,
    0x31, 0x86, 0x30, 0x7C, 0x00, 0x01, 0xF0, 0x63, 0x18, 0x33, 0x06, 0x60, 0xCC, 0x19, 0x83, 0x3F,
    0xE6, 0x0C, 0xC1, 0x98, 0x33, 0x06, 0x60, 0xC0, 0x00, 0x00, 0x00, 0x00, 0x00, 0x00, 0x00, 0x00,
    0x00, 0x00, 0x00, 0x18, 0xC3, 0x18, 0x3E, 0x00, 0x01, 0xF8, 0x01, 0x80, 0x18, 0x03, 0x1F, 0xE6,
    0x0C, 0xC1, 0x98, 0x33, 0x06, 0x3F, 0xC0, 0x00, 0x00, 0x00, 0x00, 0x00, 0x00, 0x00, 0x00, 0x00,
    0x00, 0x00, 0x0F, 0x83, 0x18, 0xC1, 0x98, 0x33, 0x06, 0x60, 0xCC, 0x19, 0xFF, 0x30, 0x66, 0x0C,
    0xC1, 0x98, 0x33, 0x06, 0x60, 0xC0, 0x30, 0x0C, 0x01, 0x80, 0x1E, 0x00, 0x00, 0x00, 0x00, 0x00,
    0x00, 0x00, 0x00, 0x00, 0x00, 0x00, 0x01, 0xF8, 0x01, 0x80, 0x18, 0x03, 0x1F, 0xE6, 0x0C, 0xC1,
    0x98, 0x33, 0x06, 0x3F, 0xC0, 0x30, 0x0C, 0x01, 0x80, 0x1E, 0x00, 0x00, 0x03, 0x00, 0xC0, 0x30,
    0x00, 0x01, 0xF0, 0x63, 0x18, 0x33, 0x06, 0x60, 0x0C, 0x01, 0x80, 0x30, 0x06, 0x00, 0xC1, 0x98,
    0x31, 0x8C, 0x1F, 0x00, 0x00, 0x00, 0x00, 0x00, 0x00, 0x00, 0x00, 0x00, 0x00, 0x00, 0x00, 0x01,
    0x80, 0x60, 0x18, 0x00, 0x00, 0xF8, 0x31, 0x8C, 0x19, 0x80, 0x30, 0x06, 0x00, 0xC0, 0x18, 0x31,
    0x8C, 0x1F, 0x00, 0x00, 0x00, 0x00, 0x00, 0x00, 0x00, 0x00, 0x0E, 0x03, 0x60, 0xC6, 0x00, 0x01,
    0xF0, 0x63, 0x18, 0x33, 0x06, 0x60, 0x0C, 0x01, 0x80, 0x30, 0x06, 0x00, 0xC1, 0x98, 0x31, 0x8C,
    0x1F, 0x00, 0x00, 0x00, 0x00, 0x00, 0x00, 0x00, 0x00, 0x00, 0x00, 0x00, 0x00, 0x07, 0x01, 0xB0,
    0x63, 0x00, 0x00, 0xF8, 0x31, 0x8C, 0x19, 0x80, 0x30, 0x06, 0x00, 0xC0, 0x18, 0x31, 0x8C, 0x1F,
    0x00, 0x00, 0x00, 0x00, 0x00, 0x00, 0x00, 0x00, 0x0C, 0x01, 0x80, 0x30, 0x00, 0x01, 0xF0, 0x63,
    0x18, 0x33, 0x06, 0x60, 0x0C, 0x01, 0x80, 0x30, 0x06, 0x00, 0xC1, 0x98, 0x31, 0x8C, 0x1F, 0x00,
    0x00, 0x00, 0x00, 0x00, 0x00, 0x00, 0x00, 0x00, 0x00, 0x00, 0x00, 0x06, 0x00, 0xC0, 0x18, 0x00,
    0x00, 0xF8, 0x31, 0x8C, 0x19, 0x80, 0x30, 0x06, 0x00, 0xC0, 0x18, 0x31, 0x8C, 0x1F, 0x00, 0x00,
    0x00, 0x00, 0x00, 0x00, 0x00, 0x00, 0x31, 0x83, 0x60, 0x38, 0x00, 0x01, 0xF0, 0x63, 0x18, 0x33,
    0x06, 0x60, 0x0C, 0x01, 0x80, 0x30, 0x06, 0x00, 0xC1, 0x98, 0x31, 0x8C, 0x1F, 0x00, 0x00, 0x00,
    0x00, 0x00, 0x00, 0x00, 0x00, 0x00, 0x00, 0x00, 0x00, 0x18, 0xC1, 0xB0, 0x1C, 0x00, 0x00, 0xF8,
    0x31, 0x8C, 0x19, 0x80, 0x30, 0x06, 0x00, 0xC0, 0x18, 0x31, 0x8C, 0x1F, 0x00, 0x00, 0x00, 0x00,
    0x00, 0x00, 0x00, 0x00, 0x31, 0x83, 0x60, 0x38, 0x00, 0x07, 0xF0, 0xC3, 0x18, 0x33, 0x06, 0x60,
    0xCC, 0x19, 0x83, 0x30, 0x66, 0x0C, 0xC1, 0x98, 0x33, 0x0C, 0x7F, 0x00, 0x00, 0x00, 0x00, 0x00,
    0x00, 0x00, 0x00, 0x31, 0x83, 0x60, 0x38, 0x00, 0x60, 0x0C, 0x01, 0x80, 0x30, 0xFE, 0x30, 0xCC,
    0x19, 0x83, 0x30, 0x66, 0x0C, 0xC1, 0x98, 0x31, 0x86, 0x1F, 0xC0, 0x00, 0x00, 0x00, 0x00, 0x00,
    0x00, 0x00, 0x00, 0x00, 0x00, 0x00, 0x3F, 0x86, 0x18, 0xC1, 0x98, 0x33, 0x06, 0x60, 0xDF, 0x99,
    0x83, 0x30, 0x66, 0x0C, 0xC1, 0x98, 0x33, 0x0C, 0x7F, 0x00, 0x00, 0x00, 0x00, 0x00, 0x00, 0x00,
    0x00, 0x00, 0x00, 0x00, 0x00, 0x00, 0x60, 0xFE, 0x01, 0x80, 0x30, 0xFE, 0x30, 0xCC, 0x19, 0x83,
    0x30, 0x66, 0x0C, 0xC1, 0x98, 0x31, 0x86, 0x1F, 0xC0, 0x00, 0x00, 0x00, 0x00, 0x00, 0x00, 0x00,
    0x00, 0x07, 0xF0, 0x00, 0x3F, 0xE6, 0x00, 0xC0, 0x18, 0x03, 0x00, 0x60, 0x0F, 0xE1, 0x80, 0x30,
    0x06, 0x00, 0xC0, 0x18, 0x03, 0x00, 0x7F, 0xC0, 0x00, 0x00, 0x00, 0x00, 0x00, 0x00, 0x00, 0x00,
    0x00, 0x00, 0x00, 0x00, 0x00, 0x00, 0x7F, 0x00, 0x00, 0xF8, 0x31, 0x8C, 0x19, 0x83, 0x3F, 0xE6,
    0x00, 0xC0, 0x18, 0x01, 0x86, 0x1F, 0x80, 0x00, 0x00, 0x00, 0x00, 0x00, 0x00, 0x00, 0x31, 0x86,
    0x30, 0x7C, 0x00, 0x07, 0xFC, 0xC0, 0x18, 0x03, 0x00, 0x60, 0x0C, 0x01, 0xFC, 0x30, 0x06, 0x00,
    0xC0, 0x18, 0x03, 0x00, 0x7F, 0xC0, 0x00, 0x00, 0x00, 0x00, 0x00, 0x00, 0x00, 0x00, 0x00, 0x00,
    0x00, 0x18, 0xC3, 0x18, 0x3E, 0x00, 0x00, 0xF8, 0x31, 0x8C, 0x19, 0x83, 0x3F, 0xE6, 0x00, 0xC0,
    0x18, 0x01, 0x86, 0x1F, 0x80, 0x00, 0x00, 0x00, 0x00, 0x00, 0x00, 0x00, 0x0C, 0x01, 0x80, 0x30,
    0x00, 0x07, 0xFC, 0xC0, 0x18, 0x03, 0x00, 0x60, 0x0C, 0x01, 0xFC, 0x30, 0x06, 0x00, 0xC0, 0x18,
    0x03, 0x00, 0x7F, 0xC0, 0x00, 0x00, 0x00, 0x00, 0x00, 0x00, 0x00, 0x00, 0x00, 0x00, 0x00, 0x06,
    0x00, 0xC0, 0x18, 0x00, 0x00, 0xF8, 0x31, 0x8C, 0x19, 0x83, 0x3F, 0xE6, 0x00, 0xC0, 0x18, 0x01,
    0x86, 0x1F, 0x80, 0x00, 0x00, 0x00, 0x00, 0x00, 0x00, 0x00, 0x00, 0x00, 0x00, 0x00, 0x3F, 0xE6,
    0x00, 0xC0, 0x18, 0x03, 0x00, 0x60, 0x0F, 0xE1, 0x80, 0x30, 0x06, 0x00, 0xC0, 0x18, 0x03, 0x00,
    0x7F, 0xC0, 0x30, 0x0C, 0x01, 0x80, 0x1E, 0x00, 0x00, 0x00, 0x00, 0x00, 0x00, 0x00, 0x00, 0x00,
    0x00, 0x00, 0x00, 0xF8, 0x31, 0x8C, 0x19, 0x83, 0x3F, 0xE6, 0x00, 0xC0, 0x18, 0x01, 0x86, 0x1F,
    0x80, 0xC0, 0x30, 0x06, 0x00, 0x78, 0x00, 0x00, 0x31, 0x83, 0x60, 0x38, 0x00, 0x07, 0xFC, 0xC0,
    0x18, 0x03, 0x00, 0x60, 0x0C, 0x01, 0xFC, 0x30, 0x06, 0x00, 0xC0, 0x18, 0x03, 0x00, 0x7F, 0xC0,
    0x00, 0x00, 0x00, 0x00, 0x00, 0x00, 0x00, 0x00, 0x00, 0x00, 0x00, 0x18, 0xC1, 0xB0, 0x1C, 0x00,
    0x00, 0xF8, 0x31, 0x8C, 0x19, 0x83, 0x3F, 0xE6, 0x00, 0xC0, 0x18, 0x01, 0x86, 0x1F, 0x80, 0x00,
    0x00, 0x00, 0x00, 0x00, 0x00, 0x00, 0x0E, 0x03, 0x60, 0xC6, 0x00, 0x01, 0xF0, 0x63, 0x18, 0x73,
    0x00, 0x60, 0x0C, 0x01, 0x9F, 0x30, 0x66, 0x0C, 0xC1, 0x98, 0x31, 0x8C, 0x1F, 0x00, 0x00, 0x00,
    0x00, 0x00, 0x00, 0x00, 0x00, 0x00, 0x00, 0x00, 0x00, 0x07, 0x01, 0xB0, 0x63, 0x00, 0x00, 0xFE,
    0x30, 0xCC, 0x19, 0x83, 0x30, 0x66, 0x0C, 0xC1, 0x98, 0x31, 0x86, 0x1F, 0xC0, 0x18, 0x03, 0x00,
    0xC3, 0xF0, 0x00, 0x00, 0x31, 0x86, 0x30, 0x7C, 0x00, 0x01, 0xF0, 0x63, 0x18, 0x73, 0x00, 0x60,
    0x0C, 0x01, 0x9F, 0x30, 0x66, 0x0C, 0xC1, 0x98, 0x31, 0x8C, 0x1F, 0x00, 0x00, 0x00, 0x00, 0x00,
    0x00, 0x00, 0x00, 0x00, 0x00, 0x00, 0x00, 0x18, 0xC3, 0x18, 0x3E, 0x00, 0x00, 0xFE, 0x30, 0xCC,
    0x19, 0x83, 0x30, 0x66, 0x0C, 0xC1, 0x98, 0x31, 0x86, 0x1F, 0xC0, 0x18, 0x03, 0x00, 0xC3, 0xF0,
    0x00, 0x00, 0x0C, 0x01, 0x80, 0x30, 0x00, 0x01, 0xF0, 0x63, 0x18, 0x73, 0x00, 0x60, 0x0C, 0x01,
    0x9F, 0x30, 0x66, 0x0C, 0xC1, 0x98, 0x31, 0x8C, 0x1F, 0x00, 0x00, 0x00, 0x00, 0x00, 0x00, 0x00,
    0x00, 0x00, 0x00, 0x00, 0x00, 0x03, 0x00, 0x60, 0x0C, 0x00, 0x00, 0xFE, 0x30, 0xCC, 0x19, 0x83,
    0x30, 0x66, 0x0C, 0xC1, 0x98, 0x31, 0x86, 0x1F, 0xC0, 0x18, 0x03, 0x00, 0xC3, 0xF0, 0x00, 0x00,
    0x00, 0x00, 0x00, 0x00, 0x0F, 0x83, 0x18, 0xC1, 0x98, 0x33, 0x00, 0x60, 0x0C, 0x01, 0x9F, 0x30,
    0x66, 0x0C, 0xC1, 0x98, 0x31, 0x8C, 0x1F, 0x00, 0x00, 0x18, 0x03, 0x00, 0x60, 0x18, 0x00, 0x00,
    0x00, 0x00, 0x0C, 0x03, 0x00, 0x60, 0x0C, 0x00, 0x00, 0xFE, 0x30, 0xCC, 0x19, 0x83, 0x30, 0x66,
    0x0C, 0xC1, 0x98, 0x31, 0x86, 0x1F, 0xC0, 0x18, 0x03, 0x00, 0xC3, 0xF0, 0x00, 0x00, 0x0E, 0x03,
    0x60, 0xC6, 0x00, 0x06, 0x0C, 0xC1, 0x98, 0x33, 0x06, 0x60, 0xCF, 0xF9, 0x83, 0x30, 0x66, 0x0C,
    0xC1, 0x98, 0x33, 0x06, 0x60, 0xC0, 0x00, 0x00, 0x00, 0x00, 0x00, 0x00, 0x00, 0x07, 0x01, 0xB0,
    0x63, 0x30, 0x06, 0x00, 0xC0, 0x18, 0x03, 0xF8, 0x61, 0x8C, 0x19, 0x83, 0x30, 0x66, 0x0C, 0xC1,
    0x98, 0x33, 0x06, 0x60, 0xC0, 0x00, 0x00, 0x00, 0x00, 0x00, 0x00, 0x00, 0x00, 0x00, 0x00, 0x00,
    0x30, 0x66, 0x0D, 0xFF, 0xD8, 0x33, 0x06, 0x60, 0xCF, 0xF9, 0x83, 0x30, 0x66, 0x0C, 0xC1, 0x98,
    0x33, 0x06, 0x60, 0xC0, 0x00, 0x00, 0x00, 0x00, 0x00, 0x00, 0x00, 0x00, 0x00, 0x00, 0x00, 0x30,
    0x0F, 0xE0, 0xC0, 0x18, 0x03, 0xF8, 0x61, 0x8C, 0x19, 0x83, 0x30, 0x66, 0x0C, 0xC1, 0x98, 0x33,
    0x06, 0x60, 0xC0, 0x00, 0x00, 0x00, 0x00, 0x00, 0x00, 0x00, 0x1C, 0xC6, 0xD8, 0xCE, 0x00, 0x03,
    0xF0, 0x18, 0x03, 0x00, 0x60, 0x0C, 0x01, 0x80, 0x30, 0x06, 0x00, 0xC0, 0x18, 0x03, 0x00, 0x60,
    0x3F, 0x00, 0x00, 0x00, 0x00, 0x00, 0x00, 0x00, 0x00, 0x00, 0x00, 0x00, 0x00, 0x0E, 0x63, 0x6C,
    0x67, 0x00, 0x00, 0xF0, 0x06, 0x00, 0xC0, 0x18, 0x03, 0x00, 0x60, 0x0C, 0x01, 0x80, 0x30, 0x1F,
    0x80, 0x00, 0x00, 0x00, 0x00, 0x00, 0x00, 0x00, 0x00, 0x07, 0xF0, 0x00, 0x1F, 0x80, 0xC0, 0x18,
    0x03, 0x00, 0x60, 0x0C, 0x01, 0x80, 0x30, 0x06, 0x00, 0xC0, 0x18, 0x03, 0x00, 0x60, 0x3F, 0x00,
    0x00, 0x00, 0x00, 0x00, 0x00, 0x00, 0x00, 0x00, 0x00, 0x00, 0x00, 0x00, 0x00, 0x00, 0x7F, 0x00,
    0x00, 0xF0, 0x06, 0x00, 0xC0, 0x18, 0x03, 0x00, 0x60, 0x0C, 0x01, 0x80, 0x30, 0x1F, 0x80, 0x00,
    0x00, 0x00, 0x00, 0x00, 0x00, 0x00, 0x31, 0x86, 0x30, 0x7C, 0x00, 0x03, 0xF0, 0x18, 0x03, 0x00,
    0x60, 0x0C, 0x01, 0x80, 0x30, 0x06, 0x00, 0xC0, 0x18, 0x03, 0x00, 0x60, 0x3F, 0x00, 0x00, 0x00,
    0x00, 0x00, 0x00, 0x00, 0x00, 0x00, 0x00, 0x00, 0x00, 0x18, 0xC3, 0x18, 0x3E, 0x00, 0x00, 0xF0,
    0x06, 0x00, 0xC0, 0x18, 0x03, 0x00, 0x60, 0x0C, 0x01, 0x80, 0x30, 0x1F, 0x80, 0x00, 0x00, 0x00,
    0x00, 0x00, 0x00, 0x00, 0x00, 0x00, 0x00, 0x00, 0x1F, 0x80, 0xC0, 0x18, 0x03, 0x00, 0x60, 0x0C,
    0x01, 0x80, 0x30, 0x06, 0x00, 0xC0, 0x18, 0x03, 0x00, 0x60, 0x3F, 0x01, 0x80, 0x60, 0x0C, 0x00,
    0xF0, 0x00, 0x00, 0x00, 0x00, 0x00, 0x00, 0x03, 0x00, 0x60, 0x0C, 0x00, 0x00, 0xF0, 0x06, 0x00,
    0xC0, 0x18, 0x03, 0x00, 0x60, 0x0C, 0x01, 0x80, 0x30, 0x1F, 0x80, 0xC0, 0x30, 0x06, 0x00, 0x78,
    0x00, 0x00, 0x0C, 0x01, 0x80, 0x30, 0x00, 0x03, 0xF0, 0x18, 0x03, 0x00, 0x60, 0x0C, 0x01, 0x80,
    0x30, 0x06, 0x00, 0xC0, 0x18, 0x03, 0x00, 0x60, 0x3F, 0x00, 0x00, 0x00, 0x00, 0x00, 0x00, 0x00,
    0x00, 0x00, 0x00, 0x00, 0x00, 0x00, 0x00, 0x00, 0x00, 0x00, 0x00, 0xF0, 0x06, 0x00, 0xC0, 0x18,
    0x03, 0x00, 0x60, 0x0C, 0x01, 0x80, 0x30, 0x1F, 0x80, 0x00, 0x00, 0x00, 0x00, 0x00, 0x00, 0x00,
    0x00, 0x00, 0x00, 0x00, 0x78, 0xF6, 0x0C, 0xC1, 0x98, 0x33, 0x06, 0x60, 0xCC, 0x19, 0x83, 0x30,
    0x66, 0xCC, 0xD9, 0x9B, 0x33, 0x66, 0xF7, 0x80, 0x00, 0x00, 0x00, 0x00, 0x00, 0x00, 0x00, 0x00,
    0x00, 0x00, 0x00, 0x30, 0x66, 0x0C, 0xC1, 0x80, 0x07, 0x0E, 0x60, 0xCC, 0x19, 0x83, 0x30, 0x66,
    0x0C, 0xC1, 0x98, 0x33, 0x06, 0xF0, 0xC1, 0x98, 0x33, 0x06, 0x60, 0x78, 0x00, 0x00, 0x03, 0x80,
    0xD8, 0x31, 0x80, 0x00, 0x7E, 0x03, 0x00, 0x60, 0x0C, 0x01, 0x80, 0x30, 0x06, 0x00, 0xC6, 0x18,
    0xC3, 0x18, 0x61, 0x98, 0x1E, 0x00, 0x00, 0x00, 0x00, 0x00, 0x00, 0x00, 0x00, 0x00, 0x00, 0x00,
    0x00, 0x01, 0xC0, 0x6C, 0x18, 0xC0, 0x00, 0x3C, 0x01, 0x80, 0x30, 0x06, 0x00, 0xC0, 0x18, 0x03,
    0x00, 0x60, 0x0C, 0x01, 0x86, 0x30, 0xC6, 0x18, 0xC1, 0xF0, 0x00, 0x00, 0x00, 0x00, 0x00, 0x00,
    0x30, 0x66, 0x0C, 0xC3, 0x18, 0xC3, 0x30, 0x6C, 0x0F, 0x01, 0xE0, 0x36, 0x06, 0x60, 0xC6, 0x18,
    0x63, 0x06, 0x60, 0xC0, 0x00, 0x18, 0x03, 0x00, 0x60, 0x18, 0x00, 0x00, 0x00, 0x00, 0x00, 0x18,
    0x03, 0x00, 0x60, 0x0C, 0x01, 0x86, 0x31, 0x86, 0x60, 0xD8, 0x1E, 0x03, 0xC0, 0x6C, 0x0C, 0xC1,
    0x8C, 0x30, 0xC0, 0x00, 0x18, 0x03, 0x00, 0x60, 0x18, 0x00, 0x00, 0x00, 0x00, 0x00, 0x00, 0x00,
    0x00, 0x00, 0x00, 0x01, 0x86, 0x31, 0x86, 0x60, 0xD8, 0x1E, 0x03, 0xC0, 0x6C, 0x0C, 0xC1, 0x8C,
    0x30, 0xC0, 0x00, 0x00, 0x00, 0x00, 0x00, 0x00, 0x00, 0x18, 0x06, 0x01, 0x80, 0x00, 0x06, 0x00,
    0xC0, 0x18, 0x03, 0x00, 0x60, 0x0C, 0x01, 0x80, 0x30, 0x06, 0x00, 0xC0, 0x18, 0x03, 0x00, 0x7F,
    0xC0, 0x00, 0x00, 0x00, 0x00, 0x00, 0x00, 0x00, 0x01, 0x80, 0x60, 0x18, 0x00, 0x01, 0xE0, 0x0C,
    0x01, 0x80, 0x30, 0x06, 0x00, 0xC0, 0x18, 0x03, 0x00, 0x60, 0x0C, 0x01, 0x80, 0x30, 0x1F, 0x80,
    0x00, 0x00, 0x00, 0x00, 0x00, 0x00, 0x00, 0x00, 0x00, 0x00, 0x00, 0x30, 0x06, 0x00, 0xC0, 0x18,
    0x03, 0x00, 0x60, 0x0C, 0x01, 0x80, 0x30, 0x06, 0x00, 0xC0, 0x18, 0x03, 0x00, 0x7F, 0xC0, 0x00,
    0x18, 0x03, 0x00, 0x60, 0x18, 0x00, 0x00, 0x00, 0x00, 0x00, 0x0F, 0x00, 0x60, 0x0C, 0x01, 0x80,
    0x30, 0x06, 0x00, 0xC0, 0x18, 0x03, 0x00, 0x60, 0x0C, 0x01, 0x80, 0x30, 0x1F, 0x80, 0x00, 0x18,
    0x03, 0x00, 0x60, 0x18, 0x00, 0x31, 0x83, 0x60, 0x38, 0x30, 0x06, 0x00, 0xC0, 0x18, 0x03, 0x00,
    0x60, 0x0C, 0x01, 0x80, 0x30, 0x06, 0x00, 0xC0, 0x18, 0x03, 0x00, 0x7F, 0xC0, 0x00, 0x00, 0x00,
    0x00, 0x00, 0x00, 0x00, 0x31, 0x83, 0x60, 0x38, 0x00, 0x01, 0xE0, 0x0C, 0x01, 0x80, 0x30, 0x06,
    0x00, 0xC0, 0x18, 0x03, 0x00, 0x60, 0x0C, 0x01, 0x80, 0x30, 0x1F, 0x80, 0x00, 0x00, 0x00, 0x00,
    0x00, 0x00, 0x00, 0x00, 0x00, 0x00, 0x00, 0x30, 0x06, 0x00, 0xC0, 0x18, 0x03, 0x00, 0x63, 0x0C,
    0x61, 0x8C, 0x30, 0x06, 0x00, 0xC0, 0x18, 0x03, 0x00, 0x7F, 0xC0, 0x00, 0x00, 0x00, 0x00, 0x00,
    0x00, 0x00, 0x00, 0x00, 0x00, 0x00, 0x1E, 0x00, 0xC0, 0x18, 0x03, 0x00, 0x60, 0x0C, 0x61, 0x8C,
    0x31, 0x86, 0x00, 0xC0, 0x18, 0x03, 0x00, 0x60, 0x3F, 0x00, 0x00, 0x00, 0x00, 0x00, 0x00, 0x00,
    0x00, 0x00, 0x00, 0x00, 0x00, 0x18, 0x03, 0x00, 0x60, 0x0C, 0x01, 0xE0, 0x38, 0x06, 0x01, 0xC0,
    0x78, 0x03, 0x00, 0x60, 0x0C, 0x01, 0x80, 0x3F, 0xE0, 0x00, 0x00, 0x00, 0x00, 0x00, 0x00, 0x00,
    0x00, 0x00, 0x00, 0x00, 0x0F, 0x00, 0x60, 0x0C, 0x01, 0x80, 0x3C, 0x07, 0x00, 0xC0, 0x38, 0x0F,
    0x00, 0x60, 0x0C, 0x01, 0x80, 0x30, 0x1F, 0x80, 0x00, 0x00, 0x00, 0x00, 0x00, 0x00, 0x00, 0x03,
    0x00, 0xC0, 0x30, 0x30, 0x66, 0x0C, 0xC1, 0x98, 0x33, 0x86, 0x78, 0xCD, 0x99, 0x9B, 0x31, 0xE6,
    0x1C, 0xC1, 0x98, 0x33, 0x06, 0x60, 0xC0, 0x00, 0x00, 0x00, 0x00, 0x00, 0x00, 0x00, 0x00, 0x00,
    0x00, 0x00, 0x01, 0x80, 0x60, 0x18, 0x00, 0x03, 0xF8, 0x61, 0x8C, 0x19, 0x83, 0x30, 0x66, 0x0C,
    0xC1, 0x98, 0x33, 0x06, 0x60, 0xC0, 0x00, 0x00, 0x00, 0x00, 0x00, 0x00, 0x00, 0x00, 0x00, 0x00,
    0x00, 0x30, 0x66, 0x0C, 0xC1, 0x98, 0x33, 0x86, 0x78, 0xCD, 0x99, 0x9B, 0x31, 0xE6, 0x1C, 0xC1,
    0x98, 0x33, 0x06, 0x60, 0xC0, 0x00, 0x18, 0x03, 0x00, 0x60, 0x18, 0x00, 0x00, 0x00, 0x00, 0x00,
    0x00, 0x00, 0x00, 0x00, 0x00, 0x03, 0xF8, 0x61, 0x8C, 0x19, 0x83, 0x30, 0x66, 0x0C, 0xC1, 0x98,
    0x33, 0x06, 0x60, 0xC0, 0x00, 0x18, 0x03, 0x00, 0x60, 0x18, 0x00, 0x31, 0x83, 0x60, 0x38, 0x30,
    0x66, 0x0C, 0xC1, 0x98, 0x33, 0x86, 0x78, 0xCD, 0x99, 0x9B, 0x31, 0xE6, 0x1C, 0xC1, 0x98, 0x33,
    0x06, 0x60, 0xC0, 0x00, 0x00, 0x00, 0x00, 0x00, 0x00, 0x00, 0x00, 0x00, 0x00, 0x00, 0x18, 0xC1,
    0xB0, 0x1C, 0x00, 0x03, 0xF8, 0x61, 0x8C, 0x19, 0x83, 0x30, 0x66, 0x0C, 0xC1, 0x98, 0x33, 0x06,
    0x60, 0xC0, 0x00, 0x00, 0x00, 0x00, 0x00, 0x00, 0x00, 0x00, 0x0C, 0x01, 0x80, 0x30, 0x06, 0x01,
    0x80, 0x00, 0x03, 0xF8, 0x61, 0x8C, 0x19, 0x83, 0x30, 0x66, 0x0C, 0xC1, 0x98, 0x33, 0x06, 0x60,
    0xC0, 0x00, 0x00, 0x00, 0x00, 0x00, 0x00, 0x00, 0x00, 0x00, 0x00, 0x00, 0x30, 0x66, 0x0C, 0xC1,
    0x98, 0x33, 0x86, 0x78, 0xCD, 0x99, 0x9B, 0x31, 0xE6, 0x1C, 0xC1, 0x98, 0x33, 0x06, 0x60, 0xC0,
    0x18, 0x03, 0x00, 0xC0, 0x70, 0x00, 0x00, 0x00, 0x00, 0x00, 0x00, 0x00, 0x00, 0x00, 0x00, 0x00,
    0x03, 0xF8, 0x61, 0x8C, 0x19, 0x83, 0x30, 0x66, 0x0C, 0xC1, 0x98, 0x33, 0x06, 0x60, 0xC0, 0x18,
    0x03, 0x00, 0xC0, 0x70, 0x00, 0x00, 0x00, 0x07, 0xF0, 0x00, 0x0F, 0x83, 0x18, 0xC1, 0x98, 0x33,
    0x06, 0x60, 0xCC, 0x19, 0x83, 0x30, 0x66, 0x0C, 0xC1, 0x98, 0x31, 0x8C, 0x1F, 0x00, 0x00, 0x00,
    0x00, 0x00, 0x00, 0x00, 0x00, 0x00, 0x00, 0x00, 0x00, 0x00, 0x00, 0x00, 0x7F, 0x00, 0x00, 0xF8,
    0x31, 0x8C, 0x19, 0x83, 0x30, 0x66, 0x0C, 0xC1, 0x98, 0x31, 0x8C, 0x1F, 0x00, 0x00, 0x00, 0x00,
    0x00, 0x00, 0x00, 0x00, 0x31, 0x86, 0x30, 0x7C, 0x00, 0x01, 0xF0, 0x63, 0x18, 0x33, 0x06, 0x60,
    0xCC, 0x19, 0x83, 0x30, 0x66, 0x0C, 0xC1, 0x98, 0x31, 0x8C, 0x1F, 0x00, 0x00, 0x00, 0x00, 0x00,
    0x00, 0x00, 0x00, 0x00, 0x00, 0x00, 0x00, 0x18, 0xC3, 0x18, 0x3E, 0x00, 0x00, 0xF8, 0x31, 0x8C,
    0x19, 0x83, 0x30, 0x66, 0x0C, 0xC1, 0x98, 0x31, 0x8C, 0x1F, 0x00, 0x00, 0x00, 0x00, 0x00, 0x00,
    0x00, 0x00, 0x06, 0x61, 0x98, 0x66, 0x00, 0x01, 0xF0, 0x63, 0x18, 0x33, 0x06, 0x60, 0xCC, 0x19,
    0x83, 0x30, 0x66, 0x0C, 0xC1, 0x98, 0x31, 0x8C, 0x1F, 0x00, 0x00, 0x00, 0x00, 0x00, 0x00, 0x00,
    0x00, 0x00, 0x00, 0x00, 0x00, 0x03, 0x30, 0xCC, 0x33, 0x00, 0x00, 0xF8, 0x31, 0x8C, 0x19, 0x83,
    0x30, 0x66, 0x0C, 0xC1, 0x98, 0x31, 0x8C, 0x1F, 0x00, 0x00, 0x00, 0x00, 0x00, 0x00, 0x00, 0x00,
    0x00, 0x00, 0x00, 0x00, 0x1F, 0xF6, 0x61, 0x8C, 0x31, 0x86, 0x30, 0xC6, 0x18, 0xFF, 0x18, 0x63,
    0x0C, 0x61, 0x8C, 0x31, 0x83, 0x30, 0x3F, 0xE0, 0x00, 0x00, 0x00, 0x00, 0x00, 0x00, 0x00, 0x00,
    0x00, 0x00, 0x00, 0x00, 0x00, 0x00, 0x00, 0x00, 0x03, 0xFC, 0xCC, 0xD9, 0x9B, 0x33, 0x67, 0xEC,
    0xC1, 0x98, 0x33, 0x06, 0x66, 0x7F, 0x80, 0x00, 0x00, 0x00, 0x00, 0x00, 0x00, 0x00, 0x03, 0x00,
    0xC0, 0x30, 0x00, 0x07, 0xF0, 0xC3, 0x18, 0x33, 0x06, 0x60, 0xCC, 0x31, 0xFC, 0x3C, 0x06, 0xC0,
    0xCC, 0x18, 0xC3, 0x0C, 0x60, 0xC0, 0x00, 0x00, 0x00, 0x00, 0x00, 0x00, 0x00, 0x00, 0x00, 0x00,
    0x00, 0x01, 0x80, 0x60, 0x18, 0x00, 0x03, 0x3E, 0x6C, 0x0F, 0x01, 0xC0, 0x30, 0x06, 0x00, 0xC0,
    0x18, 0x03, 0x00, 0x60, 0x00, 0x00, 0x00, 0x00, 0x00, 0x00, 0x00, 0x00, 0x00, 0x00, 0x00, 0x00,
    0x3F, 0x86, 0x18, 0xC1, 0x98, 0x33, 0x06, 0x60, 0xCC, 0x31, 0xFC, 0x3C, 0x06, 0xC0, 0xCC, 0x18,
    0xC3, 0x0C, 0x60, 0xC0, 0x00, 0x18, 0x03, 0x00, 0x60, 0x18, 0x00, 0x00, 0x00, 0x00, 0x00, 0x00,
    0x00, 0x00, 0x00, 0x00, 0x03, 0x3E, 0x6C, 0x0F, 0x01, 0xC0, 0x30, 0x06, 0x00, 0xC0, 0x18, 0x03,
    0x00, 0x60, 0x00, 0x01, 0x80, 0x30, 0x06, 0x01, 0x80, 0x00, 0x31, 0x83, 0x60, 0x38, 0x00, 0x07,
    0xF0, 0xC3, 0x18, 0x33, 0x06, 0x60, 0xCC, 0x31, 0xFC, 0x3C, 0x06, 0xC0, 0xCC, 0x18, 0xC3, 0x0C,
    0x60, 0xC0, 0x00, 0x00, 0x00, 0x00, 0x00, 0x00, 0x00, 0x00, 0x00, 0x00, 0x00, 0x18, 0xC1, 0xB0,
    0x1C, 0x00, 0x03, 0x3E, 0x6C, 0x0F, 0x01, 0xC0, 0x30, 0x06, 0x00, 0xC0, 0x18, 0x03, 0x00, 0x60,
    0x00, 0x00, 0x00, 0x00, 0x00, 0x00, 0x00, 0x00, 0x03, 0x00, 0xC0, 0x30, 0x00, 0x01, 0xF0, 0x63,
    0x18, 0x33, 0x00, 0x60, 0x06, 0x00, 0x7C, 0x00, 0xC0, 0x0C, 0x01, 0x98, 0x31, 0x8C, 0x1F, 0x00,
    0x00, 0x00, 0x00, 0x00, 0x00, 0x00, 0x00, 0x00, 0x00, 0x00, 0x00, 0x01, 0x80, 0x60, 0x18, 0x00,
    0x01, 0xFC, 0x60, 0xCC, 0x01, 0x80, 0x1F, 0xC0, 0x0C, 0x01, 0x80, 0x33, 0x06, 0x3F, 0x80, 0x00,
    0x00, 0x00, 0x00, 0x00, 0x00, 0x00, 0x0E, 0x03, 0x60, 0xC6, 0x00, 0x01, 0xF0, 0x63, 0x18, 0x33,
    0x00, 0x60, 0x06, 0x00, 0x7C, 0x00, 0xC0, 0x0C, 0x01, 0x98, 0x31, 0x8C, 0x1F, 0x00, 0x00, 0x00,
    0x00, 0x00, 0x00, 0x00, 0x00, 0x00, 0x00, 0x00, 0x00, 0x07, 0x01, 0xB0, 0x63, 0x00, 0x01, 0xFC,
    0x60, 0xCC, 0x01, 0x80, 0x1F, 0xC0, 0x0C, 0x01, 0x80, 0x33, 0x06, 0x3F, 0x80, 0x00, 0x00, 0x00,
    0x00, 0x00, 0x00, 0x00, 0x00, 0x00, 0x00, 0x00, 0x0F, 0x83, 0x18, 0xC1, 0x98, 0x03, 0x00, 0x30,
    0x03, 0xE0, 0x06, 0x00, 0x60, 0x0C, 0x01, 0x98, 0x31, 0x8C, 0x1F, 0x00, 0xC0, 0x18, 0x03, 0x00,
    0xC0, 0x00, 0x00, 0x00, 0x00, 0x00, 0x00, 0x00, 0x00, 0x00, 0x00, 0x00, 0x01, 0xFC, 0x60, 0xCC,
    0x01, 0x80, 0x1F, 0xC0, 0x0C, 0x01, 0x80, 0x33, 0x06, 0x3F, 0x80, 0xC0, 0x18, 0x03, 0x00, 0xC0,
    0x00, 0x00, 0x31, 0x83, 0x60, 0x38, 0x00, 0x01, 0xF0, 0x63, 0x18, 0x33, 0x00, 0x60, 0x06, 0x00,
    0x7C, 0x00, 0xC0, 0x0C, 0x01, 0x98, 0x31, 0x8C, 0x1F, 0x00, 0x00, 0x00, 0x00, 0x00, 0x00, 0x00,
    0x00, 0x00, 0x00, 0x00, 0x00, 0x18, 0xC1, 0xB0, 0x1C, 0x00, 0x01, 0xFC, 0x60, 0xCC, 0x01, 0x80,
    0x1F, 0xC0, 0x0C, 0x01, 0x80, 0x33, 0x06, 0x3F, 0x80, 0x00, 0x00, 0x00, 0x00, 0x00, 0x00, 0x00,
    0x00, 0x00, 0x00, 0x00, 0x7F, 0xE0, 0xC0, 0x18, 0x03, 0x00, 0x60, 0x0C, 0x01, 0x80, 0x30, 0x06,
    0x00, 0xC0, 0x18, 0x03, 0x00, 0x60, 0x0C, 0x00, 0xC0, 0x18, 0x03, 0x00, 0xC0, 0x00, 0x00, 0x00,
    0x00, 0x00, 0x00, 0x06, 0x00, 0xC0, 0x18, 0x03, 0x03, 0xFC, 0x0C, 0x01, 0x80, 0x30, 0x06, 0x00,
    0xC0, 0x18, 0x03, 0x00, 0x60, 0x07, 0xC0, 0x60, 0x0C, 0x01, 0x80, 0x60, 0x00, 0x00, 0x31, 0x83,
    0x60, 0x38, 0x00, 0x0F, 0xFC, 0x18, 0x03, 0x00, 0x60, 0x0C, 0x01, 0x80, 0x30, 0x06, 0x00, 0xC0,
    0x18, 0x03, 0x00, 0x60, 0x0C, 0x00, 0x00, 0x00, 0x00, 0x00, 0x00, 0x00, 0x00, 0x33, 0x03, 0xC0,
    0x30, 0x00, 0x00, 0xC0, 0x18, 0x03, 0x03, 0xFC, 0x0C, 0x01, 0x80, 0x30, 0x06, 0x00, 0xC0, 0x18,
    0x03, 0x00, 0x60, 0x07, 0xC0, 0x00, 0x00, 0x00, 0x00, 0x00, 0x00, 0x00, 0x00, 0x00, 0x00, 0x00,
    0x7F, 0xE0, 0xC0, 0x18, 0x03, 0x00, 0x60, 0x0C, 0x0F, 0xF0, 0x30, 0x06, 0x00, 0xC0, 0x18, 0x03,
    0x00, 0x60, 0x0C, 0x00, 0x00, 0x00, 0x00, 0x00, 0x00, 0x00, 0x00, 0x00, 0x00, 0x00, 0x00, 0x06,
    0x00, 0xC0, 0x18, 0x03, 0x03, 0xFC, 0x0C, 0x01, 0x80, 0xFC, 0x06, 0x00, 0xC0, 0x18, 0x03, 0x00,
    0x60, 0x07, 0xC0, 0x00, 0x00, 0x00, 0x00, 0x00, 0x00, 0x00, 0x1C, 0xC6, 0xD8, 0xCE, 0x00, 0x06,
    0x0C, 0xC1, 0x98, 0x33, 0x06, 0x60, 0xCC, 0x19, 0x83, 0x30, 0x66, 0x0C, 0xC1, 0x98, 0x31, 0x8C,
    0x1F, 0x00, 0x00, 0x00, 0x00, 0x00, 0x00, 0x00, 0x00, 0x00, 0x00, 0x00, 0x00, 0x0E, 0x63, 0x6C,
    0x67, 0x00, 0x03, 0x06, 0x60, 0xCC, 0x19, 0x83, 0x30, 0x66, 0x0C, 0xC1, 0x98, 0x31, 0x86, 0x1F,
    0xC0, 0x00, 0x00, 0x00, 0x00, 0x00, 0x00, 0x00, 0x00, 0x07, 0xF0, 0x00, 0x30, 0x66, 0x0C, 0xC1,
    0x98, 0x33, 0x06, 0x60, 0xCC, 0x19, 0x83, 0x30, 0x66, 0x0C, 0xC1, 0x98, 0x31, 0x8C, 0x1F, 0x00,
    0x00, 0x00, 0x00, 0x00, 0x00, 0x00, 0x00, 0x00, 0x00, 0x00, 0x00, 0x00, 0x00, 0x00, 0x7F, 0x00,
    0x03, 0x06, 0x60, 0xCC, 0x19, 0x83, 0x30, 0x66, 0x0C, 0xC1, 0x98, 0x31, 0x86, 0x1F, 0xC0, 0x00,
    0x00, 0x00, 0x00, 0x00, 0x00, 0x00, 0x31, 0x86, 0x30, 0x7C, 0x00, 0x06, 0x0C, 0xC1, 0x98, 0x33,
    0x06, 0x60, 0xCC, 0x19, 0x83, 0x30, 0x66, 0x0C, 0xC1, 0x98, 0x31, 0x8C, 0x1F, 0x00, 0x00, 0x00,
    0x00, 0x00, 0x00, 0x00, 0x00, 0x00, 0x00, 0x00, 0x00, 0x18, 0xC3, 0x18, 0x3E, 0x00, 0x03, 0x06,
    0x60, 0xCC, 0x19, 0x83, 0x30, 0x66, 0x0C, 0xC1, 0x98, 0x31, 0x86, 0x1F, 0xC0, 0x00, 0x00, 0x00,
    0x00, 0x00, 0x00, 0x00, 0x0E, 0x03, 0x60, 0x6C, 0x07, 0x06, 0x0C, 0xC1, 0x98, 0x33, 0x06, 0x60,
    0xCC, 0x19, 0x83, 0x30, 0x66, 0x0C, 0xC1, 0x98, 0x31, 0x8C, 0x1F, 0x00, 0x00, 0x00, 0x00, 0x00,
    0x00, 0x00, 0x00, 0x00, 0x00, 0x00, 0x00, 0x07, 0x01, 0xB0, 0x36, 0x03, 0x83, 0x06, 0x60, 0xCC,
    0x19, 0x83, 0x30, 0x66, 0x0C, 0xC1, 0x98, 0x31, 0x86, 0x1F, 0xC0, 0x00, 0x00, 0x00, 0x00, 0x00,
    0x00, 0x00, 0x06, 0x61, 0x98, 0x66, 0x00, 0x06, 0x0C, 0xC1, 0x98, 0x33, 0x06, 0x60, 0xCC, 0x19,
    0x83, 0x30, 0x66, 0x0C, 0xC1, 0x98, 0x31, 0x8C, 0x1F, 0x00, 0x00, 0x00, 0x00, 0x00, 0x00, 0x00,
    0x00, 0x00, 0x00, 0x00, 0x00, 0x03, 0x30, 0xCC, 0x33, 0x00, 0x03, 0x06, 0x60, 0xCC, 0x19, 0x83,
    0x30, 0x66, 0x0C, 0xC1, 0x98, 0x31, 0x86, 0x1F, 0xC0, 0x00, 0x00, 0x00, 0x00, 0x00, 0x00, 0x00,
    0x00, 0x00, 0x00, 0x00, 0x30, 0x66, 0x0C, 0xC1, 0x98, 0x33, 0x06, 0x60, 0xCC, 0x19, 0x83, 0x30,
    0x66, 0x0C, 0xC1, 0x98, 0x31, 0x8C, 0x1F, 0x00, 0xC0, 0x30, 0x06, 0x00, 0x78, 0x00, 0x00, 0x00,
    0x00, 0x00, 0x00, 0x00, 0x00, 0x00, 0x00, 0x00, 0x03, 0x06, 0x60, 0xCC, 0x19, 0x83, 0x30, 0x66,
    0x0C, 0xC1, 0x98, 0x31, 0x86, 0x1F, 0xC0, 0x30, 0x0C, 0x01, 0x80, 0x1E, 0x00, 0x00, 0x0E, 0x03,
    0x60, 0xC6, 0x00, 0x0C, 0x0D, 0x81, 0xB0, 0x36, 0x06, 0xC0, 0xD8, 0x1B, 0x03, 0x66, 0x6D, 0xED,
    0xE7, 0xB8, 0x76, 0x06, 0x80, 0x40, 0x00, 0x00, 0x00, 0x00, 0x00, 0x00, 0x00, 0x00, 0x00, 0x00,
    0x00, 0x07, 0x01, 0xB0, 0x63, 0x00, 0x06, 0x06, 0xC0, 0xD8, 0x1B, 0x33, 0x66, 0x6C, 0xCD, 0x99,
    0xB3, 0x36, 0x66, 0x7F, 0x80, 0x00, 0x00, 0x00, 0x00, 0x00, 0x00, 0x00, 0x0E, 0x03, 0x60, 0xC6,
    0x00, 0x0C, 0x0D, 0x81, 0x98, 0x63, 0x0C, 0x33, 0x06, 0x60, 0x78, 0x06, 0x00, 0xC0, 0x18, 0x03,
    0x00, 0x60, 0x0C, 0x00, 0x00, 0x00, 0x00, 0x00, 0x00, 0x00, 0x00, 0x00, 0x00, 0x00, 0x00, 0x07,
    0x01, 0xB0, 0x63, 0x00, 0x03, 0x06, 0x60, 0xCC, 0x19, 0x83, 0x30, 0x66, 0x0C, 0xC1, 0x98, 0x31,
    0x86, 0x1F, 0xC0, 0x18, 0x03, 0x00, 0xC3, 0xF0, 0x00, 0x00, 0x31, 0x86, 0x30, 0xC6, 0x00, 0x0C,
    0x0D, 0x81, 0x98, 0x63, 0x0C, 0x33, 0x06, 0x60, 0x78, 0x06, 0x00, 0xC0, 0x18, 0x03, 0x00, 0x60,
    0x0C, 0x00, 0x00, 0x00, 0x00, 0x00, 0x00, 0x00, 0x00, 0x03, 0x00, 0xC0, 0x30, 0x00, 0x07, 0xFC,
    0x01, 0x80, 0x30, 0x0C, 0x03, 0x00, 0xC0, 0x30, 0x0C, 0x03, 0x00, 0xC0, 0x18, 0x03, 0x00, 0x7F,
    0xC0, 0x00, 0x00, 0x00, 0x00, 0x00, 0x00, 0x00, 0x00, 0x00, 0x00, 0x00, 0x01, 0x80, 0x60, 0x18,
    0x00, 0x03, 0xFE, 0x00, 0xC0, 0x30, 0x0C, 0x03, 0x00, 0xC0, 0x30, 0x0C, 0x03, 0x00, 0x7F, 0xC0,
    0x00, 0x00, 0x00, 0x00, 0x00, 0x00, 0x00, 0x0C, 0x01, 0x80, 0x30, 0x00, 0x07, 0xFC, 0x01, 0x80,
    0x30, 0x0C, 0x03, 0x00, 0xC0, 0x30, 0x0C, 0x03, 0x00, 0xC0, 0x18, 0x03, 0x00, 0x7F, 0xC0, 0x00,
    0x00, 0x00, 0x00, 0x00, 0x00, 0x00, 0x00, 0x00, 0x00, 0x00, 0x06, 0x00, 0xC0, 0x18, 0x00, 0x03,
    0xFE, 0x00, 0xC0, 0x30, 0x0C, 0x03, 0x00, 0xC0, 0x30, 0x0C, 0x03, 0x00, 0x7F, 0xC0, 0x00, 0x00,
    0x00, 0x00, 0x00, 0x00, 0x00, 0x31, 0x83, 0x60, 0x38, 0x00, 0x07, 0xFC, 0x01, 0x80, 0x30, 0x0C,
    0x03, 0x00, 0xC0, 0x30, 0x0C, 0x03, 0x00, 0xC0, 0x18, 0x03, 0x00, 0x7F, 0xC0, 0x00, 0x00, 0x00,
    0x00, 0x00, 0x00, 0x00, 0x00, 0x00, 0x00, 0x00, 0x18, 0xC1, 0xB0, 0x1C, 0x00, 0x03, 0xFE, 0x00,
    0xC0, 0x30, 0x0C, 0x03, 0x00, 0xC0, 0x30, 0x0C, 0x03, 0x00, 0x7F, 0xC0, 0x00, 0x00, 0x00, 0x00,
    0x00, 0x00, 0x00, 0x00, 0x00, 0x00, 0x00, 0x03, 0xE0, 0xC0, 0x18, 0x03, 0x00, 0x60, 0x0C, 0x01,
    0x80, 0x30, 0x06, 0x00, 0xC0, 0x18, 0x03, 0x00, 0x60, 0x0C, 0x00, 0x00, 0x00, 0x00, 0x00, 0x00,
    0x00, 0x00, 0x00, 0x30, 0x7F, 0x1F, 0xF3, 0xFE, 0x70, 0x66, 0x07, 0x60, 0x36, 0x03, 0x60, 0x36,
    0x03, 0x60, 0x77, 0x06, 0x3F, 0xE1, 0xFC, 0x02, 0x00, 0x01, 0xC1, 0x73, 0xF9, 0xFE, 0x61, 0x98,
    0x6E, 0x1B, 0x86, 0x61, 0x9F, 0xE3, 0xF0, 0x30, 0x00, 0x30, 0x0F, 0xC0, 0xFC, 0x0C, 0xC0, 0xCC,
    0x0C, 0xC0, 0xCC, 0x0C, 0xC0, 0xCC, 0x0C, 0xC0, 0xCE, 0x1C, 0x7F, 0x83, 0xF0, 0x0C, 0x00, 0x01,
    0x80, 0xF0, 0xF8, 0x6C, 0x36, 0x1B, 0x0D, 0x86, 0xC7, 0x7F, 0x9F, 0xC0, 0x00, 0x70, 0x06, 0xDF,
    0xE0, 0xFB, 0xFE, 0x0E, 0x60, 0xE0, 0x0C, 0x0C, 0xFF, 0x81, 0x9F, 0xF0, 0x30, 0x36, 0x06, 0x0C,
    0xC0, 0xC3, 0x98, 0x18, 0xE3, 0x07, 0x18, 0x7F, 0xC7, 0xFF, 0xF1, 0xFE, 0x00, 0x0D, 0x80, 0x63,
    0xE0, 0x18, 0x70, 0x06, 0x00, 0x3F, 0x9F, 0xDF, 0xE7, 0xF6, 0x18, 0x19, 0x86, 0x0E, 0xE1, 0x87,
    0x38, 0x63, 0x86, 0x18, 0xC1, 0xFE, 0x7F, 0x3F, 0x9F, 0xC2, 0x00, 0x00, 0x00, 0x01, 0x60, 0x01,
    0xF0, 0x00, 0xF8, 0x00, 0x7C, 0x00, 0x3E, 0x00, 0x1F, 0x00, 0x0F, 0x80, 0x07, 0xC0, 0x03, 0xE0,
    0x31, 0xF0, 0x18, 0xFF, 0xEF, 0xEF, 0xF3, 0xE0, 0x00, 0x40, 0x00, 0x6C, 0x07, 0xC0, 0x6C, 0x00,
    0xC0, 0x6C, 0x06, 0xC0, 0x6C, 0x06, 0xC0, 0x6C, 0x06, 0xC0, 0x6F, 0xF6, 0xFF, 0x60, 0x06, 0x00,
    0x60, 0x0E, 0x00, 0xC0, 0x0F, 0x3C, 0xF0, 0xCF, 0x3C, 0xF3, 0xCF, 0x3C, 0xF3, 0xCC, 0x30, 0xCF,
    0x30, 0x40, 0x40, 0x2E, 0x0C, 0x07, 0xF0, 0xC0, 0x7F, 0x0C, 0x07, 0xF8, 0xC0, 0x7D, 0xCC, 0x07,
    0xCC, 0xC0, 0x7C, 0xEC, 0x07, 0xC6, 0xC0, 0x7C, 0x3C, 0xC7, 0xC3, 0xCC, 0x7C, 0x1C, 0xFE, 0xC1,
    0xC7, 0xE0, 0x00, 0x10, 0x40, 0x45, 0xC1, 0x9F, 0xC3, 0x37, 0x86, 0x0F, 0x8C, 0xDB, 0x99, 0xB3,
    0x33, 0x67, 0x66, 0xC6, 0xCD, 0x87, 0x9B, 0x0F, 0x36, 0x0E, 0x6C, 0x1C, 0xC0, 0x01, 0x80, 0x03,
    0x00, 0x0E, 0x00, 0x18, 0x00, 0x20, 0x07, 0x00, 0x30, 0x00, 0xFE, 0x3F, 0xE3, 0xC7, 0x3C, 0x33,
    0xC3, 0x3C, 0x33, 0xC3, 0x3C, 0x33, 0xC3, 0x30, 0x03, 0x00, 0x70, 0x0E, 0x00, 0xC0, 0x31, 0x83,
    0x60, 0x38, 0x00, 0x01, 0xF0, 0x63, 0x18, 0x33, 0x06, 0x60, 0xCC, 0x19, 0x83, 0x3F, 0xE6, 0x0C,
    0xC1, 0x98, 0x33, 0x06, 0x60, 0xC0, 0x00, 0x00, 0x00, 0x00, 0x00, 0x00, 0x00, 0x00, 0x00, 0x00,
    0x00, 0x18, 0xC1, 0xB0, 0x1C, 0x00, 0x01, 0xF8, 0x01, 0x80, 0x18, 0x03, 0x1F, 0xE6, 0x0C, 0xC1,
    0x98, 0x33, 0x06, 0x3F, 0xC0, 0x00, 0x00, 0x00, 0x00, 0x00, 0x00, 0x00, 0x31, 0x83, 0x60, 0x38,
    0x00, 0x03, 0xF0, 0x18, 0x03, 0x00, 0x60, 0x0C, 0x01, 0x80, 0x30, 0x06, 0x00, 0xC0, 0x18, 0x03,
    0x00, 0x60, 0x3F, 0x00, 0x00, 0x00, 0x00, 0x00, 0x00, 0x00, 0x00, 0x00, 0x00, 0x00, 0x00, 0x18,
    0xC1, 0xB0, 0x1C, 0x00, 0x00, 0xF0, 0x06, 0x00, 0xC0, 0x18, 0x03, 0x00, 0x60, 0x0C, 0x01, 0x80,
    0x30, 0x1F, 0x80, 0x00, 0x00, 0x00, 0x00, 0x00, 0x00, 0x00, 0x31, 0x83, 0x60, 0x38, 0x00, 0x01,
    0xF0, 0x63, 0x18, 0x33, 0x06, 0x60, 0xCC, 0x19, 0x83, 0x30, 0x66, 0x0C, 0xC1, 0x98, 0x31, 0x8C,
    0x1F, 0x00, 0x00, 0x00, 0x00, 0x00, 0x00, 0x00, 0x00, 0x00, 0x00, 0x00, 0x00, 0x18, 0xC1, 0xB0,
    0x1C, 0x00, 0x00, 0xF8, 0x31, 0x8C, 0x19, 0x83, 0x30, 0x66, 0x0C, 0xC1, 0x98, 0x31, 0x8C, 0x1F,
    0x00, 0x00, 0x00, 0x00, 0x00, 0x00, 0x00, 0x00, 0x31, 0x83, 0x60, 0x38, 0x30, 0x66, 0x0C, 0xC1,
    0x98, 0x33, 0x06, 0x60, 0xCC, 0x19, 0x83, 0x30, 0x66, 0x0C, 0xC1, 0x98, 0x31, 0x8C, 0x1F, 0x00,
    0x00, 0x00, 0x00, 0x00, 0x00, 0x00, 0x00, 0x00, 0x00, 0x00, 0x00, 0x18, 0xC1, 0xB0, 0x1C, 0x00,
    0x03, 0x06, 0x60, 0xCC, 0x19, 0x83, 0x30, 0x66, 0x0C, 0xC1, 0x98, 0x31, 0x86, 0x1F, 0xC0, 0x00,
    0x00, 0x00, 0x00, 0x00, 0x00, 0x00, 0x1F, 0x07, 0xC0, 0x00, 0xEC, 0x3B, 0x00, 0x0C, 0x0F, 0x03,
    0xC0, 0xF0, 0x3C, 0x0F, 0x03, 0xC0, 0xF0, 0x3C, 0x0F, 0x87, 0x7F, 0x8F, 0xC0, 0xC0, 0x7C, 0x7C,
    0x04, 0x6E, 0x6E, 0x00, 0xC3, 0xC3, 0xC3, 0xC3, 0xC3, 0xC3, 0xC7, 0xFF, 0x7F, 0x00, 0x02, 0x01,
    0x80, 0xE0, 0x00, 0x3B, 0x0E, 0xC0, 0x03, 0x03, 0xC0, 0xF0, 0x3C, 0x0F, 0x03, 0xC0, 0xF0, 0x3C,
    0x0F, 0x03, 0xE1, 0xDF, 0xE3, 0xF0, 0x30, 0x0C, 0x0C, 0x18, 0x04, 0x6E, 0x6E, 0x00, 0xC3, 0xC3,
    0xC3, 0xC3, 0xC3, 0xC3, 0xC7, 0xFF, 0x7F, 0x00, 0x13, 0x07, 0xC0, 0xE0, 0x00, 0x3B, 0x0E, 0xC0,
    0x03, 0x03, 0xC0, 0xF0, 0x3C, 0x0F, 0x03, 0xC0, 0xF0, 0x3C, 0x0F, 0x03, 0xE1, 0xDF, 0xE3, 0xF0,
    0x30, 0x24, 0x7C, 0x3C, 0x04, 0x6E, 0x6E, 0x00, 0xC3, 0xC3, 0xC3, 0xC3, 0xC3, 0xC3, 0xC7, 0xFF,
    0x7F, 0x00, 0x18, 0x06, 0x00, 0xC0, 0x00, 0x3B, 0x0E, 0xC0, 0x03, 0x03, 0xC0, 0xF0, 0x3C, 0x0F,
    0x03, 0xC0, 0xF0, 0x3C, 0x0F, 0x03, 0xE1, 0xDF, 0xE3, 0xF0, 0x30, 0x20, 0x30, 0x38, 0x04, 0x6E,
    0x6E, 0x00, 0xC3, 0xC3, 0xC3, 0xC3, 0xC3, 0xC3, 0xC7, 0xFF, 0x7F, 0x00, 0x08, 0x1F, 0x9F, 0xCC,
    0x30, 0x1F, 0xFF, 0xFE, 0xC3, 0x7F, 0x1F, 0x00, 0x00, 0x1F, 0x03, 0xE0, 0x00, 0x0D, 0xC1, 0xB0,
    0x08, 0x03, 0x80, 0x78, 0x1F, 0x03, 0x60, 0x6E, 0x1C, 0xC3, 0x18, 0x7F, 0x9F, 0xF3, 0x06, 0x60,
    0xFC, 0x0C, 0x3E, 0x3E, 0x00, 0x36, 0x36, 0x00, 0x3E, 0x7F, 0x63, 0x0F, 0x7F, 0x73, 0xE3, 0x7F,
    0x7F, 0x10, 0x1F, 0x03, 0xE0, 0x00, 0x07, 0x00, 0x60, 0x08, 0x03, 0x80, 0x78, 0x1F, 0x03, 0x60,
    0x6E, 0x1C, 0xC3, 0x18, 0x7F, 0x9F, 0xF3, 0x06, 0x60, 0xFC, 0x0C, 0x3E, 0x3E, 0x08, 0x1C, 0x1C,
    0x00, 0x3E, 0x7F, 0x63, 0x0F, 0x7F, 0x73, 0xE3, 0x7F, 0x7F, 0x10, 0x00, 0x07, 0xF8, 0x00, 0x1F,
    0xF6, 0x61, 0x8C, 0x31, 0x86, 0x30, 0xC6, 0x1F, 0xFF, 0x18, 0x63, 0x0C, 0x61, 0x8C, 0x31, 0x86,
    0x30, 0xC7, 0xE0, 0x00, 0x00, 0x00, 0x00, 0x00, 0x00, 0x00, 0x00, 0x00, 0x00, 0x00, 0x00, 0x00,
    0x00, 0xFF, 0x00, 0x03, 0xDC, 0x0C, 0xC1, 0x98, 0x33, 0x3F, 0xEC, 0xC1, 0x98, 0x33, 0x06, 0x66,
    0x77, 0x80, 0x00, 0x00, 0x00, 0x00, 0x00, 0x00, 0x00, 0x00, 0x00, 0x00, 0x00, 0x0F, 0x83, 0x18,
    0xC1, 0x98, 0x33, 0x00, 0x60, 0x0C, 0x01, 0x9F, 0x30, 0x66, 0x0C, 0xCF, 0xD8, 0x31, 0x8C, 0x1F,
    0x00, 0x00, 0x00, 0x00, 0x00, 0x00, 0x00, 0x00, 0x00, 0x00, 0x00, 0x00, 0x00, 0x00, 0x00, 0x00,
    0x00, 0x00, 0xFE, 0x30, 0xCC, 0x19, 0x83, 0x33, 0xF6, 0x0C, 0xC1, 0x98, 0x31, 0x86, 0x1F, 0xC0,
    0x18, 0x03, 0x00, 0xC3, 0xF0, 0x00, 0x00, 0x31, 0x83, 0x60, 0x38, 0x00, 0x01, 0xF0, 0x63, 0x18,
    0x73, 0x00, 0x60, 0x0C, 0x01, 0x9F, 0x30, 0x66, 0x0C, 0xC1, 0x98, 0x31, 0x8C, 0x1F, 0x00, 0x00,
    0x00, 0x00, 0x00, 0x00, 0x00, 0x00, 0x00, 0x00, 0x00, 0x00, 0x18, 0xC1, 0xB0, 0x1C, 0x00, 0x00,
    0xFE, 0x30, 0xCC, 0x19, 0x83, 0x30, 0x66, 0x0C, 0xC1, 0x98, 0x31, 0x86, 0x1F, 0xC0, 0x18, 0x03,
    0x00, 0xC3, 0xF0, 0x00, 0x00, 0x31, 0x83, 0x60, 0x38, 0x30, 0x66, 0x0C, 0xC3, 0x18, 0xC3, 0x30,
    0x6C, 0x0F, 0x01, 0xE0, 0x36, 0x06, 0x60, 0xC6, 0x18, 0x63, 0x06, 0x60, 0xC0, 0x00, 0x00, 0x00,
    0x00, 0x00, 0x00, 0x00, 0x18, 0xC1, 0xB0, 0x1C, 0x18, 0x03, 0x00, 0x60, 0x0C, 0x01, 0x86, 0x31,
    0x86, 0x60, 0xD8, 0x1E, 0x03, 0xC0, 0x6C, 0x0C, 0xC1, 0x8C, 0x30, 0xC0, 0x00, 0x00, 0x00, 0x00,
    0x00, 0x00, 0x00, 0x00, 0x00, 0x00, 0x00, 0x0F, 0x83, 0x18, 0xC1, 0x98, 0x33, 0x06, 0x60, 0xCC,
    0x19, 0x83, 0x30, 0x66, 0x0C, 0xC1, 0x98, 0x31, 0x8C, 0x1F, 0x00, 0xC0, 0x30, 0x06, 0x00, 0x78,
    0x00, 0x00, 0x00, 0x00, 0x00, 0x00, 0x00, 0x00, 0x00, 0x00, 0x00, 0x00, 0xF8, 0x31, 0x8C, 0x19,
    0x83, 0x30, 0x66, 0x0C, 0xC1, 0x98, 0x31, 0x8C, 0x1F, 0x00, 0xC0, 0x30, 0x06, 0x00, 0x78, 0x00,
    0x00, 0x00, 0x07, 0xF0, 0x00, 0x0F, 0x83, 0x18, 0xC1, 0x98, 0x33, 0x06, 0x60, 0xCC, 0x19, 0x83,
    0x30, 0x66, 0x0C, 0xC1, 0x98, 0x31, 0x8C, 0x1F, 0x00, 0xC0, 0x30, 0x06, 0x00, 0x78, 0x00, 0x00,
    0x00, 0x00, 0x00, 0x00, 0x00, 0x00, 0x00, 0x7F, 0x00, 0x00, 0xF8, 0x31, 0x8C, 0x19, 0x83, 0x30,
    0x66, 0x0C, 0xC1, 0x98, 0x31, 0x8C, 0x1F, 0x00, 0xC0, 0x30, 0x06, 0x00, 0x78, 0x00, 0x00, 0x31,
    0x83, 0x60, 0x38, 0x00, 0x07, 0xFC, 0x01, 0x80, 0x60, 0x18, 0x06, 0x01, 0xE0, 0x06, 0x00, 0x60,
    0x0C, 0x01, 0x98, 0x31, 0x8C, 0x1F, 0x00, 0x00, 0x00, 0x00, 0x00, 0x00, 0x00, 0x00, 0x00, 0x00,
    0x00, 0x00, 0x18, 0xC1, 0xB0, 0x1C, 0x00, 0x03, 0xFE, 0x00, 0xC0, 0x30, 0x0C, 0x03, 0x00, 0xF0,
    0x03, 0x00, 0x30, 0x06, 0x00, 0xC0, 0x19, 0x83, 0x18, 0xC1, 0xF0, 0x00, 0x00, 0x00, 0x00, 0x00,
    0x00, 0x06, 0x30, 0x6C, 0x07, 0x00, 0x00, 0x3C, 0x01, 0x80, 0x30, 0x06, 0x00, 0xC0, 0x18, 0x03,
    0x00, 0x60, 0x0C, 0x01, 0x86, 0x30, 0xC6, 0x18, 0xC1, 0xF0, 0x00, 0x00, 0x70, 0x0F, 0xF7, 0xF8,
    0xFF, 0xFF, 0xE3, 0xFD, 0x83, 0x80, 0xEC, 0x0C, 0x06, 0x60, 0x60, 0x63, 0x03, 0x07, 0x18, 0x18,
    0x70, 0xC0, 0xC3, 0x06, 0x06, 0x38, 0x30, 0x73, 0x81, 0xFF, 0x1F, 0xFF, 0xF1, 0xFF, 0x80, 0x70,
    0x00, 0x1F, 0xE0, 0x03, 0xFE, 0x00, 0x60, 0xE0, 0x0C, 0x0C, 0xFF, 0x81, 0x9F, 0xF0, 0x30, 0x36,
    0x06, 0x0C, 0xC0, 0xC3, 0x98, 0x18, 0xE3, 0x07, 0x18, 0x7F, 0xC7, 0xFF, 0xF1, 0xFE, 0x00, 0x00,
    0x00, 0x60, 0x00, 0x18, 0x00, 0x06, 0x00, 0x3F, 0x9F, 0xDF, 0xE7, 0xF6, 0x18, 0x19, 0x86, 0x0E,
    0xE1, 0x87, 0x38, 0x63, 0x86, 0x18, 0xC1, 0xFE, 0x7F, 0x3F, 0x9F, 0xC2, 0x00, 0x00, 0x03, 0x00,
    0xC0, 0x30, 0x00, 0x01, 0xF0, 0x63, 0x18, 0x73, 0x00, 0x60, 0x0C, 0x01, 0x9F, 0x30, 0x66, 0x0C,
    0xC1, 0x98, 0x31, 0x8C, 0x1F, 0x00, 0x00, 0x00, 0x00, 0x00, 0x00, 0x00, 0x00, 0x00, 0x00, 0x00,
    0x00, 0x00, 0xC0, 0x30, 0x0C, 0x00, 0x00, 0xFE, 0x30, 0xCC, 0x19, 0x83, 0x30, 0x66, 0x0C, 0xC1,
    0x98, 0x31, 0x86, 0x1F, 0xC0, 0x18, 0x03, 0x00, 0xC3, 0xF0, 0x00, 0x00, 0x00, 0x00, 0x60, 0x60,
    0x30, 0x30, 0x18, 0x18, 0x0C, 0x0C, 0x36, 0x06, 0x1B, 0xFF, 0x0D, 0xFF, 0x86, 0xC0, 0xC3, 0x60,
    0x61, 0xB0, 0x30, 0xD8, 0x1F, 0xEC, 0x07, 0xE0, 0x00, 0x40, 0x5C, 0x3F, 0xCF, 0xFB, 0x87, 0xE1,
    0xF8, 0x7E, 0x1F, 0x87, 0xE1, 0xF8, 0x6E, 0x3B, 0x9C, 0xFE, 0x3F, 0x0E, 0x03, 0x80, 0x60, 0x00,
    0x18, 0x07, 0x00, 0xC1, 0x01, 0xE0, 0xFC, 0x3F, 0x0F, 0xE3, 0xDC, 0xF3, 0x3C, 0xEF, 0x1B, 0xC3,
    0xF0, 0xFC, 0x1F, 0x07, 0x30, 0x30, 0x18, 0x00, 0xFE, 0xFE, 0xC7, 0xC3, 0xC3, 0xC3, 0xC3, 0xC3,
    0xC3, 0x03, 0x00, 0xC0, 0x38, 0x0F, 0x81, 0xB0, 0x1E, 0x01, 0x80, 0x70, 0x0F, 0x03, 0xE0, 0x6C,
    0x0D, 0xC3, 0x98, 0x63, 0x0F, 0xF3, 0xFE, 0x60, 0xCC, 0x1F, 0x81, 0x80, 0x06, 0x0C, 0x1C, 0x3E,
    0x36, 0x3E, 0x1C, 0x3E, 0x7F, 0x63, 0x0F, 0x7F, 0x73, 0xE3, 0x7F, 0x7F, 0x10, 0x01, 0x80, 0x60,
    0x18, 0x00, 0x03, 0xFE, 0xCC, 0x31, 0x86, 0x30, 0xC6, 0x18, 0xC3, 0xFF, 0xE3, 0x0C, 0x61, 0x8C,
    0x31, 0x86, 0x30, 0xC7, 0xE0, 0x00, 0x00, 0x00, 0x00, 0x00, 0x00, 0x00, 0x00, 0x00, 0x00, 0x00,
    0x01, 0x80, 0x60, 0x18, 0x00, 0x03, 0xDC, 0x0C, 0xC1, 0x98, 0x33, 0x3F, 0xEC, 0xC1, 0x98, 0x33,
    0x06, 0x66, 0x77, 0x80, 0x00, 0x00, 0x00, 0x00, 0x00, 0x00, 0x00, 0x03, 0x00, 0xC0, 0x30, 0x00,
    0x01, 0xF0, 0x63, 0x18, 0x3B, 0x0E, 0x63, 0xCC, 0xD9, 0xB3, 0x3C, 0x67, 0x0C, 0xC1, 0xB8, 0x31,
    0x8C, 0x1F, 0x00, 0x00, 0x00, 0x00, 0x00, 0x00, 0x00, 0x00, 0x00, 0x00, 0x00, 0x00, 0x01, 0x80,
    0x60, 0x18, 0x00, 0x00, 0xFB, 0x31, 0xCC, 0x39, 0x8F, 0x33, 0x66, 0xCC, 0xF1, 0x9C, 0x33, 0x8C,
    0xDF, 0x00, 0x00, 0x00, 0x00, 0x00, 0x00, 0x00, 0x00, 0x36, 0x07, 0xC0, 0x6C, 0x02, 0x00, 0xE0,
    0x1E, 0x07, 0xC0, 0xD8, 0x1B, 0x87, 0x30, 0xC6, 0x1F, 0xE7, 0xFC, 0xC1, 0x98, 0x3F, 0x03, 0x6C,
    0x6C, 0x36, 0x00, 0x3E, 0x7F, 0x63, 0x0F, 0x7F, 0x73, 0xE3, 0x7F, 0x7F, 0x10, 0x0E, 0x03, 0xE0,
    0x64, 0x02, 0x00, 0xE0, 0x1E, 0x07, 0xC0, 0xD8, 0x1B, 0x87, 0x30, 0xC6, 0x1F, 0xE7, 0xFC, 0xC1,
    0x98, 0x3F, 0x03, 0x1C, 0x3E, 0x26, 0x00, 0x3E, 0x7F, 0x63, 0x0F, 0x7F, 0x73, 0xE3, 0x7F, 0x7F,
    0x10, 0xFC, 0x6C, 0x3C, 0x7E, 0xFF, 0xFF, 0xC0, 0xC0, 0xC0, 0xFF, 0xFF, 0xC0, 0xC0, 0xC0, 0xFF,
    0xFF, 0x6C, 0x3F, 0x0D, 0x80, 0x03, 0xF3, 0xF9, 0x86, 0xFF, 0xFF, 0xF0, 0x18, 0x6F, 0xF3, 0xF0,
    0x60, 0x3C, 0x3E, 0x66, 0x7E, 0xFF, 0xFF, 0xC0, 0xC0, 0xC0, 0xFF, 0xFF, 0xC0, 0xC0, 0xC0, 0xFF,
    0xFF, 0x1E, 0x1F, 0x0C, 0xC0, 0x03, 0xF3, 0xF9, 0x86, 0xFF, 0xFF, 0xF0, 0x18, 0x6F, 0xF3, 0xF0,
    0x60, 0xFC, 0xD8, 0xF0, 0x01, 0x83, 0x06, 0x0C, 0x18, 0x30, 0x60, 0xC1, 0x83, 0x06, 0x0C, 0xD9,
    0xF6, 0xC0, 0x18, 0x61, 0x86, 0x18, 0x61, 0x86, 0x18, 0x79, 0xFC, 0xC0, 0x30, 0xC3, 0x0C, 0x30,
    0xC3, 0x0C, 0x30, 0xC3, 0x0C, 0x7B, 0xEC, 0xC0, 0x30, 0xC3, 0x0C, 0x30, 0xC3, 0x0C, 0x30, 0x1B,
    0x01, 0xB0, 0x0F, 0x00, 0x70, 0x1F, 0xC3, 0xFE, 0x70, 0x66, 0x07, 0x60, 0x36, 0x03, 0x60, 0x36,
    0x03, 0x60, 0x77, 0x06, 0x3F, 0xE1, 0xFC, 0x02, 0x00, 0x6C, 0x0F, 0x83, 0x60, 0x00, 0x3F, 0x1F,
    0xE6, 0x19, 0x86, 0xE1, 0xB8, 0x66, 0x19, 0xFE, 0x3F, 0x03, 0x00, 0x07, 0x00, 0xF8, 0x09, 0x80,
    0x70, 0x1F, 0xC3, 0xFE, 0x70, 0x66, 0x07, 0x60, 0x36, 0x03, 0x60, 0x36, 0x03, 0x60, 0x77, 0x06,
    0x3F, 0xE1, 0xFC, 0x02, 0x00, 0x1E, 0x0F, 0x83, 0x30, 0x00, 0x3F, 0x1F, 0xE6, 0x19, 0x86, 0xE1,
    0xB8, 0x66, 0x19, 0xFE, 0x3F, 0x03, 0x00, 0x7C, 0x1B, 0x03, 0xC1, 0xC0, 0xFF, 0x3F, 0xEC, 0x1B,
    0x06, 0xC1, 0xB1, 0xEF, 0xF3, 0xF8, 0xC7, 0x30, 0xCC, 0x3B, 0x06, 0x6C, 0xD8, 0xF0, 0x03, 0xE7,
    0xCC, 0x18, 0x30, 0x60, 0xC1, 0x83, 0x00, 0x1C, 0x0F, 0x82, 0x61, 0xC0, 0xFF, 0x3F, 0xEC, 0x1B,
    0x06, 0xC1, 0xB1, 0xEF, 0xF3, 0xF8, 0xC7, 0x30, 0xCC, 0x3B, 0x06, 0x39, 0xF4, 0xC0, 0x7D, 0xF6,
    0x18, 0x61, 0x86, 0x18, 0x60, 0x7C, 0x0D, 0x81, 0xE0, 0x00, 0xC0, 0xF0, 0x3C, 0x0F, 0x03, 0xC0,
    0xF0, 0x3C, 0x0F, 0x03, 0xC0, 0xF8, 0x77, 0xF8, 0xFC, 0x0C, 0x00, 0xD8, 0x7C, 0x6C, 0x00, 0xC3,
    0xC3, 0xC3, 0xC3, 0xC3, 0xC3, 0xC7, 0xFF, 0x7F, 0x00, 0x1E, 0x07, 0xC3, 0x30, 0x00, 0xC0, 0xF0,
    0x3C, 0x0F, 0x03, 0xC0, 0xF0, 0x3C, 0x0F, 0x03, 0xC0, 0xF8, 0x77, 0xF8, 0xFC, 0x0C, 0x00, 0x3C,
    0x7C, 0x66, 0x00, 0xC3, 0xC3, 0xC3, 0xC3, 0xC3, 0xC3, 0xC7, 0xFF, 0x7F, 0x00, 0x00, 0x00, 0x00,
    0x00, 0x0F, 0x83, 0x18, 0xC1, 0x98, 0x03, 0x00, 0x30, 0x03, 0xE0, 0x06, 0x00, 0x60, 0x0C, 0x01,
    0x98, 0x31, 0x8C, 0x1F, 0x00, 0x00, 0x18, 0x03, 0x00, 0x60, 0x18, 0x00, 0x00, 0x00, 0x00, 0x00,
    0x00, 0x00, 0x00, 0x00, 0x00, 0x01, 0xFC, 0x60, 0xCC, 0x01, 0x80, 0x1F, 0xC0, 0x0C, 0x01, 0x80,
    0x33, 0x06, 0x3F, 0x80, 0x00, 0x18, 0x03, 0x00, 0x60, 0x18, 0x00, 0x00, 0x00, 0x00, 0x00, 0x7F,
    0xE0, 0xC0, 0x18, 0x03, 0x00, 0x60, 0x0C, 0x01, 0x80, 0x30, 0x06, 0x00, 0xC0, 0x18, 0x03, 0x00,
    0x60, 0x0C, 0x00, 0x00, 0x30, 0x06, 0x00, 0xC0, 0x30, 0x00, 0x00, 0x00, 0x00, 0x00, 0x06, 0x00,
    0xC0, 0x18, 0x03, 0x03, 0xFC, 0x0C, 0x01, 0x80, 0x30, 0x06, 0x00, 0xC0, 0x18, 0x03, 0x00, 0x60,
    0x07, 0xC0, 0x00, 0x0C, 0x01, 0x80, 0x30, 0x0C, 0x00, 0x1C, 0x3F, 0xBF, 0xD8, 0x70, 0x38, 0x18,
    0x1C, 0x1E, 0x7F, 0xF9, 0xC0, 0xE0, 0x70, 0x30, 0x38, 0xF9, 0xF0, 0x60, 0x00, 0x10, 0xFB, 0xFE,
    0x30, 0xE1, 0xDF, 0xFB, 0x46, 0x0C, 0x39, 0xEF, 0x9C, 0x00, 0x33, 0x07, 0x80, 0xC0, 0x00, 0xC0,
    0xF0, 0x3C, 0x0F, 0x03, 0xC0, 0xFF, 0xFF, 0xFF, 0x03, 0xC0, 0xF0, 0x3C, 0x0F, 0x03, 0xCC, 0x1E,
    0x03, 0x00, 0x00, 0x30, 0x0C, 0x03, 0x00, 0xFE, 0x3F, 0x8C, 0x73, 0x0C, 0xC3, 0x30, 0xCC, 0x33,
    0x0C, 0xC3, 0x18, 0x01, 0x80, 0x18, 0x00, 0x00, 0x00, 0x00, 0x00, 0x00, 0x00, 0x00, 0x00, 0x00,
    0x00, 0x00, 0x00, 0x00, 0x00, 0x00, 0x00, 0x00, 0x00, 0x00, 0x00, 0x00, 0x00, 0x00, 0x00, 0x00,
    0x00, 0x03, 0x00, 0xC0, 0x30, 0x00, 0x00, 0x00, 0x00, 0x00, 0x00, 0x00, 0x00, 0x00, 0x00, 0x00,
    0x00, 0x00, 0x00, 0x00, 0x00, 0x00, 0x00, 0x00, 0x00, 0x00, 0x00, 0x00, 0x00, 0x00, 0x00, 0x00,
    0x0E, 0x03, 0x60, 0xC6, 0x00, 0x00, 0x00, 0x00, 0x00, 0x00, 0x00, 0x00, 0x00, 0x00, 0x00, 0x00,
    0x00, 0x00, 0x00, 0x00, 0x00, 0x00, 0x00, 0x00, 0x00, 0x00, 0x00, 0x00, 0x00, 0x00, 0x00, 0x1C,
    0xC6, 0xD8, 0xCE, 0x00, 0x00, 0x00, 0x00, 0x00, 0x00, 0x00, 0x00, 0x00, 0x00, 0x00, 0x00, 0x00,
    0x00, 0x00, 0x00, 0x00, 0x00, 0x00, 0x00, 0x00, 0x00, 0x00, 0x00, 0x00, 0x00, 0x00, 0x00, 0x07,
    0xF0, 0x00, 0x00, 0x00, 0x00, 0x00, 0x00, 0x00, 0x00, 0x00, 0x00, 0x00, 0x00, 0x00, 0x00, 0x00,
    0x00, 0x00, 0x00, 0x00, 0x00, 0x00, 0x00, 0x00, 0x00, 0x00, 0x00, 0x00, 0x00, 0x00, 0x0F, 0xF8,
    0x00, 0x00, 0x00, 0x00, 0x00, 0x00, 0x00, 0x00, 0x00, 0x00, 0x00, 0x00, 0x00, 0x00, 0x00, 0x00,
    0x00, 0x00, 0x00, 0x00, 0x00, 0x00, 0x00, 0x00, 0x00, 0x00, 0x00, 0x00, 0x31, 0x86, 0x30, 0x7C,
    0x00, 0x00, 0x00, 0x00, 0x00, 0x00, 0x00, 0x00, 0x00, 0x00, 0x00, 0x00, 0x00, 0x00, 0x00, 0x00,
    0x00, 0x00, 0x00, 0x00, 0x00, 0x00, 0x00, 0x00, 0x00, 0x00, 0x00, 0x0C, 0x01, 0x80, 0x30, 0x00,
    0x00, 0x00, 0x00, 0x00, 0x00, 0x00, 0x00, 0x00, 0x00, 0x00, 0x00, 0x00, 0x00, 0x00, 0x00, 0x00,
    0x00, 0x00, 0x00, 0x00, 0x00, 0x00, 0x00, 0x00, 0x00, 0x00, 0x31, 0x86, 0x30, 0xC6, 0x00, 0x00,
    0x00, 0x00, 0x00, 0x00, 0x00, 0x00, 0x00, 0x00, 0x00, 0x00, 0x00, 0x00, 0x00, 0x00, 0x00, 0x00,
    0x00, 0x00, 0x00, 0x00, 0x00, 0x00, 0x00, 0x00, 0x00, 0x67, 0x60, 0x0E, 0x03, 0x60, 0x6C, 0x07,
    0x00, 0x00, 0x00, 0x00, 0x00, 0x00, 0x00, 0x00, 0x00, 0x00, 0x00, 0x00, 0x00, 0x00, 0x00, 0x00,
    0x00, 0x00, 0x00, 0x00, 0x00, 0x00, 0x00, 0x00, 0x00, 0x00, 0x06, 0x61, 0x98, 0x66, 0x00, 0x00,
    0x00, 0x00, 0x00, 0x00, 0x00, 0x00, 0x00, 0x00, 0x00, 0x00, 0x00, 0x00, 0x00, 0x00, 0x00, 0x00,
    0x00, 0x00, 0x00, 0x00, 0x00, 0x00, 0x00, 0x00, 0x00, 0x31, 0x83, 0x60, 0x38, 0x00, 0x00, 0x00,
    0x00, 0x00, 0x00, 0x00, 0x00, 0x00, 0x00, 0x00, 0x00, 0x00, 0x00, 0x00, 0x00, 0x00, 0x00, 0x00,
    0x00, 0x00, 0x00, 0x00, 0x00, 0x00, 0x00, 0x00, 0xDB, 0xF6, 0xC0, 0x0D, 0xBD, 0x80, 0x0D, 0xBD,
    0x80, 0x66, 0x66, 0x6D, 0x80, 0x6F, 0xA0, 0x4C, 0xEE, 0xE0, 0x26, 0xEF, 0x70, 0x00, 0x00, 0x00,
    0x00, 0x00, 0x00, 0x00, 0x00, 0x00, 0x00, 0x00, 0x00, 0x00, 0x00, 0x00, 0x00, 0x00, 0x00, 0x00,
    0x00, 0x00, 0x00, 0x00, 0x00, 0x00, 0x30, 0x06, 0x00, 0xC0, 0x00, 0x00, 0x6D, 0xF3, 0x80, 0x02,
    0x06, 0x06, 0x0C, 0x0C, 0x18, 0x18, 0x30, 0x30, 0x60, 0x60, 0x00, 0x00, 0xC0, 0x30, 0x18, 0x0C,
    0x03, 0x01, 0x80, 0x40, 0x30, 0x18, 0x06, 0x03, 0x01, 0x80, 0x60, 0x10, 0x00, 0x4F, 0xEC, 0x1F,
    0x60, 0x7B, 0xFC, 0xF3, 0xFD, 0xEF, 0xFE, 0x5E, 0xF6, 0xB0, 0x0F, 0x73, 0x00, 0x7F, 0xFF, 0x88,
    0x10, 0x30, 0xFB, 0xF7, 0xC3, 0x06, 0x00, 0x65, 0xFB, 0xFF, 0xE0, 0x00, 0x36, 0x7F, 0x66, 0x34,
    0x03, 0xBD, 0xC6, 0x00, 0xC1, 0xF0, 0xF8, 0xFF, 0x9C, 0x00, 0x00, 0x2F, 0x30, 0x79, 0xF7, 0xCC,
    0x30, 0x53, 0xDC, 0xF0, 0x00, 0x0B, 0xF8, 0xF0, 0x80, 0x87, 0x8F, 0xE8, 0x00, 0x83, 0x79, 0x8F,
    0xFE, 0xF8, 0x48, 0xDD, 0xFC, 0x6D, 0x80, 0x2F, 0xF7, 0x00, 0x7D, 0xFE, 0xDF, 0xE0, 0x66, 0x73,
    0x20, 0x00, 0x0E, 0x0F, 0x7F, 0xC0, 0xF0, 0x00, 0x0E, 0x0F, 0x7F, 0xC0, 0xF0, 0x7F, 0xDF, 0xF8,
    0x00, 0x00, 0x7F, 0xDF, 0xF8, 0x00, 0x00, 0x3C, 0x01, 0xFF, 0xFF, 0xC3, 0xFE, 0x00, 0x03, 0xFC,
    0x70, 0xEC, 0x03, 0x00, 0x00, 0x03, 0xBF, 0xFE, 0x00, 0x60, 0x06, 0x00, 0x67, 0x9F, 0xFF, 0xB8,
    0x67, 0xBF, 0xEF, 0x38, 0xDF, 0xF4, 0x67, 0xB7, 0xBF, 0x30, 0xD6, 0xF7, 0xBF, 0xB8, 0x67, 0xB5,
    0xAF, 0x30, 0x10, 0xDF, 0xFD, 0xEF, 0xEE, 0x86, 0x3D, 0xED, 0xEF, 0x72, 0xED, 0xFF, 0xDF, 0xBF,
    0x72, 0x40, 0xFF, 0x6D, 0x00, 0x4E, 0xE6, 0x66, 0x20, 0xD6, 0xDC, 0xE6, 0x10, 0x5B, 0xDC, 0xE7,
    0xA4, 0x18, 0x01, 0x80, 0x18, 0x00, 0x07, 0xFC, 0xC0, 0x18, 0x03, 0x00, 0x60, 0x0C, 0x01, 0xFC,
    0x30, 0x06, 0x00, 0xC0, 0x18, 0x03, 0x00, 0x7F, 0xC0, 0x00, 0x00, 0x00, 0x00, 0x00, 0x00, 0x00,
    0x31, 0x86, 0x30, 0xC6, 0x00, 0x07, 0xFC, 0xC0, 0x18, 0x03, 0x00, 0x60, 0x0C, 0x01, 0xFC, 0x30,
    0x06, 0x00, 0xC0, 0x18, 0x03, 0x00, 0x7F, 0xC0, 0x00, 0x00, 0x00, 0x00, 0x00, 0x00, 0x00, 0x00,
    0x00, 0x00, 0x00, 0x7E, 0x03, 0x00, 0x60, 0x0C, 0x01, 0xF8, 0x31, 0x86, 0x18, 0xC3, 0x18, 0x63,
    0x0C, 0x61, 0x8C, 0x31, 0x8C, 0x33, 0x00, 0x00, 0x00, 0x00, 0x00, 0x00, 0x00, 0x00, 0x03, 0x00,
    0xC0, 0x30, 0x00, 0x07, 0xFC, 0xC0, 0x18, 0x03, 0x00, 0x60, 0x0C, 0x01, 0x80, 0x30, 0x06, 0x00,
    0xC0, 0x18, 0x03, 0x00, 0x60, 0x00, 0x00, 0x00, 0x00, 0x00, 0x00, 0x00, 0x00, 0x00, 0x00, 0x00,
    0x00, 0x0F, 0x83, 0x18, 0xC1, 0x98, 0x03, 0x00, 0x60, 0x0F, 0xC1, 0x80, 0x30, 0x06, 0x00, 0xC0,
    0x18, 0x31, 0x8C, 0x1F, 0x00, 0x00, 0x00, 0x00, 0x00, 0x00, 0x00, 0x00, 0x00, 0x00, 0x00, 0x00,
    0x0F, 0x83, 0x18, 0xC1, 0x98, 0x03, 0x00, 0x30, 0x03, 0xE0, 0x06, 0x00, 0x60, 0x0C, 0x01, 0x98,
    0x31, 0x8C, 0x1F, 0x00, 0x00, 0x00, 0x00, 0x00, 0x00, 0x00, 0x00, 0x00, 0x00, 0x00, 0x00, 0x1F,
    0x80, 0xC0, 0x18, 0x03, 0x00, 0x60, 0x0C, 0x01, 0x80, 0x30, 0x06, 0x00, 0xC0, 0x18, 0x03, 0x00,
    0x60, 0x3F, 0x00, 0x00, 0x00, 0x00, 0x00, 0x00, 0x00, 0x00, 0x31, 0x86, 0x30, 0xC6, 0x00, 0x03,
    0xF0, 0x18, 0x03, 0x00, 0x60, 0x0C, 0x01, 0x80, 0x30, 0x06, 0x00, 0xC0, 0x18, 0x03, 0x00, 0x60,
    0x3F, 0x00, 0x00, 0x00, 0x00, 0x00, 0x00, 0x00, 0x00, 0x00, 0x00, 0x00, 0x00, 0x03, 0xF0, 0x18,
    0x03, 0x00, 0x60, 0x0C, 0x01, 0x80, 0x30, 0x06, 0x00, 0xC6, 0x18, 0xC3, 0x18, 0x61, 0x98, 0x1E,
    0x00, 0x00, 0x00, 0x00, 0x00, 0x00, 0x00, 0x00, 0x00, 0x00, 0x00, 0x00, 0x1E, 0x06, 0xC1, 0x98,
    0x33, 0x06, 0x60, 0xCF, 0x99, 0x9B, 0x31, 0xE6, 0x3C, 0xC7, 0x98, 0xF3, 0x1E, 0x66, 0xCF, 0x80,
    0x00, 0x00, 0x00, 0x00, 0x00, 0x00, 0x00, 0x00, 0x00, 0x00, 0x00, 0x66, 0x0C, 0xC1, 0x98, 0x33,
    0x06, 0x60, 0xCF, 0x9F, 0x9B, 0x31, 0xE6, 0x3C, 0xC7, 0x98, 0xF3, 0x1E, 0x66, 0xCF, 0x80, 0x00,
    0x00, 0x00, 0x00, 0x00, 0x00, 0x00, 0x00, 0x00, 0x00, 0x00, 0x7E, 0x03, 0x00, 0x60, 0x0C, 0x01,
    0xF8, 0x31, 0x86, 0x18, 0xC3, 0x18, 0x63, 0x0C, 0x61, 0x8C, 0x31, 0x86, 0x30, 0xC0, 0x00, 0x00,
    0x00, 0x00, 0x00, 0x00, 0x00, 0x03, 0x00, 0xC0, 0x30, 0x30, 0x66, 0x0C, 0xC3, 0x18, 0xC3, 0x30,
    0x6C, 0x0F, 0x01, 0xE0, 0x36, 0x06, 0x60, 0xC6, 0x18, 0x63, 0x06, 0x60, 0xC0, 0x00, 0x00, 0x00,
    0x00, 0x00, 0x00, 0x00, 0x18, 0x01, 0x80, 0x18, 0x30, 0x66, 0x0C, 0xC1, 0x98, 0x33, 0x0E, 0x63,
    0xCC, 0xD9, 0xB3, 0x3C, 0x67, 0x0C, 0xC1, 0x98, 0x33, 0x06, 0x60, 0xC0, 0x00, 0x00, 0x00, 0x00,
    0x00, 0x00, 0x00, 0x31, 0x86, 0x30, 0x7C, 0x30, 0x66, 0x0C, 0xC1, 0x98, 0x33, 0x06, 0x60, 0xC6,
    0x18, 0x7F, 0x00, 0x60, 0x0C, 0x01, 0x80, 0x30, 0x0C, 0x3F, 0x00, 0x00, 0x00, 0x00, 0x00, 0x00,
    0x00, 0x00, 0x00, 0x00, 0x00, 0x00, 0x30, 0x66, 0x0C, 0xC1, 0x98, 0x33, 0x06, 0x60, 0xCC, 0x19,
    0x83, 0x30, 0x66, 0x0C, 0xC1, 0x98, 0x33, 0x06, 0x7F, 0xC1, 0xC0, 0x38, 0x07, 0x00, 0x00, 0x00,
    0x00, 0x00, 0x00, 0x00, 0x00, 0x0F, 0x83, 0x18, 0xC1, 0x98, 0x33, 0x06, 0x60, 0xCC, 0x19, 0xFF,
    0x30, 0x66, 0x0C, 0xC1, 0x98, 0x33, 0x06, 0x60, 0xC0, 0x00, 0x00, 0x00, 0x00, 0x00, 0x00, 0x00,
    0x00, 0x00, 0x00, 0x00, 0x3F, 0xC6, 0x00, 0xC0, 0x18, 0x03, 0x00, 0x7F, 0x0C, 0x31, 0x83, 0x30,
    0x66, 0x0C, 0xC1, 0x98, 0x33, 0x0C, 0x7F, 0x00, 0x00, 0x00, 0x00, 0x00, 0x00, 0x00, 0x00, 0x00,
    0x00, 0x00, 0x00, 0x3F, 0x86, 0x18, 0xC1, 0x98, 0x33, 0x06, 0x61, 0x8F, 0xE1, 0x86, 0x30, 0x66,
    0x0C, 0xC1, 0x98, 0x33, 0x0C, 0x7F, 0x00, 0x00, 0x00, 0x00, 0x00, 0x00, 0x00, 0x00, 0x00, 0x00,
    0x00, 0x00, 0x3F, 0xE6, 0x00, 0xC0, 0x18, 0x03, 0x00, 0x60, 0x0C, 0x01, 0x80, 0x30, 0x06, 0x00,
    0xC0, 0x18, 0x03, 0x00, 0x60, 0x00, 0x00, 0x00, 0x00, 0x00, 0x00, 0x00, 0x00, 0x00, 0x00, 0x00,
    0x00, 0x07, 0xE1, 0x8C, 0x61, 0x8C, 0x31, 0x86, 0x30, 0xC6, 0x18, 0xC3, 0x18, 0x63, 0x0C, 0x61,
    0x8C, 0x33, 0x06, 0xFF, 0xF8, 0x0F, 0x01, 0x80, 0x00, 0x00, 0x00, 0x00, 0x00, 0x00, 0x00, 0x00,
    0x3F, 0xE6, 0x00, 0xC0, 0x18, 0x03, 0x00, 0x60, 0x0F, 0xE1, 0x80, 0x30, 0x06, 0x00, 0xC0, 0x18,
    0x03, 0x00, 0x7F, 0xC0, 0x00, 0x00, 0x00, 0x00, 0x00, 0x00, 0x00, 0x00, 0x00, 0x00, 0x00, 0x66,
    0x6C, 0xCD, 0x99, 0xB3, 0x36, 0x66, 0x6D, 0x87, 0xE0, 0xFC, 0x36, 0xCC, 0xCD, 0x99, 0xB3, 0x36,
    0x66, 0xCC, 0xC0, 0x00, 0x00, 0x00, 0x00, 0x00, 0x00, 0x00, 0x00, 0x00, 0x00, 0x00, 0x0F, 0x83,
    0x18, 0xC1, 0x80, 0x30, 0x06, 0x01, 0x81, 0xE0, 0x06, 0x00, 0x60, 0x0C, 0x01, 0x98, 0x31, 0x8C,
    0x1F, 0x00, 0x00, 0x00, 0x00, 0x00, 0x00, 0x00, 0x00, 0x00, 0x00, 0x00, 0x00, 0x30, 0x66, 0x0C,
    0xC1, 0x98, 0x33, 0x0E, 0x63, 0xCC, 0xD9, 0xB3, 0x3C, 0x67, 0x0C, 0xC1, 0x98, 0x33, 0x06, 0x60,
    0xC0, 0x00, 0x00, 0x00, 0x00, 0x00, 0x00, 0x00, 0x31, 0x86, 0x30, 0x7C, 0x30, 0x66, 0x0C, 0xC1,
    0x98, 0x33, 0x0E, 0x63, 0xCC, 0xD9, 0xB3, 0x3C, 0x67, 0x0C, 0xC1, 0x98, 0x33, 0x06, 0x60, 0xC0,
    0x00, 0x00, 0x00, 0x00, 0x00, 0x00, 0x00, 0x00, 0x00, 0x00, 0x00, 0x30, 0x66, 0x0C, 0xC3, 0x18,
    0xC3, 0x30, 0x6C, 0x0F, 0x01, 0xE0, 0x36, 0x06, 0x60, 0xC6, 0x18, 0x63, 0x06, 0x60, 0xC0, 0x00,
    0x00, 0x00, 0x00, 0x00, 0x00, 0x00, 0x00, 0x00, 0x00, 0x00, 0x07, 0xE1, 0x8C, 0x61, 0x8C, 0x31,
    0x86, 0x30, 0xC6, 0x18, 0xC3, 0x18, 0x63, 0x0C, 0x61, 0x8C, 0x33, 0x06, 0xC0, 0xC0, 0x00, 0x00,
    0x00, 0x00, 0x00, 0x00, 0x00, 0x00, 0x00, 0x00, 0x00, 0x40, 0x2C, 0x0D, 0xC3, 0xBC, 0xF6, 0xF6,
    0xCC, 0xD8, 0x1B, 0x03, 0x60, 0x6C, 0x0D, 0x81, 0xB0, 0x36, 0x06, 0xC0, 0xC0, 0x00, 0x00, 0x00,
    0x00, 0x00, 0x00, 0x00, 0x00, 0x00, 0x00, 0x00, 0x30, 0x66, 0x0C, 0xC1, 0x98, 0x33, 0x06, 0x60,
    0xCF, 0xF9, 0x83, 0x30, 0x66, 0x0C, 0xC1, 0x98, 0x33, 0x06, 0x60, 0xC0, 0x00, 0x00, 0x00, 0x00,
    0x00, 0x00, 0x00, 0x00, 0x00, 0x00, 0x00, 0x0F, 0x83, 0x18, 0xC1, 0x98, 0x33, 0x06, 0x60, 0xCC,
    0x19, 0x83, 0x30, 0x66, 0x0C, 0xC1, 0x98, 0x31, 0x8C, 0x1F, 0x00, 0x00, 0x00, 0x00, 0x00, 0x00,
    0x00, 0x00, 0x00, 0x00, 0x00, 0x00, 0x3F, 0xE6, 0x0C, 0xC1, 0x98, 0x33, 0x06, 0x60, 0xCC, 0x19,
    0x83, 0x30, 0x66, 0x0C, 0xC1, 0x98, 0x33, 0x06, 0x60, 0xC0, 0x00, 0x00, 0x00, 0x00, 0x00, 0x00,
    0x00, 0x00, 0x00, 0x00, 0x00, 0x3F, 0x86, 0x18, 0xC1, 0x98, 0x33, 0x06, 0x60, 0xCC, 0x31, 0xFC,
    0x30, 0x06, 0x00, 0xC0, 0x18, 0x03, 0x00, 0x60, 0x00, 0x00, 0x00, 0x00, 0x00, 0x00, 0x00, 0x00,
    0x00, 0x00, 0x00, 0x00, 0x0F, 0x83, 0x18, 0xC1, 0x98, 0x33, 0x00, 0x60, 0x0C, 0x01, 0x80, 0x30,
    0x06, 0x00, 0xC1, 0x98, 0x31, 0x8C, 0x1F, 0x00, 0x00, 0x00, 0x00, 0x00, 0x00, 0x00, 0x00, 0x00,
    0x00, 0x00, 0x00, 0x7F, 0xE0, 0xC0, 0x18, 0x03, 0x00, 0x60, 0x0C, 0x01, 0x80, 0x30, 0x06, 0x00,
    0xC0, 0x18, 0x03, 0x00, 0x60, 0x0C, 0x00, 0x00, 0x00, 0x00, 0x00, 0x00, 0x00, 0x00, 0x00, 0x00,
    0x00, 0x00, 0x30, 0x66, 0x0C, 0xC1, 0x98, 0x33, 0x06, 0x60, 0xC6, 0x18, 0x7F, 0x00, 0x60, 0x0C,
    0x01, 0x80, 0x30, 0x0C, 0x3F, 0x00, 0x00, 0x00, 0x00, 0x00, 0x00, 0x00, 0x00, 0x00, 0x00, 0x00,
    0x30, 0x1F, 0x86, 0xD9, 0x99, 0xB3, 0x36, 0x66, 0xCC, 0xD9, 0x9B, 0x33, 0x66, 0x6C, 0xCD, 0x99,
    0xB3, 0x33, 0x6C, 0x3F, 0x01, 0x80, 0x00, 0x00, 0x00, 0x00, 0x00, 0x00, 0x00, 0x00, 0x00, 0x00,
    0x30, 0x66, 0x0C, 0x63, 0x0C, 0x60, 0xD8, 0x1B, 0x01, 0xC0, 0x38, 0x0D, 0x81, 0xB0, 0x63, 0x0C,
    0x63, 0x06, 0x60, 0xC0, 0x00, 0x00, 0x00, 0x00, 0x00, 0x00, 0x00, 0x00, 0x00, 0x00, 0x00, 0x30,
    0x66, 0x0C, 0xC1, 0x98, 0x33, 0x06, 0x60, 0xCC, 0x19, 0x83, 0x30, 0x66, 0x0C, 0xC1, 0x98, 0x31,
    0x86, 0x1F, 0xE0, 0x0C, 0x01, 0x80, 0x30, 0x00, 0x00, 0x00, 0x00, 0x00, 0x00, 0x00, 0x30, 0x66,
    0x0C, 0xC1, 0x98, 0x33, 0x06, 0x60, 0xC6, 0x18, 0x7F, 0x00, 0x60, 0x0C, 0x01, 0x80, 0x30, 0x06,
    0x00, 0xC0, 0x00, 0x00, 0x00, 0x00, 0x00, 0x00, 0x00, 0x00, 0x00, 0x00, 0x00, 0x66, 0x6C, 0xCD,
    0x99, 0xB3, 0x36, 0x66, 0xCC, 0xD9, 0x9B, 0x33, 0x66, 0x6C, 0xCD, 0x99, 0xB3, 0x33, 0x66, 0x3F,
    0xC0, 0x00, 0x00, 0x00, 0x00, 0x00, 0x00, 0x00, 0x00, 0x00, 0x00, 0x00, 0x66, 0x6C, 0xCD, 0x99,
    0xB3, 0x36, 0x66, 0xCC, 0xD9, 0x9B, 0x33, 0x66, 0x6C, 0xCD, 0x99, 0xB3, 0x33, 0x66, 0x3F, 0xE0,
    0x0C, 0x01, 0x80, 0x30, 0x00, 0x00, 0x00, 0x00, 0x00, 0x00, 0x00, 0x70, 0x0E, 0x00, 0xC0, 0x18,
    0x03, 0xF8, 0x61, 0x8C, 0x19, 0x83, 0x30, 0x66, 0x0C, 0xC1, 0x98, 0x33, 0x0C, 0x7F, 0x00, 0x00,
    0x00, 0x00, 0x00, 0x00, 0x00, 0x00, 0x00, 0x00, 0x00, 0x00, 0x60, 0x6C, 0x0D, 0x81, 0xB0, 0x37,
    0xC6, 0xCC, 0xD8, 0xDB, 0x1B, 0x63, 0x6C, 0x6D, 0x8D, 0xB1, 0xB6, 0x66, 0xF8, 0xC0, 0x00, 0x00,
    0x00, 0x00, 0x00, 0x00, 0x00, 0x00, 0x00, 0x00, 0x00, 0x30, 0x06, 0x00, 0xC0, 0x18, 0x03, 0xF8,
    0x61, 0x8C, 0x19, 0x83, 0x30, 0x66, 0x0C, 0xC1, 0x98, 0x33, 0x0C, 0x7F, 0x00, 0x00, 0x00, 0x00,
    0x00, 0x00, 0x00, 0x00, 0x00, 0x00, 0x00, 0x00, 0x0F, 0x83, 0x18, 0xC1, 0x80, 0x30, 0x06, 0x00,
    0xC1, 0xF8, 0x03, 0x00, 0x60, 0x0C, 0x01, 0x98, 0x31, 0x8C, 0x1F, 0x00, 0x00, 0x00, 0x00, 0x00,
    0x00, 0x00, 0x00, 0x00, 0x00, 0x00, 0x00, 0x63, 0xCC, 0xCD, 0x99, 0xB3, 0x36, 0x66, 0xCC, 0xDF,
    0x9B, 0x33, 0x66, 0x6C, 0xCD, 0x99, 0xB3, 0x36, 0x66, 0xC7, 0x80, 0x00, 0x00, 0x00, 0x00, 0x00,
    0x00, 0x00, 0x00, 0x00, 0x00, 0x00, 0x0F, 0xE3, 0x0C, 0xC1, 0x98, 0x33, 0x06, 0x60, 0xC6, 0x18,
    0x7F, 0x01, 0xE0, 0x6C, 0x19, 0x86, 0x31, 0x86, 0x60, 0xC0, 0x00, 0x00, 0x00, 0x00, 0x00, 0x00,
    0x00, 0x00, 0x00, 0x00, 0x00, 0x00, 0x00, 0x00, 0x00, 0x00, 0x01, 0xF8, 0x01, 0x80, 0x18, 0x03,
    0x1F, 0xE6, 0x0C, 0xC1, 0x98, 0x33, 0x06, 0x3F, 0xC0, 0x00, 0x00, 0x00, 0x00, 0x00, 0x00, 0x00,
    0x00, 0x00, 0x00, 0x00, 0x0F, 0xC3, 0x00, 0xC0, 0x18, 0x03, 0x00, 0x7F, 0x0C, 0x31, 0x83, 0x30,
    0x66, 0x0C, 0xC1, 0x98, 0x33, 0x0C, 0x7F, 0x00, 0x00, 0x00, 0x00, 0x00, 0x00, 0x00, 0x00, 0x00,
    0x00, 0x00, 0x00, 0x1F, 0x06, 0x30, 0xC3, 0x18, 0x63, 0x0C, 0x63, 0x0F, 0xE1, 0x86, 0x30, 0x66,
    0x0C, 0xC1, 0x98, 0x33, 0x0C, 0x7F, 0x00, 0x00, 0x00, 0x00, 0x00, 0x00, 0x00, 0x00, 0x00, 0x00,
    0x00, 0x00, 0x00, 0x00, 0x00, 0x00, 0x00, 0x03, 0xFE, 0x60, 0x0C, 0x01, 0x80, 0x30, 0x06, 0x00,
    0xC0, 0x18, 0x03, 0x00, 0x60, 0x00, 0x00, 0x00, 0x00, 0x00, 0x00, 0x00, 0x00, 0x00, 0x00, 0x00,
    0x00, 0x00, 0x00, 0x00, 0x00, 0x00, 0x00, 0xFE, 0x30, 0xCC, 0x19, 0x83, 0x30, 0x66, 0x0C, 0xC1,
    0x98, 0x31, 0x86, 0x1F, 0xC0, 0x18, 0x03, 0x00, 0xC3, 0xF0, 0x00, 0x00, 0x00, 0x00, 0x00, 0x00,
    0x00, 0x00, 0x00, 0x00, 0x00, 0x00, 0xF8, 0x31, 0x8C, 0x19, 0x83, 0x3F, 0xE6, 0x00, 0xC0, 0x18,
    0x01, 0x86, 0x1F, 0x80, 0x00, 0x00, 0x00, 0x00, 0x00, 0x00, 0x00, 0x00, 0x00, 0x00, 0x00, 0x00,
    0x00, 0x00, 0x00, 0x00, 0x06, 0x66, 0xCC, 0xD9, 0x99, 0xB6, 0x1F, 0x83, 0xF0, 0xDB, 0x33, 0x36,
    0x66, 0xCC, 0xC0, 0x00, 0x00, 0x00, 0x00, 0x00, 0x00, 0x00, 0x00, 0x00, 0x00, 0x00, 0x00, 0x00,
    0x00, 0x00, 0x00, 0x01, 0xFC, 0x60, 0xC0, 0x18, 0x03, 0x07, 0xC0, 0x0C, 0x01, 0x80, 0x33, 0x06,
    0x3F, 0x80, 0x00, 0x00, 0x00, 0x00, 0x00, 0x00, 0x00, 0x00, 0x00, 0x00, 0x00, 0x00, 0x00, 0x00,
    0x00, 0x00, 0x03, 0x06, 0x60, 0xCC, 0x19, 0x83, 0x30, 0x66, 0x0C, 0xC1, 0x98, 0x31, 0x86, 0x1F,
    0xC0, 0x00, 0x00, 0x00, 0x00, 0x00, 0x00, 0x00, 0x00, 0x00, 0x00, 0x00, 0x18, 0xC3, 0x18, 0x3E,
    0x00, 0x03, 0x06, 0x60, 0xCC, 0x19, 0x83, 0x30, 0x66, 0x0C, 0xC1, 0x98, 0x31, 0x86, 0x1F, 0xC0,
    0x00, 0x00, 0x00, 0x00, 0x00, 0x00, 0x00, 0x00, 0x00, 0x00, 0x00, 0x00, 0x00, 0x00, 0x00, 0x00,
    0x01, 0x86, 0x31, 0x86, 0x60, 0xD8, 0x1E, 0x03, 0xC0, 0x6C, 0x0C, 0xC1, 0x8C, 0x30, 0xC0, 0x00,
    0x00, 0x00, 0x00, 0x00, 0x00, 0x00, 0x00, 0x00, 0x00, 0x00, 0x00, 0x00, 0x00, 0x00, 0x00, 0x00,
    0x7E, 0x18, 0xC6, 0x18, 0xC3, 0x18, 0x63, 0x0C, 0x61, 0x8C, 0x31, 0x86, 0x60, 0xC0, 0x00, 0x00,
    0x00, 0x00, 0x00, 0x00, 0x00, 0x00, 0x00, 0x00, 0x00, 0x00, 0x00, 0x00, 0x00, 0x00, 0x04, 0x02,
    0xC0, 0xDC, 0x3B, 0xCF, 0x6F, 0x6C, 0xCD, 0x81, 0xB0, 0x36, 0x06, 0xC0, 0xC0, 0x00, 0x00, 0x00,
    0x00, 0x00, 0x00, 0x00, 0x00, 0x00, 0x00, 0x00, 0x00, 0x00, 0x00, 0x00, 0x00, 0x03, 0x06, 0x60,
    0xCC, 0x19, 0x83, 0x3F, 0xE6, 0x0C, 0xC1, 0x98, 0x33, 0x06, 0x60, 0xC0, 0x00, 0x00, 0x00, 0x00,
    0x00, 0x00, 0x00, 0x00, 0x00, 0x00, 0x00, 0x00, 0x00, 0x00, 0x00, 0x00, 0x00, 0xF8, 0x31, 0x8C,
    0x19, 0x83, 0x30, 0x66, 0x0C, 0xC1, 0x98, 0x31, 0x8C, 0x1F, 0x00, 0x00, 0x00, 0x00, 0x00, 0x00,
    0x00, 0x00, 0x00, 0x00, 0x00, 0x00, 0x00, 0x00, 0x00, 0x00, 0x00, 0x03, 0xFE, 0x60, 0xCC, 0x19,
    0x83, 0x30, 0x66, 0x0C, 0xC1, 0x98, 0x33, 0x06, 0x60, 0xC0, 0x00, 0x00, 0x00, 0x00, 0x00, 0x00,
    0x00, 0x00, 0x00, 0x00, 0x00, 0x00, 0x00, 0x00, 0x00, 0x00, 0x03, 0xF8, 0x61, 0x8C, 0x19, 0x83,
    0x30, 0x66, 0x0C, 0xC1, 0x98, 0x33, 0x0C, 0x7F, 0x0C, 0x01, 0x80, 0x30, 0x06, 0x00, 0x00, 0x00,
    0x00, 0x00, 0x00, 0x00, 0x00, 0x00, 0x00, 0x00, 0x00, 0x00, 0xF8, 0x31, 0x8C, 0x19, 0x80, 0x30,
    0x06, 0x00, 0xC0, 0x18, 0x31, 0x8C, 0x1F, 0x00, 0x00, 0x00, 0x00, 0x00, 0x00, 0x00, 0x00, 0x00,
    0x00, 0x00, 0x00, 0x00, 0x00, 0x00, 0x00, 0x00, 0x07, 0xFE, 0x0C, 0x01, 0x80, 0x30, 0x06, 0x00,
    0xC0, 0x18, 0x03, 0x00, 0x60, 0x0C, 0x00, 0x00, 0x00, 0x00, 0x00, 0x00, 0x00, 0x00, 0x00, 0x00,
    0x00, 0x00, 0x00, 0x00, 0x00, 0x00, 0x00, 0x03, 0x06, 0x60, 0xCC, 0x19, 0x83, 0x30, 0x66, 0x0C,
    0xC1, 0x98, 0x31, 0x86, 0x1F, 0xC0, 0x18, 0x03, 0x00, 0xC3, 0xF0, 0x00, 0x00, 0x00, 0x00, 0x00,
    0x00, 0x00, 0x00, 0x00, 0x18, 0x03, 0x01, 0xF8, 0x6D, 0x99, 0x9B, 0x33, 0x66, 0x6C, 0xCD, 0x99,
    0xB3, 0x33, 0x6C, 0x3F, 0x01, 0x80, 0x30, 0x00, 0x00, 0x00, 0x00, 0x00, 0x00, 0x00, 0x00, 0x00,
    0x00, 0x00, 0x00, 0x00, 0x00, 0x03, 0x06, 0x60, 0xC6, 0x30, 0x6C, 0x07, 0x00, 0xE0, 0x36, 0x0C,
    0x63, 0x06, 0x60, 0xC0, 0x00, 0x00, 0x00, 0x00, 0x00, 0x00, 0x00, 0x00, 0x00, 0x00, 0x00, 0x00,
    0x00, 0x00, 0x00, 0x00, 0x03, 0x06, 0x60, 0xCC, 0x19, 0x83, 0x30, 0x66, 0x0C, 0xC1, 0x98, 0x31,
    0x86, 0x1F, 0xE0, 0x0C, 0x01, 0x80, 0x30, 0x00, 0x00, 0x00, 0x00, 0x00, 0x00, 0x00, 0x00, 0x00,
    0x00, 0x00, 0x00, 0x03, 0x06, 0x60, 0xCC, 0x19, 0x83, 0x18, 0x61, 0xFC, 0x01, 0x80, 0x30, 0x06,
    0x00, 0xC0, 0x00, 0x00, 0x00, 0x00, 0x00, 0x00, 0x00, 0x00, 0x00, 0x00, 0x00, 0x00, 0x00, 0x00,
    0x00, 0x00, 0x06, 0x66, 0xCC, 0xD9, 0x9B, 0x33, 0x66, 0x6C, 0xCD, 0x99, 0xB3, 0x33, 0x66, 0x3F,
    0xC0, 0x00, 0x00, 0x00, 0x00, 0x00, 0x00, 0x00, 0x00, 0x00, 0x00, 0x00, 0x00, 0x00, 0x00, 0x00,
    0x00, 0x06, 0x66, 0xCC, 0xD9, 0x9B, 0x33, 0x66, 0x6C, 0xCD, 0x99, 0xB3, 0x33, 0x66, 0x3F, 0xE0,
    0x0C, 0x01, 0x80, 0x30, 0x00, 0x00, 0x00, 0x00, 0x00, 0x00, 0x00, 0x00, 0x00, 0x00, 0x00, 0x00,
    0x03, 0x80, 0x70, 0x06, 0x00, 0xFC, 0x18, 0xC3, 0x0C, 0x61, 0x8C, 0x31, 0x8C, 0x3F, 0x00, 0x00,
    0x00, 0x00, 0x00, 0x00, 0x00, 0x00, 0x00, 0x00, 0x00, 0x00, 0x00, 0x00, 0x00, 0x00, 0x00, 0x06,
    0x06, 0xC0, 0xD8, 0x1B, 0xE3, 0x66, 0x6C, 0x6D, 0x8D, 0xB1, 0xB6, 0x66, 0xF8, 0xC0, 0x00, 0x00,
    0x00, 0x00, 0x00, 0x00, 0x00, 0x00, 0x00, 0x00, 0x00, 0x00, 0x00, 0x00, 0x00, 0x00, 0x01, 0x80,
    0x30, 0x06, 0x00, 0xFC, 0x18, 0xC3, 0x0C, 0x61, 0x8C, 0x31, 0x8C, 0x3F, 0x00, 0x00, 0x00, 0x00,
    0x00, 0x00, 0x00, 0x00, 0x00, 0x00, 0x00, 0x00, 0x00, 0x00, 0x00, 0x00, 0x00, 0x00, 0xF8, 0x31,
    0x8C, 0x18, 0x03, 0x07, 0xE0, 0x0C, 0x01, 0x98, 0x31, 0x8C, 0x1F, 0x00, 0x00, 0x00, 0x00, 0x00,
    0x00, 0x00, 0x00, 0x00, 0x00, 0x00, 0x00, 0x00, 0x00, 0x00, 0x00, 0x00, 0x06, 0x3C, 0xCC, 0xD9,
    0x9B, 0x33, 0x7E, 0x6C, 0xCD, 0x99, 0xB3, 0x36, 0x66, 0xC7, 0x80, 0x00, 0x00, 0x00, 0x00, 0x00,
    0x00, 0x00, 0x00, 0x00, 0x00, 0x00, 0x00, 0x00, 0x00, 0x00, 0x00, 0x01, 0xFE, 0x60, 0xCC, 0x19,
    0x83, 0x30, 0x63, 0xFC, 0x0D, 0x83, 0x30, 0xC6, 0x30, 0xC0, 0x00, 0x00, 0x00, 0x00, 0x00, 0x00,
    0x00, 0x00, 0x00, 0x00, 0x00, 0x0C, 0x00, 0xC0, 0x0C, 0x00, 0x00, 0xF8, 0x31, 0x8C, 0x19, 0x83,
    0x3F, 0xE6, 0x00, 0xC0, 0x18, 0x01, 0x86, 0x1F, 0x80, 0x00, 0x00, 0x00, 0x00, 0x00, 0x00, 0x00,
    0x00, 0x00, 0x00, 0x00, 0x18, 0xC3, 0x18, 0x63, 0x00, 0x00, 0xF8, 0x31, 0x8C, 0x19, 0x83, 0x3F,
    0xE6, 0x00, 0xC0, 0x18, 0x01, 0x86, 0x1F, 0x80, 0x00, 0x00, 0x00, 0x00, 0x00, 0x00, 0x00, 0x00,
    0x00, 0x00, 0x00, 0x30, 0x0F, 0xE0, 0xC0, 0x18, 0x03, 0xF8, 0x61, 0x8C, 0x19, 0x83, 0x30, 0x66,
    0x0C, 0xC1, 0x98, 0x33, 0x06, 0x60, 0xC0, 0x18, 0x03, 0x00, 0xC0, 0x70, 0x00, 0x00, 0x00, 0x00,
    0x00, 0x00, 0x01, 0x80, 0x60, 0x18, 0x00, 0x03, 0xFE, 0x60, 0x0C, 0x01, 0x80, 0x30, 0x06, 0x00,
    0xC0, 0x18, 0x03, 0x00, 0x60, 0x00, 0x00, 0x00, 0x00, 0x00, 0x00, 0x00, 0x00, 0x00, 0x00, 0x00,
    0x00, 0x00, 0x00, 0x00, 0x00, 0x00, 0x00, 0xF8, 0x31, 0x8C, 0x19, 0x80, 0x3F, 0x06, 0x00, 0xC0,
    0x18, 0x31, 0x8C, 0x1F, 0x00, 0x00, 0x00, 0x00, 0x00, 0x00, 0x00, 0x00, 0x00, 0x00, 0x00, 0x00,
    0x00, 0x00, 0x00, 0x00, 0x00, 0x01, 0xFC, 0x60, 0xCC, 0x01, 0x80, 0x1F, 0xC0, 0x0C, 0x01, 0x80,
    0x33, 0x06, 0x3F, 0x80, 0x00, 0x00, 0x00, 0x00, 0x00, 0x00, 0x00, 0x00, 0x00, 0x00, 0x00, 0x03,
    0x00, 0x60, 0x0C, 0x00, 0x00, 0xF0, 0x06, 0x00, 0xC0, 0x18, 0x03, 0x00, 0x60, 0x0C, 0x01, 0x80,
    0x30, 0x1F, 0x80, 0x00, 0x00, 0x00, 0x00, 0x00, 0x00, 0x00, 0x00, 0x00, 0x00, 0x00, 0x18, 0xC3,
    0x18, 0x63, 0x00, 0x00, 0xF0, 0x06, 0x00, 0xC0, 0x18, 0x03, 0x00, 0x60, 0x0C, 0x01, 0x80, 0x30,
    0x1F, 0x80, 0x00, 0x00, 0x00, 0x00, 0x00, 0x00, 0x00, 0x00, 0x00, 0x00, 0x00, 0x00, 0xC0, 0x18,
    0x03, 0x00, 0x00, 0x3C, 0x01, 0x80, 0x30, 0x06, 0x00, 0xC0, 0x18, 0x03, 0x00, 0x60, 0x0C, 0x01,
    0x86, 0x30, 0xC6, 0x18, 0xC1, 0xF0, 0x00, 0x00, 0x00, 0x00, 0x00, 0x00, 0x00, 0x00, 0x00, 0x00,
    0x00, 0x01, 0xE0, 0x6C, 0x19, 0x83, 0x3E, 0x66, 0x6C, 0xC7, 0x98, 0xF3, 0x1E, 0x66, 0xCF, 0x80,
    0x00, 0x00, 0x00, 0x00, 0x00, 0x00, 0x00, 0x00, 0x00, 0x00, 0x00, 0x00, 0x00, 0x00, 0x00, 0x00,
    0x06, 0x60, 0xCC, 0x19, 0x83, 0x3E, 0x7E, 0x6C, 0xC7, 0x98, 0xF3, 0x1E, 0x66, 0xCF, 0x80, 0x00,
    0x00, 0x00, 0x00, 0x00, 0x00, 0x00, 0x00, 0x00, 0x00, 0x00, 0x30, 0x0F, 0xE0, 0xC0, 0x18, 0x03,
    0xF8, 0x61, 0x8C, 0x19, 0x83, 0x30, 0x66, 0x0C, 0xC1, 0x98, 0x33, 0x06, 0x60, 0xC0, 0x00, 0x00,
    0x00, 0x00, 0x00, 0x00, 0x00, 0x00, 0x00, 0x00, 0x00, 0x00, 0xC0, 0x30, 0x0C, 0x00, 0x01, 0x86,
    0x31, 0x86, 0x60, 0xD8, 0x1E, 0x03, 0xC0, 0x6C, 0x0C, 0xC1, 0x8C, 0x30, 0xC0, 0x00, 0x00, 0x00,
    0x00, 0x00, 0x00, 0x00, 0x00, 0x00, 0x00, 0x00, 0x0C, 0x00, 0xC0, 0x0C, 0x00, 0x03, 0x06, 0x60,
    0xCC, 0x19, 0x83, 0x30, 0x66, 0x0C, 0xC1, 0x98, 0x31, 0x86, 0x1F, 0xC0, 0x00, 0x00, 0x00, 0x00,
    0x00, 0x00, 0x00, 0x00, 0x00, 0x00, 0x00, 0x18, 0xC3, 0x18, 0x3E, 0x00, 0x03, 0x06, 0x60, 0xCC,
    0x19, 0x83, 0x30, 0x66, 0x0C, 0xC1, 0x98, 0x31, 0x86, 0x1F, 0xC0, 0x18, 0x03, 0x00, 0xC3, 0xF0,
    0x00, 0x00, 0x00, 0x00, 0x00, 0x00, 0x00, 0x00, 0x00, 0x00, 0x00, 0x03, 0x06, 0x60, 0xCC, 0x19,
    0x83, 0x30, 0x66, 0x0C, 0xC1, 0x98, 0x33, 0x06, 0x7F, 0xC1, 0xC0, 0x38, 0x07, 0x00, 0x00, 0x00,
    0x00, 0x02, 0x16, 0x39, 0xF1, 0xCF, 0x8E, 0x7C, 0x73, 0xE3, 0x9F, 0x1C, 0xF8, 0xE7, 0xC7, 0x3E,
    0x39, 0xF1, 0xCF, 0xFF, 0xE7, 0xFF, 0x08, 0x00, 0xC6, 0x6C, 0x66, 0xC6, 0x6C, 0x66, 0xC6, 0x6C,
    0x66, 0xC6, 0x6F, 0xFE, 0x7B, 0xE0, 0x08, 0x00, 0x00, 0x00, 0x00, 0x30, 0x06, 0x01, 0xFC, 0x18,
    0x03, 0x00, 0x7F, 0x0C, 0x31, 0x83, 0x30, 0x66, 0x0C, 0xC1, 0x98, 0x33, 0x0C, 0x7F, 0x00, 0x00,
    0x00, 0x00, 0x00, 0x00, 0x00, 0x00, 0x00, 0x00, 0x00, 0x00, 0x18, 0x03, 0x00, 0x60, 0x3F, 0x81,
    0x80, 0x30, 0x06, 0x00, 0xFC, 0x18, 0xC3, 0x0C, 0x61, 0x8C, 0x31, 0x8C, 0x3F, 0x00, 0x00, 0x00,
    0x00, 0x00, 0x00, 0x00, 0x00, 0x00, 0xC3, 0x0F, 0xCC, 0x7F, 0xB3, 0x87, 0xCC, 0x0F, 0x70, 0x0F,
    0xFC, 0x3F, 0xF0, 0xDC, 0x03, 0x30, 0x3C, 0xE1, 0xF1, 0xFE, 0xC3, 0xF0, 0x01, 0x00, 0x00, 0x0C,
    0x7C, 0xCF, 0xED, 0xC6, 0xFF, 0x0F, 0xF8, 0xFF, 0x0D, 0xC6, 0xCE, 0xEC, 0x7C, 0x01, 0x00, 0x04,
    0x01, 0xC0, 0x3C, 0x0F, 0x81, 0xB0, 0x37, 0x0E, 0x61, 0xFC, 0x3F, 0xCF, 0xF9, 0x9B, 0x33, 0x7E,
    0x66, 0x1C, 0x07, 0x01, 0xE0, 0xD8, 0x37, 0x1F, 0xC7, 0xF1, 0xBE, 0xED, 0x80, 0x00, 0x81, 0x83,
    0x83, 0x07, 0x86, 0x0F, 0x0C, 0x36, 0x18, 0x6E, 0x31, 0xCC, 0x7F, 0xFC, 0xFF, 0xF9, 0xFF, 0xF3,
    0x33, 0x76, 0x66, 0x6D, 0xCC, 0xC0, 0xC3, 0x0C, 0x78, 0xC7, 0x8C, 0x7C, 0xFE, 0xCF, 0xFC, 0xDF,
    0xED, 0xB6, 0xDB, 0x70, 0x00, 0x00, 0x00, 0x00, 0x7F, 0xEC, 0x0C, 0xC3, 0x18, 0x61, 0x98, 0x33,
    0x03, 0xC0, 0xFC, 0x36, 0xCC, 0xCD, 0x99, 0xB3, 0x36, 0x66, 0xCC, 0xC0, 0x00, 0x00, 0x00, 0x00,
    0x00, 0x00, 0x00, 0x00, 0x00, 0x00, 0x00, 0x00, 0x00, 0x00, 0x00, 0x00, 0x07, 0xFE, 0xC0, 0xCC,
    0x30, 0xCC, 0x0F, 0x03, 0xF0, 0xDB, 0x33, 0x36, 0x66, 0xCC, 0xC0, 0x00, 0x00, 0x00, 0x00, 0x00,
    0x00, 0x00, 0x01, 0xFE, 0x61, 0xFF, 0xB0, 0x7F, 0x98, 0x39, 0xCC, 0x0C, 0xC6, 0x07, 0xC3, 0xFF,
    0xF9, 0xFF, 0xFE, 0xC7, 0x33, 0xE3, 0x18, 0xF1, 0x8C, 0x78, 0xC6, 0x3C, 0x63, 0x18, 0xC7, 0xF9,
    0x87, 0xF3, 0x0E, 0xC6, 0x0F, 0x8F, 0xFF, 0x9F, 0xFF, 0xB3, 0x33, 0x66, 0x66, 0xCC, 0xCC, 0x33,
    0x0F, 0x03, 0x06, 0x07, 0xE3, 0xF8, 0x0C, 0x06, 0x07, 0x1F, 0x0F, 0xC0, 0x60, 0x30, 0x18, 0x7C,
    0xFC, 0x78, 0x30, 0x1C, 0x06, 0x00, 0x66, 0x3C, 0x18, 0x00, 0x7E, 0x7E, 0x07, 0x1E, 0x3E, 0x3E,
    0x03, 0x3E, 0x7E, 0xE0, 0xE0, 0x70, 0x30, 0x02, 0x16, 0x31, 0xF1, 0x8F, 0x8C, 0x7C, 0x63, 0x63,
    0x1B, 0x98, 0xCE, 0xCE, 0x3F, 0xE0, 0xFC, 0x01, 0x80, 0x0C, 0x00, 0x60, 0x00, 0x04, 0x01, 0xC0,
    0x38, 0x67, 0x3C, 0xE7, 0x9C, 0xF3, 0x9E, 0x73, 0xCE, 0x7D, 0xDD, 0xFF, 0x1F, 0xC0, 0xE0, 0x1C,
    0x03, 0x80, 0x60, 0x07, 0x01, 0xFC, 0x3F, 0xE7, 0x06, 0x60, 0x76, 0x03, 0x7F, 0xF7, 0xFF, 0x60,
    0x36, 0x07, 0x70, 0x63, 0xFE, 0x1F, 0xC0, 0x20, 0x00, 0x0F, 0xC7, 0xF9, 0x86, 0x79, 0xBF, 0xEE,
    0x79, 0x86, 0x7F, 0x8F, 0xC0, 0xC0, 0x40, 0x2E, 0x07, 0x60, 0xE6, 0x0C, 0x70, 0xC3, 0x1C, 0x31,
    0x83, 0x98, 0x1B, 0x81, 0xB0, 0x0F, 0x00, 0xE0, 0x0E, 0x00, 0xE1, 0xD8, 0xE6, 0x31, 0xDC, 0x36,
    0x0D, 0x83, 0xE0, 0x70, 0x1C, 0x00, 0x36, 0x03, 0xF0, 0x1B, 0x04, 0x02, 0xE0, 0x76, 0x0E, 0x60,
    0xC7, 0x0C, 0x31, 0xC3, 0x18, 0x39, 0x81, 0xB8, 0x1B, 0x00, 0xF0, 0x0E, 0x00, 0xE0, 0x6C, 0x1B,
    0x03, 0x60, 0x00, 0xE1, 0xD8, 0xE6, 0x31, 0xDC, 0x36, 0x0D, 0x83, 0xE0, 0x70, 0x1C, 0x00, 0x07,
    0x00, 0x00, 0x7F, 0x00, 0x03, 0xFE, 0x00, 0x1C, 0x18, 0x00, 0x60, 0x76, 0x1D, 0x80, 0xDC, 0x66,
    0x03, 0x31, 0x98, 0x0C, 0xCE, 0x60, 0x33, 0xB1, 0x81, 0xC6, 0xC7, 0x06, 0x1E, 0x0F, 0xF8, 0x38,
    0x1F, 0xC0, 0xE0, 0x08, 0x03, 0x00, 0x00, 0x1C, 0x00, 0x00, 0xE0, 0x00, 0x03, 0x00, 0x00, 0x00,
    0x07, 0xE6, 0x19, 0xFE, 0xC3, 0x30, 0xDC, 0xE6, 0x19, 0x99, 0xC3, 0x33, 0x38, 0x63, 0xE3, 0x0C,
    0x78, 0x7F, 0x8F, 0x07, 0xE0, 0xC0, 0x30, 0x18, 0x00, 0x07, 0x00, 0x03, 0xC0, 0x00, 0x70, 0x00,
    0x07, 0x03, 0xF8, 0xF7, 0x38, 0x36, 0x06, 0xC0, 0x18, 0x03, 0x00, 0x60, 0x6E, 0x1C, 0xFF, 0x8F,
    0xB0, 0x06, 0x00, 0x1F, 0x9F, 0xCC, 0x36, 0x07, 0x01, 0x80, 0xC0, 0x78, 0x1E, 0x03, 0x01, 0x80,
    0xC0, 0x01, 0x86, 0xE1, 0xF0, 0x3C, 0x07, 0xD3, 0x37, 0xC0, 0xF0, 0x3E, 0x0D, 0x87, 0x00, 0x05,
    0xFF, 0xF6, 0x00, 0x1D, 0xFF, 0x98, 0x59, 0x80, 0xDB, 0x40, 0xF1, 0xFE, 0x38, 0x01, 0xC0, 0x01,
    0xA0, 0x0E, 0x03, 0x87, 0x83, 0xC0, 0x00, 0x00, 0x00, 0x01, 0xC0, 0x0D, 0xE0, 0x0F, 0x00, 0x00,
    0x00, 0x00, 0x04, 0x03, 0x07, 0x83, 0xC2, 0x81, 0x20, 0x0E, 0x00, 0x05, 0x00, 0x00, 0x00, 0x00,
    0xC0, 0x00, 0x80, 0x19, 0x84, 0x18, 0x1C, 0x08, 0x18, 0x00, 0x00, 0x00, 0x00, 0xF0, 0x07, 0x30,
    0x03, 0x00, 0x00, 0x00, 0x00, 0x1C, 0x18, 0x38, 0x8C, 0x01, 0x8C, 0x01, 0x80, 0x01, 0x80, 0x13,
    0x01, 0xF0, 0x0E, 0x00, 0x04, 0xC1, 0xCC, 0x1C, 0xC3, 0xCC, 0x7C, 0xC6, 0xCC, 0xEC, 0xCC, 0xCD,
    0xCC, 0xF8, 0xCF, 0x0C, 0xF0, 0xFE, 0x0F, 0x00, 0x60, 0x06, 0x00, 0x60, 0x64, 0x1F, 0x03, 0xC0,
    0x00, 0xC7, 0x31, 0xCC, 0xF3, 0x7C, 0xDB, 0x3C, 0xCF, 0x33, 0x8E, 0xC3, 0x80, 0x60, 0x38, 0x0C,
    0x00, 0x06, 0x03, 0xF8, 0x7F, 0x03, 0x00, 0x7E, 0x0F, 0xF1, 0x8F, 0x30, 0x66, 0x0C, 0xC3, 0x9F,
    0xE3, 0xF8, 0x20, 0x0C, 0x03, 0x03, 0xF8, 0xFC, 0x0C, 0x03, 0xF0, 0xFE, 0x31, 0xCC, 0x73, 0xF8,
    0xFE, 0x70, 0x7F, 0xBF, 0xF8, 0x3C, 0x1E, 0x2F, 0x1F, 0xFE, 0xFF, 0x61, 0xB0, 0x18, 0x0C, 0x00,
    0x00, 0x7F, 0x3F, 0xD8, 0x6C, 0x3E, 0x1F, 0x0F, 0x9E, 0xFF, 0x7F, 0xB2, 0xD8, 0x0C, 0x06, 0x00,
    0x00, 0xC0, 0x18, 0x03, 0x3F, 0xE6, 0x00, 0xC0, 0x18, 0x03, 0x00, 0x60, 0x0C, 0x01, 0x80, 0x30,
    0x06, 0x00, 0xC0, 0x18, 0x03, 0x00, 0x60, 0x00, 0x00, 0x00, 0x00, 0x00, 0x00, 0x00, 0x00, 0x00,
    0x00, 0x00, 0x00, 0x00, 0x00, 0x0C, 0x01, 0x80, 0x33, 0xFE, 0x60, 0x0C, 0x01, 0x80, 0x30, 0x06,
    0x00, 0xC0, 0x18, 0x03, 0x00, 0x60, 0x00, 0x00, 0x00, 0x00, 0x00, 0x00, 0x00, 0x00, 0x00, 0x00,
    0x00, 0x00, 0x3F, 0xE6, 0x00, 0xC0, 0x18, 0x03, 0x00, 0x60, 0x1F, 0xC1, 0x80, 0x30, 0x06, 0x00,
    0xC0, 0x18, 0x03, 0x00, 0x60, 0x00, 0x00, 0x00, 0x00, 0x00, 0x00, 0x00, 0x00, 0x00, 0x00, 0x00,
    0x00, 0x00, 0x00, 0x00, 0x00, 0x00, 0x03, 0xFE, 0x60, 0x0C, 0x01, 0x80, 0x30, 0x0F, 0xE0, 0xC0,
    0x18, 0x03, 0x00, 0x60, 0x00, 0x00, 0x00, 0x00, 0x00, 0x00, 0x00, 0x00, 0x00, 0x00, 0x00, 0x00,
    0x3F, 0xE6, 0x00, 0xC0, 0x18, 0x03, 0x00, 0x60, 0x0C, 0x01, 0xFC, 0x30, 0xC6, 0x0C, 0xC1, 0x98,
    0x33, 0x06, 0x60, 0xC0, 0x18, 0x06, 0x01, 0x80, 0x00, 0x00, 0x00, 0x00, 0x00, 0x00, 0x00, 0x00,
    0x00, 0x00, 0x00, 0x00, 0x03, 0xFE, 0x60, 0x0C, 0x01, 0x80, 0x30, 0x07, 0xE0, 0xC6, 0x18, 0x63,
    0x0C, 0x61, 0x80, 0x30, 0x0C, 0x03, 0x00, 0x00, 0x00, 0x00, 0x00, 0x00, 0x00, 0x00, 0x66, 0x6C,
    0xCD, 0x99, 0xB3, 0x36, 0x66, 0x6D, 0x87, 0xE0, 0xFC, 0x36, 0xCC, 0xCD, 0x99, 0xB3, 0x36, 0x66,
    0xCC, 0xE0, 0x0C, 0x01, 0x80, 0x30, 0x00, 0x00, 0x00, 0x00, 0x00, 0x00, 0x00, 0x00, 0x00, 0x00,
    0x00, 0x00, 0x06, 0x66, 0xCC, 0xD9, 0x99, 0xB6, 0x1F, 0x83, 0xF0, 0xDB, 0x33, 0x36, 0x66, 0xCC,
    0xE0, 0x0C, 0x01, 0x80, 0x30, 0x00, 0x00, 0x00, 0x00, 0x00, 0x00, 0x00, 0x0F, 0x83, 0x18, 0xC1,
    0x80, 0x30, 0x06, 0x01, 0x81, 0xE0, 0x06, 0x00, 0x60, 0x0C, 0x01, 0x98, 0x31, 0x8C, 0x1F, 0x01,
    0x80, 0x30, 0x06, 0x00, 0xC0, 0x00, 0x00, 0x00, 0x00, 0x00, 0x00, 0x00, 0x00, 0x00, 0x00, 0x00,
    0x01, 0xFC, 0x60, 0xC0, 0x18, 0x03, 0x07, 0xC0, 0x0C, 0x01, 0x80, 0x33, 0x06, 0x3F, 0x81, 0x80,
    0x30, 0x06, 0x00, 0xC0, 0x00, 0x00, 0x00, 0x00, 0x00, 0x00, 0x30, 0x66, 0x0C, 0xC3, 0x18, 0xC3,
    0x30, 0x6C, 0x0F, 0x01, 0xE0, 0x36, 0x06, 0x60, 0xC6, 0x18, 0x63, 0x06, 0x60, 0xE0, 0x0C, 0x01,
    0x80, 0x30, 0x00, 0x00, 0x00, 0x00, 0x00, 0x00, 0x00, 0x00, 0x00, 0x00, 0x00, 0x00, 0x01, 0x86,
    0x31, 0x86, 0x60, 0xD8, 0x1E, 0x03, 0xC0, 0x6C, 0x0C, 0xC1, 0x8C, 0x30, 0xE0, 0x0C, 0x01, 0x80,
    0x30, 0x00, 0x00, 0x00, 0x00, 0x00, 0x00, 0x00, 0x30, 0x66, 0x0C, 0xC3, 0x1A, 0xC3, 0x70, 0x6C,
    0x0F, 0x01, 0xE0, 0x36, 0x06, 0xE0, 0xD6, 0x18, 0x63, 0x06, 0x60, 0xC0, 0x00, 0x00, 0x00, 0x00,
    0x00, 0x00, 0x00, 0x00, 0x00, 0x00, 0x00, 0x00, 0x00, 0x00, 0x00, 0x00, 0x01, 0x86, 0x35, 0x86,
    0xE0, 0xD8, 0x1E, 0x03, 0xC0, 0x6C, 0x0D, 0xC1, 0xAC, 0x30, 0xC0, 0x00, 0x00, 0x00, 0x00, 0x00,
    0x00, 0x00, 0x00, 0x00, 0x00, 0x00, 0x70, 0x6E, 0x0C, 0xC3, 0x18, 0xC3, 0x30, 0x6C, 0x0F, 0x01,
    0xE0, 0x36, 0x06, 0x60, 0xC6, 0x18, 0x63, 0x06, 0x60, 0xC0, 0x00, 0x00, 0x00, 0x00, 0x00, 0x00,
    0x00, 0x00, 0x00, 0x00, 0x00, 0x00, 0x00, 0x00, 0x00, 0x00, 0x03, 0x86, 0x71, 0x86, 0x60, 0xD8,
    0x1E, 0x03, 0xC0, 0x6C, 0x0C, 0xC1, 0x8C, 0x30, 0xC0, 0x00, 0x00, 0x00, 0x00, 0x00, 0x00, 0x00,
    0x00, 0x00, 0x00, 0x00, 0x30, 0x66, 0x0C, 0xC1, 0x98, 0x33, 0x06, 0x60, 0xCF, 0xF9, 0x83, 0x30,
    0x66, 0x0C, 0xC1, 0x98, 0x33, 0x06, 0x60, 0xE0, 0x0C, 0x01, 0x80, 0x30, 0x00, 0x00, 0x00, 0x00,
    0x00, 0x00, 0x00, 0x00, 0x00, 0x00, 0x00, 0x00, 0x03, 0x06, 0x60, 0xCC, 0x19, 0x83, 0x3F, 0xE6,
    0x0C, 0xC1, 0x98, 0x33, 0x06, 0x60, 0xE0, 0x0C, 0x01, 0x80, 0x30, 0x00, 0x00, 0x00, 0x00, 0x00,
    0x00, 0x00, 0x31, 0xF6, 0x30, 0xC6, 0x18, 0xC3, 0x18, 0x63, 0x0F, 0xE1, 0x8C, 0x31, 0x86, 0x30,
    0xC6, 0x18, 0xC3, 0x18, 0x63, 0x00, 0x00, 0x00, 0x00, 0x00, 0x00, 0x00, 0x00, 0x00, 0x00, 0x00,
    0x00, 0x00, 0x00, 0x00, 0x00, 0x00, 0x03, 0x1F, 0x63, 0x0C, 0x61, 0x8C, 0x3F, 0x86, 0x30, 0xC6,
    0x18, 0xC3, 0x18, 0x63, 0x00, 0x00, 0x00, 0x00, 0x00, 0x00, 0x00, 0x00, 0x7F, 0x80, 0x7F, 0xE0,
    0x3F, 0xF0, 0x18, 0x18, 0x0C, 0x0C, 0x06, 0x06, 0xE3, 0x03, 0xFD, 0x81, 0xCE, 0xC0, 0xC3, 0xE0,
    0x60, 0xF0, 0x30, 0x78, 0x18, 0x7C, 0x0D, 0xF0, 0x00, 0xF0, 0xFF, 0x03, 0xFC, 0x0C, 0x30, 0x30,
    0xF0, 0xC3, 0xF3, 0x0D, 0xEC, 0x31, 0xF0, 0xC3, 0xC3, 0x0C, 0x00, 0xE0, 0x07, 0x80, 0x08, 0x04,
    0x00, 0x1E, 0x00, 0x3C, 0xF8, 0x71, 0xFC, 0x61, 0x8E, 0x63, 0x86, 0x63, 0x86, 0x63, 0x86, 0x61,
    0x8E, 0x61, 0xCC, 0x70, 0xFC, 0x3F, 0xFF, 0x1F, 0xFF, 0x03, 0x04, 0x00, 0x01, 0xC0, 0x1E, 0xF8,
    0xCF, 0xC6, 0x63, 0x73, 0x1B, 0x98, 0xCC, 0xEC, 0x7F, 0xF1, 0xFF, 0xC1, 0x88, 0x00, 0x00, 0x00,
    0x00, 0x0F, 0x83, 0x18, 0xC1, 0x98, 0x33, 0x00, 0x60, 0x0C, 0x01, 0x80, 0x30, 0x06, 0x00, 0xC1,
    0x98, 0x31, 0x8C, 0x1F, 0x01, 0x80, 0x30, 0x06, 0x00, 0xC0, 0x00, 0x00, 0x00, 0x00, 0x00, 0x00,
    0x00, 0x00, 0x00, 0x00, 0x00, 0x00, 0xF8, 0x31, 0x8C, 0x19, 0x80, 0x30, 0x06, 0x00, 0xC0, 0x18,
    0x31, 0x8C, 0x1F, 0x01, 0x80, 0x30, 0x06, 0x00, 0xC0, 0x00, 0x00, 0x7F, 0xBF, 0xF7, 0xFC, 0x30,
    0x0C, 0x03, 0x00, 0xC0, 0x30, 0x0C, 0x03, 0x00, 0xC0, 0x38, 0x0F, 0x01, 0xC0, 0x70, 0x0C, 0xFF,
    0xFF, 0x18, 0x18, 0x18, 0x18, 0x18, 0x1C, 0x1C, 0x0C, 0x0C, 0x0C, 0x00, 0x00, 0x00, 0x00, 0x60,
    0x6C, 0x0C, 0xC3, 0x18, 0x61, 0x98, 0x33, 0x03, 0xC0, 0x78, 0x06, 0x00, 0xC0, 0x18, 0x03, 0x00,
    0x60, 0x0C, 0x00, 0x00, 0x00, 0x00, 0x00, 0x00, 0x00, 0x00, 0x00, 0x00, 0x00, 0x00, 0x00, 0x00,
    0x00, 0x00, 0x00, 0x06, 0x06, 0xC0, 0xD8, 0x19, 0x86, 0x30, 0xC3, 0x30, 0x66, 0x07, 0x80, 0xF0,
    0x0C, 0x01, 0x80, 0x30, 0x06, 0x00, 0xC0, 0x00, 0x00, 0x00, 0x00, 0x00, 0x00, 0x60, 0x6C, 0x0C,
    0xC3, 0x18, 0x61, 0x98, 0x33, 0x03, 0xC0, 0x78, 0x06, 0x07, 0xF8, 0x18, 0x03, 0x00, 0x60, 0x0C,
    0x00, 0x00, 0x00, 0x00, 0x00, 0x00, 0x00, 0x00, 0x00, 0x00, 0x00, 0x00, 0x00, 0x00, 0x00, 0x00,
    0x00, 0x06, 0x06, 0xC0, 0xD8, 0x19, 0x86, 0x30, 0xC3, 0x30, 0x66, 0x07, 0x80, 0xF0, 0x0C, 0x0F,
    0xF0, 0x30, 0x06, 0x00, 0xC0, 0x00, 0x00, 0x00, 0x00, 0x00, 0x00, 0x30, 0x66, 0x0C, 0x63, 0x0C,
    0x60, 0xD8, 0x1B, 0x01, 0xC0, 0x38, 0x0D, 0x81, 0xB0, 0x63, 0x0C, 0x63, 0x06, 0x60, 0xE0, 0x0C,
    0x01, 0x80, 0x30, 0x00, 0x00, 0x00, 0x00, 0x00, 0x00, 0x00, 0x00, 0x00, 0x00, 0x00, 0x00, 0x03,
    0x06, 0x60, 0xC6, 0x30, 0x6C, 0x07, 0x00, 0xE0, 0x36, 0x0C, 0x63, 0x06, 0x60, 0xE0, 0x0C, 0x01,
    0x80, 0x30, 0x00, 0x00, 0x00, 0x7F, 0x81, 0xFF, 0x99, 0xFF, 0x30, 0x60, 0x60, 0xC0, 0xC1, 0x81,
    0x83, 0x03, 0x06, 0x06, 0x0C, 0x0C, 0x18, 0x18, 0x30, 0x30, 0x7F, 0xF0, 0xFF, 0xE0, 0x00, 0xC0,
    0x01, 0x80, 0x03, 0xFC, 0xDF, 0x98, 0xC3, 0x18, 0x63, 0x0C, 0x61, 0x8C, 0x31, 0xFF, 0x3F, 0xE0,
    0x0C, 0x01, 0x80, 0x30, 0x00, 0x00, 0x00, 0x00, 0x30, 0x66, 0x0C, 0xC1, 0x98, 0x33, 0x06, 0x60,
    0xC6, 0x18, 0x7F, 0x00, 0x60, 0x0C, 0x01, 0x80, 0x30, 0x06, 0x00, 0xE0, 0x0C, 0x01, 0x80, 0x30,
    0x00, 0x00, 0x00, 0x00, 0x00, 0x00, 0x00, 0x00, 0x00, 0x00, 0x00, 0x00, 0x03, 0x06, 0x60, 0xCC,
    0x19, 0x83, 0x18, 0x61, 0xFC, 0x01, 0x80, 0x30, 0x06, 0x00, 0xE0, 0x0C, 0x01, 0x80, 0x30, 0x00,
    0x00, 0x00, 0x00, 0x00, 0x00, 0x00, 0x30, 0x66, 0x0C, 0xC1, 0x98, 0x33, 0x36, 0x66, 0xC6, 0xD8,
    0x7F, 0x03, 0x60, 0x6C, 0x0D, 0x80, 0x30, 0x06, 0x00, 0xC0, 0x00, 0x00, 0x00, 0x00, 0x00, 0x00,
    0x00, 0x00, 0x00, 0x00, 0x00, 0x00, 0x00, 0x00, 0x00, 0x00, 0x03, 0x06, 0x60, 0xCC, 0xD9, 0x9B,
    0x1B, 0x61, 0xFC, 0x0D, 0x81, 0xB0, 0x06, 0x00, 0xC0, 0x00, 0x00, 0x00, 0x00, 0x00, 0x00, 0x00,
    0x00, 0x00, 0x00, 0x00, 0x30, 0x06, 0x00, 0xC0, 0x18, 0x03, 0x00, 0x7F, 0x0C, 0x31, 0x83, 0x30,
    0x66, 0x0C, 0xC1, 0x98, 0x33, 0x06, 0x60, 0xC0, 0x00, 0x00, 0x00, 0x00, 0x00, 0x00, 0x00, 0x00,
    0x00, 0x00, 0x00, 0x00, 0x00, 0x00, 0x00, 0x00, 0x03, 0x00, 0x60, 0x0C, 0x01, 0xFC, 0x30, 0xC6,
    0x0C, 0xC1, 0x98, 0x33, 0x06, 0x60, 0xC0, 0x00, 0x00, 0x00, 0x00, 0x00, 0x00, 0x00, 0x01, 0x80,
    0x7F, 0x07, 0xFC, 0x38, 0x7F, 0x81, 0xFC, 0x0F, 0xFF, 0xEF, 0xFF, 0x38, 0x00, 0xC0, 0xC7, 0x0E,
    0x1F, 0xE0, 0x7E, 0x00, 0xC0, 0x00, 0x00, 0xFC, 0x1F, 0xED, 0x86, 0xFF, 0xE7, 0xFE, 0x18, 0x01,
    0x86, 0x1F, 0xE0, 0xFC, 0x03, 0x00, 0x01, 0x80, 0x7F, 0x07, 0xFC, 0x38, 0x7F, 0x81, 0xFC, 0x0F,
    0xFF, 0xEF, 0xFF, 0x38, 0x00, 0xC0, 0xC7, 0x0E, 0x1F, 0xE0, 0x7E, 0x00, 0xC0, 0x06, 0x00, 0x30,
    0x00, 0x00, 0xFC, 0x1F, 0xED, 0x86, 0xFF, 0xE7, 0xFE, 0x18, 0x01, 0x86, 0x1F, 0xE0, 0xFC, 0x03,
    0x00, 0x38, 0x03, 0x80, 0x30, 0x00, 0x00, 0x00, 0x00, 0x1F, 0x80, 0xC0, 0x18, 0x03, 0x00, 0x60,
    0x0C, 0x01, 0x80, 0x30, 0x06, 0x00, 0xC0, 0x18, 0x03, 0x00, 0x60, 0x3F, 0x00, 0x00, 0x00, 0x00,
    0x00, 0x00, 0x00, 0x00, 0x31, 0x86, 0x30, 0x7C, 0x00, 0x0C, 0xCD, 0x99, 0xB3, 0x36, 0x66, 0x6D,
    0x87, 0xE0, 0xFC, 0x36, 0xCC, 0xCD, 0x99, 0xB3, 0x36, 0x66, 0xCC, 0xC0, 0x00, 0x00, 0x00, 0x00,
    0x00, 0x00, 0x00, 0x00, 0x00, 0x00, 0x00, 0x18, 0xC3, 0x18, 0x3E, 0x00, 0x06, 0x66, 0xCC, 0xD9,
    0x99, 0xB6, 0x1F, 0x83, 0xF0, 0xDB, 0x33, 0x36, 0x66, 0xCC, 0xC0, 0x00, 0x00, 0x00, 0x00, 0x00,
    0x00, 0x00, 0x00, 0xB0, 0x6C, 0x33, 0x1C, 0xCE, 0x37, 0x0F, 0xE3, 0xFC, 0xC3, 0xB0, 0x6C, 0x1F,
    0x07, 0xC1, 0x80, 0xE0, 0x70, 0x18, 0xC7, 0xCE, 0xDC, 0xF8, 0xFE, 0xFF, 0xC3, 0xC3, 0xC3, 0x0F,
    0x0E, 0x00, 0x0F, 0xC0, 0xFF, 0x07, 0xF8, 0x30, 0xC1, 0x86, 0x0C, 0x30, 0x61, 0x83, 0x0C, 0x38,
    0x61, 0xC3, 0x0C, 0x18, 0xE0, 0xFE, 0x07, 0x80, 0x18, 0x00, 0xC0, 0x06, 0x3F, 0x8F, 0xE3, 0x38,
    0xCE, 0x33, 0x8C, 0xE7, 0x3B, 0x8F, 0xE3, 0xC0, 0x70, 0x18, 0x06, 0x00, 0x30, 0x3C, 0x0F, 0x03,
    0xC0, 0xF0, 0x3F, 0xFF, 0xFF, 0xC0, 0xF0, 0x3C, 0x0F, 0x03, 0xC0, 0xC0, 0x30, 0x0C, 0x0F, 0x03,
    0x80, 0xC3, 0xC3, 0xC3, 0xFF, 0xFF, 0xC3, 0xC3, 0xC3, 0xC3, 0x03, 0x03, 0x0F, 0x0E, 0x00, 0x0C,
    0x0C, 0xC0, 0xCC, 0x0C, 0xC0, 0xCC, 0x0C, 0xFF, 0xCF, 0xFC, 0xC0, 0xCC, 0x0C, 0xC0, 0xCC, 0x0F,
    0xC0, 0xF0, 0x06, 0x00, 0x60, 0x06, 0xC3, 0x30, 0xCC, 0x33, 0xFC, 0xFF, 0x30, 0xCC, 0x33, 0x0E,
    0xC3, 0x80, 0x60, 0x38, 0x0C, 0x00, 0x98, 0x3B, 0x07, 0x60, 0xEC, 0x1D, 0x83, 0xB8, 0xF3, 0xFE,
    0x3D, 0xC0, 0x38, 0x07, 0x00, 0xE0, 0x1E, 0x01, 0xC0, 0x38, 0x03, 0xC7, 0x63, 0xB1, 0xD8, 0xEF,
    0xF3, 0xF8, 0x7C, 0x0F, 0x07, 0x80, 0xC0, 0x60, 0x30, 0x40, 0x11, 0xC0, 0x73, 0xC1, 0xE7, 0x83,
    0xCF, 0x07, 0x9F, 0x1B, 0x36, 0x36, 0x6E, 0xEC, 0xCD, 0x99, 0x9B, 0x33, 0x3C, 0x66, 0x38, 0xEC,
    0x71, 0xC0, 0x01, 0x80, 0x07, 0x00, 0x0C, 0xE0, 0xE7, 0x0F, 0x3C, 0x79, 0xE7, 0xCF, 0xB6, 0x6D,
    0xB3, 0x79, 0x99, 0xCE, 0xCE, 0x70, 0x01, 0x80, 0x1C, 0x00, 0xC0, 0x00, 0x00, 0x00, 0x00, 0x0F,
    0x00, 0x60, 0x0C, 0x01, 0x80, 0x30, 0x06, 0x00, 0xC0, 0x18, 0x03, 0x00, 0x60, 0x0C, 0x01, 0x80,
    0x30, 0x1F, 0x80, 0x00, 0x00, 0x00, 0x00, 0x00, 0x00, 0x00, 0x31, 0x86, 0x30, 0x7C, 0x00, 0x01,
    0xF0, 0x63, 0x18, 0x33, 0x06, 0x60, 0xCC, 0x19, 0x83, 0x3F, 0xE6, 0x0C, 0xC1, 0x98, 0x33, 0x06,
    0x60, 0xC0, 0x00, 0x00, 0x00, 0x00, 0x00, 0x00, 0x00, 0x00, 0x00, 0x00, 0x00, 0x18, 0xC3, 0x18,
    0x3E, 0x00, 0x01, 0xF8, 0x01, 0x80, 0x18, 0x03, 0x1F, 0xE6, 0x0C, 0xC1, 0x98, 0x33, 0x06, 0x3F,
    0xC0, 0x00, 0x00, 0x00, 0x00, 0x00, 0x00, 0x00, 0x31, 0x86, 0x30, 0xC6, 0x00, 0x01, 0xF0, 0x63,
    0x18, 0x33, 0x06, 0x60, 0xCC, 0x19, 0x83, 0x3F, 0xE6, 0x0C, 0xC1, 0x98, 0x33, 0x06, 0x60, 0xC0,
    0x00, 0x00, 0x00, 0x00, 0x00, 0x00, 0x00, 0x00, 0x00, 0x00, 0x00, 0x18, 0xC3, 0x18, 0x63, 0x00,
    0x01, 0xF8, 0x01, 0x80, 0x18, 0x03, 0x1F, 0xE6, 0x0C, 0xC1, 0x98, 0x33, 0x06, 0x3F, 0xC0, 0x00,
    0x00, 0x00, 0x00, 0x00, 0x00, 0x00, 0x00, 0x00, 0x00, 0x00, 0x1F, 0xF6, 0x61, 0x8C, 0x31, 0x86,
    0x30, 0xC6, 0x1F, 0xFF, 0x18, 0x63, 0x0C, 0x61, 0x8C, 0x31, 0x86, 0x30, 0xC7, 0xE0, 0x00, 0x00,
    0x00, 0x00, 0x00, 0x00, 0x00, 0x00, 0x00, 0x00, 0x00, 0x00, 0x00, 0x00, 0x00, 0x00, 0x03, 0xDC,
    0x0C, 0xC1, 0x98, 0x33, 0x3F, 0xEC, 0xC1, 0x98, 0x33, 0x06, 0x66, 0x77, 0x80, 0x00, 0x00, 0x00,
    0x00, 0x00, 0x00, 0x00, 0x31, 0x86, 0x30, 0x7C, 0x00, 0x07, 0xFC, 0xC0, 0x18, 0x03, 0x00, 0x60,
    0x0C, 0x01, 0xFC, 0x30, 0x06, 0x00, 0xC0, 0x18, 0x03, 0x00, 0x7F, 0xC0, 0x00, 0x00, 0x00, 0x00,
    0x00, 0x00, 0x00, 0x00, 0x00, 0x00, 0x00, 0x18, 0xC3, 0x18, 0x3E, 0x00, 0x00, 0xF8, 0x31, 0x8C,
    0x19, 0x83, 0x3F, 0xE6, 0x00, 0xC0, 0x18, 0x01, 0x86, 0x1F, 0x80, 0x00, 0x00, 0x00, 0x00, 0x00,
    0x00, 0x00, 0x00, 0x00, 0x00, 0x00, 0x0F, 0x83, 0x18, 0xC1, 0x80, 0x30, 0x06, 0x00, 0xCF, 0xF9,
    0x83, 0x30, 0x66, 0x0C, 0xC1, 0x98, 0x31, 0x8C, 0x1F, 0x00, 0x00, 0x00, 0x00, 0x00, 0x00, 0x00,
    0x00, 0x00, 0x00, 0x00, 0x00, 0x00, 0x00, 0x00, 0x00, 0x00, 0x01, 0xF8, 0x61, 0x80, 0x18, 0x03,
    0x00, 0x67, 0xFC, 0xC1, 0x98, 0x31, 0x8C, 0x1F, 0x00, 0x00, 0x00, 0x00, 0x00, 0x00, 0x00, 0x00,
    0x31, 0x86, 0x30, 0xC6, 0x00, 0x01, 0xF0, 0x63, 0x18, 0x30, 0x06, 0x00, 0xC0, 0x19, 0xFF, 0x30,
    0x66, 0x0C, 0xC1, 0x98, 0x31, 0x8C, 0x1F, 0x00, 0x00, 0x00, 0x00, 0x00, 0x00, 0x00, 0x00, 0x00,
    0x00, 0x00, 0x00, 0x18, 0xC3, 0x18, 0x63, 0x00, 0x01, 0xF8, 0x61, 0x80, 0x18, 0x03, 0x00, 0x67,
    0xFC, 0xC1, 0x98, 0x31, 0x8C, 0x1F, 0x00, 0x00, 0x00, 0x00, 0x00, 0x00, 0x00, 0x00, 0x31, 0x86,
    0x30, 0xC6, 0x00, 0x0C, 0xCD, 0x99, 0xB3, 0x36, 0x66, 0x6D, 0x87, 0xE0, 0xFC, 0x36, 0xCC, 0xCD,
    0x99, 0xB3, 0x36, 0x66, 0xCC, 0xC0, 0x00, 0x00, 0x00, 0x00, 0x00, 0x00, 0x00, 0x00, 0x00, 0x00,
    0x00, 0x18, 0xC3, 0x18, 0x63, 0x00, 0x06, 0x66, 0xCC, 0xD9, 0x99, 0xB6, 0x1F, 0x83, 0xF0, 0xDB,
    0x33, 0x36, 0x66, 0xCC, 0xC0, 0x00, 0x00, 0x00, 0x00, 0x00, 0x00, 0x00, 0x31, 0x86, 0x30, 0xC6,
    0x00, 0x01, 0xF0, 0x63, 0x18, 0x30, 0x06, 0x00, 0xC0, 0x30, 0x3C, 0x00, 0xC0, 0x0C, 0x01, 0x98,
    0x31, 0x8C, 0x1F, 0x00, 0x00, 0x00, 0x00, 0x00, 0x00, 0x00, 0x00, 0x00, 0x00, 0x00, 0x00, 0x18,
    0xC3, 0x18, 0x63, 0x00, 0x01, 0xFC, 0x60, 0xC0, 0x18, 0x03, 0x07, 0xC0, 0x0C, 0x01, 0x80, 0x33,
    0x06, 0x3F, 0x80, 0x00, 0x00, 0x00, 0x00, 0x00, 0x00, 0x00, 0x3F, 0x1F, 0xE3, 0xF8, 0x1C, 0x0E,
    0x07, 0x01, 0xF0, 0x1E, 0x01, 0xD0, 0x76, 0x1D, 0xFE, 0x3F, 0x03, 0x00, 0x3F, 0x1F, 0xE3, 0xF8,
    0x1C, 0x0E, 0x07, 0x01, 0xF0, 0x1E, 0x01, 0xD0, 0x76, 0x1D, 0xFE, 0x3F, 0x03, 0x00, 0x00, 0x07,
    0xF0, 0x00, 0x30, 0x66, 0x0C, 0xC1, 0x98, 0x33, 0x0E, 0x63, 0xCC, 0xD9, 0xB3, 0x3C, 0x67, 0x0C,
    0xC1, 0x98, 0x33, 0x06, 0x60, 0xC0, 0x00, 0x00, 0x00, 0x00, 0x00, 0x00, 0x00, 0x00, 0x00, 0x00,
    0x00, 0x00, 0x00, 0x00, 0x7F, 0x00, 0x03, 0x06, 0x60, 0xCC, 0x19, 0x83, 0x30, 0x66, 0x0C, 0xC1,
    0x98, 0x31, 0x86, 0x1F, 0xC0, 0x00, 0x00, 0x00, 0x00, 0x00, 0x00, 0x00, 0x31, 0x86, 0x30, 0xC6,
    0x00, 0x06, 0x0C, 0xC1, 0x98, 0x33, 0x0E, 0x63, 0xCC, 0xD9, 0xB3, 0x3C, 0x67, 0x0C, 0xC1, 0x98,
    0x33, 0x06, 0x60, 0xC0, 0x00, 0x00, 0x00, 0x00, 0x00, 0x00, 0x00, 0x00, 0x00, 0x00, 0x00, 0x18,
    0xC3, 0x18, 0x63, 0x00, 0x03, 0x06, 0x60, 0xCC, 0x19, 0x83, 0x30, 0x66, 0x0C, 0xC1, 0x98, 0x31,
    0x86, 0x1F, 0xC0, 0x00, 0x00, 0x00, 0x00, 0x00, 0x00, 0x00, 0x31, 0x86, 0x30, 0xC6, 0x00, 0x01,
    0xF0, 0x63, 0x18, 0x33, 0x06, 0x60, 0xCC, 0x19, 0x83, 0x30, 0x66, 0x0C, 0xC1, 0x98, 0x31, 0x8C,
    0x1F, 0x00, 0x00, 0x00, 0x00, 0x00, 0x00, 0x00, 0x00, 0x00, 0x00, 0x00, 0x00, 0x18, 0xC3, 0x18,
    0x63, 0x00, 0x00, 0xF8, 0x31, 0x8C, 0x19, 0x83, 0x30, 0x66, 0x0C, 0xC1, 0x98, 0x31, 0x8C, 0x1F,
    0x00, 0x00, 0x00, 0x00, 0x00, 0x00, 0x00, 0x00, 0x00, 0x00, 0x00, 0x00, 0x0F, 0x83, 0x18, 0xC1,
    0x98, 0x33, 0x06, 0x60, 0xCF, 0xF9, 0x83, 0x30, 0x66, 0x0C, 0xC1, 0x98, 0x31, 0x8C, 0x1F, 0x00,
    0x00, 0x00, 0x00, 0x00, 0x00, 0x00, 0x00, 0x00, 0x00, 0x00, 0x00, 0x00, 0x00, 0x00, 0x00, 0x00,
    0x00, 0xF8, 0x31, 0x8C, 0x19, 0x83, 0x3F, 0xE6, 0x0C, 0xC1, 0x98, 0x31, 0x8C, 0x1F, 0x00, 0x00,
    0x00, 0x00, 0x00, 0x00, 0x00, 0x00, 0x31, 0x86, 0x30, 0xC6, 0x00, 0x01, 0xF0, 0x63, 0x18, 0x33,
    0x06, 0x60, 0xCC, 0x19, 0xFF, 0x30, 0x66, 0x0C, 0xC1, 0x98, 0x31, 0x8C, 0x1F, 0x00, 0x00, 0x00,
    0x00, 0x00, 0x00, 0x00, 0x00, 0x00, 0x00, 0x00, 0x00, 0x18, 0xC3, 0x18, 0x63, 0x00, 0x00, 0xF8,
    0x31, 0x8C, 0x19, 0x83, 0x3F, 0xE6, 0x0C, 0xC1, 0x98, 0x31, 0x8C, 0x1F, 0x00, 0x00, 0x00, 0x00,
    0x00, 0x00, 0x00, 0x00, 0x31, 0x86, 0x30, 0xC6, 0x00, 0x01, 0xF0, 0x63, 0x18, 0x30, 0x06, 0x00,
    0xC0, 0x18, 0x3F, 0x00, 0x60, 0x0C, 0x01, 0x98, 0x31, 0x8C, 0x1F, 0x00, 0x00, 0x00, 0x00, 0x00,
    0x00, 0x00, 0x00, 0x00, 0x00, 0x00, 0x00, 0x18, 0xC3, 0x18, 0x63, 0x00, 0x00, 0xF8, 0x31, 0x8C,
    0x18, 0x03, 0x07, 0xE0, 0x0C, 0x01, 0x98, 0x31, 0x8C, 0x1F, 0x00, 0x00, 0x00, 0x00, 0x00, 0x00,
    0x00, 0x00, 0x00, 0x07, 0xF0, 0x00, 0x30, 0x66, 0x0C, 0xC1, 0x98, 0x33, 0x06, 0x60, 0xC6, 0x18,
    0x7F, 0x00, 0x60, 0x0C, 0x01, 0x80, 0x30, 0x0C, 0x3F, 0x00, 0x00, 0x00, 0x00, 0x00, 0x00, 0x00,
    0x00, 0x00, 0x00, 0x00, 0x00, 0x00, 0x00, 0x00, 0x7F, 0x00, 0x03, 0x06, 0x60, 0xCC, 0x19, 0x83,
    0x30, 0x66, 0x0C, 0xC1, 0x98, 0x31, 0x86, 0x1F, 0xC0, 0x18, 0x03, 0x00, 0xC3, 0xF0, 0x00, 0x00,
    0x31, 0x86, 0x30, 0xC6, 0x00, 0x06, 0x0C, 0xC1, 0x98, 0x33, 0x06, 0x60, 0xCC, 0x18, 0xC3, 0x0F,
    0xE0, 0x0C, 0x01, 0x80, 0x30, 0x0C, 0x3F, 0x00, 0x00, 0x00, 0x00, 0x00, 0x00, 0x00, 0x00, 0x00,
    0x00, 0x00, 0x00, 0x18, 0xC3, 0x18, 0x63, 0x00, 0x03, 0x06, 0x60, 0xCC, 0x19, 0x83, 0x30, 0x66,
    0x0C, 0xC1, 0x98, 0x31, 0x86, 0x1F, 0xC0, 0x18, 0x03, 0x00, 0xC3, 0xF0, 0x00, 0x00, 0x06, 0x61,
    0x98, 0x66, 0x00, 0x06, 0x0C, 0xC1, 0x98, 0x33, 0x06, 0x60, 0xCC, 0x18, 0xC3, 0x0F, 0xE0, 0x0C,
    0x01, 0x80, 0x30, 0x0C, 0x3F, 0x00, 0x00, 0x00, 0x00, 0x00, 0x00, 0x00, 0x00, 0x00, 0x00, 0x00,
    0x00, 0x03, 0x30, 0xCC, 0x33, 0x00, 0x03, 0x06, 0x60, 0xCC, 0x19, 0x83, 0x30, 0x66, 0x0C, 0xC1,
    0x98, 0x31, 0x86, 0x1F, 0xC0, 0x18, 0x03, 0x00, 0xC3, 0xF0, 0x00, 0x00, 0x31, 0x86, 0x30, 0xC6,
    0x00, 0x06, 0x0C, 0xC1, 0x98, 0x33, 0x06, 0x60, 0xC6, 0x18, 0x7F, 0x00, 0x60, 0x0C, 0x01, 0x80,
    0x30, 0x06, 0x00, 0xC0, 0x00, 0x00, 0x00, 0x00, 0x00, 0x00, 0x00, 0x00, 0x00, 0x00, 0x00, 0x18,
    0xC3, 0x18, 0x63, 0x00, 0x03, 0x06, 0x60, 0xCC, 0x19, 0x83, 0x18, 0x61, 0xFC, 0x01, 0x80, 0x30,
    0x06, 0x00, 0xC0, 0x00, 0x00, 0x00, 0x00, 0x00, 0x00, 0x00, 0x7E, 0xFF, 0xFF, 0xC0, 0xC0, 0xC0,
    0xC0, 0xC0, 0xC0, 0xC0, 0xC0, 0xE0, 0xE0, 0x60, 0x60, 0x60, 0xFF, 0xFC, 0x30, 0xC3, 0x0C, 0x38,
    0xE1, 0x86, 0x18, 0x63, 0x0C, 0x61, 0x8C, 0x00, 0x0C, 0x0D, 0x81, 0xB0, 0x36, 0x06, 0xF8, 0xD9,
    0x9B, 0x1B, 0x63, 0x6C, 0x6D, 0x8D, 0xB1, 0xB6, 0x66, 0xF8, 0xC0, 0x00, 0x00, 0x00, 0x00, 0x00,
    0x00, 0x00, 0x00, 0x00, 0x00, 0x00, 0x18, 0xC3, 0x18, 0x63, 0x00, 0x06, 0x06, 0xC0, 0xD8, 0x1B,
    0xE3, 0x66, 0x6C, 0x6D, 0x8D, 0xB1, 0xB6, 0x66, 0xF8, 0xC0, 0x00, 0x00, 0x00, 0x00, 0x00, 0x00,
    0x00, 0x3F, 0x9F, 0xE7, 0xF9, 0xC0, 0x70, 0x1C, 0x0F, 0xE3, 0xF8, 0x70, 0x1C, 0x07, 0x01, 0xE0,
    0x78, 0x06, 0x01, 0x81, 0xC0, 0x60, 0x00, 0x7E, 0xFD, 0x83, 0x0F, 0xDF, 0x98, 0x38, 0x70, 0x60,
    0xC7, 0x8E, 0x00, 0x40, 0x46, 0x0E, 0x71, 0xC3, 0x98, 0x1B, 0x81, 0xF0, 0x0E, 0x00, 0xE0, 0x1F,
    0x03, 0xB8, 0x31, 0xC7, 0x0F, 0xE0, 0xF0, 0x03, 0x00, 0x30, 0x0F, 0x00, 0xE0, 0xE3, 0x33, 0x8D,
    0x87, 0x81, 0xC1, 0xE0, 0xF8, 0xCC, 0xE3, 0x01, 0x80, 0xC1, 0xE0, 0xE0, 0x40, 0x4C, 0x1D, 0xC7,
    0x1C, 0xC1, 0xB8, 0x3E, 0x1F, 0xF3, 0xFE, 0x1F, 0x07, 0x70, 0xC7, 0x38, 0x6E, 0x0E, 0x63, 0x3B,
    0x8D, 0x8F, 0xEF, 0xF1, 0xE0, 0xD8, 0xEE, 0xE3, 0x80, 0x04, 0x01, 0xC0, 0x3C, 0x0F, 0x81, 0xB0,
    0x37, 0x0E, 0x61, 0x8C, 0x3F, 0xCF, 0xF9, 0x83, 0x30, 0x7E, 0x06, 0x00, 0x01, 0x80, 0x70, 0x06,
    0x00, 0x00, 0x3E, 0x7F, 0x63, 0x0F, 0x7F, 0x73, 0xE3, 0x7F, 0x7F, 0x10, 0x08, 0x1C, 0x08, 0x0E,
    0x01, 0xC0, 0x18, 0x02, 0x00, 0xE0, 0x1E, 0x07, 0xC0, 0xD8, 0x1B, 0x87, 0x30, 0xC6, 0x1F, 0xE7,
    0xFC, 0xC1, 0x98, 0x3F, 0x03, 0x1C, 0x1C, 0x0C, 0x00, 0x3E, 0x7F, 0x63, 0x0F, 0x7F, 0x73, 0xE3,
    0x7F, 0x7F, 0x10, 0x00, 0x80, 0x38, 0x06, 0x03, 0x00, 0xF0, 0x36, 0x01, 0x00, 0x70, 0x0F, 0x03,
    0xE0, 0x6C, 0x0D, 0xC3, 0x98, 0x63, 0x0F, 0xF3, 0xFE, 0x60, 0xCC, 0x1F, 0x81, 0x80, 0x01, 0x01,
    0x80, 0xC1, 0x81, 0xC1, 0xB0, 0x00, 0x7C, 0x7F, 0x31, 0x83, 0xCF, 0xE7, 0x37, 0x19, 0xFC, 0xFE,
    0x10, 0x00, 0x02, 0x00, 0x60, 0x0E, 0x03, 0x00, 0xF0, 0x36, 0x01, 0x00, 0x70, 0x0F, 0x03, 0xE0,
    0x6C, 0x0D, 0xC3, 0x98, 0x63, 0x0F, 0xF3, 0xFE, 0x60, 0xCC, 0x1F, 0x81, 0x80, 0x04, 0x0E, 0x06,
    0x08, 0x1C, 0x36, 0x00, 0x3E, 0x7F, 0x63, 0x0F, 0x7F, 0x73, 0xE3, 0x7F, 0x7F, 0x10, 0x03, 0x00,
    0x70, 0x06, 0x03, 0x00, 0xF0, 0x36, 0x01, 0x00, 0x70, 0x0F, 0x03, 0xE0, 0x6C, 0x0D, 0xC3, 0x98,
    0x63, 0x0F, 0xF3, 0xFE, 0x60, 0xCC, 0x1F, 0x81, 0x80, 0x04, 0x0F, 0x06, 0x0C, 0x1C, 0x36, 0x00,
    0x3E, 0x7F, 0x63, 0x0F, 0x7F, 0x73, 0xE3, 0x7F, 0x7F, 0x10, 0x1F, 0x03, 0xE0, 0x18, 0x07, 0x81,
    0xB0, 0x08, 0x03, 0x80, 0x78, 0x1F, 0x03, 0x60, 0x6E, 0x1C, 0xC3, 0x18, 0x7F, 0x9F, 0xF3, 0x06,
    0x60, 0xFC, 0x0C, 0x3E, 0x3E, 0x08, 0x1C, 0x36, 0x00, 0x3E, 0x7F, 0x63, 0x0F, 0x7F, 0x73, 0xE3,
    0x7F, 0x7F, 0x10, 0x0E, 0x01, 0xE0, 0x6C, 0x02, 0x00, 0xE0, 0x1E, 0x07, 0xC0, 0xD8, 0x1B, 0x87,
    0x30, 0xC6, 0x1F, 0xE7, 0xFC, 0xC1, 0x98, 0x3F, 0x03, 0x00, 0x00, 0xC0, 0x38, 0x03, 0x00, 0x1C,
    0x3E, 0x36, 0x00, 0x3E, 0x7F, 0x63, 0x0F, 0x7F, 0x73, 0xE3, 0x7F, 0x7F, 0x10, 0x08, 0x1C, 0x08,
    0x03, 0x00, 0x60, 0x18, 0x0C, 0x81, 0xF0, 0x1E, 0x01, 0x00, 0x70, 0x0F, 0x03, 0xE0, 0x6C, 0x0D,
    0xC3, 0x98, 0x63, 0x0F, 0xF3, 0xFE, 0x60, 0xCC, 0x1F, 0x81, 0x80, 0x04, 0x0E, 0x0C, 0x22, 0x36,
    0x1C, 0x00, 0x3E, 0x7F, 0x63, 0x0F, 0x7F, 0x73, 0xE3, 0x7F, 0x7F, 0x10, 0x08, 0x01, 0x80, 0x30,
    0x0C, 0x81, 0xB0, 0x1E, 0x01, 0x00, 0x70, 0x0F, 0x03, 0xE0, 0x6C, 0x0D, 0xC3, 0x98, 0x63, 0x0F,
    0xF3, 0xFE, 0x60, 0xCC, 0x1F, 0x81, 0x80, 0x10, 0x38, 0x18, 0x22, 0x36, 0x1C, 0x00, 0x3E, 0x7F,
    0x63, 0x0F, 0x7F, 0x73, 0xE3, 0x7F, 0x7F, 0x10, 0x04, 0x01, 0xC0, 0x18, 0x0C, 0x81, 0xF0, 0x1E,
    0x01, 0x00, 0x70, 0x0F, 0x03, 0xE0, 0x6C, 0x0D, 0xC3, 0x98, 0x63, 0x0F, 0xF3, 0xFE, 0x60, 0xCC,
    0x1F, 0x81, 0x80, 0x18, 0x1C, 0x0C, 0x22, 0x36, 0x1C, 0x00, 0x3E, 0x7F, 0x63, 0x0F, 0x7F, 0x73,
    0xE3, 0x7F, 0x7F, 0x10, 0x1F, 0x03, 0xE0, 0x64, 0x0D, 0x80, 0xF0, 0x08, 0x03, 0x80, 0x78, 0x1F,
    0x03, 0x60, 0x6E, 0x1C, 0xC3, 0x18, 0x7F, 0x9F, 0xF3, 0x06, 0x60, 0xFC, 0x0C, 0x3E, 0x3E, 0x22,
    0x36, 0x1C, 0x00, 0x3E, 0x7F, 0x63, 0x0F, 0x7F, 0x73, 0xE3, 0x7F, 0x7F, 0x10, 0x19, 0x03, 0xE0,
    0x38, 0x02, 0x00, 0xE0, 0x1E, 0x07, 0xC0, 0xD8, 0x1B, 0x87, 0x30, 0xC6, 0x1F, 0xE7, 0xFC, 0xC1,
    0x98, 0x3F, 0x03, 0x00, 0x00, 0xC0, 0x38, 0x03, 0x00, 0x36, 0x3E, 0x1C, 0x00, 0x3E, 0x7F, 0x63,
    0x0F, 0x7F, 0x73, 0xE3, 0x7F, 0x7F, 0x10, 0x08, 0x1C, 0x08, 0x00, 0x00, 0x00, 0x00, 0x3F, 0xE6,
    0x00, 0xC0, 0x18, 0x03, 0x00, 0x60, 0x0F, 0xE1, 0x80, 0x30, 0x06, 0x00, 0xC0, 0x18, 0x03, 0x00,
    0x7F, 0xC0, 0x00, 0x30, 0x06, 0x00, 0xC0, 0x00, 0x00, 0x00, 0x00, 0x00, 0x00, 0x00, 0x00, 0x00,
    0x00, 0x00, 0x00, 0xF8, 0x31, 0x8C, 0x19, 0x83, 0x3F, 0xE6, 0x00, 0xC0, 0x18, 0x01, 0x86, 0x1F,
    0x80, 0x00, 0x30, 0x06, 0x00, 0xC0, 0x00, 0x00, 0x18, 0x1C, 0x18, 0x7E, 0xFF, 0xFF, 0xC0, 0xC0,
    0xC0, 0xFF, 0xFF, 0xC0, 0xC0, 0xC0, 0xFF, 0xFF, 0x1C, 0x0E, 0x03, 0x00, 0x03, 0xF3, 0xF9, 0x86,
    0xFF, 0xFF, 0xF0, 0x18, 0x6F, 0xF3, 0xF0, 0x60, 0x1C, 0xC6, 0xD8, 0xCE, 0x00, 0x07, 0xFC, 0xC0,
    0x18, 0x03, 0x00, 0x60, 0x0C, 0x01, 0xFC, 0x30, 0x06, 0x00, 0xC0, 0x18, 0x03, 0x00, 0x7F, 0xC0,
    0x00, 0x00, 0x00, 0x00, 0x00, 0x00, 0x00, 0x00, 0x00, 0x00, 0x00, 0x0E, 0x63, 0x6C, 0x67, 0x00,
    0x00, 0xF8, 0x31, 0x8C, 0x19, 0x83, 0x3F, 0xE6, 0x00, 0xC0, 0x18, 0x01, 0x86, 0x1F, 0x80, 0x00,
    0x00, 0x00, 0x00, 0x00, 0x00, 0x00, 0x01, 0x01, 0x81, 0x83, 0x03, 0xC1, 0xB1, 0xF9, 0xFE, 0xFF,
    0x60, 0x30, 0x18, 0x0F, 0xF7, 0xFB, 0x01, 0x80, 0xC0, 0x7F, 0xBF, 0xC0, 0x01, 0x01, 0xC0, 0xC1,
    0x81, 0xE1, 0xB8, 0x00, 0x7E, 0x7F, 0x30, 0xDF, 0xFF, 0xFE, 0x03, 0x0D, 0xFE, 0x7E, 0x0C, 0x00,
    0x0C, 0x0E, 0x06, 0x18, 0x3C, 0x36, 0x7E, 0xFF, 0xFF, 0xC0, 0xC0, 0xC0, 0xFF, 0xFF, 0xC0, 0xC0,
    0xC0, 0xFF, 0xFF, 0x04, 0x03, 0x00, 0xC1, 0x81, 0xE1, 0xB8, 0x00, 0x7E, 0x7F, 0x30, 0xDF, 0xFF,
    0xFE, 0x03, 0x0D, 0xFE, 0x7E, 0x0C, 0x00, 0x04, 0x0E, 0x06, 0x18, 0x3C, 0x36, 0x7E, 0xFF, 0xFF,
    0xC0, 0xC0, 0xC0, 0xFF, 0xFF, 0xC0, 0xC0, 0xC0, 0xFF, 0xFF, 0x06, 0x03, 0x80, 0xC1, 0x81, 0xE1,
    0xB8, 0x00, 0x7E, 0x7F, 0x30, 0xDF, 0xFF, 0xFE, 0x03, 0x0D, 0xFE, 0x7E, 0x0C, 0x00, 0x3E, 0x3E,
    0x18, 0x3C, 0x36, 0x7E, 0xFF, 0xFF, 0xC0, 0xC0, 0xC0, 0xFF, 0xFF, 0xC0, 0xC0, 0xC0, 0xFF, 0xFF,
    0x3F, 0x1F, 0x03, 0x03, 0xC3, 0x70, 0x00, 0xFC, 0xFE, 0x61, 0xBF, 0xFF, 0xFC, 0x06, 0x1B, 0xFC,
    0xFC, 0x18, 0x18, 0x3C, 0x36, 0x7E, 0xFF, 0xFF, 0xC0, 0xC0, 0xC0, 0xFF, 0xFF, 0xC0, 0xC0, 0xC0,
    0xFF, 0xFF, 0x00, 0x18, 0x1C, 0x18, 0x0C, 0x0F, 0x0D, 0x80, 0x03, 0xF3, 0xF9, 0x86, 0xFF, 0xFF,
    0xF0, 0x18, 0x6F, 0xF3, 0xF0, 0x60, 0x30, 0x38, 0x0C, 0x00, 0x67, 0x60, 0x66, 0x66, 0x66, 0x66,
    0x66, 0x66, 0xEE, 0x60, 0x66, 0x66, 0x66, 0x66, 0x60, 0x00, 0x00, 0x00, 0x00, 0x1F, 0x80, 0xC0,
    0x18, 0x03, 0x00, 0x60, 0x0C, 0x01, 0x80, 0x30, 0x06, 0x00, 0xC0, 0x18, 0x03, 0x00, 0x60, 0x3F,
    0x00, 0x00, 0x30, 0x06, 0x00, 0xC0, 0x00, 0x00, 0x00, 0x00, 0x00, 0x00, 0x03, 0x00, 0x60, 0x0C,
    0x00, 0x00, 0xF0, 0x06, 0x00, 0xC0, 0x18, 0x03, 0x00, 0x60, 0x0C, 0x01, 0x80, 0x30, 0x1F, 0x80,
    0x00, 0x18, 0x03, 0x00, 0x60, 0x00, 0x00, 0x00, 0x00, 0x00, 0x00, 0x0F, 0x83, 0x18, 0xC1, 0x98,
    0x33, 0x06, 0x60, 0xCC, 0x19, 0x83, 0x30, 0x66, 0x0C, 0xC1, 0x98, 0x31, 0x8C, 0x1F, 0x00, 0x00,
    0x30, 0x06, 0x00, 0xC0, 0x00, 0x00, 0x00, 0x00, 0x00, 0x00, 0x00, 0x00, 0x00, 0x00, 0x00, 0x00,
    0xF8, 0x31, 0x8C, 0x19, 0x83, 0x30, 0x66, 0x0C, 0xC1, 0x98, 0x31, 0x8C, 0x1F, 0x00, 0x00, 0x30,
    0x06, 0x00, 0xC0, 0x00, 0x00, 0x06, 0x00, 0x70, 0x02, 0x00, 0x70, 0x1F, 0xC3, 0xFE, 0x70, 0x66,
    0x07, 0x60, 0x36, 0x03, 0x60, 0x36, 0x03, 0x60, 0x77, 0x06, 0x3F, 0xE1, 0xFC, 0x02, 0x00, 0x1C,
    0x07, 0x00, 0xC0, 0x00, 0x3F, 0x1F, 0xE6, 0x19, 0x86, 0xE1, 0xB8, 0x66, 0x19, 0xFE, 0x3F, 0x03,
    0x00, 0x00, 0x40, 0x0C, 0x01, 0xC0, 0x60, 0x0F, 0x00, 0xD8, 0x07, 0x01, 0xFC, 0x3F, 0xE7, 0x06,
    0x60, 0x76, 0x03, 0x60, 0x36, 0x03, 0x60, 0x36, 0x07, 0x70, 0x63, 0xFE, 0x1F, 0xC0, 0x20, 0x01,
    0x80, 0xE0, 0x30, 0x30, 0x1E, 0x0F, 0xC0, 0x00, 0xFC, 0x7F, 0x98, 0x66, 0x1B, 0x86, 0xE1, 0x98,
    0x67, 0xF8, 0xFC, 0x0C, 0x00, 0x01, 0x00, 0x38, 0x01, 0x80, 0x60, 0x0F, 0x00, 0xD8, 0x07, 0x01,
    0xFC, 0x3F, 0xE7, 0x06, 0x60, 0x76, 0x03, 0x60, 0x36, 0x03, 0x60, 0x36, 0x07, 0x70, 0x63, 0xFE,
    0x1F, 0xC0, 0x20, 0x04, 0x01, 0x80, 0x30, 0x30, 0x1E, 0x0F, 0xC0, 0x00, 0xFC, 0x7F, 0x98, 0x66,
    0x1B, 0x86, 0xE1, 0x98, 0x67, 0xF8, 0xFC, 0x0C, 0x00, 0x01, 0x00, 0x38, 0x01, 0x80, 0x60, 0x0F,
    0x00, 0xD8, 0x07, 0x01, 0xFC, 0x3F, 0xE7, 0x06, 0x60, 0x76, 0x03, 0x60, 0x36, 0x03, 0x60, 0x36,
    0x07, 0x70, 0x63, 0xFE, 0x1F, 0xC0, 0x20, 0x06, 0x01, 0xC0, 0x30, 0x30, 0x1E, 0x0F, 0xC0, 0x00,
    0xFC, 0x7F, 0x98, 0x66, 0x1B, 0x86, 0xE1, 0x98, 0x67, 0xF8, 0xFC, 0x0C, 0x00, 0x0F, 0x80, 0xF8,
    0x06, 0x00, 0xF0, 0x0D, 0x80, 0x70, 0x1F, 0xC3, 0xFE, 0x70, 0x66, 0x07, 0x60, 0x36, 0x03, 0x60,
    0x36, 0x03, 0x60, 0x77, 0x06, 0x3F, 0xE1, 0xFC, 0x02, 0x00, 0x1F, 0x0F, 0x80, 0xC0, 0x78, 0x3F,
    0x00, 0x03, 0xF1, 0xFE, 0x61, 0x98, 0x6E, 0x1B, 0x86, 0x61, 0x9F, 0xE3, 0xF0, 0x30, 0x07, 0x00,
    0xF0, 0x0D, 0x80, 0x70, 0x1F, 0xC3, 0xFE, 0x70, 0x66, 0x07, 0x60, 0x36, 0x03, 0x60, 0x36, 0x03,
    0x60, 0x77, 0x06, 0x3F, 0xE1, 0xFC, 0x02, 0x00, 0x20, 0x07, 0x00, 0x60, 0x0C, 0x07, 0x83, 0x70,
    0x00, 0x3F, 0x1F, 0xE6, 0x19, 0x86, 0xE1, 0xB8, 0x66, 0x19, 0xFE, 0x3F, 0x03, 0x00, 0xC0, 0x30,
    0x0C, 0x00, 0x03, 0x80, 0x30, 0x03, 0x30, 0x7F, 0x1F, 0xF3, 0xFE, 0x70, 0x66, 0x07, 0x60, 0x36,
    0x03, 0x60, 0x36, 0x03, 0x60, 0x77, 0x06, 0x3F, 0xE1, 0xFC, 0x02, 0x00, 0x06, 0x03, 0x80, 0xDC,
    0x17, 0x3F, 0x9F, 0xE6, 0x19, 0x86, 0xE1, 0xB8, 0x66, 0x19, 0xFE, 0x3F, 0x03, 0x00, 0x0C, 0x00,
    0xE0, 0x06, 0x30, 0x7F, 0x1F, 0xF3, 0xFE, 0x70, 0x66, 0x07, 0x60, 0x36, 0x03, 0x60, 0x36, 0x03,
    0x60, 0x77, 0x06, 0x3F, 0xE1, 0xFC, 0x02, 0x00, 0x18, 0x06, 0x00, 0xDC, 0x17, 0x3F, 0x9F, 0xE6,
    0x19, 0x86, 0xE1, 0xB8, 0x66, 0x19, 0xFE, 0x3F, 0x03, 0x00, 0x06, 0x00, 0x70, 0x02, 0x30, 0x7F,
    0x1F, 0xF3, 0xFE, 0x70, 0x66, 0x07, 0x60, 0x36, 0x03, 0x60, 0x36, 0x03, 0x60, 0x77, 0x06, 0x3F,
    0xE1, 0xFC, 0x02, 0x00, 0x1C, 0x07, 0x00, 0xDC, 0x17, 0x3F, 0x9F, 0xE6, 0x19, 0x86, 0xE1, 0xB8,
    0x66, 0x19, 0xFE, 0x3F, 0x03, 0x00, 0x04, 0x80, 0xF8, 0x0B, 0x30, 0x7F, 0x1F, 0xF3, 0xFE, 0x70,
    0x66, 0x07, 0x60, 0x36, 0x03, 0x60, 0x36, 0x03, 0x60, 0x77, 0x06, 0x3F, 0xE1, 0xFC, 0x02, 0x00,
    0x1A, 0x0F, 0x83, 0x7C, 0x17, 0x3F, 0x9F, 0xE6, 0x19, 0x86, 0xE1, 0xB8, 0x66, 0x19, 0xFE, 0x3F,
    0x03, 0x00, 0x00, 0x30, 0x7F, 0x1F, 0xF3, 0xFE, 0x70, 0x66, 0x07, 0x60, 0x36, 0x03, 0x60, 0x36,
    0x03, 0x60, 0x77, 0x06, 0x3F, 0xE1, 0xFC, 0x02, 0x00, 0x20, 0x07, 0x00, 0x60, 0x01, 0xC1, 0x73,
    0xF9, 0xFE, 0x61, 0x98, 0x6E, 0x1B, 0x86, 0x61, 0x9F, 0xE3, 0xF0, 0x30, 0x0C, 0x03, 0x00, 0xC0,
    0x00, 0x00, 0x00, 0x00, 0x30, 0x66, 0x0C, 0xC1, 0x98, 0x33, 0x06, 0x60, 0xCC, 0x19, 0x83, 0x30,
    0x66, 0x0C, 0xC1, 0x98, 0x31, 0x8C, 0x1F, 0x00, 0x00, 0x30, 0x06, 0x00, 0xC0, 0x00, 0x00, 0x00,
    0x00, 0x00, 0x00, 0x00, 0x00, 0x00, 0x00, 0x00, 0x03, 0x06, 0x60, 0xCC, 0x19, 0x83, 0x30, 0x66,
    0x0C, 0xC1, 0x98, 0x31, 0x86, 0x1F, 0xC0, 0x00, 0x18, 0x03, 0x00, 0x60, 0x00, 0x00, 0x0C, 0x03,
    0x80, 0xC0, 0x00, 0xC0, 0xF0, 0x3C, 0x0F, 0x03, 0xC0, 0xF0, 0x3C, 0x0F, 0x03, 0xC0, 0xF8, 0x77,
    0xF8, 0xFC, 0x0C, 0x00, 0x38, 0x38, 0x18, 0x00, 0xC3, 0xC3, 0xC3, 0xC3, 0xC3, 0xC3, 0xC7, 0xFF,
    0x7F, 0x00, 0x06, 0x00, 0x60, 0x0C, 0x30, 0x0F, 0xC0, 0xFC, 0x0C, 0xC0, 0xCC, 0x0C, 0xC0, 0xCC,
    0x0C, 0xC0, 0xCC, 0x0C, 0xC0, 0xCE, 0x1C, 0x7F, 0x83, 0xF0, 0x0C, 0x00, 0x0C, 0x0E, 0x06, 0x60,
    0x3C, 0x3E, 0x1B, 0x0D, 0x86, 0xC3, 0x61, 0xB1, 0xDF, 0xE7, 0xF0, 0x00, 0x18, 0x01, 0xC0, 0x0C,
    0x30, 0x0F, 0xC0, 0xFC, 0x0C, 0xC0, 0xCC, 0x0C, 0xC0, 0xCC, 0x0C, 0xC0, 0xCC, 0x0C, 0xC0, 0xCE,
    0x1C, 0x7F, 0x83, 0xF0, 0x0C, 0x00, 0x30, 0x18, 0x06, 0x60, 0x3C, 0x3E, 0x1B, 0x0D, 0x86, 0xC3,
    0x61, 0xB1, 0xDF, 0xE7, 0xF0, 0x00, 0x0C, 0x00, 0xE0, 0x0C, 0x30, 0x0F, 0xC0, 0xFC, 0x0C, 0xC0,
    0xCC, 0x0C, 0xC0, 0xCC, 0x0C, 0xC0, 0xCC, 0x0C, 0xC0, 0xCE, 0x1C, 0x7F, 0x83, 0xF0, 0x0C, 0x00,
    0x38, 0x1C, 0x06, 0x60, 0x3C, 0x3E, 0x1B, 0x0D, 0x86, 0xC3, 0x61, 0xB1, 0xDF, 0xE7, 0xF0, 0x00,
    0x1B, 0x01, 0xF0, 0x16, 0x30, 0x0F, 0xC0, 0xFC, 0x0C, 0xC0, 0xCC, 0x0C, 0xC0, 0xCC, 0x0C, 0xC0,
    0xCC, 0x0C, 0xC0, 0xCE, 0x1C, 0x7F, 0x83, 0xF0, 0x0C, 0x00, 0x34, 0x3E, 0x1B, 0x60, 0x3C, 0x3E,
    0x1B, 0x0D, 0x86, 0xC3, 0x61, 0xB1, 0xDF, 0xE7, 0xF0, 0x00, 0x00, 0x30, 0x0F, 0xC0, 0xFC, 0x0C,
    0xC0, 0xCC, 0x0C, 0xC0, 0xCC, 0x0C, 0xC0, 0xCC, 0x0C, 0xC0, 0xCE, 0x1C, 0x7F, 0x83, 0xF0, 0x0C,
    0x00, 0xC0, 0x0C, 0x00, 0xC0, 0x01, 0x80, 0xF0, 0xF8, 0x6C, 0x36, 0x1B, 0x0D, 0x86, 0xC7, 0x7F,
    0x9F, 0xC0, 0x01, 0x80, 0xC0, 0x60, 0x18, 0x01, 0x80, 0x30, 0x20, 0x2E, 0x0E, 0xE1, 0x8C, 0x71,
    0xDC, 0x1B, 0x03, 0xE0, 0x38, 0x07, 0x00, 0xE0, 0x1C, 0x03, 0x80, 0x70, 0x30, 0x0C, 0x06, 0x00,
    0x0E, 0x1B, 0x1D, 0x8C, 0xE6, 0x36, 0x1B, 0x0F, 0x83, 0x81, 0xC0, 0xE0, 0x60, 0xF0, 0x60, 0x00,
    0x40, 0x5C, 0x1D, 0xC3, 0x18, 0xE3, 0xB8, 0x36, 0x07, 0xC0, 0x70, 0x0E, 0x01, 0xC0, 0x38, 0x07,
    0x00, 0xE0, 0x00, 0x01, 0x00, 0x70, 0x04, 0x00, 0xE1, 0xB1, 0xD8, 0xCE, 0x63, 0x61, 0xB0, 0xF8,
    0x38, 0x1C, 0x0E, 0x06, 0xCF, 0x66, 0x30, 0x0E, 0x01, 0xC0, 0x18, 0x20, 0x2E, 0x0E, 0xE1, 0x8C,
    0x71, 0xDC, 0x1B, 0x03, 0xE0, 0x38, 0x07, 0x00, 0xE0, 0x1C, 0x03, 0x80, 0x70, 0x1C, 0x0E, 0x03,
    0x00, 0x0E, 0x1B, 0x1D, 0x8C, 0xE6, 0x36, 0x1B, 0x0F, 0x83, 0x81, 0xC0, 0xE0, 0x60, 0xF0, 0x60,
    0x00, 0x39, 0x8D, 0xB1, 0x9C, 0x00, 0x0C, 0x0D, 0x81, 0x98, 0x63, 0x0C, 0x33, 0x06, 0x60, 0x78,
    0x06, 0x00, 0xC0, 0x18, 0x03, 0x00, 0x60, 0x0C, 0x00, 0x00, 0x00, 0x00, 0x00, 0x00, 0x00, 0x00,
    0x00, 0x00, 0x00, 0x00, 0x0E, 0x63, 0x6C, 0x67, 0x00, 0x03, 0x06, 0x60, 0xCC, 0x19, 0x83, 0x30,
    0x66, 0x0C, 0xC1, 0x98, 0x31, 0x86, 0x1F, 0xC0, 0x18, 0x03, 0x00, 0xC3, 0xF0, 0x00, 0x00, 0x00,
    0x00, 0x00, 0x00, 0x00, 0x00, 0x00, 0x00, 0x00, 0x00, 0x00, 0x00, 0x00, 0x00, 0x00, 0x00, 0x00,
    0x00, 0x00, 0x00, 0x00, 0x00, 0x00, 0x00, 0x00, 0x00, 0x00, 0x00, 0x00, 0x00, 0x00, 0x00, 0x00,
    0x00, 0x00, 0x00, 0x00, 0x00, 0x00, 0x00, 0x00, 0x00, 0x00, 0x00, 0x00, 0x00, 0x00, 0x00, 0x00,
    0x00, 0x00, 0x00, 0x00, 0x00, 0x00, 0x00, 0x00, 0x00, 0x00, 0x00, 0x00, 0x00, 0x00, 0x00, 0x00,
    0x00, 0x00, 0x00, 0x00, 0x00, 0x00, 0x00, 0x00, 0x00, 0x00, 0x00, 0x00, 0x00, 0x00, 0x00, 0x00,
    0x00, 0x00, 0x00, 0x00, 0x00, 0x00, 0x00, 0x00, 0x00, 0x00, 0x00, 0x00, 0x00, 0x00, 0x00, 0x00,
    0x00, 0x00, 0x00, 0x00, 0x00, 0x00, 0x00, 0x00, 0x00, 0x00, 0x00, 0x00, 0x00, 0x00, 0x00, 0x00,
    0x00, 0x00, 0x00, 0x00, 0x00, 0x00, 0x00, 0x00, 0x00, 0x00, 0x00, 0x00, 0x00, 0x00, 0x00, 0x00,
    0x00, 0x00, 0x00, 0x00, 0x00, 0x00, 0x00, 0x00, 0x00, 0x00, 0x00, 0x00, 0x00, 0x00, 0x00, 0x00,
    0x00, 0x00, 0x00, 0x00, 0x00, 0x00, 0x00, 0x00, 0x00, 0x00, 0x00, 0x00, 0x00, 0x00, 0x00, 0x00,
    0x00, 0x00, 0x00, 0x00, 0x00, 0x00, 0x00, 0x00, 0x00, 0x00, 0x00, 0x00, 0x00, 0x00, 0x00, 0x00,
    0x00, 0x00, 0x00, 0x00, 0x00, 0x00, 0x00, 0x00, 0x00, 0x00, 0x00, 0x00, 0x00, 0x00, 0x00, 0x00,
    0x00, 0x00, 0x00, 0x00, 0x00, 0x00, 0x00, 0x00, 0x00, 0x00, 0x00, 0x00, 0x00, 0x00, 0x00, 0x00,
    0x00, 0x00, 0x00, 0x00, 0x00, 0x00, 0x00, 0x00, 0x00, 0x00, 0x00, 0x00, 0x00, 0x00, 0x00, 0x00,
    0x00, 0x00, 0x00, 0x00, 0x00, 0x00, 0x00, 0x00, 0x00, 0x00, 0x00, 0x00, 0x00, 0x00, 0x00, 0x00,
    0x00, 0x00, 0x00, 0x00, 0x00, 0x00, 0x00, 0x00, 0x00, 0x00, 0x00, 0x00, 0x00, 0x00, 0x00, 0x00,
    0x00, 0x00, 0x00, 0x00, 0x00, 0x00, 0x00, 0x00, 0x00, 0x00, 0x00, 0x00, 0x00, 0x00, 0x00, 0x00,
    0x00, 0x00, 0x00, 0x00, 0x00, 0x00, 0x00, 0x00, 0x00, 0x00, 0x00, 0x00, 0x00, 0x00, 0x00, 0x00,
    0x00, 0x00, 0x00, 0x00, 0x00, 0x00, 0x00, 0x00, 0x00, 0x00, 0x00, 0x00, 0x00, 0x00, 0x00, 0x00,
    0x00, 0x00, 0x00, 0x00, 0x00, 0x00, 0x00, 0x00, 0x00, 0x00, 0x00, 0x00, 0x00, 0x00, 0x00, 0x00,
    0x00, 0x00, 0x00, 0x00, 0x00, 0x00, 0x00, 0x00, 0x00, 0x00, 0x00, 0x00, 0x00, 0x00, 0x00, 0x00,
    0x00, 0x00, 0x00, 0x00, 0x00, 0x00, 0x00, 0x00, 0x00, 0x00, 0x00, 0x00, 0x00, 0x00, 0x00, 0x00,
    0x00, 0x01, 0xFF, 0x00, 0x00, 0x00, 0x00, 0x00, 0x00, 0x00, 0x00, 0x00, 0x00, 0x00, 0x00, 0x00,
    0x00, 0x00, 0x00, 0x00, 0x00, 0x00, 0x00, 0x00, 0x00, 0x00, 0x00, 0x00, 0x00, 0x00, 0x00, 0x00,
    0x01, 0xFF, 0x00, 0x00, 0x00, 0x00, 0x00, 0x00, 0x00, 0x00, 0x00, 0x00, 0x00, 0x00, 0x00, 0x00,
    0x00, 0x00, 0x00, 0x00, 0x00, 0x00, 0x00, 0x00, 0x00, 0x00, 0x00, 0x00, 0x00, 0x00, 0x00, 0x01,
    0xFF, 0x00, 0x00, 0x00, 0x00, 0x00, 0x00, 0x00, 0x00, 0x00, 0x00, 0x00, 0x00, 0x00, 0x00, 0x00,
    0x00, 0x00, 0x00, 0x00, 0x00, 0x00, 0x00, 0x00, 0x00, 0x00, 0x00, 0x00, 0x00, 0x00, 0x01, 0xFF,
    0x00, 0x00, 0x00, 0x00, 0x00, 0x00, 0x00, 0x00, 0x00, 0x00, 0x00, 0x00, 0x00, 0x00, 0x00, 0x00,
    0x00, 0x00, 0x00, 0x00, 0x00, 0x00, 0x00, 0x00, 0x00, 0x00, 0x00, 0x00, 0x00, 0x03, 0xFF, 0x00,
    0x00, 0x00, 0x00, 0x00, 0x00, 0x00, 0x00, 0x00, 0x00, 0x00, 0x00, 0x00, 0x00, 0x00, 0x00, 0x00,
    0x00, 0x00, 0x00, 0x00, 0x00, 0x00, 0x00, 0x00, 0x00, 0x00, 0x00, 0x00, 0x03, 0xFF, 0x00, 0x00,
    0x00, 0x00, 0x00, 0x00, 0x00, 0x00, 0x00, 0x00, 0x00, 0x00, 0x00, 0x00, 0x00, 0x00, 0x00, 0x00,
    0x00, 0x00, 0x0D, 0x81, 0xB0, 0x36, 0x06, 0xC0, 0xD8, 0x1B, 0x03, 0x60, 0x6C, 0x0D, 0x81, 0xB0,
    0x36, 0x06, 0xC0, 0xD8, 0x1B, 0x00, 0x00, 0x00, 0x00, 0x00, 0x00, 0x00, 0x00, 0x00, 0x00, 0x00,
    0x00, 0x00, 0x00, 0x00, 0x00, 0x00, 0x00, 0x00, 0x00, 0x00, 0x00, 0x00, 0x00, 0x00, 0x00, 0x00,
    0x00, 0x00, 0x00, 0x00, 0x00, 0x01, 0xFF, 0x00, 0x00, 0x00, 0xFF, 0x80, 0x00, 0x00, 0x60, 0x18,
    0x03, 0x00, 0x60, 0x0C, 0x00, 0x00, 0x00, 0x00, 0x00, 0x00, 0x00, 0x00, 0x00, 0x00, 0x00, 0x00,
    0x00, 0x00, 0x00, 0x00, 0x00, 0x00, 0x00, 0x00, 0x00, 0x00, 0x00, 0x00, 0x00, 0xC0, 0x18, 0x03,
    0x00, 0x60, 0x18, 0x00, 0x00, 0x00, 0x00, 0x00, 0x00, 0x00, 0x00, 0x00, 0x00, 0x00, 0x00, 0x00,
    0x00, 0x00, 0x00, 0x00, 0x00, 0x00, 0x00, 0x00, 0x00, 0x00, 0x00, 0x00, 0x00, 0x00, 0x00, 0x00,
    0x00, 0x00, 0x00, 0x00, 0x00, 0x00, 0x00, 0x00, 0x00, 0x00, 0x00, 0x00, 0x18, 0x03, 0x00, 0x60,
    0x0C, 0x03, 0x00, 0x00, 0x00, 0x00, 0x00, 0x00, 0x00, 0x00, 0x01, 0x80, 0x30, 0x06, 0x00, 0xC0,
    0x0C, 0x00, 0x00, 0x00, 0x00, 0x00, 0x00, 0x00, 0x00, 0x00, 0x00, 0x00, 0x00, 0x00, 0x00, 0x00,
    0x00, 0x00, 0x00, 0x00, 0x00, 0x00, 0x00, 0x00, 0x00, 0x01, 0x98, 0x66, 0x0C, 0xC1, 0x98, 0x33,
    0x00, 0x00, 0x00, 0x00, 0x00, 0x00, 0x00, 0x00, 0x00, 0x00, 0x00, 0x00, 0x00, 0x00, 0x00, 0x00,
    0x00, 0x00, 0x00, 0x00, 0x00, 0x00, 0x00, 0x00, 0x03, 0x30, 0x66, 0x0C, 0xC1, 0x98, 0x66, 0x00,
    0x00, 0x00, 0x00, 0x00, 0x00, 0x00, 0x00, 0x00, 0x00, 0x00, 0x00, 0x00, 0x00, 0x00, 0x00, 0x00,
    0x00, 0x00, 0x00, 0x00, 0x00, 0x00, 0x00, 0x00, 0x00, 0x00, 0x00, 0x00, 0x00, 0x00, 0x00, 0x00,
    0x00, 0x00, 0x00, 0x00, 0x00, 0x00, 0x00, 0x00, 0x33, 0x06, 0x60, 0xCC, 0x19, 0x86, 0x60, 0x00,
    0x00, 0x00, 0x00, 0x00, 0x00, 0x00, 0x06, 0x60, 0xCC, 0x19, 0x83, 0x30, 0x33, 0x00, 0x00, 0x00,
    0x00, 0x00, 0x00, 0x00, 0x00, 0x00, 0x00, 0x00, 0x00, 0x00, 0x00, 0x00, 0x00, 0x00, 0x00, 0x00,
    0x00, 0x00, 0x00, 0x00, 0x00, 0x00, 0x00, 0x00, 0x06, 0x00, 0xC0, 0x18, 0x1F, 0xE0, 0x60, 0x0C,
    0x01, 0x80, 0x30, 0x06, 0x00, 0xC0, 0x18, 0x03, 0x00, 0x60, 0x0C, 0x00, 0x00, 0x00, 0x00, 0x00,
    0x00, 0x00, 0x00, 0x00, 0x00, 0x00, 0x00, 0x06, 0x00, 0xC0, 0x18, 0x1F, 0xE0, 0x60, 0x0C, 0x01,
    0x80, 0x30, 0x06, 0x00, 0xC0, 0xFF, 0x03, 0x00, 0x60, 0x0C, 0x00, 0x00, 0x00, 0x00, 0x00, 0x00,
    0x00, 0x00, 0x00, 0x00, 0x00, 0x00, 0x00, 0x00, 0x00, 0x00, 0x00, 0x00, 0x00, 0x0E, 0x03, 0xE0,
    0x7C, 0x0F, 0x80, 0xE0, 0x00, 0x00, 0x00, 0x00, 0x00, 0x00, 0x00, 0x00, 0x00, 0x00, 0x00, 0x00,
    0x00, 0x03, 0x8F, 0xBE, 0xF3, 0x00, 0x1F, 0x80, 0x01, 0xCF, 0xB8, 0x00, 0x00, 0x00, 0x00, 0x00,
    0x00, 0x00, 0x00, 0x00, 0x00, 0x00, 0x00, 0x00, 0x00, 0x00, 0x00, 0x00, 0x00, 0x00, 0x00, 0x33,
    0x36, 0x66, 0xCC, 0xC0, 0x00, 0x00, 0x00, 0x00, 0x00, 0x00, 0x00, 0x1F, 0x80, 0x00, 0x00, 0x00,
    0x00, 0x39, 0x8D, 0xB1, 0xBC, 0x1D, 0x80, 0x60, 0x0C, 0x03, 0x00, 0x60, 0x18, 0x03, 0x00, 0xFB,
    0x9D, 0xDF, 0xBB, 0xDD, 0xC0, 0x00, 0x00, 0x00, 0x00, 0x00, 0x00, 0x00, 0x30, 0x00, 0x00, 0x3C,
    0x38, 0x00, 0x33, 0x18, 0x00, 0x19, 0x98, 0x00, 0x0C, 0xDC, 0x00, 0x03, 0xCC, 0x00, 0x00, 0xCC,
    0x00, 0x00, 0x0E, 0x63, 0x8E, 0x06, 0xFB, 0xEF, 0x86, 0x6D, 0xB6, 0xC7, 0x33, 0xDB, 0x63, 0x1B,
    0x6D, 0xB3, 0x07, 0xBE, 0xF8, 0x01, 0x04, 0x10, 0x00, 0x00, 0xC0, 0x18, 0x03, 0x00, 0x60, 0x08,
    0x01, 0x00, 0x00, 0x00, 0x00, 0x00, 0x00, 0x00, 0x00, 0x00, 0x00, 0x00, 0x00, 0x00, 0x00, 0x00,
    0x00, 0x00, 0x00, 0x00, 0x00, 0x00, 0x00, 0x00, 0x03, 0x30, 0x66, 0x0C, 0xC1, 0x98, 0x22, 0x04,
    0x40, 0x00, 0x00, 0x00, 0x00, 0x00, 0x00, 0x00, 0x00, 0x00, 0x00, 0x00, 0x00, 0x00, 0x00, 0x00,
    0x00, 0x00, 0x00, 0x00, 0x00, 0x00, 0x04, 0x1B, 0xB6, 0xCD, 0xB3, 0xCC, 0x92, 0x20, 0x4D, 0xB6,
    0x40, 0x40, 0xD9, 0xB3, 0x36, 0x64, 0x80, 0x40, 0x9B, 0x36, 0xCD, 0x9B, 0x66, 0xC9, 0x10, 0x10,
    0x70, 0xF3, 0x76, 0x60, 0x00, 0x00, 0x00, 0x00, 0x00, 0x00, 0x00, 0x00, 0x00, 0x00, 0x18, 0x06,
    0x01, 0x80, 0x60, 0x18, 0x03, 0x00, 0x30, 0x03, 0x00, 0x30, 0x03, 0x00, 0x00, 0x00, 0x00, 0x00,
    0x00, 0x00, 0x00, 0x00, 0x00, 0x00, 0x00, 0x00, 0x00, 0x00, 0x00, 0x00, 0x01, 0x80, 0x18, 0x01,
    0x80, 0x18, 0x01, 0x80, 0x30, 0x0C, 0x03, 0x00, 0xC0, 0x30, 0x00, 0x00, 0x00, 0x00, 0x00, 0x00,
    0x00, 0x00, 0x00, 0x0B, 0x87, 0xF8, 0xEE, 0x7F, 0xFB, 0xF5, 0xF8, 0xEE, 0x3F, 0x83, 0x00, 0x00,
    0x00, 0x00, 0x00, 0x19, 0x83, 0x30, 0x66, 0x0C, 0xC1, 0x98, 0x33, 0x06, 0x60, 0xCC, 0x19, 0x80,
    0x00, 0x00, 0x0C, 0xC1, 0x98, 0x33, 0x00, 0x00, 0x00, 0x00, 0x00, 0x00, 0x00, 0x00, 0x18, 0x7E,
    0x67, 0xE3, 0x1B, 0x1F, 0x1E, 0x1C, 0x18, 0x18, 0x00, 0x18, 0x18, 0x00, 0x00, 0x0F, 0xF8, 0x00,
    0x00, 0x00, 0x00, 0x00, 0x00, 0x00, 0x00, 0x00, 0x00, 0x00, 0x00, 0x00, 0x00, 0x00, 0x00, 0x00,
    0x00, 0x00, 0x00, 0x00, 0x00, 0x00, 0x00, 0x00, 0x00, 0x00, 0x00, 0x00, 0x07, 0x81, 0xDF, 0xFE,
    0x3F, 0xC0, 0x0F, 0xC3, 0xFF, 0xBC, 0x1E, 0x80, 0x10, 0x06, 0x0C, 0x30, 0xE1, 0x87, 0x1E, 0x36,
    0xCC, 0x00, 0x0C, 0x07, 0x83, 0xF0, 0x78, 0x1E, 0x08, 0x4F, 0x3F, 0xFF, 0xF3, 0xBC, 0xE0, 0xFF,
    0xC0, 0x00, 0x40, 0x18, 0x07, 0x00, 0xC0, 0x30, 0x0E, 0x01, 0x80, 0x60, 0x1C, 0x03, 0x00, 0xC0,
    0x30, 0x06, 0x00, 0xFF, 0xEE, 0xEE, 0xEF, 0xFE, 0xEE, 0xEE, 0xF7, 0x73, 0xCE, 0x73, 0x9C, 0xEF,
    0x79, 0xCE, 0x73, 0x9D, 0xEE, 0x18, 0x0C, 0x3F, 0x1F, 0x9D, 0xDC, 0xDC, 0x6C, 0x70, 0x30, 0x38,
    0x38, 0x18, 0x38, 0x3C, 0x38, 0x18, 0x18, 0x1C, 0x0C, 0x04, 0x00, 0x00, 0x03, 0x03, 0x81, 0x81,
    0xC0, 0x00, 0x00, 0x18, 0x07, 0xE3, 0x77, 0x3E, 0x33, 0x03, 0x30, 0x73, 0x0E, 0x31, 0xC3, 0x18,
    0x31, 0x83, 0x00, 0x01, 0x83, 0x18, 0x30, 0x00, 0x41, 0x8C, 0x7E, 0xCE, 0xEC, 0xC7, 0xC0, 0x7C,
    0x0E, 0xC1, 0xEC, 0x18, 0xC3, 0x84, 0x10, 0x00, 0x0E, 0x38, 0xE3, 0x80, 0x00, 0xFE, 0xFC, 0x18,
    0x70, 0xC1, 0x83, 0x06, 0x0C, 0x18, 0x30, 0x60, 0xC0, 0xF0, 0x7F, 0x3F, 0xDB, 0xED, 0xF6, 0xFB,
    0x7D, 0xBC, 0xDC, 0x60, 0x30, 0x18, 0x0C, 0x00, 0x1F, 0x7F, 0xFB, 0xFB, 0xFB, 0xFB, 0xFF, 0x3F,
    0xF8, 0xFE, 0xDF, 0xDF, 0xDF, 0xDF, 0xFE, 0xFC, 0x00, 0x18, 0x7E, 0x7E, 0x3C, 0x7F, 0x5A, 0x18,
    0xDF, 0x00, 0x06, 0xED, 0xB0, 0x1F, 0xC3, 0xFF, 0xBE, 0x3E, 0x80, 0x00, 0x00, 0x00, 0x00, 0x00,
    0x00, 0x00, 0x00, 0x00, 0x00, 0x00, 0x00, 0x00, 0x00, 0x00, 0x00, 0x03, 0x80, 0xEF, 0xFE, 0x3F,
    0xE0, 0x00, 0x18, 0x7E, 0x7E, 0x3C, 0x7E, 0x5A, 0x18, 0x00, 0x18, 0x7E, 0x7E, 0x3C, 0x7E, 0x5A,
    0x18, 0x00, 0x00, 0x0D, 0x83, 0x38, 0xC7, 0x38, 0x06, 0x01, 0x80, 0x70, 0x0C, 0x43, 0x1C, 0xE3,
    0x98, 0x26, 0x00, 0x70, 0x3F, 0x1D, 0xFC, 0x0E, 0x00, 0x01, 0xFF, 0x1F, 0xFF, 0xC0, 0x70, 0x10,
    0xF9, 0xF7, 0xFF, 0xEF, 0x95, 0x00, 0x04, 0x09, 0xBB, 0x76, 0xCD, 0x9B, 0x36, 0xCC, 0x99, 0x22,
    0x40, 0x00, 0x03, 0xC0, 0xCC, 0x19, 0x83, 0x30, 0x66, 0x0C, 0xC1, 0x98, 0x1E, 0x00, 0x00, 0x00,
    0x00, 0x00, 0x00, 0x00, 0x00, 0x00, 0x00, 0x00, 0x00, 0x00, 0x00, 0x00, 0x00, 0x00, 0x00, 0x00,
    0x0C, 0x01, 0x80, 0x00, 0x0E, 0x00, 0xC0, 0x18, 0x03, 0x00, 0x60, 0x1E, 0x00, 0x00, 0x00, 0x00,
    0x00, 0x00, 0x00, 0x00, 0x00, 0x00, 0x00, 0x00, 0x00, 0x00, 0x00, 0x00, 0x00, 0x00, 0x00, 0x00,
    0x00, 0x60, 0x1C, 0x07, 0x81, 0xB0, 0x66, 0x0F, 0xC0, 0x18, 0x03, 0x00, 0x00, 0x00, 0x00, 0x00,
    0x00, 0x00, 0x00, 0x00, 0x00, 0x00, 0x00, 0x00, 0x00, 0x00, 0x00, 0x00, 0x00, 0x00, 0x00, 0x07,
    0xE0, 0xC0, 0x18, 0x03, 0xE0, 0x06, 0x00, 0xC1, 0x98, 0x1E, 0x00, 0x00, 0x00, 0x00, 0x00, 0x00,
    0x00, 0x00, 0x00, 0x00, 0x00, 0x00, 0x00, 0x00, 0x00, 0x00, 0x00, 0x00, 0x00, 0x00, 0x03, 0xC0,
    0xC0, 0x18, 0x03, 0xE0, 0x66, 0x0C, 0xC1, 0x98, 0x1E, 0x00, 0x00, 0x00, 0x00, 0x00, 0x00, 0x00,
    0x00, 0x00, 0x00, 0x00, 0x00, 0x00, 0x00, 0x00, 0x00, 0x00, 0x00, 0x00, 0x00, 0x07, 0xE0, 0x0C,
    0x01, 0x80, 0x60, 0x0C, 0x03, 0x00, 0x60, 0x0C, 0x00, 0x00, 0x00, 0x00, 0x00, 0x00, 0x00, 0x00,
    0x00, 0x00, 0x00, 0x00, 0x00, 0x00, 0x00, 0x00, 0x00, 0x00, 0x00, 0x00, 0x03, 0xC0, 0xCC, 0x19,
    0x81, 0xE0, 0x66, 0x0C, 0xC1, 0x98, 0x1E, 0x00, 0x00, 0x00, 0x00, 0x00, 0x00, 0x00, 0x00, 0x00,
    0x00, 0x00, 0x00, 0x00, 0x00, 0x00, 0x00, 0x00, 0x00, 0x00, 0x00, 0x03, 0xC0, 0xCC, 0x19, 0x83,
    0x30, 0x3E, 0x00, 0xC0, 0x18, 0x1E, 0x00, 0x00, 0x00, 0x00, 0x00, 0x00, 0x00, 0x00, 0x00, 0x00,
    0x00, 0x00, 0x00, 0x00, 0x00, 0x00, 0x00, 0x00, 0x00, 0x00, 0x00, 0x00, 0x30, 0x06, 0x00, 0xC0,
    0xFF, 0x03, 0x00, 0x60, 0x0C, 0x00, 0x00, 0x00, 0x00, 0x00, 0x00, 0x00, 0x00, 0x00, 0x00, 0x00,
    0x00, 0x00, 0x00, 0x00, 0x00, 0x00, 0x00, 0x00, 0x00, 0x00, 0x00, 0x00, 0x00, 0x00, 0x00, 0x7F,
    0x00, 0x00, 0x00, 0x00, 0x00, 0x00, 0x00, 0x00, 0x00, 0x00, 0x00, 0x00, 0x00, 0x00, 0x00, 0x00,
    0x00, 0x00, 0x00, 0x00, 0x00, 0x00, 0x00, 0x00, 0x00, 0x00, 0x00, 0x1F, 0xC0, 0x00, 0x00, 0x0F,
    0xE0, 0x00, 0x00, 0x00, 0x00, 0x00, 0x00, 0x00, 0x00, 0x00, 0x00, 0x00, 0x00, 0x00, 0x00, 0x00,
    0x00, 0x00, 0x00, 0x00, 0x00, 0x00, 0x00, 0x00, 0xC0, 0x30, 0x0C, 0x01, 0x80, 0x30, 0x06, 0x00,
    0x60, 0x06, 0x00, 0x00, 0x00, 0x00, 0x00, 0x00, 0x00, 0x00, 0x00, 0x00, 0x00, 0x00, 0x00, 0x00,
    0x00, 0x00, 0x00, 0x00, 0x00, 0x00, 0x03, 0x00, 0x30, 0x03, 0x00, 0x60, 0x0C, 0x01, 0x80, 0x60,
    0x18, 0x00, 0x00, 0x00, 0x00, 0x00, 0x00, 0x00, 0x00, 0x00, 0x00, 0x00, 0x00, 0x00, 0x00, 0x00,
    0x00, 0x00, 0x00, 0x00, 0x00, 0x00, 0x00, 0xFC, 0x18, 0xC3, 0x18, 0x63, 0x0C, 0x61, 0x8C, 0x31,
    0x80, 0x00, 0x00, 0x00, 0x00, 0x00, 0x00, 0x00, 0x00, 0x00, 0x00, 0x00, 0x00, 0x00, 0x00, 0x00,
    0x00, 0x00, 0x00, 0x00, 0x00, 0x00, 0x00, 0x00, 0x00, 0x00, 0x00, 0x00, 0x00, 0x00, 0x00, 0x00,
    0x00, 0x00, 0x0F, 0x03, 0x30, 0x66, 0x0C, 0xC1, 0x98, 0x33, 0x06, 0x60, 0x78, 0x00, 0x00, 0x00,
    0x00, 0x00, 0x00, 0x00, 0x00, 0x00, 0x00, 0x00, 0x00, 0x00, 0x00, 0x00, 0x00, 0x00, 0x00, 0x00,
    0x00, 0x06, 0x01, 0xC0, 0x18, 0x03, 0x00, 0x60, 0x0C, 0x01, 0x80, 0x78, 0x00, 0x00, 0x00, 0x00,
    0x00, 0x00, 0x00, 0x00, 0x00, 0x00, 0x00, 0x00, 0x00, 0x00, 0x00, 0x00, 0x00, 0x00, 0x00, 0x00,
    0x0F, 0x03, 0x30, 0x66, 0x00, 0xC0, 0x30, 0x0C, 0x03, 0x00, 0xFC, 0x00, 0x00, 0x00, 0x00, 0x00,
    0x00, 0x00, 0x00, 0x00, 0x00, 0x00, 0x00, 0x00, 0x00, 0x00, 0x00, 0x00, 0x00, 0x00, 0x00, 0x0F,
    0x03, 0x30, 0x06, 0x03, 0x80, 0x18, 0x03, 0x06, 0x60, 0x78, 0x00, 0x00, 0x00, 0x00, 0x00, 0x00,
    0x00, 0x00, 0x00, 0x00, 0x00, 0x00, 0x00, 0x00, 0x00, 0x00, 0x00, 0x00, 0x00, 0x00, 0x01, 0x80,
    0x70, 0x1E, 0x06, 0xC1, 0x98, 0x3F, 0x00, 0x60, 0x0C, 0x00, 0x00, 0x00, 0x00, 0x00, 0x00, 0x00,
    0x00, 0x00, 0x00, 0x00, 0x00, 0x00, 0x00, 0x00, 0x00, 0x00, 0x00, 0x00, 0x00, 0x1F, 0x83, 0x00,
    0x60, 0x0F, 0x80, 0x18, 0x03, 0x06, 0x60, 0x78, 0x00, 0x00, 0x00, 0x00, 0x00, 0x00, 0x00, 0x00,
    0x00, 0x00, 0x00, 0x00, 0x00, 0x00, 0x00, 0x00, 0x00, 0x00, 0x00, 0x00, 0x0F, 0x03, 0x00, 0x60,
    0x0F, 0x81, 0x98, 0x33, 0x06, 0x60, 0x78, 0x00, 0x00, 0x00, 0x00, 0x00, 0x00, 0x00, 0x00, 0x00,
    0x00, 0x00, 0x00, 0x00, 0x00, 0x00, 0x00, 0x00, 0x00, 0x00, 0x00, 0x1F, 0x80, 0x30, 0x06, 0x01,
    0x80, 0x30, 0x0C, 0x01, 0x80, 0x30, 0x00, 0x00, 0x00, 0x00, 0x00, 0x00, 0x00, 0x00, 0x00, 0x00,
    0x00, 0x00, 0x00, 0x00, 0x00, 0x00, 0x00, 0x00, 0x00, 0x00, 0x0F, 0x03, 0x30, 0x66, 0x07, 0x81,
    0x98, 0x33, 0x06, 0x60, 0x78, 0x00, 0x00, 0x00, 0x00, 0x00, 0x00, 0x00, 0x00, 0x00, 0x00, 0x00,
    0x00, 0x00, 0x00, 0x00, 0x00, 0x00, 0x00, 0x00, 0x00, 0x0F, 0x03, 0x30, 0x66, 0x0C, 0xC0, 0xF8,
    0x03, 0x00, 0x60, 0x78, 0x00, 0x00, 0x00, 0x00, 0x00, 0x00, 0x00, 0x00, 0x00, 0x00, 0x00, 0x00,
    0x00, 0x00, 0x00, 0x00, 0x00, 0x00, 0x00, 0x00, 0x00, 0x00, 0xC0, 0x18, 0x03, 0x03, 0xFC, 0x0C,
    0x01, 0x80, 0x30, 0x00, 0x00, 0x00, 0x00, 0x00, 0x00, 0x00, 0x00, 0x00, 0x00, 0x00, 0x00, 0x00,
    0x00, 0x00, 0x00, 0x00, 0x00, 0x00, 0x00, 0x00, 0x00, 0x00, 0x00, 0x00, 0x01, 0xFC, 0x00, 0x00,
    0x00, 0x00, 0x00, 0x00, 0x00, 0x00, 0x00, 0x00, 0x00, 0x00, 0x00, 0x00, 0x00, 0x00, 0x00, 0x00,
    0x00, 0x00, 0x00, 0x00, 0x00, 0x00, 0x00, 0x00, 0x00, 0x7F, 0x00, 0x00, 0x00, 0x3F, 0x80, 0x00,
    0x00, 0x00, 0x00, 0x00, 0x00, 0x00, 0x00, 0x00, 0x00, 0x00, 0x00, 0x00, 0x00, 0x00, 0x00, 0x00,
    0x00, 0x00, 0x00, 0x00, 0x00, 0x03, 0x00, 0xC0, 0x30, 0x06, 0x00, 0xC0, 0x18, 0x01, 0x80, 0x18,
    0x00, 0x00, 0x00, 0x00, 0x00, 0x00, 0x00, 0x00, 0x00, 0x00, 0x00, 0x00, 0x00, 0x00, 0x00, 0x00,
    0x00, 0x00, 0x00, 0x00, 0x0C, 0x00, 0xC0, 0x0C, 0x01, 0x80, 0x30, 0x06, 0x01, 0x80, 0x60, 0x00,
    0x00, 0x00, 0x00, 0x00, 0x00, 0x00, 0x00, 0x00, 0x00, 0x00, 0x00, 0x00, 0x00, 0x00, 0x00, 0x00,
    0x00, 0x00, 0x00, 0x00, 0x01, 0xF0, 0x03, 0x07, 0xE1, 0x8C, 0x31, 0x86, 0x30, 0x7E, 0x00, 0x00,
    0x00, 0x00, 0x00, 0x00, 0x00, 0x00, 0x00, 0x00, 0x00, 0x00, 0x00, 0x00, 0x00, 0x00, 0x00, 0x00,
    0x00, 0x00, 0x00, 0x01, 0xF0, 0x63, 0x0C, 0x61, 0xFC, 0x30, 0x06, 0x00, 0x7C, 0x00, 0x00, 0x00,
    0x00, 0x00, 0x00, 0x00, 0x00, 0x00, 0x00, 0x00, 0x00, 0x00, 0x00, 0x00, 0x00, 0x00, 0x00, 0x00,
    0x00, 0x00, 0x01, 0xF0, 0x63, 0x0C, 0x61, 0x8C, 0x31, 0x86, 0x30, 0x7C, 0x00, 0x00, 0x00, 0x00,
    0x00, 0x00, 0x00, 0x00, 0x00, 0x00, 0x00, 0x00, 0x00, 0x00, 0x00, 0x00, 0x00, 0x00, 0x00, 0x00,
    0x00, 0x03, 0x18, 0x63, 0x06, 0xC0, 0x70, 0x1B, 0x06, 0x30, 0xC6, 0x00, 0x00, 0x00, 0x00, 0x00,
    0x00, 0x00, 0x00, 0x00, 0x00, 0x00, 0x00, 0x00, 0x00, 0x00, 0x00, 0x00, 0x00, 0x00, 0x00, 0x00,
    0x01, 0xF0, 0x03, 0x00, 0x61, 0xFC, 0x31, 0x86, 0x30, 0x7C, 0x00, 0x00, 0x00, 0x00, 0x00, 0x00,
    0x00, 0x00, 0x00, 0x00, 0x00, 0x00, 0x00, 0x00, 0x00, 0x00, 0x00, 0x06, 0x00, 0xC0, 0x18, 0x03,
    0xF0, 0x63, 0x0C, 0x61, 0x8C, 0x31, 0x86, 0x30, 0xC6, 0x00, 0x00, 0x00, 0x00, 0x00, 0x00, 0x00,
    0x00, 0x00, 0x00, 0x00, 0x00, 0x00, 0x00, 0x00, 0x00, 0x00, 0x06, 0x00, 0xC0, 0x18, 0x03, 0x18,
    0x66, 0x0D, 0x81, 0xE0, 0x36, 0x06, 0x60, 0xC6, 0x00, 0x00, 0x00, 0x00, 0x00, 0x00, 0x00, 0x00,
    0x00, 0x00, 0x00, 0x00, 0x00, 0x00, 0x00, 0x00, 0x00, 0x03, 0x80, 0x30, 0x06, 0x00, 0xC0, 0x18,
    0x03, 0x00, 0x60, 0x0C, 0x01, 0x80, 0x78, 0x00, 0x00, 0x00, 0x00, 0x00, 0x00, 0x00, 0x00, 0x00,
    0x00, 0x00, 0x00, 0x00, 0x00, 0x00, 0x00, 0x00, 0x00, 0x00, 0x00, 0x00, 0x07, 0xF0, 0xDB, 0x1B,
    0x63, 0x6C, 0x6D, 0x8D, 0xB1, 0xB6, 0x00, 0x00, 0x00, 0x00, 0x00, 0x58, 0xF9, 0xB3, 0x76, 0xED,
    0x80, 0x00, 0x00, 0x00, 0x00, 0x00, 0x00, 0x00, 0x00, 0x00, 0x00, 0x00, 0x00, 0x00, 0x00, 0x00,
    0x00, 0x03, 0xF0, 0x63, 0x0C, 0x61, 0x8C, 0x31, 0x86, 0x30, 0xFC, 0x18, 0x03, 0x00, 0x60, 0x00,
    0x31, 0xFF, 0x9F, 0xFD, 0xE0, 0x6F, 0xF6, 0x67, 0x70, 0x3C, 0x1F, 0x8E, 0x63, 0x18, 0xCF, 0xF7,
    0xFD, 0xC3, 0xF0, 0x7F, 0xC7, 0xE1, 0xC0, 0x7F, 0x1F, 0xC0, 0x00, 0x01, 0x40, 0x7C, 0x1F, 0xC3,
    0xFE, 0x76, 0xE6, 0x7F, 0x65, 0x06, 0x50, 0x6F, 0x06, 0xB0, 0x6A, 0x77, 0xE6, 0x3F, 0xE1, 0xFC,
    0x3E, 0x03, 0xC0, 0x07, 0x01, 0xFC, 0x3F, 0xE7, 0x06, 0x60, 0x66, 0x00, 0x67, 0xE6, 0x7C, 0x67,
    0x06, 0x66, 0x76, 0x63, 0xFE, 0x1F, 0xC0, 0x20, 0x1F, 0xC7, 0xF8, 0xFF, 0x1C, 0x03, 0x80, 0x70,
    0x0F, 0xF1, 0xFE, 0x38, 0x0F, 0x81, 0xF0, 0x1C, 0x03, 0x80, 0x0E, 0x07, 0xC3, 0xB8, 0xC6, 0x30,
    0x1F, 0xC7, 0xF0, 0xC0, 0xFF, 0x0C, 0x03, 0x09, 0xFF, 0xFF, 0x80, 0x01, 0x00, 0xBC, 0xFF, 0xFF,
    0xFF, 0xC6, 0x3C, 0x63, 0xCE, 0x3C, 0xE3, 0xDE, 0x3D, 0xE3, 0xDE, 0x33, 0x00, 0x00, 0x00, 0x20,
    0x23, 0x83, 0x9E, 0x1C, 0xF0, 0xE7, 0xC7, 0x7F, 0xFF, 0xFF, 0xEF, 0xFE, 0xFF, 0xFB, 0x8F, 0x98,
    0x7C, 0xC1, 0xE6, 0x07, 0x00, 0x00, 0x00, 0x00, 0x00, 0x7C, 0x0C, 0xC1, 0x8C, 0x31, 0x86, 0x30,
    0xC6, 0x19, 0x83, 0xEC, 0x61, 0x8C, 0xFD, 0x86, 0x30, 0xC6, 0x18, 0xC1, 0xC0, 0x00, 0x00, 0x00,
    0x00, 0x00, 0x00, 0x00, 0x70, 0x00, 0x7F, 0x80, 0x3F, 0xE0, 0x18, 0x30, 0x0C, 0x1B, 0xF6, 0x0D,
    0xFF, 0x1E, 0xC5, 0xFE, 0x78, 0xFE, 0x1F, 0x63, 0x83, 0xF0, 0xC8, 0x78, 0x77, 0x7C, 0x1B, 0xF0,
    0x00, 0x60, 0x01, 0x02, 0xC3, 0x87, 0xE3, 0xC6, 0x63, 0xC6, 0x63, 0xC6, 0xFF, 0xFF, 0xFF, 0xFE,
    0xFF, 0xFE, 0xFF, 0xFF, 0x3E, 0x7C, 0x1C, 0x38, 0x1C, 0x38, 0x1C, 0x38, 0x00, 0x00, 0x00, 0x00,
    0x7C, 0x28, 0x45, 0x04, 0xA0, 0x94, 0x92, 0x92, 0x52, 0x4A, 0x49, 0x49, 0x29, 0x25, 0x20, 0xA4,
    0x14, 0x84, 0x9F, 0x00, 0x00, 0x00, 0x00, 0x00, 0x00, 0x00, 0x00, 0x00, 0x00, 0x60, 0xFC, 0x3F,
    0x3F, 0x9F, 0xE6, 0x19, 0x86, 0xE1, 0xB8, 0x66, 0x19, 0xFE, 0x3F, 0x82, 0x00, 0x01, 0xFE, 0x7F,
    0x80, 0x00, 0x00, 0x00, 0x00, 0x0F, 0x83, 0x18, 0xC1, 0x98, 0x03, 0x00, 0xFE, 0x0C, 0x01, 0x80,
    0x7F, 0x06, 0x00, 0xC0, 0x18, 0x31, 0x8C, 0x1F, 0x00, 0x00, 0x00, 0x00, 0x00, 0x00, 0x00, 0x00,
    0x00, 0x23, 0x0E, 0x31, 0xC3, 0x38, 0x33, 0x03, 0xF0, 0xFF, 0xFF, 0xFE, 0x3B, 0x03, 0x38, 0x31,
    0xC3, 0x0E, 0x30, 0x60, 0x00, 0x00, 0x00, 0x00, 0x7F, 0xE0, 0xC0, 0x18, 0x03, 0x00, 0x7C, 0x0E,
    0x03, 0x81, 0xFE, 0x07, 0x01, 0xC0, 0xF8, 0x03, 0x00, 0x60, 0x0C, 0x00, 0x00, 0x00, 0x00, 0x00,
    0x00, 0x00, 0x00, 0x0C, 0x00, 0x00, 0x1E, 0x00, 0x00, 0xFF, 0x80, 0x01, 0xE7, 0x80, 0x00, 0xC3,
    0x80, 0x01, 0x83, 0x3F, 0x03, 0x06, 0x7F, 0x06, 0x0D, 0x86, 0x0C, 0x1B, 0x0C, 0x78, 0x36, 0x1D,
    0xF0, 0x6C, 0x37, 0x71, 0xD8, 0x67, 0xFF, 0x3F, 0xCF, 0x7C, 0x7F, 0x00, 0x20, 0xC8, 0x00, 0x01,
    0x80, 0x00, 0x03, 0x00, 0x00, 0x06, 0x00, 0x38, 0x0F, 0xF1, 0xFE, 0x7F, 0xFF, 0xFE, 0xE3, 0xBF,
    0xFB, 0x8E, 0x7F, 0x8F, 0xE1, 0xC0, 0x38, 0x07, 0x00, 0x06, 0x00, 0x70, 0x1F, 0xC3, 0xFE, 0x76,
    0x66, 0x67, 0x66, 0x06, 0x60, 0x67, 0xF6, 0x7F, 0x66, 0x77, 0x66, 0x3F, 0xE1, 0xFC, 0x06, 0x00,
    0x60, 0x04, 0x01, 0xC0, 0x3C, 0x0F, 0x81, 0xB0, 0xFF, 0xBF, 0xF9, 0x8C, 0xFF, 0xFF, 0xFD, 0x83,
    0x30, 0x7E, 0x06, 0x0E, 0x0F, 0xC7, 0xB9, 0xC6, 0x03, 0xBF, 0xF7, 0xFD, 0xFF, 0x7F, 0xDC, 0x07,
    0x19, 0xFE, 0x3F, 0x01, 0x00, 0x06, 0x00, 0x70, 0x1F, 0xC3, 0xFE, 0x76, 0x66, 0x67, 0x66, 0x06,
    0x60, 0x66, 0x06, 0x60, 0x66, 0x77, 0x66, 0x3F, 0xE1, 0xFC, 0x06, 0x00, 0x60, 0x7F, 0xBF, 0xF7,
    0xFF, 0xFF, 0xFF, 0xC3, 0x00, 0xC0, 0x30, 0x0C, 0x03, 0x00, 0xC0, 0x30, 0x0C, 0x00, 0x7F, 0x7F,
    0xFF, 0xCF, 0xEF, 0xFB, 0xFB, 0xF9, 0xF8, 0x70, 0x18, 0x0E, 0x03, 0x80, 0xE0, 0x10, 0x18, 0x0F,
    0x87, 0xCF, 0xA7, 0xF1, 0xF1, 0xE3, 0xF1, 0x98, 0xCC, 0xE7, 0xE3, 0xE0, 0xC0, 0x00, 0x03, 0x00,
    0xC0, 0xFC, 0x7F, 0xBB, 0x7C, 0xCF, 0x33, 0xCC, 0xF3, 0x30, 0x1E, 0x07, 0xF8, 0xFF, 0x98, 0x33,
    0x06, 0x60, 0xDF, 0xFF, 0xFE, 0x30, 0x1F, 0xC3, 0xF8, 0x18, 0x03, 0x00, 0x00, 0x07, 0x83, 0xF1,
    0xFE, 0xFF, 0xB7, 0xBD, 0xEF, 0x7B, 0xC0, 0x30, 0x06, 0x03, 0xFF, 0xFF, 0xC0, 0x2C, 0x3E, 0x3F,
    0xDF, 0xEC, 0x1E, 0x0F, 0x0F, 0xFE, 0xFF, 0xE0, 0xF0, 0x78, 0x3F, 0xFF, 0xF8, 0xF0, 0x58, 0x00,
    0x00, 0x00, 0x00, 0x00, 0x00, 0x00, 0x00, 0x00, 0x00, 0x80, 0x30, 0x0C, 0x03, 0xFF, 0x7F, 0xE6,
    0x00, 0x60, 0x04, 0x00, 0x00, 0x00, 0x00, 0x00, 0x00, 0x00, 0x00, 0x00, 0x00, 0x00, 0x00, 0x00,
    0x00, 0x00, 0x06, 0x01, 0xE0, 0x7E, 0x1B, 0x60, 0x60, 0x0C, 0x01, 0x80, 0x30, 0x06, 0x00, 0xC0,
    0x18, 0x03, 0x00, 0x60, 0x0C, 0x00, 0x00, 0x00, 0x00, 0x00, 0x00, 0x00, 0x00, 0x00, 0x00, 0x00,
    0x00, 0x00, 0x00, 0x00, 0x00, 0x00, 0x00, 0x10, 0x03, 0x00, 0x33, 0xFF, 0x7F, 0xE0, 0x18, 0x06,
    0x00, 0x80, 0x00, 0x00, 0x00, 0x00, 0x00, 0x00, 0x00, 0x00, 0x00, 0x00, 0x00, 0x00, 0x00, 0x00,
    0x06, 0x00, 0xC0, 0x18, 0x03, 0x00, 0x60, 0x0C, 0x01, 0x80, 0x30, 0x06, 0x00, 0xC0, 0xDB, 0x0F,
    0xC0, 0xF0, 0x0C, 0x00, 0x00, 0x00, 0x00, 0x00, 0x00, 0x00, 0x00, 0x00, 0x00, 0x00, 0x00, 0x00,
    0x00, 0x00, 0x00, 0x00, 0x00, 0x88, 0x31, 0x8C, 0x1B, 0xFF, 0xFF, 0xF6, 0x0C, 0x63, 0x04, 0x40,
    0x00, 0x00, 0x00, 0x00, 0x00, 0x00, 0x00, 0x00, 0x00, 0x00, 0x00, 0x00, 0x00, 0x00, 0x06, 0x01,
    0xE0, 0x7E, 0x1B, 0x60, 0x60, 0x0C, 0x01, 0x80, 0x30, 0x06, 0x00, 0xC0, 0xDB, 0x0F, 0xC0, 0xF0,
    0x0C, 0x00, 0x00, 0x00, 0x00, 0x00, 0x00, 0x00, 0x00, 0x7F, 0x9F, 0xE7, 0x81, 0xF0, 0x6E, 0x19,
    0xC6, 0x39, 0x87, 0x00, 0xC0, 0x00, 0x3F, 0xCF, 0xF0, 0x3C, 0x1F, 0x0E, 0xC7, 0x33, 0x8D, 0xC3,
    0x60, 0x00, 0x00, 0x00, 0x18, 0x07, 0x0C, 0xE3, 0x1C, 0xC3, 0xB0, 0x7C, 0x0F, 0x3F, 0xCF, 0xF0,
    0x00, 0x00, 0x36, 0x1D, 0x8E, 0x67, 0x1B, 0x87, 0xC1, 0xE0, 0x7F, 0x9F, 0xE0, 0x00, 0x00, 0x00,
    0x00, 0x00, 0x00, 0x00, 0x00, 0x00, 0x00, 0x86, 0x30, 0xCC, 0x1B, 0xFF, 0x7F, 0xE6, 0x0C, 0x61,
    0x84, 0x30, 0x00, 0x00, 0x00, 0x00, 0x00, 0x00, 0x00, 0x00, 0x00, 0x00, 0x00, 0x00, 0x00, 0x00,
    0x00, 0x00, 0x00, 0x00, 0x00, 0x06, 0x10, 0xC3, 0x18, 0x33, 0xFF, 0x7F, 0xEC, 0x19, 0x86, 0x30,
    0x80, 0x00, 0x00, 0x00, 0x00, 0x00, 0x00, 0x00, 0x00, 0x00, 0x00, 0x00, 0x00, 0x00, 0x00, 0x06,
    0x01, 0xE0, 0x7E, 0x1B, 0x60, 0x60, 0x0C, 0x01, 0x80, 0x30, 0x06, 0x06, 0xD8, 0x7E, 0x07, 0x80,
    0x60, 0x7F, 0x80, 0x00, 0x00, 0x00, 0x00, 0x00, 0x00, 0x00, 0x00, 0x0C, 0x00, 0x07, 0x81, 0x80,
    0xC1, 0xC0, 0x71, 0xC0, 0x19, 0xC0, 0x1D, 0xC0, 0x1D, 0xFF, 0xFE, 0x7F, 0xFC, 0x1C, 0x00, 0x07,
    0x00, 0x01, 0xC0, 0x00, 0x60, 0x00, 0x18, 0x00, 0x3C, 0x00, 0x18, 0x0C, 0x18, 0x07, 0x0C, 0x01,
    0xC7, 0x00, 0x71, 0xC0, 0x1C, 0xFF, 0xFF, 0x1F, 0xFF, 0x00, 0x07, 0x00, 0x07, 0x00, 0x07, 0x00,
    0x03, 0x00, 0x00, 0x00, 0x60, 0x03, 0x80, 0x1F, 0xFF, 0x7F, 0xFC, 0xE0, 0x31, 0x80, 0xC0, 0x03,
    0x00, 0x0C, 0x00, 0x30, 0x00, 0xC0, 0x03, 0x00, 0x0C, 0x00, 0x20, 0x00, 0xC0, 0x03, 0xBF, 0xFF,
    0xFF, 0xFF, 0x00, 0xEC, 0x03, 0x30, 0x08, 0xC0, 0x03, 0x00, 0x0C, 0x00, 0x30, 0x00, 0xC0, 0x00,
    0x00, 0x00, 0x00, 0x00, 0x00, 0x60, 0x0C, 0x01, 0x80, 0x30, 0x06, 0x00, 0xC2, 0x18, 0xC3, 0x30,
    0x6F, 0xFD, 0xFF, 0x98, 0x01, 0x80, 0x10, 0x00, 0x00, 0x00, 0x00, 0x00, 0x00, 0x00, 0x00, 0x00,
    0x00, 0x00, 0x00, 0x60, 0x0C, 0x01, 0x80, 0x30, 0x06, 0x00, 0xC0, 0x18, 0x43, 0x0C, 0x60, 0xCF,
    0xFD, 0xFF, 0x80, 0x60, 0x18, 0x02, 0x00, 0x00, 0x00, 0x00, 0x00, 0x00, 0x00, 0x00, 0x7F, 0x0F,
    0xF8, 0x7F, 0x80, 0x18, 0x01, 0x80, 0x18, 0x01, 0x80, 0x18, 0x01, 0x80, 0xFE, 0x0F, 0xE0, 0x7C,
    0x03, 0x80, 0x00, 0x00, 0x00, 0x00, 0x00, 0x00, 0x00, 0x00, 0x00, 0x00, 0x30, 0x06, 0x00, 0xC2,
    0x18, 0xC3, 0x30, 0x6F, 0xFD, 0xFF, 0x98, 0x01, 0x80, 0x10, 0x00, 0x00, 0x00, 0x00, 0x00, 0x00,
    0x00, 0x00, 0x03, 0x00, 0x38, 0x03, 0xC0, 0x1F, 0x80, 0xFF, 0x03, 0x98, 0x0C, 0x60, 0x03, 0x00,
    0x1F, 0x00, 0xD8, 0x06, 0xC0, 0x73, 0x07, 0x1F, 0xF0, 0x3F, 0x00, 0x00, 0x00, 0x00, 0x00, 0x00,
    0x00, 0x01, 0xF0, 0x0E, 0x03, 0x44, 0xC8, 0xD8, 0x1B, 0x03, 0x60, 0x6C, 0x0C, 0xC3, 0x0F, 0xC0,
    0x00, 0x00, 0x00, 0x00, 0x00, 0x00, 0x00, 0x00, 0x00, 0x00, 0x00, 0x00, 0x00, 0x00, 0x00, 0x00,
    0x00, 0x20, 0x0C, 0x03, 0x00, 0xFF, 0xDF, 0xF8, 0x00, 0x7F, 0xEF, 0xFC, 0x03, 0x00, 0xC0, 0x10,
    0x00, 0x00, 0x00, 0x00, 0x00, 0x00, 0x00, 0x00, 0x00, 0x00, 0x00, 0x00, 0x00, 0x00, 0x00, 0x00,
    0x04, 0x00, 0xC0, 0x0C, 0xFF, 0xDF, 0xF8, 0x00, 0x7F, 0xEF, 0xFC, 0xC0, 0x0C, 0x00, 0x80, 0x00,
    0x00, 0x00, 0x00, 0x00, 0x00, 0x00, 0x00, 0x00, 0x00, 0x00, 0x00, 0x00, 0x00, 0x00, 0x00, 0x00,
    0x02, 0x00, 0xC0, 0x3F, 0xCF, 0xFB, 0x80, 0x3F, 0xE3, 0xFC, 0x30, 0x02, 0x00, 0x00, 0x00, 0x00,
    0x00, 0x00, 0x00, 0x00, 0x00, 0x00, 0x00, 0x00, 0x00, 0x00, 0x00, 0x02, 0x00, 0xE0, 0x3E, 0x0E,
    0xE3, 0xDE, 0x1B, 0x03, 0x60, 0x6C, 0x0D, 0x81, 0xB0, 0x36, 0x06, 0xC0, 0xD8, 0x1B, 0x00, 0x00,
    0x00, 0x00, 0x00, 0x00, 0x00, 0x00, 0x00, 0x00, 0x00, 0x00, 0x00, 0x00, 0x00, 0x00, 0x01, 0x00,
    0x30, 0xFF, 0x1F, 0xF0, 0x07, 0x7F, 0xCF, 0xF0, 0x0C, 0x01, 0x00, 0x00, 0x00, 0x00, 0x00, 0x00,
    0x00, 0x00, 0x00, 0x00, 0x00, 0x00, 0x00, 0x00, 0x00, 0x0D, 0x81, 0xB0, 0x36, 0x06, 0xC0, 0xD8,
    0x1B, 0x03, 0x60, 0x6C, 0x0D, 0x87, 0xBC, 0x77, 0x07, 0xC0, 0x70, 0x04, 0x00, 0x00, 0x00, 0x00,
    0x00, 0x00, 0x00, 0x00, 0x00, 0x00, 0x00, 0x00, 0x00, 0x00, 0x00, 0x00, 0x04, 0x41, 0x8C, 0x7F,
    0xDF, 0xFF, 0x83, 0xFF, 0xF7, 0xFC, 0x63, 0x04, 0x40, 0x00, 0x00, 0x00, 0x00, 0x00, 0x00, 0x00,
    0x00, 0x00, 0x00, 0x00, 0x00, 0x00, 0x00, 0x02, 0x00, 0xE0, 0x3E, 0x0E, 0xE3, 0xDE, 0x1B, 0x03,
    0x60, 0x6C, 0x0D, 0x87, 0xBC, 0x77, 0x07, 0xC0, 0x70, 0x04, 0x00, 0x00, 0x00, 0x00, 0x00, 0x00,
    0x00, 0x00, 0x18, 0x3C, 0x7E, 0xFF, 0x18, 0x18, 0x7E, 0x7E, 0x7E, 0x7E, 0x18, 0x18, 0x18, 0x18,
    0x18, 0x18, 0x7E, 0x7E, 0x18, 0x7E, 0x7E, 0x18, 0x7E, 0x7E, 0x3C, 0x18, 0x00, 0xC2, 0x01, 0x8C,
    0x03, 0x38, 0x06, 0xFF, 0xFD, 0xFF, 0xF9, 0xC0, 0x31, 0x80, 0x61, 0x00, 0x00, 0x86, 0x01, 0x8C,
    0x03, 0x9F, 0xFF, 0xBF, 0xFF, 0x60, 0x1C, 0xC0, 0x31, 0x80, 0x43, 0x00, 0x00, 0x07, 0x00, 0x1F,
    0x00, 0x77, 0x01, 0xC7, 0x07, 0x07, 0x1C, 0x07, 0x7E, 0x3F, 0x0C, 0x60, 0x18, 0xC0, 0x31, 0x80,
    0x63, 0x00, 0xC6, 0x01, 0xFC, 0x00, 0x00, 0x00, 0x07, 0x00, 0x1F, 0x00, 0x77, 0x01, 0xC7, 0x07,
    0x07, 0x1C, 0x07, 0x7E, 0x3F, 0x0C, 0x60, 0x18, 0xC0, 0x3F, 0x80, 0x7F, 0x00, 0x00, 0x01, 0xFC,
    0x03, 0x18, 0x07, 0xF0, 0x0F, 0xE0, 0x00, 0x00, 0x00, 0x00, 0x60, 0x6C, 0x0D, 0x81, 0x98, 0x63,
    0xFC, 0x61, 0x86, 0x60, 0xCC, 0x19, 0x81, 0x20, 0x3C, 0x03, 0x00, 0x60, 0x0C, 0x00, 0x00, 0x00,
    0x00, 0x00, 0x00, 0x00, 0x00, 0x38, 0x3F, 0x1F, 0x80, 0xE1, 0xB3, 0xFB, 0xDF, 0xC7, 0xC3, 0xE1,
    0xB8, 0xCF, 0xE7, 0xE0, 0x40, 0x00, 0x00, 0x00, 0x00, 0x00, 0x07, 0xFC, 0x01, 0x80, 0x30, 0x06,
    0x00, 0xC0, 0x19, 0xFF, 0x00, 0x60, 0x0C, 0x01, 0x80, 0x30, 0x06, 0x7F, 0xC0, 0x00, 0x00, 0x00,
    0x00, 0x00, 0x00, 0x00, 0x00, 0x00, 0x00, 0x03, 0x00, 0x67, 0xFC, 0x03, 0x80, 0xF0, 0x1E, 0x06,
    0xC0, 0xD9, 0xFF, 0x06, 0x60, 0xCC, 0x31, 0x86, 0x31, 0x86, 0x7F, 0xCC, 0x01, 0x80, 0x00, 0x00,
    0x00, 0x00, 0x00, 0x00, 0x00, 0x00, 0x00, 0x00, 0x00, 0x00, 0x01, 0x80, 0x60, 0xF8, 0x33, 0x8C,
    0xD9, 0x9B, 0x36, 0x66, 0xCC, 0x73, 0x07, 0xC1, 0x80, 0x60, 0x00, 0x00, 0x00, 0x00, 0x00, 0x00,
    0x00, 0x00, 0x00, 0x00, 0x00, 0x00, 0x06, 0x00, 0xC0, 0x18, 0x07, 0x80, 0xF0, 0x33, 0x06, 0x60,
    0xCC, 0x30, 0xC6, 0x18, 0xC3, 0x30, 0x36, 0x06, 0xFF, 0xC0, 0x00, 0x00, 0x00, 0x00, 0x00, 0x00,
    0x00, 0x00, 0x00, 0x00, 0x00, 0x7F, 0xEC, 0x0D, 0x81, 0x98, 0x63, 0x0C, 0x61, 0x86, 0x60, 0xCC,
    0x19, 0x81, 0xE0, 0x3C, 0x03, 0x00, 0x60, 0x0C, 0x00, 0x00, 0x00, 0x00, 0x00, 0x00, 0x00, 0x00,
    0x00, 0x00, 0x00, 0x00, 0x00, 0x00, 0xFC, 0x30, 0x0C, 0x03, 0x00, 0x60, 0x0C, 0x01, 0xFF, 0x30,
    0x06, 0x00, 0xC0, 0x0C, 0x00, 0xC0, 0x0F, 0xC0, 0x00, 0x00, 0x00, 0x00, 0x00, 0x00, 0x00, 0x00,
    0x00, 0x00, 0x03, 0x00, 0x60, 0xFC, 0x33, 0x0C, 0x63, 0x18, 0x63, 0x0C, 0xC1, 0xFF, 0x33, 0x06,
    0xC0, 0xD8, 0x0E, 0x00, 0xC0, 0x3F, 0xC6, 0x00, 0xC0, 0x00, 0x00, 0x00, 0x00, 0x00, 0x00, 0x00,
    0x00, 0x00, 0x00, 0x00, 0x00, 0x00, 0x07, 0xF1, 0x80, 0x60, 0x0C, 0x01, 0xFF, 0x30, 0x06, 0x00,
    0x60, 0x07, 0xF0, 0x00, 0x00, 0x00, 0x00, 0x00, 0x00, 0x00, 0x00, 0x00, 0x00, 0x00, 0x00, 0x00,
    0x00, 0x00, 0x07, 0xE0, 0x06, 0x00, 0x60, 0x06, 0x00, 0xC0, 0x19, 0xFF, 0x00, 0x60, 0x0C, 0x01,
    0x80, 0x60, 0x18, 0x7E, 0x00, 0x00, 0x00, 0x00, 0x00, 0x00, 0x00, 0x00, 0x00, 0x00, 0x01, 0x80,
    0x30, 0x07, 0xE0, 0x66, 0x0C, 0x60, 0xC6, 0x18, 0xC1, 0x99, 0xFF, 0x06, 0x60, 0x6C, 0x0D, 0x80,
    0xE0, 0x18, 0x7F, 0x80, 0x30, 0x06, 0x00, 0x00, 0x00, 0x00, 0x00, 0x00, 0x00, 0x00, 0x00, 0x00,
    0x00, 0x00, 0x00, 0x1F, 0xC0, 0x0C, 0x00, 0xC0, 0x19, 0xFF, 0x00, 0x60, 0x0C, 0x03, 0x1F, 0xC0,
    0x00, 0x00, 0x00, 0x00, 0x00, 0x00, 0x00, 0x00, 0x00, 0x00, 0x7F, 0xBF, 0xFF, 0xFF, 0x03, 0xC0,
    0xF0, 0x3C, 0x0F, 0x03, 0xC0, 0xF0, 0x3C, 0x0F, 0x03, 0xC0, 0xF0, 0x3C, 0x0C, 0x7F, 0xBF, 0xFF,
    0xF9, 0xC0, 0x38, 0x07, 0x00, 0xE0, 0x1C, 0x07, 0x03, 0x81, 0xC0, 0xE0, 0x70, 0x1F, 0xEF, 0xFD,
    0xFF, 0x00, 0x00, 0x00, 0x00, 0x00, 0x00, 0x00, 0x00, 0x00, 0x00, 0x00, 0x00, 0x00, 0x01, 0xFF,
    0x00, 0x00, 0x00, 0x00, 0x00, 0x00, 0x00, 0x00, 0x00, 0x00, 0x00, 0x00, 0x00, 0x00, 0x00, 0x00,
    0x00, 0x00, 0x00, 0x00, 0x00, 0x00, 0x01, 0xFF, 0x80, 0x00, 0x00, 0x0C, 0x01, 0x80, 0x30, 0x06,
    0x0F, 0xFC, 0x18, 0x03, 0x00, 0x60, 0x0C, 0x00, 0x00, 0x00, 0x00, 0x00, 0x00, 0x00, 0x00, 0x00,
    0x00, 0x00, 0x00, 0x06, 0x00, 0xC0, 0x18, 0x00, 0x00, 0x00, 0x0C, 0x01, 0x80, 0x30, 0x06, 0x0F,
    0xFC, 0x18, 0x03, 0x00, 0x60, 0x0C, 0x00, 0x00, 0x00, 0x00, 0x00, 0x00, 0x00, 0x00, 0x00, 0x00,
    0x00, 0x00, 0x00, 0x00, 0x00, 0x00, 0x00, 0x30, 0x0C, 0x03, 0x00, 0xC0, 0x30, 0x0C, 0x03, 0x00,
    0xC0, 0x30, 0x00, 0x00, 0x00, 0x00, 0x00, 0x00, 0x00, 0x00, 0x00, 0x00, 0x00, 0x00, 0x00, 0x00,
    0x00, 0x00, 0x00, 0x00, 0x00, 0x30, 0x03, 0x00, 0x30, 0x03, 0x00, 0x30, 0x03, 0x00, 0x30, 0x03,
    0x00, 0x30, 0x00, 0x00, 0x00, 0x00, 0x00, 0x00, 0x00, 0x00, 0x00, 0x00, 0x00, 0x00, 0x00, 0x00,
    0x00, 0x00, 0x00, 0x00, 0x00, 0x00, 0x00, 0x00, 0x01, 0x80, 0x78, 0x0F, 0x00, 0xC0, 0x00, 0x00,
    0x00, 0x00, 0x00, 0x00, 0x00, 0x00, 0x00, 0x00, 0x00, 0x00, 0x00, 0x00, 0x00, 0x38, 0x07, 0x00,
    0xC0, 0x18, 0x03, 0x00, 0x60, 0x0C, 0x01, 0x8C, 0x31, 0x86, 0x30, 0xC3, 0x18, 0x33, 0x03, 0x60,
    0x3C, 0x03, 0x80, 0x00, 0x00, 0x00, 0x00, 0x00, 0x00, 0x00, 0x00, 0x00, 0x00, 0x00, 0x00, 0x00,
    0x00, 0x00, 0x00, 0x03, 0xFC, 0xCC, 0xD9, 0x9B, 0x33, 0x66, 0x6C, 0xCC, 0xFF, 0x00, 0x00, 0x00,
    0x00, 0x00, 0x00, 0x00, 0x00, 0x00, 0x00, 0x00, 0x00, 0x00, 0x00, 0x00, 0x00, 0x00, 0x00, 0x00,
    0x00, 0x18, 0x03, 0x00, 0x60, 0x0C, 0x01, 0x80, 0x30, 0x06, 0x00, 0xFF, 0x80, 0x00, 0x00, 0x00,
    0x00, 0x00, 0x00, 0x00, 0x00, 0x00, 0x00, 0x00, 0x00, 0x00, 0x00, 0x00, 0x0D, 0x81, 0xB0, 0x36,
    0x06, 0xC0, 0xD8, 0x1B, 0x03, 0x60, 0x6C, 0x0D, 0x81, 0xB0, 0x36, 0x06, 0xC0, 0xD8, 0x1B, 0x00,
    0x00, 0x00, 0x00, 0x00, 0x00, 0x00, 0x00, 0x00, 0x00, 0x00, 0x00, 0x00, 0x00, 0x00, 0x00, 0x00,
    0x00, 0x60, 0x0C, 0x03, 0xC0, 0x78, 0x19, 0x83, 0x30, 0xC3, 0x18, 0x66, 0x06, 0xC0, 0xC0, 0x00,
    0x00, 0x00, 0x00, 0x00, 0x00, 0x00, 0x00, 0x00, 0x00, 0x00, 0x00, 0x00, 0x00, 0x00, 0x00, 0x06,
    0x06, 0xC0, 0xCC, 0x31, 0x86, 0x19, 0x83, 0x30, 0x3C, 0x07, 0x80, 0x60, 0x0C, 0x00, 0x00, 0x00,
    0x00, 0x00, 0x00, 0x00, 0x00, 0x00, 0x00, 0x00, 0x00, 0x00, 0x00, 0x00, 0x00, 0x07, 0xC1, 0x8C,
    0x60, 0xCC, 0x19, 0x83, 0x30, 0x66, 0x0C, 0xC1, 0x98, 0x33, 0x06, 0x60, 0xC0, 0x00, 0x00, 0x00,
    0x00, 0x00, 0x00, 0x00, 0x00, 0x00, 0x00, 0x00, 0x00, 0x00, 0x00, 0x00, 0x18, 0x33, 0x06, 0x60,
    0xCC, 0x19, 0x83, 0x30, 0x66, 0x0C, 0xC1, 0x98, 0x31, 0x8C, 0x1F, 0x00, 0x00, 0x00, 0x00, 0x00,
    0x00, 0x00, 0x00, 0x1E, 0x3C, 0x61, 0xC3, 0x87, 0x0E, 0x1C, 0x38, 0x70, 0xE1, 0xC3, 0x87, 0x0E,
    0x38, 0xF0, 0x1F, 0x80, 0x07, 0xE0, 0x00, 0x00, 0x00, 0x00, 0x00, 0x00, 0x00, 0x00, 0x00, 0x01,
    0xC6, 0x6E, 0xCC, 0x70, 0x00, 0x1C, 0x66, 0xEC, 0xC7, 0x00, 0x00, 0x00, 0x00, 0x00, 0x00, 0x00,
    0x00, 0x00, 0x00, 0x00, 0x00, 0x00, 0x00, 0x00, 0x00, 0x00, 0x00, 0x00, 0x00, 0x00, 0x33, 0xFE,
    0x03, 0x00, 0xC0, 0x30, 0x0C, 0x07, 0xFC, 0xC0, 0x00, 0x00, 0x00, 0x00, 0x00, 0x00, 0x00, 0x00,
    0x00, 0x00, 0x00, 0x00, 0x00, 0x00, 0x00, 0x00, 0x00, 0x00, 0x00, 0x00, 0x1F, 0xF0, 0x00, 0x00,
    0x00, 0x01, 0xFF, 0x00, 0x00, 0x00, 0x00, 0x1F, 0xF0, 0x00, 0x00, 0x00, 0x00, 0x00, 0x00, 0x00,
    0x00, 0x00, 0x00, 0x00, 0x00, 0x00, 0x00, 0x00, 0xC0, 0x30, 0x0C, 0x03, 0x00, 0xC0, 0x30, 0x06,
    0x00, 0x60, 0x06, 0x00, 0x60, 0x06, 0x00, 0x60, 0x00, 0x7F, 0xC0, 0x00, 0x00, 0x00, 0x00, 0x00,
    0x00, 0x00, 0x00, 0x00, 0x00, 0x00, 0x18, 0x01, 0x80, 0x18, 0x01, 0x80, 0x18, 0x01, 0x80, 0x30,
    0x0C, 0x03, 0x00, 0xC0, 0x30, 0x0C, 0x00, 0x00, 0x7F, 0xC0, 0x00, 0x00, 0x00, 0x00, 0x00, 0x00,
    0x00, 0x00, 0x00, 0x00, 0x00, 0x00, 0x00, 0x66, 0x19, 0x86, 0x61, 0x98, 0x66, 0x19, 0x83, 0x30,
    0x33, 0x03, 0x30, 0x33, 0x03, 0x30, 0x33, 0x00, 0x00, 0x00, 0x00, 0x00, 0x00, 0x00, 0x00, 0x00,
    0x00, 0x00, 0x00, 0x00, 0x00, 0x0C, 0xC0, 0xCC, 0x0C, 0xC0, 0xCC, 0x0C, 0xC0, 0xCC, 0x19, 0x86,
    0x61, 0x98, 0x66, 0x19, 0x86, 0x60, 0x00, 0x00, 0x00, 0x00, 0x00, 0x00, 0x00, 0x00, 0x00, 0x00,
    0x00, 0x00, 0x00, 0x00, 0x00, 0x00, 0x3F, 0x8C, 0x03, 0x00, 0xC0, 0x18, 0x03, 0x00, 0x60, 0x06,
    0x00, 0x60, 0x07, 0xF0, 0x00, 0x00, 0x00, 0x00, 0x00, 0x00, 0x00, 0x00, 0x00, 0x00, 0x00, 0x00,
    0x00, 0x00, 0x00, 0x00, 0x01, 0xFC, 0x00, 0xC0, 0x0C, 0x00, 0xC0, 0x18, 0x03, 0x00, 0x60, 0x18,
    0x06, 0x3F, 0x80, 0x00, 0x00, 0x00, 0x00, 0x00, 0x00, 0x00, 0x00, 0x00, 0x00, 0x00, 0x00, 0x00,
    0x00, 0x00, 0x01, 0xFC, 0x60, 0x18, 0x06, 0x00, 0xC0, 0x18, 0x03, 0x00, 0x30, 0x03, 0x00, 0x3F,
    0x80, 0x00, 0x00, 0xFF, 0xC0, 0x00, 0x00, 0x00, 0x00, 0x00, 0x00, 0x00, 0x00, 0x00, 0x00, 0x00,
    0x00, 0x0F, 0xE0, 0x06, 0x00, 0x60, 0x06, 0x00, 0xC0, 0x18, 0x03, 0x00, 0xC0, 0x31, 0xFC, 0x00,
    0x00, 0x00, 0xFF, 0xC0, 0x00, 0x00, 0x00, 0x00, 0x00, 0x00, 0x00, 0x00, 0x7C, 0x00, 0x07, 0xFF,
    0x00, 0x1F, 0x1F, 0x80, 0xF0, 0x07, 0x81, 0x80, 0x03, 0x86, 0x00, 0x03, 0x1C, 0x06, 0x03, 0x30,
    0x0C, 0x06, 0xE0, 0x18, 0x07, 0x80, 0x30, 0x0F, 0x00, 0x60, 0x1E, 0x1F, 0xFC, 0x3C, 0x3F, 0xF8,
    0x78, 0x03, 0x00, 0xF0, 0x06, 0x01, 0xF0, 0x0C, 0x03, 0x60, 0x18, 0x0C, 0xE0, 0x20, 0x38, 0xE0,
    0x00, 0x60, 0xE0, 0x01, 0xC0, 0xE0, 0x0F, 0x00, 0xFC, 0xF8, 0x00, 0xFF, 0xE0, 0x00, 0x3E, 0x00,
    0x00, 0x7C, 0x00, 0x07, 0xFF, 0x00, 0x1F, 0x1F, 0x80, 0xF0, 0x07, 0x81, 0x80, 0x03, 0x86, 0x00,
    0x03, 0x1C, 0x00, 0x03, 0x30, 0x00, 0x06, 0xE0, 0x00, 0x07, 0x80, 0x00, 0x0F, 0x00, 0x00, 0x1E,
    0x07, 0xF8, 0x3C, 0x1F, 0xF0, 0x78, 0x00, 0x00, 0xF0, 0x00, 0x01, 0xF0, 0x00, 0x03, 0x60, 0x00,
    0x0C, 0xE0, 0x00, 0x38, 0xE0, 0x00, 0x60, 0xE0, 0x01, 0xC0, 0xE0, 0x0F, 0x00, 0xFC, 0xF8, 0x00,
    0xFF, 0xE0, 0x00, 0x3E, 0x00, 0x00, 0x7C, 0x00, 0x07, 0xFF, 0x00, 0x1F, 0x1F, 0x80, 0xF0, 0x07,
    0x81, 0x80, 0x03, 0x86, 0x00, 0x03, 0x1C, 0x00, 0x03, 0x30, 0x00, 0x06, 0xE0, 0x82, 0x07, 0x81,
    0x8E, 0x0F, 0x03, 0xB8, 0x1E, 0x03, 0xE0, 0x3C, 0x03, 0x80, 0x78, 0x0F, 0x80, 0xF0, 0x3B, 0x81,
    0xF0, 0x63, 0x03, 0x60, 0x00, 0x0C, 0xE0, 0x00, 0x38, 0xE0, 0x00, 0x60, 0xE0, 0x01, 0xC0, 0xE0,
    0x0F, 0x00, 0xFC, 0xF8, 0x00, 0xFF, 0xE0, 0x00, 0x3E, 0x00, 0x00, 0x7C, 0x00, 0x07, 0xFF, 0x00,
    0x1F, 0x1F, 0x80, 0xF0, 0x07, 0x81, 0x80, 0x03, 0x86, 0x00, 0x03, 0x1C, 0x00, 0x03, 0x30, 0x01,
    0x86, 0xE0, 0x07, 0x07, 0x80, 0x1C, 0x0F, 0x00, 0x70, 0x1E, 0x00, 0xC0, 0x3C, 0x03, 0x00, 0x78,
    0x0E, 0x00, 0xF0, 0x38, 0x01, 0xF0, 0xE0, 0x03, 0x61, 0x80, 0x0C, 0xE0, 0x00, 0x38, 0xE0, 0x00,
    0x60, 0xE0, 0x01, 0xC0, 0xE0, 0x0F, 0x00, 0xFC, 0xF8, 0x00, 0xFF, 0xE0, 0x00, 0x3E, 0x00, 0x00,
    0x00, 0x00, 0x00, 0x00, 0x00, 0x00, 0x00, 0x03, 0x00, 0x60, 0x0C, 0x01, 0x80, 0x30, 0x06, 0x00,
    0xC0, 0x18, 0x03, 0x00, 0x60, 0xFF, 0xC0, 0x00, 0x00, 0x00, 0x00, 0x00, 0x00, 0x00, 0x00, 0x00,
    0x00, 0x00, 0x0F, 0x83, 0x18, 0xC1, 0x98, 0x33, 0x06, 0x60, 0xCC, 0x19, 0x83, 0x30, 0x66, 0x0C,
    0xC1, 0x98, 0x33, 0x06, 0x60, 0xC0, 0x00, 0x00, 0x00, 0x00, 0x00, 0x00, 0x00, 0x00, 0x00, 0x00,
    0x00, 0x30, 0x66, 0x0C, 0xC1, 0x98, 0x33, 0x06, 0x60, 0xCC, 0x19, 0x83, 0x30, 0x66, 0x0C, 0xC1,
    0x98, 0x31, 0x8C, 0x1F, 0x00, 0x00, 0x00, 0x00, 0x00, 0x00, 0x00, 0x00, 0x00, 0x00, 0x00, 0x00,
    0x3F, 0xE6, 0x0C, 0xC1, 0x98, 0x33, 0x06, 0x60, 0xCC, 0x19, 0x83, 0x30, 0x66, 0x0C, 0xC1, 0x98,
    0x33, 0x06, 0x7F, 0xC0, 0x00, 0x00, 0x00, 0x00, 0x00, 0x00, 0x00,
};

static const EpdGlyph inter_8_regularGlyphs[] = {
    { 0, 0, 0, 0, 0, 0, 0 }, // U+0000
    { 0, 0, 0, 0, 0, 0, 0 }, // U+0001
    { 0, 0, 0, 0, 0, 0, 0 }, // U+0002
    { 0, 0, 0, 0, 0, 0, 0 }, // U+0003
    { 0, 0, 0, 0, 0, 0, 0 }, // U+0004
    { 0, 0, 0, 0, 0, 0, 0 }, // U+0005
    { 0, 0, 0, 0, 0, 0, 0 }, // U+0006
    { 0, 0, 0, 0, 0, 0, 0 }, // U+0007
    { 0, 0, 0, 0, 0, 0, 0 }, // U+0008
    { 0, 0, 0, 0, 0, 0, 0 }, // U+0009
    { 0, 0, 0, 0, 0, 0, 0 }, // U+000A
    { 0, 0, 0, 0, 0, 0, 0 }, // U+000B
    { 0, 0, 0, 0, 0, 0, 0 }, // U+000C
    { 0, 0, 0, 0, 0, 0, 0 }, // U+000D
    { 0, 0, 0, 0, 0, 0, 0 }, // U+000E
    { 0, 0, 0, 0, 0, 0, 0 }, // U+000F
    { 0, 0, 0, 0, 0, 0, 0 }, // U+0010
    { 0, 0, 0, 0, 0, 0, 0 }, // U+0011
    { 0, 0, 0, 0, 0, 0, 0 }, // U+0012
    { 0, 0, 0, 0, 0, 0, 0 }, // U+0013
    { 0, 0, 0, 0, 0, 0, 0 }, // U+0014
    { 0, 0, 0, 0, 0, 0, 0 }, // U+0015
    { 0, 0, 0, 0, 0, 0, 0 }, // U+0016
    { 0, 0, 0, 0, 0, 0, 0 }, // U+0017
    { 0, 0, 0, 0, 0, 0, 0 }, // U+0018
    { 0, 0, 0, 0, 0, 0, 0 }, // U+0019
    { 0, 0, 0, 0, 0, 0, 0 }, // U+001A
    { 0, 0, 0, 0, 0, 0, 0 }, // U+001B
    { 0, 0, 0, 0, 0, 0, 0 }, // U+001C
    { 0, 0, 0, 0, 0, 0, 0 }, // U+001D
    { 0, 0, 0, 0, 0, 0, 0 }, // U+001E
    { 0, 0, 0, 0, 0, 0, 0 }, // U+001F
    { 11, 22, 176, 0, 17, 31, 0 }, // U+0020
    { 11, 22, 176, 0, 17, 31, 31 }, // !
    { 11, 22, 176, 0, 17, 31, 62 }, // "
    { 11, 22, 176, 0, 17, 31, 93 }, // #
    { 11, 22, 176, 0, 17, 31, 124 }, // $
    { 11, 22, 176, 0, 17, 31, 155 }, // %
    { 11, 22, 176, 0, 17, 31, 186 }, // &
    { 11, 22, 176, 0, 17, 31, 217 }, // '
    { 11, 22, 176, 0, 17, 31, 248 }, // (
    { 11, 22, 176, 0, 17, 31, 279 }, // )
    { 11, 22, 176, 0, 17, 31, 310 }, // *
    { 11, 22, 176, 0, 17, 31, 341 }, // +
    { 11, 22, 176, 0, 17, 31, 372 }, // ,
    { 11, 22, 176, 0, 17, 31, 403 }, // -
    { 11, 22, 176, 0, 17, 31, 434 }, // .
    { 11, 22, 176, 0, 17, 31, 465 }, // /
    { 11, 22, 176, 0, 17, 31, 496 }, // 0
    { 11, 22, 176, 0, 17, 31, 527 }, // 1
    { 11, 22, 176, 0, 17, 31, 558 }, // 2
    { 11, 22, 176, 0, 17, 31, 589 }, // 3
    { 11, 22, 176, 0, 17, 31, 620 }, // 4
    { 11, 22, 176, 0, 17, 31, 651 }, // 5
    { 11, 22, 176, 0, 17, 31, 682 }, // 6
    { 11, 22, 176, 0, 17, 31, 713 }, // 7
    { 11, 22, 176, 0, 17, 31, 744 }, // 8
    { 11, 22, 176, 0, 17, 31, 775 }, // 9
    { 11, 22, 176, 0, 17, 31, 806 }, // :
    { 11, 22, 176, 0, 17, 31, 837 }, // ;
    { 11, 22, 176, 0, 17, 31, 868 }, // <
    { 11, 22, 176, 0, 17, 31, 899 }, // =
    { 11, 22, 176, 0, 17, 31, 930 }, // >
    { 11, 22, 176, 0, 17, 31, 961 }, // ?
    { 11, 22, 176, 0, 17, 31, 992 }, // @
    { 11, 22, 176, 0, 17, 31, 1023 }, // A
    { 11, 22, 176, 0, 17, 31, 1054 }, // B
    { 11, 22, 176, 0, 17, 31, 1085 }, // C
    { 11, 22, 176, 0, 17, 31, 1116 }, // D
    { 11, 22, 176, 0, 17, 31, 1147 }, // E
    { 11, 22, 176, 0, 17, 31, 1178 }, // F
    { 11, 22, 176, 0, 17, 31, 1209 }, // G
    { 11, 22, 176, 0, 17, 31, 1240 }, // H
    { 11, 22, 176, 0, 17, 31, 1271 }, // I
    { 11, 22, 176, 0, 17, 31, 1302 }, // J
    { 11, 22, 176, 0, 17, 31, 1333 }, // K
    { 11, 22, 176, 0, 17, 31, 1364 }, // L
    { 11, 22, 176, 0, 17, 31, 1395 }, // M
    { 11, 22, 176, 0, 17, 31, 1426 }, // N
    { 11, 22, 176, 0, 17, 31, 1457 }, // O
    { 11, 22, 176, 0, 17, 31, 1488 }, // P
    { 11, 22, 176, 0, 17, 31, 1519 }, // Q
    { 11, 22, 176, 0, 17, 31, 1550 }, // R
    { 11, 22, 176, 0, 17, 31, 1581 }, // S
    { 11, 22, 176, 0, 17, 31, 1612 }, // T
    { 11, 22, 176, 0, 17, 31, 1643 }, // U
    { 11, 22, 176, 0, 17, 31, 1674 }, // V
    { 11, 22, 176, 0, 17, 31, 1705 }, // W
    { 11, 22, 176, 0, 17, 31, 1736 }, // X
    { 11, 22, 176, 0, 17, 31, 1767 }, // Y
    { 11, 22, 176, 0, 17, 31, 1798 }, // Z
    { 11, 22, 176, 0, 17, 31, 1829 }, // [
    { 11, 22, 176, 0, 17, 31, 1860 }, // <backslash>
    { 11, 22, 176, 0, 17, 31, 1891 }, // ]
    { 11, 22, 176, 0, 17, 31, 1922 }, // ^
    { 11, 22, 176, 0, 17, 31, 1953 }, // _
    { 11, 22, 176, 0, 17, 31, 1984 }, // `
    { 11, 22, 176, 0, 17, 31, 2015 }, // a
    { 11, 22, 176, 0, 17, 31, 2046 }, // b
    { 11, 22, 176, 0, 17, 31, 2077 }, // c
    { 11, 22, 176, 0, 17, 31, 2108 }, // d
    { 11, 22, 176, 0, 17, 31, 2139 }, // e
    { 11, 22, 176, 0, 17, 31, 2170 }, // f
    { 11, 22, 176, 0, 17, 31, 2201 }, // g
    { 11, 22, 176, 0, 17, 31, 2232 }, // h
    { 11, 22, 176, 0, 17, 31, 2263 }, // i
    { 11, 22, 176, 0, 17, 31, 2294 }, // j
    { 11, 22, 176, 0, 17, 31, 2325 }, // k
    { 11, 22, 176, 0, 17, 31, 2356 }, // l
    { 11, 22, 176, 0, 17, 31, 2387 }, // m
    { 11, 22, 176, 0, 17, 31, 2418 }, // n
    { 11, 22, 176, 0, 17, 31, 2449 }, // o
    { 11, 22, 176, 0, 17, 31, 2480 }, // p
    { 11, 22, 176, 0, 17, 31, 2511 }, // q
    { 11, 22, 176, 0, 17, 31, 2542 }, // r
    { 11, 22, 176, 0, 17, 31, 2573 }, // s
    { 11, 22, 176, 0, 17, 31, 2604 }, // t
    { 11, 22, 176, 0, 17, 31, 2635 }, // u
    { 11, 22, 176, 0, 17, 31, 2666 }, // v
    { 11, 22, 176, 0, 17, 31, 2697 }, // w
    { 11, 22, 176, 0, 17, 31, 2728 }, // x
    { 11, 22, 176, 0, 17, 31, 2759 }, // y
    { 11, 22, 176, 0, 17, 31, 2790 }, // z
    { 11, 22, 176, 0, 17, 31, 2821 }, // {
    { 11, 22, 176, 0, 17, 31, 2852 }, // |
    { 11, 22, 176, 0, 17, 31, 2883 }, // }
    { 11, 22, 176, 0, 17, 31, 2914 }, // ~
    { 0, 0, 0, 0, 0, 0, 2945 }, // U+007F
    { 0, 0, 0, 0, 0, 0, 2945 }, // U+0080
    { 0, 0, 0, 0, 0, 0, 2945 }, // U+0081
    { 0, 0, 0, 0, 0, 0, 2945 }, // U+0082
    { 0, 0, 0, 0, 0, 0, 2945 }, // U+0083
    { 0, 0, 0, 0, 0, 0, 2945 }, // U+0084
    { 0, 0, 0, 0, 0, 0, 2945 }, // U+0085
    { 0, 0, 0, 0, 0, 0, 2945 }, // U+0086
    { 0, 0, 0, 0, 0, 0, 2945 }, // U+0087
    { 0, 0, 0, 0, 0, 0, 2945 }, // U+0088
    { 0, 0, 0, 0, 0, 0, 2945 }, // U+0089
    { 0, 0, 0, 0, 0, 0, 2945 }, // U+008A
    { 0, 0, 0, 0, 0, 0, 2945 }, // U+008B
    { 0, 0, 0, 0, 0, 0, 2945 }, // U+008C
    { 0, 0, 0, 0, 0, 0, 2945 }, // U+008D
    { 0, 0, 0, 0, 0, 0, 2945 }, // U+008E
    { 0, 0, 0, 0, 0, 0, 2945 }, // U+008F
    { 0, 0, 0, 0, 0, 0, 2945 }, // U+0090
    { 0, 0, 0, 0, 0, 0, 2945 }, // U+0091
    { 0, 0, 0, 0, 0, 0, 2945 }, // U+0092
    { 0, 0, 0, 0, 0, 0, 2945 }, // U+0093
    { 0, 0, 0, 0, 0, 0, 2945 }, // U+0094
    { 0, 0, 0, 0, 0, 0, 2945 }, // U+0095
    { 0, 0, 0, 0, 0, 0, 2945 }, // U+0096
    { 0, 0, 0, 0, 0, 0, 2945 }, // U+0097
    { 0, 0, 0, 0, 0, 0, 2945 }, // U+0098
    { 0, 0, 0, 0, 0, 0, 2945 }, // U+0099
    { 0, 0, 0, 0, 0, 0, 2945 }, // U+009A
    { 0, 0, 0, 0, 0, 0, 2945 }, // U+009B
    { 0, 0, 0, 0, 0, 0, 2945 }, // U+009C
    { 0, 0, 0, 0, 0, 0, 2945 }, // U+009D
    { 0, 0, 0, 0, 0, 0, 2945 }, // U+009E
    { 0, 0, 0, 0, 0, 0, 2945 }, // U+009F
    { 11, 22, 176, 0, 17, 31, 2945 }, // U+00A0
    { 11, 22, 176, 0, 17, 31, 2976 }, // U+00A1
    { 11, 22, 176, 0, 17, 31, 3007 }, // U+00A2
    { 11, 22, 176, 0, 17, 31, 3038 }, // U+00A3
    { 11, 22, 176, 0, 17, 31, 3069 }, // U+00A4
    { 11, 22, 176, 0, 17, 31, 3100 }, // U+00A5
    { 11, 22, 176, 0, 17, 31, 3131 }, // U+00A6
    { 11, 22, 176, 0, 17, 31, 3162 }, // U+00A7
    { 11, 22, 176, 0, 17, 31, 3193 }, // U+00A8
    { 11, 22, 176, 0, 17, 31, 3224 }, // U+00A9
    { 11, 22, 176, 0, 17, 31, 3255 }, // U+00AA
    { 11, 22, 176, 0, 17, 31, 3286 }, // U+00AB
    { 11, 22, 176, 0, 17, 31, 3317 }, // U+00AC
    { 0, 0, 0, 0, 0, 0, 3348 }, // U+00AD
    { 11, 22, 176, 0, 17, 31, 3348 }, // U+00AE
    { 11, 22, 176, 0, 17, 31, 3379 }, // U+00AF
    { 11, 22, 176, 0, 17, 31, 3410 }, // U+00B0
    { 11, 22, 176, 0, 17, 31, 3441 }, // U+00B1
    { 11, 22, 176, 0, 17, 31, 3472 }, // U+00B2
    { 11, 22, 176, 0, 17, 31, 3503 }, // U+00B3
    { 11, 22, 176, 0, 17, 31, 3534 }, // U+00B4
    { 11, 22, 176, 0, 17, 31, 3565 }, // U+00B5
    { 11, 22, 176, 0, 17, 31, 3596 }, // U+00B6
    { 11, 22, 176, 0, 17, 31, 3627 }, // U+00B7
    { 11, 22, 176, 0, 17, 31, 3658 }, // U+00B8
    { 11, 22, 176, 0, 17, 31, 3689 }, // U+00B9
    { 11, 22, 176, 0, 17, 31, 3720 }, // U+00BA
    { 11, 22, 176, 0, 17, 31, 3751 }, // U+00BB
    { 11, 22, 176, 0, 17, 31, 3782 }, // U+00BC
    { 11, 22, 176, 0, 17, 31, 3813 }, // U+00BD
    { 11, 22, 176, 0, 17, 31, 3844 }, // U+00BE
    { 11, 22, 176, 0, 17, 31, 3875 }, // U+00BF
    { 11, 22, 176, 0, 17, 31, 3906 }, // U+00C0
    { 11, 22, 176, 0, 17, 31, 3937 }, // U+00C1
    { 11, 22, 176, 0, 17, 31, 3968 }, // U+00C2
    { 11, 22, 176, 0, 17, 31, 3999 }, // U+00C3
    { 11, 22, 176, 0, 17, 31, 4030 }, // U+00C4
    { 11, 22, 176, 0, 17, 31, 4061 }, // U+00C5
    { 11, 22, 176, 0, 17, 31, 4092 }, // U+00C6
    { 11, 22, 176, 0, 17, 31, 4123 }, // U+00C7
    { 11, 22, 176, 0, 17, 31, 4154 }, // U+00C8
    { 11, 22, 176, 0, 17, 31, 4185 }, // U+00C9
    { 11, 22, 176, 0, 17, 31, 4216 }, // U+00CA
    { 11, 22, 176, 0, 17, 31, 4247 }, // U+00CB
    { 11, 22, 176, 0, 17, 31, 4278 }, // U+00CC
    { 11, 22, 176, 0, 17, 31, 4309 }, // U+00CD
    { 11, 22, 176, 0, 17, 31, 4340 }, // U+00CE
    { 11, 22, 176, 0, 17, 31, 4371 }, // U+00CF
    { 11, 22, 176, 0, 17, 31, 4402 }, // U+00D0
    { 11, 22, 176, 0, 17, 31, 4433 }, // U+00D1
    { 11, 22, 176, 0, 17, 31, 4464 }, // U+00D2
    { 11, 22, 176, 0, 17, 31, 4495 }, // U+00D3
    { 11, 22, 176, 0, 17, 31, 4526 }, // U+00D4
    { 11, 22, 176, 0, 17, 31, 4557 }, // U+00D5
    { 11, 22, 176, 0, 17, 31, 4588 }, // U+00D6
    { 11, 22, 176, 0, 17, 31, 4619 }, // U+00D7
    { 11, 22, 176, 0, 17, 31, 4650 }, // U+00D8
    { 11, 22, 176, 0, 17, 31, 4681 }, // U+00D9
    { 11, 22, 176, 0, 17, 31, 4712 }, // U+00DA
    { 11, 22, 176, 0, 17, 31, 4743 }, // U+00DB
    { 11, 22, 176, 0, 17, 31, 4774 }, // U+00DC
    { 11, 22, 176, 0, 17, 31, 4805 }, // U+00DD
    { 11, 22, 176, 0, 17, 31, 4836 }, // U+00DE
    { 11, 22, 176, 0, 17, 31, 4867 }, // U+00DF
    { 11, 22, 176, 0, 17, 31, 4898 }, // U+00E0
    { 11, 22, 176, 0, 17, 31, 4929 }, // U+00E1
    { 11, 22, 176, 0, 17, 31, 4960 }, // U+00E2
    { 11, 22, 176, 0, 17, 31, 4991 }, // U+00E3
    { 11, 22, 176, 0, 17, 31, 5022 }, // U+00E4
    { 11, 22, 176, 0, 17, 31, 5053 }, // U+00E5
    { 11, 22, 176, 0, 17, 31, 5084 }, // U+00E6
    { 11, 22, 176, 0, 17, 31, 5115 }, // U+00E7
    { 11, 22, 176, 0, 17, 31, 5146 }, // U+00E8
    { 11, 22, 176, 0, 17, 31, 5177 }, // U+00E9
    { 11, 22, 176, 0, 17, 31, 5208 }, // U+00EA
    { 11, 22, 176, 0, 17, 31, 5239 }, // U+00EB
    { 11, 22, 176, 0, 17, 31, 5270 }, // U+00EC
    { 11, 22, 176, 0, 17, 31, 5301 }, // U+00ED
    { 11, 22, 176, 0, 17, 31, 5332 }, // U+00EE
    { 11, 22, 176, 0, 17, 31, 5363 }, // U+00EF
    { 11, 22, 176, 0, 17, 31, 5394 }, // U+00F0
    { 11, 22, 176, 0, 17, 31, 5425 }, // U+00F1
    { 11, 22, 176, 0, 17, 31, 5456 }, // U+00F2
    { 11, 22, 176, 0, 17, 31, 5487 }, // U+00F3
    { 11, 22, 176, 0, 17, 31, 5518 }, // U+00F4
    { 11, 22, 176, 0, 17, 31, 5549 }, // U+00F5
    { 11, 22, 176, 0, 17, 31, 5580 }, // U+00F6
    { 11, 22, 176, 0, 17, 31, 5611 }, // U+00F7
    { 11, 22, 176, 0, 17, 31, 5642 }, // U+00F8
    { 11, 22, 176, 0, 17, 31, 5673 }, // U+00F9
    { 11, 22, 176, 0, 17, 31, 5704 }, // U+00FA
    { 11, 22, 176, 0, 17, 31, 5735 }, // U+00FB
    { 11, 22, 176, 0, 17, 31, 5766 }, // U+00FC
    { 11, 22, 176, 0, 17, 31, 5797 }, // U+00FD
    { 11, 22, 176, 0, 17, 31, 5828 }, // U+00FE
    { 11, 22, 176, 0, 17, 31, 5859 }, // U+00FF
    { 11, 22, 176, 0, 17, 31, 5890 }, // U+0100
    { 11, 22, 176, 0, 17, 31, 5921 }, // U+0101
    { 11, 22, 176, 0, 17, 31, 5952 }, // U+0102
    { 11, 22, 176, 0, 17, 31, 5983 }, // U+0103
    { 11, 22, 176, 0, 17, 31, 6014 }, // U+0104
    { 11, 22, 176, 0, 17, 31, 6045 }, // U+0105
    { 11, 22, 176, 0, 17, 31, 6076 }, // U+0106
    { 11, 22, 176, 0, 17, 31, 6107 }, // U+0107
    { 11, 22, 176, 0, 17, 31, 6138 }, // U+0108
    { 11, 22, 176, 0, 17, 31, 6169 }, // U+0109
    { 11, 22, 176, 0, 17, 31, 6200 }, // U+010A
    { 11, 22, 176, 0, 17, 31, 6231 }, // U+010B
    { 11, 22, 176, 0, 17, 31, 6262 }, // U+010C
    { 11, 22, 176, 0, 17, 31, 6293 }, // U+010D
    { 11, 22, 176, 0, 17, 31, 6324 }, // U+010E
    { 11, 22, 176, 0, 17, 31, 6355 }, // U+010F
    { 11, 22, 176, 0, 17, 31, 6386 }, // U+0110
    { 11, 22, 176, 0, 17, 31, 6417 }, // U+0111
    { 11, 22, 176, 0, 17, 31, 6448 }, // U+0112
    { 11, 22, 176, 0, 17, 31, 6479 }, // U+0113
    { 11, 22, 176, 0, 17, 31, 6510 }, // U+0114
    { 11, 22, 176, 0, 17, 31, 6541 }, // U+0115
    { 11, 22, 176, 0, 17, 31, 6572 }, // U+0116
    { 11, 22, 176, 0, 17, 31, 6603 }, // U+0117
    { 11, 22, 176, 0, 17, 31, 6634 }, // U+0118
    { 11, 22, 176, 0, 17, 31, 6665 }, // U+0119
    { 11, 22, 176, 0, 17, 31, 6696 }, // U+011A
    { 11, 22, 176, 0, 17, 31, 6727 }, // U+011B
    { 11, 22, 176, 0, 17, 31, 6758 }, // U+011C
    { 11, 22, 176, 0, 17, 31, 6789 }, // U+011D
    { 11, 22, 176, 0, 17, 31, 6820 }, // U+011E
    { 11, 22, 176, 0, 17, 31, 6851 }, // U+011F
    { 11, 22, 176, 0, 17, 31, 6882 }, // U+0120
    { 11, 22, 176, 0, 17, 31, 6913 }, // U+0121
    { 11, 22, 176, 0, 17, 31, 6944 }, // U+0122
    { 11, 22, 176, 0, 17, 31, 6975 }, // U+0123
    { 11, 22, 176, 0, 17, 31, 7006 }, // U+0124
    { 11, 22, 176, 0, 17, 31, 7037 }, // U+0125
    { 11, 22, 176, 0, 17, 31, 7068 }, // U+0126
    { 11, 22, 176, 0, 17, 31, 7099 }, // U+0127
    { 11, 22, 176, 0, 17, 31, 7130 }, // U+0128
    { 11, 22, 176, 0, 17, 31, 7161 }, // U+0129
    { 11, 22, 176, 0, 17, 31, 7192 }, // U+012A
    { 11, 22, 176, 0, 17, 31, 7223 }, // U+012B
    { 11, 22, 176, 0, 17, 31, 7254 }, // U+012C
    { 11, 22, 176, 0, 17, 31, 7285 }, // U+012D
    { 11, 22, 176, 0, 17, 31, 7316 }, // U+012E
    { 11, 22, 176, 0, 17, 31, 7347 }, // U+012F
    { 11, 22, 176, 0, 17, 31, 7378 }, // U+0130
    { 11, 22, 176, 0, 17, 31, 7409 }, // U+0131
    { 11, 22, 176, 0, 17, 31, 7440 }, // U+0132
    { 11, 22, 176, 0, 17, 31, 7471 }, // U+0133
    { 11, 22, 176, 0, 17, 31, 7502 }, // U+0134
    { 11, 22, 176, 0, 17, 31, 7533 }, // U+0135
    { 11, 22, 176, 0, 17, 31, 7564 }, // U+0136
    { 11, 22, 176, 0, 17, 31, 7595 }, // U+0137
    { 11, 22, 176, 0, 17, 31, 7626 }, // U+0138
    { 11, 22, 176, 0, 17, 31, 7657 }, // U+0139
    { 11, 22, 176, 0, 17, 31, 7688 }, // U+013A
    { 11, 22, 176, 0, 17, 31, 7719 }, // U+013B
    { 11, 22, 176, 0, 17, 31, 7750 }, // U+013C
    { 11, 22, 176, 0, 17, 31, 7781 }, // U+013D
    { 11, 22, 176, 0, 17, 31, 7812 }, // U+013E
    { 11, 22, 176, 0, 17, 31, 7843 }, // U+013F
    { 11, 22, 176, 0, 17, 31, 7874 }, // U+0140
    { 11, 22, 176, 0, 17, 31, 7905 }, // U+0141
    { 11, 22, 176, 0, 17, 31, 7936 }, // U+0142
    { 11, 22, 176, 0, 17, 31, 7967 }, // U+0143
    { 11, 22, 176, 0, 17, 31, 7998 }, // U+0144
    { 11, 22, 176, 0, 17, 31, 8029 }, // U+0145
    { 11, 22, 176, 0, 17, 31, 8060 }, // U+0146
    { 11, 22, 176, 0, 17, 31, 8091 }, // U+0147
    { 11, 22, 176, 0, 17, 31, 8122 }, // U+0148
    { 11, 22, 176, 0, 17, 31, 8153 }, // U+0149
    { 11, 22, 176, 0, 17, 31, 8184 }, // U+014A
    { 11, 22, 176, 0, 17, 31, 8215 }, // U+014B
    { 11, 22, 176, 0, 17, 31, 8246 }, // U+014C
    { 11, 22, 176, 0, 17, 31, 8277 }, // U+014D
    { 11, 22, 176, 0, 17, 31, 8308 }, // U+014E
    { 11, 22, 176, 0, 17, 31, 8339 }, // U+014F
    { 11, 22, 176, 0, 17, 31, 8370 }, // U+0150
    { 11, 22, 176, 0, 17, 31, 8401 }, // U+0151
    { 11, 22, 176, 0, 17, 31, 8432 }, // U+0152
    { 11, 22, 176, 0, 17, 31, 8463 }, // U+0153
    { 11, 22, 176, 0, 17, 31, 8494 }, // U+0154
    { 11, 22, 176, 0, 17, 31, 8525 }, // U+0155
    { 11, 22, 176, 0, 17, 31, 8556 }, // U+0156
    { 11, 22, 176, 0, 17, 31, 8587 }, // U+0157
    { 11, 22, 176, 0, 17, 31, 8618 }, // U+0158
    { 11, 22, 176, 0, 17, 31, 8649 }, // U+0159
    { 11, 22, 176, 0, 17, 31, 8680 }, // U+015A
    { 11, 22, 176, 0, 17, 31, 8711 }, // U+015B
    { 11, 22, 176, 0, 17, 31, 8742 }, // U+015C
    { 11, 22, 176, 0, 17, 31, 8773 }, // U+015D
    { 11, 22, 176, 0, 17, 31, 8804 }, // U+015E
    { 11, 22, 176, 0, 17, 31, 8835 }, // U+015F
    { 11, 22, 176, 0, 17, 31, 8866 }, // U+0160
    { 11, 22, 176, 0, 17, 31, 8897 }, // U+0161
    { 11, 22, 176, 0, 17, 31, 8928 }, // U+0162
    { 11, 22, 176, 0, 17, 31, 8959 }, // U+0163
    { 11, 22, 176, 0, 17, 31, 8990 }, // U+0164
    { 11, 22, 176, 0, 17, 31, 9021 }, // U+0165
    { 11, 22, 176, 0, 17, 31, 9052 }, // U+0166
    { 11, 22, 176, 0, 17, 31, 9083 }, // U+0167
    { 11, 22, 176, 0, 17, 31, 9114 }, // U+0168
    { 11, 22, 176, 0, 17, 31, 9145 }, // U+0169
    { 11, 22, 176, 0, 17, 31, 9176 }, // U+016A
    { 11, 22, 176, 0, 17, 31, 9207 }, // U+016B
    { 11, 22, 176, 0, 17, 31, 9238 }, // U+016C
    { 11, 22, 176, 0, 17, 31, 9269 }, // U+016D
    { 11, 22, 176, 0, 17, 31, 9300 }, // U+016E
    { 11, 22, 176, 0, 17, 31, 9331 }, // U+016F
    { 11, 22, 176, 0, 17, 31, 9362 }, // U+0170
    { 11, 22, 176, 0, 17, 31, 9393 }, // U+0171
    { 11, 22, 176, 0, 17, 31, 9424 }, // U+0172
    { 11, 22, 176, 0, 17, 31, 9455 }, // U+0173
    { 11, 22, 176, 0, 17, 31, 9486 }, // U+0174
    { 11, 22, 176, 0, 17, 31, 9517 }, // U+0175
    { 11, 22, 176, 0, 17, 31, 9548 }, // U+0176
    { 11, 22, 176, 0, 17, 31, 9579 }, // U+0177
    { 11, 22, 176, 0, 17, 31, 9610 }, // U+0178
    { 11, 22, 176, 0, 17, 31, 9641 }, // U+0179
    { 11, 22, 176, 0, 17, 31, 9672 }, // U+017A
    { 11, 22, 176, 0, 17, 31, 9703 }, // U+017B
    { 11, 22, 176, 0, 17, 31, 9734 }, // U+017C
    { 11, 22, 176, 0, 17, 31, 9765 }, // U+017D
    { 11, 22, 176, 0, 17, 31, 9796 }, // U+017E
    { 11, 22, 176, 0, 17, 31, 9827 }, // U+017F
    { 12, 15, 202, 0, 14, 23, 9858 }, // U+01A0
    { 10, 12, 156, 0, 11, 15, 9881 }, // U+01A1
    { 12, 15, 196, 1, 14, 23, 9896 }, // U+01AF
    { 9, 12, 164, 1, 11, 14, 9919 }, // U+01B0
    { 19, 13, 334, 1, 13, 31, 9933 }, // U+01C5
    { 18, 14, 303, 0, 13, 32, 9964 }, // U+01C6
    { 17, 14, 299, 1, 13, 30, 9996 }, // U+01C7
    { 12, 17, 212, 1, 13, 26, 10026 }, // U+01C8
    { 6, 17, 125, 1, 13, 13, 10052 }, // U+01C9
    { 20, 14, 349, 1, 13, 35, 10065 }, // U+01CA
    { 15, 17, 261, 1, 13, 32, 10100 }, // U+01CB
    { 12, 17, 218, 1, 13, 26, 10132 }, // U+01CC
    { 11, 22, 176, 0, 17, 31, 10158 }, // U+01CD
    { 11, 22, 176, 0, 17, 31, 10189 }, // U+01CE
    { 11, 22, 176, 0, 17, 31, 10220 }, // U+01CF
    { 11, 22, 176, 0, 17, 31, 10251 }, // U+01D0
    { 11, 22, 176, 0, 17, 31, 10282 }, // U+01D1
    { 11, 22, 176, 0, 17, 31, 10313 }, // U+01D2
    { 11, 22, 176, 0, 17, 31, 10344 }, // U+01D3
    { 11, 22, 176, 0, 17, 31, 10375 }, // U+01D4
    { 10, 19, 196, 1, 18, 24, 10406 }, // U+01D5
    { 8, 16, 155, 1, 15, 16, 10430 }, // U+01D6
    { 10, 20, 196, 1, 19, 25, 10446 }, // U+01D7
    { 8, 17, 155, 1, 16, 17, 10471 }, // U+01D8
    { 10, 20, 196, 1, 19, 25, 10488 }, // U+01D9
    { 8, 17, 155, 1, 16, 17, 10513 }, // U+01DA
    { 10, 20, 196, 1, 19, 25, 10530 }, // U+01DB
    { 8, 17, 155, 1, 16, 17, 10555 }, // U+01DC
    { 9, 11, 153, 0, 10, 13, 10572 }, // U+01DD
    { 11, 18, 182, 0, 18, 25, 10585 }, // U+01DE
    { 8, 16, 147, 0, 15, 16, 10610 }, // U+01DF
    { 11, 18, 182, 0, 18, 25, 10626 }, // U+01E0
    { 8, 16, 147, 0, 15, 16, 10651 }, // U+01E1
    { 11, 22, 176, 0, 17, 31, 10667 }, // U+01E2
    { 11, 22, 176, 0, 17, 31, 10698 }, // U+01E3
    { 11, 22, 176, 0, 17, 31, 10729 }, // U+01E4
    { 11, 22, 176, 0, 17, 31, 10760 }, // U+01E5
    { 11, 22, 176, 0, 17, 31, 10791 }, // U+01E6
    { 11, 22, 176, 0, 17, 31, 10822 }, // U+01E7
    { 11, 22, 176, 0, 17, 31, 10853 }, // U+01E8
    { 11, 22, 176, 0, 17, 31, 10884 }, // U+01E9
    { 11, 22, 176, 0, 17, 31, 10915 }, // U+01EA
    { 11, 22, 176, 0, 17, 31, 10946 }, // U+01EB
    { 11, 22, 176, 0, 17, 31, 10977 }, // U+01EC
    { 11, 22, 176, 0, 17, 31, 11008 }, // U+01ED
    { 11, 22, 176, 0, 17, 31, 11039 }, // U+01EE
    { 11, 22, 176, 0, 17, 31, 11070 }, // U+01EF
    { 11, 22, 176, 0, 17, 31, 11101 }, // U+01F0
    { 21, 13, 357, 1, 13, 35, 11132 }, // U+01F1
    { 19, 13, 334, 1, 13, 31, 11167 }, // U+01F2
    { 18, 14, 303, 0, 13, 32, 11198 }, // U+01F3
    { 11, 22, 176, 0, 17, 31, 11230 }, // U+01F4
    { 11, 22, 176, 0, 17, 31, 11261 }, // U+01F5
    { 17, 14, 293, 1, 13, 30, 11292 }, // U+01F6
    { 10, 17, 168, 0, 13, 22, 11322 }, // U+01F7
    { 10, 16, 198, 1, 16, 20, 11344 }, // U+01F8
    { 8, 13, 155, 1, 13, 13, 11364 }, // U+01F9
    { 11, 19, 182, 0, 19, 27, 11377 }, // U+01FA
    { 8, 17, 147, 0, 16, 17, 11404 }, // U+01FB
    { 11, 22, 176, 0, 17, 31, 11421 }, // U+01FC
    { 11, 22, 176, 0, 17, 31, 11452 }, // U+01FD
    { 11, 22, 176, 0, 17, 31, 11483 }, // U+01FE
    { 11, 22, 176, 0, 17, 31, 11514 }, // U+01FF
    { 11, 16, 182, 0, 16, 22, 11545 }, // U+0200
    { 8, 14, 147, 0, 13, 14, 11567 }, // U+0201
    { 11, 16, 182, 0, 16, 22, 11581 }, // U+0202
    { 8, 14, 147, 0, 13, 14, 11603 }, // U+0203
    { 8, 16, 159, 1, 16, 16, 11617 }, // U+0204
    { 9, 14, 153, 0, 13, 16, 11633 }, // U+0205
    { 8, 16, 159, 1, 16, 16, 11649 }, // U+0206
    { 9, 14, 153, 0, 13, 16, 11665 }, // U+0207
    { 7, 16, 70, -2, 16, 14, 11681 }, // U+0208
    { 6, 13, 63, -2, 13, 10, 11695 }, // U+0209
    { 6, 16, 70, -1, 16, 12, 11705 }, // U+020A
    { 6, 13, 63, -1, 13, 10, 11717 }, // U+020B
    { 12, 17, 203, 0, 16, 26, 11727 }, // U+020C
    { 10, 14, 157, 0, 13, 18, 11753 }, // U+020D
    { 12, 17, 203, 0, 16, 26, 11771 }, // U+020E
    { 10, 14, 157, 0, 13, 18, 11797 }, // U+020F
    { 10, 16, 171, 1, 16, 20, 11815 }, // U+0210
    { 7, 13, 97, -1, 13, 12, 11835 }, // U+0211
    { 10, 16, 171, 1, 16, 20, 11847 }, // U+0212
    { 6, 13, 97, 0, 13, 10, 11867 }, // U+0213
    { 10, 17, 196, 1, 16, 22, 11877 }, // U+0214
    { 8, 14, 155, 1, 13, 14, 11899 }, // U+0215
    { 10, 17, 196, 1, 16, 22, 11913 }, // U+0216
    { 8, 14, 155, 1, 13, 14, 11935 }, // U+0217
    { 11, 22, 176, 0, 17, 31, 11949 }, // U+0218
    { 11, 22, 176, 0, 17, 31, 11980 }, // U+0219
    { 11, 22, 176, 0, 17, 31, 12011 }, // U+021A
    { 11, 22, 176, 0, 17, 31, 12042 }, // U+021B
    { 9, 17, 167, 1, 13, 20, 12073 }, // U+021C
    { 7, 14, 143, 1, 10, 13, 12093 }, // U+021D
    { 10, 16, 196, 1, 16, 20, 12106 }, // U+021E
    { 10, 16, 155, -1, 16, 20, 12126 }, // U+021F
    { 11, 22, 176, 0, 17, 31, 12146 }, // U+0300
    { 11, 22, 176, 0, 17, 31, 12177 }, // U+0301
    { 11, 22, 176, 0, 17, 31, 12208 }, // U+0302
    { 11, 22, 176, 0, 17, 31, 12239 }, // U+0303
    { 11, 22, 176, 0, 17, 31, 12270 }, // U+0304
    { 11, 22, 176, 0, 17, 31, 12301 }, // U+0305
    { 11, 22, 176, 0, 17, 31, 12332 }, // U+0306
    { 11, 22, 176, 0, 17, 31, 12363 }, // U+0307
    { 11, 22, 176, 0, 17, 31, 12394 }, // U+0308
    { 4, 3, 0, 0, 13, 2, 12425 }, // U+0309
    { 11, 22, 176, 0, 17, 31, 12427 }, // U+030A
    { 11, 22, 176, 0, 17, 31, 12458 }, // U+030B
    { 11, 22, 176, 0, 17, 31, 12489 }, // U+030C
    { 6, 3, 0, 1, 13, 3, 12520 }, // U+030F
    { 3, 6, 0, 3, 9, 3, 12523 }, // U+0313
    { 3, 6, 0, 3, 9, 3, 12526 }, // U+0315
    { 4, 4, 0, -4, 12, 2, 12529 }, // U+031B
    { 3, 3, 62, 0, -1, 2, 12531 }, // U+0323
    { 3, 4, 0, -7, -1, 2, 12533 }, // U+0326
    { 4, 5, 0, 1, 1, 3, 12535 }, // U+0327
    { 4, 5, 0, 0, 1, 3, 12538 }, // U+0328
    { 11, 22, 176, 0, 17, 31, 12541 }, // U+0329
    { 6, 3, 0, 0, -1, 3, 12572 }, // U+032C
    { 8, 12, 0, -9, 10, 12, 12575 }, // U+0337
    { 10, 14, 0, -10, 13, 18, 12587 }, // U+0338
    { 5, 3, 0, -7, 13, 2, 12605 }, // U+0342
    { 3, 5, 0, 0, 11, 2, 12607 }, // U+0343
    { 6, 4, 0, -8, 14, 3, 12609 }, // U+0346
    { 6, 4, 0, -8, -2, 3, 12612 }, // U+0347
    { 5, 4, 0, -7, 0, 3, 12615 }, // U+0348
    { 4, 5, 0, -7, 0, 3, 12618 }, // U+0349
    { 6, 4, 0, -8, 13, 3, 12621 }, // U+034A
    { 7, 7, 0, -9, 16, 7, 12624 }, // U+034B
    { 7, 4, 0, -8, 14, 4, 12631 }, // U+034C
    { 8, 5, 0, -9, 0, 5, 12635 }, // U+034D
    { 5, 5, 0, -7, 0, 4, 12640 }, // U+034E
    { 0, 0, 0, 0, 0, 0, 12644 }, // U+034F
    { 7, 7, 0, -8, 17, 7, 12644 }, // U+0350
    { 3, 4, 0, -6, 13, 2, 12651 }, // U+0351
    { 6, 5, 0, -8, 14, 4, 12653 }, // U+0352
    { 5, 5, 0, -7, 0, 4, 12657 }, // U+0353
    { 5, 5, 0, -7, 0, 4, 12661 }, // U+0354
    { 5, 5, 0, -6, 0, 4, 12665 }, // U+0355
    { 9, 5, 0, -8, 0, 6, 12669 }, // U+0356
    { 3, 5, 0, 0, 14, 2, 12675 }, // U+0357
    { 3, 3, 0, 0, 13, 2, 12677 }, // U+0358
    { 4, 5, 0, -7, 0, 3, 12679 }, // U+0359
    { 7, 4, 0, -8, 0, 4, 12682 }, // U+035A
    { 4, 5, 0, -7, 14, 3, 12686 }, // U+035B
    { 12, 4, 0, -6, 0, 6, 12689 }, // U+035C
    { 12, 4, 0, -6, 13, 6, 12695 }, // U+035D
    { 11, 3, 0, -10, 13, 5, 12701 }, // U+035E
    { 11, 3, 0, -10, -1, 5, 12706 }, // U+035F
    { 16, 3, 0, -8, 13, 6, 12711 }, // U+0360
    { 12, 4, 0, -6, 13, 6, 12717 }, // U+0361
    { 13, 5, 0, -6, 0, 9, 12723 }, // U+0362
    { 5, 6, 0, -7, 15, 4, 12732 }, // U+0363
    { 5, 6, 0, -7, 15, 4, 12736 }, // U+0364
    { 2, 7, 0, -6, 16, 2, 12740 }, // U+0365
    { 5, 6, 0, -7, 15, 4, 12742 }, // U+0366
    { 5, 6, 0, -7, 15, 4, 12746 }, // U+0367
    { 5, 6, 0, -7, 15, 4, 12750 }, // U+0368
    { 5, 8, 0, -7, 17, 5, 12754 }, // U+0369
    { 5, 8, 0, -7, 17, 5, 12759 }, // U+036A
    { 7, 6, 0, -8, 15, 6, 12764 }, // U+036B
    { 3, 6, 0, -6, 15, 3, 12770 }, // U+036C
    { 4, 7, 0, 0, 16, 4, 12773 }, // U+036D
    { 5, 6, 0, -7, 15, 4, 12777 }, // U+036E
    { 5, 6, 0, -7, 15, 4, 12781 }, // U+036F
    { 11, 22, 176, 0, 17, 31, 12785 }, // U+0400
    { 11, 22, 176, 0, 17, 31, 12816 }, // U+0401
    { 11, 22, 176, 0, 17, 31, 12847 }, // U+0402
    { 11, 22, 176, 0, 17, 31, 12878 }, // U+0403
    { 11, 22, 176, 0, 17, 31, 12909 }, // U+0404
    { 11, 22, 176, 0, 17, 31, 12940 }, // U+0405
    { 11, 22, 176, 0, 17, 31, 12971 }, // U+0406
    { 11, 22, 176, 0, 17, 31, 13002 }, // U+0407
    { 11, 22, 176, 0, 17, 31, 13033 }, // U+0408
    { 11, 22, 176, 0, 17, 31, 13064 }, // U+0409
    { 11, 22, 176, 0, 17, 31, 13095 }, // U+040A
    { 11, 22, 176, 0, 17, 31, 13126 }, // U+040B
    { 11, 22, 176, 0, 17, 31, 13157 }, // U+040C
    { 11, 22, 176, 0, 17, 31, 13188 }, // U+040D
    { 11, 22, 176, 0, 17, 31, 13219 }, // U+040E
    { 11, 22, 176, 0, 17, 31, 13250 }, // U+040F
    { 11, 22, 176, 0, 17, 31, 13281 }, // U+0410
    { 11, 22, 176, 0, 17, 31, 13312 }, // U+0411
    { 11, 22, 176, 0, 17, 31, 13343 }, // U+0412
    { 11, 22, 176, 0, 17, 31, 13374 }, // U+0413
    { 11, 22, 176, 0, 17, 31, 13405 }, // U+0414
    { 11, 22, 176, 0, 17, 31, 13436 }, // U+0415
    { 11, 22, 176, 0, 17, 31, 13467 }, // U+0416
    { 11, 22, 176, 0, 17, 31, 13498 }, // U+0417
    { 11, 22, 176, 0, 17, 31, 13529 }, // U+0418
    { 11, 22, 176, 0, 17, 31, 13560 }, // U+0419
    { 11, 22, 176, 0, 17, 31, 13591 }, // U+041A
    { 11, 22, 176, 0, 17, 31, 13622 }, // U+041B
    { 11, 22, 176, 0, 17, 31, 13653 }, // U+041C
    { 11, 22, 176, 0, 17, 31, 13684 }, // U+041D
    { 11, 22, 176, 0, 17, 31, 13715 }, // U+041E
    { 11, 22, 176, 0, 17, 31, 13746 }, // U+041F
    { 11, 22, 176, 0, 17, 31, 13777 }, // U+0420
    { 11, 22, 176, 0, 17, 31, 13808 }, // U+0421
    { 11, 22, 176, 0, 17, 31, 13839 }, // U+0422
    { 11, 22, 176, 0, 17, 31, 13870 }, // U+0423
    { 11, 22, 176, 0, 17, 31, 13901 }, // U+0424
    { 11, 22, 176, 0, 17, 31, 13932 }, // U+0425
    { 11, 22, 176, 0, 17, 31, 13963 }, // U+0426
    { 11, 22, 176, 0, 17, 31, 13994 }, // U+0427
    { 11, 22, 176, 0, 17, 31, 14025 }, // U+0428
    { 11, 22, 176, 0, 17, 31, 14056 }, // U+0429
    { 11, 22, 176, 0, 17, 31, 14087 }, // U+042A
    { 11, 22, 176, 0, 17, 31, 14118 }, // U+042B
    { 11, 22, 176, 0, 17, 31, 14149 }, // U+042C
    { 11, 22, 176, 0, 17, 31, 14180 }, // U+042D
    { 11, 22, 176, 0, 17, 31, 14211 }, // U+042E
    { 11, 22, 176, 0, 17, 31, 14242 }, // U+042F
    { 11, 22, 176, 0, 17, 31, 14273 }, // U+0430
    { 11, 22, 176, 0, 17, 31, 14304 }, // U+0431
    { 11, 22, 176, 0, 17, 31, 14335 }, // U+0432
    { 11, 22, 176, 0, 17, 31, 14366 }, // U+0433
    { 11, 22, 176, 0, 17, 31, 14397 }, // U+0434
    { 11, 22, 176, 0, 17, 31, 14428 }, // U+0435
    { 11, 22, 176, 0, 17, 31, 14459 }, // U+0436
    { 11, 22, 176, 0, 17, 31, 14490 }, // U+0437
    { 11, 22, 176, 0, 17, 31, 14521 }, // U+0438
    { 11, 22, 176, 0, 17, 31, 14552 }, // U+0439
    { 11, 22, 176, 0, 17, 31, 14583 }, // U+043A
    { 11, 22, 176, 0, 17, 31, 14614 }, // U+043B
    { 11, 22, 176, 0, 17, 31, 14645 }, // U+043C
    { 11, 22, 176, 0, 17, 31, 14676 }, // U+043D
    { 11, 22, 176, 0, 17, 31, 14707 }, // U+043E
    { 11, 22, 176, 0, 17, 31, 14738 }, // U+043F
    { 11, 22, 176, 0, 17, 31, 14769 }, // U+0440
    { 11, 22, 176, 0, 17, 31, 14800 }, // U+0441
    { 11, 22, 176, 0, 17, 31, 14831 }, // U+0442
    { 11, 22, 176, 0, 17, 31, 14862 }, // U+0443
    { 11, 22, 176, 0, 17, 31, 14893 }, // U+0444
    { 11, 22, 176, 0, 17, 31, 14924 }, // U+0445
    { 11, 22, 176, 0, 17, 31, 14955 }, // U+0446
    { 11, 22, 176, 0, 17, 31, 14986 }, // U+0447
    { 11, 22, 176, 0, 17, 31, 15017 }, // U+0448
    { 11, 22, 176, 0, 17, 31, 15048 }, // U+0449
    { 11, 22, 176, 0, 17, 31, 15079 }, // U+044A
    { 11, 22, 176, 0, 17, 31, 15110 }, // U+044B
    { 11, 22, 176, 0, 17, 31, 15141 }, // U+044C
    { 11, 22, 176, 0, 17, 31, 15172 }, // U+044D
    { 11, 22, 176, 0, 17, 31, 15203 }, // U+044E
    { 11, 22, 176, 0, 17, 31, 15234 }, // U+044F
    { 11, 22, 176, 0, 17, 31, 15265 }, // U+0450
    { 11, 22, 176, 0, 17, 31, 15296 }, // U+0451
    { 11, 22, 176, 0, 17, 31, 15327 }, // U+0452
    { 11, 22, 176, 0, 17, 31, 15358 }, // U+0453
    { 11, 22, 176, 0, 17, 31, 15389 }, // U+0454
    { 11, 22, 176, 0, 17, 31, 15420 }, // U+0455
    { 11, 22, 176, 0, 17, 31, 15451 }, // U+0456
    { 11, 22, 176, 0, 17, 31, 15482 }, // U+0457
    { 11, 22, 176, 0, 17, 31, 15513 }, // U+0458
    { 11, 22, 176, 0, 17, 31, 15544 }, // U+0459
    { 11, 22, 176, 0, 17, 31, 15575 }, // U+045A
    { 11, 22, 176, 0, 17, 31, 15606 }, // U+045B
    { 11, 22, 176, 0, 17, 31, 15637 }, // U+045C
    { 11, 22, 176, 0, 17, 31, 15668 }, // U+045D
    { 11, 22, 176, 0, 17, 31, 15699 }, // U+045E
    { 11, 22, 176, 0, 17, 31, 15730 }, // U+045F
    { 13, 14, 237, 1, 13, 23, 15761 }, // U+0460
    { 12, 10, 213, 1, 9, 15, 15784 }, // U+0461
    { 11, 22, 176, 0, 17, 31, 15799 }, // U+0462
    { 11, 22, 176, 0, 17, 31, 15830 }, // U+0463
    { 14, 14, 253, 1, 13, 25, 15861 }, // U+0464
    { 12, 11, 206, 1, 10, 17, 15886 }, // U+0465
    { 11, 13, 182, 0, 13, 18, 15903 }, // U+0466
    { 10, 9, 151, 0, 9, 12, 15921 }, // U+0467
    { 15, 13, 248, 1, 13, 25, 15933 }, // U+0468
    { 12, 9, 205, 1, 9, 14, 15958 }, // U+0469
    { 11, 22, 176, 0, 17, 31, 15972 }, // U+046A
    { 11, 22, 176, 0, 17, 31, 16003 }, // U+046B
    { 17, 13, 304, 1, 13, 28, 16034 }, // U+046C
    { 15, 9, 254, 1, 9, 17, 16062 }, // U+046D
    { 9, 20, 143, 0, 16, 23, 16079 }, // U+046E
    { 8, 17, 137, 0, 13, 17, 16102 }, // U+046F
    { 13, 13, 233, 1, 13, 22, 16119 }, // U+0470
    { 11, 16, 205, 1, 12, 22, 16141 }, // U+0471
    { 12, 14, 203, 0, 13, 21, 16163 }, // U+0472
    { 10, 11, 157, 0, 10, 14, 16184 }, // U+0473
    { 12, 13, 186, 0, 13, 20, 16198 }, // U+0474
    { 10, 9, 156, 0, 9, 12, 16218 }, // U+0475
    { 12, 16, 186, 0, 16, 24, 16230 }, // U+0476
    { 10, 13, 156, 0, 13, 17, 16254 }, // U+0477
    { 22, 17, 350, 0, 13, 47, 16271 }, // U+0478
    { 19, 14, 299, 0, 10, 34, 16318 }, // U+0479
    { 11, 13, 189, 0, 13, 18, 16352 }, // U+0480
    { 9, 13, 148, 0, 10, 15, 16370 }, // U+0481
    { 10, 11, 167, 0, 11, 14, 16385 }, // U+0482
    { 7, 4, 0, -8, 13, 4, 16399 }, // U+0483
    { 7, 3, 0, -8, 13, 3, 16403 }, // U+0484
    { 3, 4, 0, -6, 14, 2, 16406 }, // U+0485
    { 3, 4, 0, -5, 14, 2, 16408 }, // U+0486
    { 7, 3, 0, -8, 13, 3, 16410 }, // U+0487
    { 17, 15, 0, -13, 12, 32, 16413 }, // U+0488
    { 16, 17, 0, -13, 13, 34, 16445 }, // U+0489
    { 12, 19, 198, 1, 16, 29, 16479 }, // U+048A
    { 10, 16, 156, 1, 13, 20, 16508 }, // U+048B
    { 11, 13, 183, 0, 13, 18, 16528 }, // U+048C
    { 10, 12, 162, 0, 12, 15, 16546 }, // U+048D
    { 9, 13, 168, 1, 13, 15, 16561 }, // U+048E
    { 9, 14, 161, 1, 10, 16, 16576 }, // U+048F
    { 11, 22, 176, 0, 17, 31, 16592 }, // U+0490
    { 11, 22, 176, 0, 17, 31, 16623 }, // U+0491
    { 11, 22, 176, 0, 17, 31, 16654 }, // U+0492
    { 11, 22, 176, 0, 17, 31, 16685 }, // U+0493
    { 11, 22, 176, 0, 17, 31, 16716 }, // U+0494
    { 11, 22, 176, 0, 17, 31, 16747 }, // U+0495
    { 11, 22, 176, 0, 17, 31, 16778 }, // U+0496
    { 11, 22, 176, 0, 17, 31, 16809 }, // U+0497
    { 11, 22, 176, 0, 17, 31, 16840 }, // U+0498
    { 11, 22, 176, 0, 17, 31, 16871 }, // U+0499
    { 11, 22, 176, 0, 17, 31, 16902 }, // U+049A
    { 11, 22, 176, 0, 17, 31, 16933 }, // U+049B
    { 11, 22, 176, 0, 17, 31, 16964 }, // U+049C
    { 11, 22, 176, 0, 17, 31, 16995 }, // U+049D
    { 11, 22, 176, 0, 17, 31, 17026 }, // U+04A0
    { 11, 22, 176, 0, 17, 31, 17057 }, // U+04A1
    { 11, 22, 176, 0, 17, 31, 17088 }, // U+04A2
    { 11, 22, 176, 0, 17, 31, 17119 }, // U+04A3
    { 11, 22, 176, 0, 17, 31, 17150 }, // U+04A4
    { 11, 22, 176, 0, 17, 31, 17181 }, // U+04A5
    { 17, 14, 294, 1, 13, 30, 17212 }, // U+04A6
    { 14, 12, 244, 1, 9, 21, 17242 }, // U+04A7
    { 16, 14, 261, 0, 13, 28, 17263 }, // U+04A8
    { 13, 11, 206, 0, 10, 18, 17291 }, // U+04A9
    { 11, 22, 176, 0, 17, 31, 17309 }, // U+04AA
    { 11, 22, 176, 0, 17, 31, 17340 }, // U+04AB
    { 10, 16, 170, 0, 13, 20, 17371 }, // U+04AC
    { 8, 12, 124, 0, 9, 12, 17391 }, // U+04AD
    { 11, 22, 176, 0, 17, 31, 17403 }, // U+04AE
    { 11, 22, 176, 0, 17, 31, 17434 }, // U+04AF
    { 11, 22, 176, 0, 17, 31, 17465 }, // U+04B0
    { 11, 22, 176, 0, 17, 31, 17496 }, // U+04B1
    { 11, 22, 176, 0, 17, 31, 17527 }, // U+04B2
    { 11, 22, 176, 0, 17, 31, 17558 }, // U+04B3
    { 15, 16, 243, 0, 13, 30, 17589 }, // U+04B4
    { 11, 12, 175, 0, 9, 17, 17619 }, // U+04B5
    { 11, 22, 176, 0, 17, 31, 17636 }, // U+04B6
    { 11, 22, 176, 0, 17, 31, 17667 }, // U+04B7
    { 11, 22, 176, 0, 17, 31, 17698 }, // U+04B8
    { 11, 22, 176, 0, 17, 31, 17729 }, // U+04B9
    { 11, 22, 176, 0, 17, 31, 17760 }, // U+04BA
    { 11, 22, 176, 0, 17, 31, 17791 }, // U+04BB
    { 13, 14, 223, 0, 13, 23, 17822 }, // U+04BC
    { 12, 11, 188, 0, 10, 17, 17845 }, // U+04BD
    { 13, 16, 223, 0, 13, 26, 17862 }, // U+04BE
    { 12, 14, 188, 0, 10, 21, 17888 }, // U+04BF
    { 11, 22, 176, 0, 17, 31, 17909 }, // U+04C0
    { 11, 22, 176, 0, 17, 31, 17940 }, // U+04C1
    { 11, 22, 176, 0, 17, 31, 17971 }, // U+04C2
    { 10, 16, 180, 1, 13, 20, 18002 }, // U+04C3
    { 8, 12, 154, 1, 9, 12, 18022 }, // U+04C4
    { 13, 16, 197, 0, 13, 26, 18034 }, // U+04C5
    { 10, 12, 152, 0, 9, 15, 18060 }, // U+04C6
    { 10, 17, 196, 1, 13, 22, 18075 }, // U+04C7
    { 8, 13, 155, 1, 9, 13, 18097 }, // U+04C8
    { 12, 16, 196, 1, 13, 24, 18110 }, // U+04C9
    { 10, 12, 155, 1, 9, 15, 18134 }, // U+04CA
    { 11, 16, 188, 1, 13, 22, 18149 }, // U+04CB
    { 9, 12, 156, 1, 9, 14, 18171 }, // U+04CC
    { 15, 16, 238, 1, 13, 30, 18185 }, // U+04CD
    { 13, 12, 203, 1, 9, 20, 18215 }, // U+04CE
    { 11, 22, 176, 0, 17, 31, 18235 }, // U+04CF
    { 11, 22, 176, 0, 17, 31, 18266 }, // U+04D0
    { 11, 22, 176, 0, 17, 31, 18297 }, // U+04D1
    { 11, 22, 176, 0, 17, 31, 18328 }, // U+04D2
    { 11, 22, 176, 0, 17, 31, 18359 }, // U+04D3
    { 11, 22, 176, 0, 17, 31, 18390 }, // U+04D4
    { 11, 22, 176, 0, 17, 31, 18421 }, // U+04D5
    { 11, 22, 176, 0, 17, 31, 18452 }, // U+04D6
    { 11, 22, 176, 0, 17, 31, 18483 }, // U+04D7
    { 11, 22, 176, 0, 17, 31, 18514 }, // U+04D8
    { 11, 22, 176, 0, 17, 31, 18545 }, // U+04D9
    { 11, 22, 176, 0, 17, 31, 18576 }, // U+04DA
    { 11, 22, 176, 0, 17, 31, 18607 }, // U+04DB
    { 11, 22, 176, 0, 17, 31, 18638 }, // U+04DC
    { 11, 22, 176, 0, 17, 31, 18669 }, // U+04DD
    { 11, 22, 176, 0, 17, 31, 18700 }, // U+04DE
    { 11, 22, 176, 0, 17, 31, 18731 }, // U+04DF
    { 10, 14, 164, 0, 13, 18, 18762 }, // U+04E0
    { 10, 14, 164, 0, 10, 18, 18780 }, // U+04E1
    { 11, 22, 176, 0, 17, 31, 18798 }, // U+04E2
    { 11, 22, 176, 0, 17, 31, 18829 }, // U+04E3
    { 11, 22, 176, 0, 17, 31, 18860 }, // U+04E4
    { 11, 22, 176, 0, 17, 31, 18891 }, // U+04E5
    { 11, 22, 176, 0, 17, 31, 18922 }, // U+04E6
    { 11, 22, 176, 0, 17, 31, 18953 }, // U+04E7
    { 11, 22, 176, 0, 17, 31, 18984 }, // U+04E8
    { 11, 22, 176, 0, 17, 31, 19015 }, // U+04E9
    { 11, 22, 176, 0, 17, 31, 19046 }, // U+04EA
    { 11, 22, 176, 0, 17, 31, 19077 }, // U+04EB
    { 11, 22, 176, 0, 17, 31, 19108 }, // U+04EC
    { 11, 22, 176, 0, 17, 31, 19139 }, // U+04ED
    { 11, 22, 176, 0, 17, 31, 19170 }, // U+04EE
    { 11, 22, 176, 0, 17, 31, 19201 }, // U+04EF
    { 11, 22, 176, 0, 17, 31, 19232 }, // U+04F0
    { 11, 22, 176, 0, 17, 31, 19263 }, // U+04F1
    { 11, 22, 176, 0, 17, 31, 19294 }, // U+04F2
    { 11, 22, 176, 0, 17, 31, 19325 }, // U+04F3
    { 11, 22, 176, 0, 17, 31, 19356 }, // U+04F4
    { 11, 22, 176, 0, 17, 31, 19387 }, // U+04F5
    { 8, 16, 152, 1, 13, 16, 19418 }, // U+04F6
    { 6, 12, 116, 1, 9, 9, 19434 }, // U+04F7
    { 11, 22, 176, 0, 17, 31, 19443 }, // U+04F8
    { 11, 22, 176, 0, 17, 31, 19474 }, // U+04F9
    { 10, 17, 157, 0, 13, 22, 19505 }, // U+04FA
    { 7, 13, 116, 0, 9, 12, 19527 }, // U+04FB
    { 12, 17, 186, 0, 13, 26, 19539 }, // U+04FC
    { 9, 13, 137, 0, 9, 15, 19565 }, // U+04FD
    { 11, 13, 180, 0, 13, 18, 19580 }, // U+04FE
    { 9, 9, 143, 0, 9, 11, 19598 }, // U+04FF
    { 11, 17, 182, 0, 13, 24, 19609 }, // U+1EA0
    { 8, 14, 147, 0, 10, 14, 19633 }, // U+1EA1
    { 11, 16, 182, 0, 16, 22, 19647 }, // U+1EA2
    { 8, 14, 147, 0, 13, 14, 19669 }, // U+1EA3
    { 11, 19, 182, 0, 19, 27, 19683 }, // U+1EA4
    { 9, 17, 147, 0, 16, 20, 19710 }, // U+1EA5
    { 11, 19, 182, 0, 19, 27, 19730 }, // U+1EA6
    { 8, 17, 147, 0, 16, 17, 19757 }, // U+1EA7
    { 11, 19, 182, 0, 19, 27, 19774 }, // U+1EA8
    { 8, 17, 147, 0, 16, 17, 19801 }, // U+1EA9
    { 11, 18, 182, 0, 18, 25, 19818 }, // U+1EAA
    { 8, 16, 147, 0, 15, 16, 19843 }, // U+1EAB
    { 11, 20, 182, 0, 16, 28, 19859 }, // U+1EAC
    { 8, 17, 147, 0, 13, 17, 19887 }, // U+1EAD
    { 11, 19, 182, 0, 19, 27, 19904 }, // U+1EAE
    { 8, 17, 147, 0, 16, 17, 19931 }, // U+1EAF
    { 11, 19, 182, 0, 19, 27, 19948 }, // U+1EB0
    { 8, 17, 147, 0, 16, 17, 19975 }, // U+1EB1
    { 11, 19, 182, 0, 19, 27, 19992 }, // U+1EB2
    { 8, 17, 147, 0, 16, 17, 20019 }, // U+1EB3
    { 11, 18, 182, 0, 18, 25, 20036 }, // U+1EB4
    { 8, 16, 147, 0, 15, 16, 20061 }, // U+1EB5
    { 11, 20, 182, 0, 16, 28, 20077 }, // U+1EB6
    { 8, 17, 147, 0, 13, 17, 20105 }, // U+1EB7
    { 11, 22, 176, 0, 17, 31, 20122 }, // U+1EB8
    { 11, 22, 176, 0, 17, 31, 20153 }, // U+1EB9
    { 8, 16, 159, 1, 16, 16, 20184 }, // U+1EBA
    { 9, 14, 153, 0, 13, 16, 20200 }, // U+1EBB
    { 11, 22, 176, 0, 17, 31, 20216 }, // U+1EBC
    { 11, 22, 176, 0, 17, 31, 20247 }, // U+1EBD
    { 9, 19, 159, 1, 19, 22, 20278 }, // U+1EBE
    { 9, 17, 153, 0, 16, 20, 20300 }, // U+1EBF
    { 8, 19, 159, 1, 19, 19, 20320 }, // U+1EC0
    { 9, 17, 153, 0, 16, 20, 20339 }, // U+1EC1
    { 8, 19, 159, 1, 19, 19, 20359 }, // U+1EC2
    { 9, 17, 153, 0, 16, 20, 20378 }, // U+1EC3
    { 8, 18, 159, 1, 18, 18, 20398 }, // U+1EC4
    { 9, 16, 153, 0, 15, 18, 20416 }, // U+1EC5
    { 8, 20, 159, 1, 16, 20, 20434 }, // U+1EC6
    { 9, 17, 153, 0, 13, 20, 20454 }, // U+1EC7
    { 4, 16, 70, 0, 16, 8, 20474 }, // U+1EC8
    { 4, 13, 63, 0, 13, 7, 20482 }, // U+1EC9
    { 11, 22, 176, 0, 17, 31, 20489 }, // U+1ECA
    { 11, 22, 176, 0, 17, 31, 20520 }, // U+1ECB
    { 11, 22, 176, 0, 17, 31, 20551 }, // U+1ECC
    { 11, 22, 176, 0, 17, 31, 20582 }, // U+1ECD
    { 12, 17, 203, 0, 16, 26, 20613 }, // U+1ECE
    { 10, 14, 157, 0, 13, 18, 20639 }, // U+1ECF
    { 12, 20, 203, 0, 19, 30, 20657 }, // U+1ED0
    { 10, 17, 157, 0, 16, 22, 20687 }, // U+1ED1
    { 12, 20, 203, 0, 19, 30, 20709 }, // U+1ED2
    { 10, 17, 157, 0, 16, 22, 20739 }, // U+1ED3
    { 12, 20, 203, 0, 19, 30, 20761 }, // U+1ED4
    { 10, 17, 157, 0, 16, 22, 20791 }, // U+1ED5
    { 12, 19, 203, 0, 18, 29, 20813 }, // U+1ED6
    { 10, 16, 157, 0, 15, 20, 20842 }, // U+1ED7
    { 12, 20, 203, 0, 16, 30, 20862 }, // U+1ED8
    { 10, 17, 157, 0, 13, 22, 20892 }, // U+1ED9
    { 12, 17, 202, 0, 16, 26, 20914 }, // U+1EDA
    { 10, 14, 156, 0, 13, 18, 20940 }, // U+1EDB
    { 12, 17, 202, 0, 16, 26, 20958 }, // U+1EDC
    { 10, 14, 156, 0, 13, 18, 20984 }, // U+1EDD
    { 12, 17, 202, 0, 16, 26, 21002 }, // U+1EDE
    { 10, 14, 156, 0, 13, 18, 21028 }, // U+1EDF
    { 12, 17, 202, 0, 16, 26, 21046 }, // U+1EE0
    { 10, 14, 156, 0, 13, 18, 21072 }, // U+1EE1
    { 12, 18, 202, 0, 14, 27, 21090 }, // U+1EE2
    { 10, 15, 156, 0, 11, 19, 21117 }, // U+1EE3
    { 11, 22, 176, 0, 17, 31, 21136 }, // U+1EE4
    { 11, 22, 176, 0, 17, 31, 21167 }, // U+1EE5
    { 10, 17, 196, 1, 16, 22, 21198 }, // U+1EE6
    { 8, 14, 155, 1, 13, 14, 21220 }, // U+1EE7
    { 12, 17, 196, 1, 16, 26, 21234 }, // U+1EE8
    { 9, 14, 164, 1, 13, 16, 21260 }, // U+1EE9
    { 12, 17, 196, 1, 16, 26, 21276 }, // U+1EEA
    { 9, 14, 164, 1, 13, 16, 21302 }, // U+1EEB
    { 12, 17, 196, 1, 16, 26, 21318 }, // U+1EEC
    { 9, 14, 164, 1, 13, 16, 21344 }, // U+1EED
    { 12, 17, 196, 1, 16, 26, 21360 }, // U+1EEE
    { 9, 14, 164, 1, 13, 16, 21386 }, // U+1EEF
    { 12, 18, 196, 1, 14, 27, 21402 }, // U+1EF0
    { 9, 15, 164, 1, 11, 17, 21429 }, // U+1EF1
    { 11, 16, 179, 0, 16, 22, 21446 }, // U+1EF2
    { 9, 17, 147, 0, 13, 20, 21468 }, // U+1EF3
    { 11, 17, 179, 0, 13, 24, 21488 }, // U+1EF4
    { 9, 13, 147, 0, 9, 15, 21512 }, // U+1EF5
    { 11, 16, 179, 0, 16, 22, 21527 }, // U+1EF6
    { 9, 17, 147, 0, 13, 20, 21549 }, // U+1EF7
    { 11, 22, 176, 0, 17, 31, 21569 }, // U+1EF8
    { 11, 22, 176, 0, 17, 31, 21600 }, // U+1EF9
    { 11, 22, 176, 0, 17, 31, 21631 }, // U+2000
    { 11, 22, 176, 0, 17, 31, 21662 }, // U+2001
    { 11, 22, 176, 0, 17, 31, 21693 }, // U+2002
    { 11, 22, 176, 0, 17, 31, 21724 }, // U+2003
    { 11, 22, 176, 0, 17, 31, 21755 }, // U+2004
    { 11, 22, 176, 0, 17, 31, 21786 }, // U+2005
    { 11, 22, 176, 0, 17, 31, 21817 }, // U+2006
    { 11, 22, 176, 0, 17, 31, 21848 }, // U+2007
    { 11, 22, 176, 0, 17, 31, 21879 }, // U+2008
    { 11, 22, 176, 0, 17, 31, 21910 }, // U+2009
    { 11, 22, 176, 0, 17, 31, 21941 }, // U+200A
    { 0, 0, 0, 0, 0, 0, 21972 }, // U+200B
    { 0, 0, 0, 0, 0, 0, 21972 }, // U+200C
    { 0, 0, 0, 0, 0, 0, 21972 }, // U+200D
    { 0, 0, 0, 0, 0, 0, 21972 }, // U+200E
    { 0, 0, 0, 0, 0, 0, 21972 }, // U+200F
    { 11, 22, 176, 0, 17, 31, 21972 }, // U+2010
    { 11, 22, 176, 0, 17, 31, 22003 }, // U+2011
    { 11, 22, 176, 0, 17, 31, 22034 }, // U+2012
    { 11, 22, 176, 0, 17, 31, 22065 }, // U+2013
    { 11, 22, 176, 0, 17, 31, 22096 }, // U+2014
    { 11, 22, 176, 0, 17, 31, 22127 }, // U+2015
    { 11, 22, 176, 0, 17, 31, 22158 }, // U+2016
    { 11, 22, 176, 0, 17, 31, 22189 }, // U+2017
    { 11, 22, 176, 0, 17, 31, 22220 }, // U+2018
    { 11, 22, 176, 0, 17, 31, 22251 }, // U+2019
    { 11, 22, 176, 0, 17, 31, 22282 }, // U+201A
    { 11, 22, 176, 0, 17, 31, 22313 }, // U+201B
    { 11, 22, 176, 0, 17, 31, 22344 }, // U+201C
    { 11, 22, 176, 0, 17, 31, 22375 }, // U+201D
    { 11, 22, 176, 0, 17, 31, 22406 }, // U+201E
    { 11, 22, 176, 0, 17, 31, 22437 }, // U+201F
    { 11, 22, 176, 0, 17, 31, 22468 }, // U+2020
    { 11, 22, 176, 0, 17, 31, 22499 }, // U+2021
    { 11, 22, 176, 0, 17, 31, 22530 }, // U+2022
    { 6, 6, 146, 2, 8, 5, 22561 }, // U+2023
    { 3, 4, 73, 1, 3, 2, 22566 }, // U+2024
    { 7, 4, 146, 1, 3, 4, 22568 }, // U+2025
    { 11, 22, 176, 0, 17, 31, 22572 }, // U+2026
    { 3, 4, 73, 1, 8, 2, 22603 }, // U+2027
    { 0, 0, 0, 0, 0, 0, 22605 }, // U+202A
    { 0, 0, 0, 0, 0, 0, 22605 }, // U+202B
    { 0, 0, 0, 0, 0, 0, 22605 }, // U+202C
    { 0, 0, 0, 0, 0, 0, 22605 }, // U+202D
    { 0, 0, 0, 0, 0, 0, 22605 }, // U+202E
    { 0, 0, 47, 0, 0, 0, 22605 }, // U+202F
    { 11, 22, 176, 0, 17, 31, 22605 }, // U+2030
    { 25, 14, 440, 1, 13, 44, 22636 }, // U+2031
    { 11, 22, 176, 0, 17, 31, 22680 }, // U+2032
    { 11, 22, 176, 0, 17, 31, 22711 }, // U+2033
    { 10, 6, 171, 0, 13, 8, 22742 }, // U+2034
    { 3, 6, 57, 0, 13, 3, 22750 }, // U+2035
    { 7, 6, 114, 0, 13, 6, 22753 }, // U+2036
    { 10, 6, 171, 0, 13, 8, 22759 }, // U+2037
    { 7, 5, 119, 0, 0, 5, 22767 }, // U+2038
    { 11, 22, 176, 0, 17, 31, 22772 }, // U+2039
    { 11, 22, 176, 0, 17, 31, 22803 }, // U+203A
    { 10, 10, 168, 0, 11, 13, 22834 }, // U+203B
    { 11, 22, 176, 0, 17, 31, 22847 }, // U+203C
    { 8, 14, 134, 0, 13, 14, 22878 }, // U+203D
    { 11, 22, 176, 0, 17, 31, 22892 }, // U+203E
    { 13, 4, 216, 0, 0, 7, 22923 }, // U+203F
    { 13, 4, 216, 0, 13, 7, 22930 }, // U+2040
    { 7, 10, 119, 0, 5, 9, 22937 }, // U+2041
    { 10, 10, 191, 1, 11, 13, 22946 }, // U+2042
    { 5, 2, 146, 2, 6, 2, 22959 }, // U+2043
    { 11, 13, 47, -4, 13, 18, 22961 }, // U+2044
    { 4, 16, 93, 1, 13, 8, 22979 }, // U+2045
    { 5, 16, 93, 0, 13, 10, 22987 }, // U+2046
    { 17, 14, 274, 0, 13, 30, 22997 }, // U+2047
    { 12, 14, 210, 0, 13, 21, 23027 }, // U+2048
    { 12, 14, 210, 1, 13, 21, 23048 }, // U+2049
    { 7, 13, 116, 0, 9, 12, 23069 }, // U+204A
    { 9, 13, 158, 1, 13, 15, 23081 }, // U+204B
    { 8, 8, 156, 1, 9, 8, 23096 }, // U+204C
    { 8, 8, 156, 1, 9, 8, 23104 }, // U+204D
    { 8, 8, 132, 0, 7, 8, 23112 }, // U+204E
    { 3, 12, 76, 1, 9, 5, 23120 }, // U+204F
    { 13, 17, 215, 0, 13, 28, 23125 }, // U+2050
    { 8, 16, 142, 1, 13, 16, 23153 }, // U+2051
    { 11, 13, 190, 0, 13, 18, 23169 }, // U+2052
    { 10, 4, 191, 1, 8, 5, 23187 }, // U+2053
    { 13, 4, 216, 0, 0, 7, 23192 }, // U+2054
    { 7, 8, 144, 1, 8, 7, 23199 }, // U+2055
    { 14, 6, 228, 0, 13, 11, 23206 }, // U+2057
    { 0, 0, 73, 0, 0, 0, 23217 }, // U+205F
    { 0, 0, 0, 0, 0, 0, 23217 }, // U+2060
    { 0, 0, 0, 0, 0, 0, 23217 }, // U+2061
    { 0, 0, 0, 0, 0, 0, 23217 }, // U+2062
    { 0, 0, 0, 0, 0, 0, 23217 }, // U+2063
    { 0, 0, 0, 0, 0, 0, 23217 }, // U+2064
    { 0, 0, 0, 0, 0, 0, 23217 }, // U+2066
    { 0, 0, 0, 0, 0, 0, 23217 }, // U+2067
    { 0, 0, 0, 0, 0, 0, 23217 }, // U+2068
    { 0, 0, 0, 0, 0, 0, 23217 }, // U+2069
    { 0, 0, 0, 0, 0, 0, 23217 }, // U+206A
    { 0, 0, 0, 0, 0, 0, 23217 }, // U+206B
    { 0, 0, 0, 0, 0, 0, 23217 }, // U+206C
    { 0, 0, 0, 0, 0, 0, 23217 }, // U+206D
    { 0, 0, 0, 0, 0, 0, 23217 }, // U+206E
    { 0, 0, 0, 0, 0, 0, 23217 }, // U+206F
    { 11, 22, 176, 0, 17, 31, 23217 }, // U+2070
    { 11, 22, 176, 0, 17, 31, 23248 }, // U+2071
    { 11, 22, 176, 0, 17, 31, 23279 }, // U+2074
    { 11, 22, 176, 0, 17, 31, 23310 }, // U+2075
    { 11, 22, 176, 0, 17, 31, 23341 }, // U+2076
    { 11, 22, 176, 0, 17, 31, 23372 }, // U+2077
    { 11, 22, 176, 0, 17, 31, 23403 }, // U+2078
    { 11, 22, 176, 0, 17, 31, 23434 }, // U+2079
    { 11, 22, 176, 0, 17, 31, 23465 }, // U+207A
    { 11, 22, 176, 0, 17, 31, 23496 }, // U+207B
    { 11, 22, 176, 0, 17, 31, 23527 }, // U+207C
    { 11, 22, 176, 0, 17, 31, 23558 }, // U+207D
    { 11, 22, 176, 0, 17, 31, 23589 }, // U+207E
    { 11, 22, 176, 0, 17, 31, 23620 }, // U+207F
    { 11, 22, 176, 0, 17, 31, 23651 }, // U+2080
    { 11, 22, 176, 0, 17, 31, 23682 }, // U+2081
    { 11, 22, 176, 0, 17, 31, 23713 }, // U+2082
    { 11, 22, 176, 0, 17, 31, 23744 }, // U+2083
    { 11, 22, 176, 0, 17, 31, 23775 }, // U+2084
    { 11, 22, 176, 0, 17, 31, 23806 }, // U+2085
    { 11, 22, 176, 0, 17, 31, 23837 }, // U+2086
    { 11, 22, 176, 0, 17, 31, 23868 }, // U+2087
    { 11, 22, 176, 0, 17, 31, 23899 }, // U+2088
    { 11, 22, 176, 0, 17, 31, 23930 }, // U+2089
    { 11, 22, 176, 0, 17, 31, 23961 }, // U+208A
    { 11, 22, 176, 0, 17, 31, 23992 }, // U+208B
    { 11, 22, 176, 0, 17, 31, 24023 }, // U+208C
    { 11, 22, 176, 0, 17, 31, 24054 }, // U+208D
    { 11, 22, 176, 0, 17, 31, 24085 }, // U+208E
    { 11, 22, 176, 0, 17, 31, 24116 }, // U+2090
    { 11, 22, 176, 0, 17, 31, 24147 }, // U+2091
    { 11, 22, 176, 0, 17, 31, 24178 }, // U+2092
    { 11, 22, 176, 0, 17, 31, 24209 }, // U+2093
    { 11, 22, 176, 0, 17, 31, 24240 }, // U+2094
    { 11, 22, 176, 0, 17, 31, 24271 }, // U+2095
    { 11, 22, 176, 0, 17, 31, 24302 }, // U+2096
    { 11, 22, 176, 0, 17, 31, 24333 }, // U+2097
    { 11, 22, 176, 0, 17, 31, 24364 }, // U+2098
    { 7, 6, 113, 0, 3, 6, 24395 }, // U+2099
    { 11, 22, 176, 0, 17, 31, 24401 }, // U+209A
    { 6, 6, 101, 0, 3, 5, 24432 }, // U+209B
    { 4, 7, 65, 0, 4, 4, 24437 }, // U+209C
    { 10, 14, 192, 1, 13, 18, 24441 }, // U+20A0
    { 12, 16, 194, 0, 14, 24, 24459 }, // U+20A1
    { 12, 14, 193, 0, 13, 21, 24483 }, // U+20A2
    { 11, 13, 160, -1, 13, 18, 24504 }, // U+20A3
    { 10, 13, 161, 0, 13, 17, 24522 }, // U+20A4
    { 12, 13, 227, 1, 11, 20, 24539 }, // U+20A5
    { 13, 13, 203, 0, 13, 22, 24559 }, // U+20A6
    { 11, 22, 176, 0, 17, 31, 24581 }, // U+20A7
    { 17, 14, 296, 1, 13, 30, 24612 }, // U+20A8
    { 16, 13, 252, 0, 13, 26, 24642 }, // U+20A9
    { 11, 22, 176, 0, 17, 31, 24668 }, // U+20AA
    { 10, 17, 161, 0, 13, 22, 24699 }, // U+20AB
    { 11, 22, 176, 0, 17, 31, 24721 }, // U+20AC
    { 12, 13, 187, 0, 13, 20, 24752 }, // U+20AD
    { 11, 22, 176, 0, 17, 31, 24772 }, // U+20AE
    { 23, 18, 367, 0, 14, 52, 24803 }, // U+20AF
    { 11, 13, 176, 0, 13, 18, 24855 }, // U+20B1
    { 12, 16, 198, 0, 14, 24, 24873 }, // U+20B2
    { 11, 13, 182, 0, 13, 18, 24897 }, // U+20B3
    { 10, 14, 167, 0, 13, 18, 24915 }, // U+20B4
    { 12, 16, 194, 0, 14, 24, 24933 }, // U+20B5
    { 10, 13, 170, 0, 13, 17, 24957 }, // U+20B8
    { 9, 13, 142, 0, 13, 15, 24974 }, // U+20B9
    { 9, 14, 156, 0, 13, 16, 24989 }, // U+20BA
    { 10, 10, 192, 1, 10, 13, 25005 }, // U+20BC
    { 11, 13, 185, 0, 13, 18, 25018 }, // U+20BD
    { 10, 13, 191, 1, 13, 17, 25036 }, // U+20BE
    { 9, 16, 174, 1, 14, 18, 25053 }, // U+20BF
    { 11, 22, 176, 0, 17, 31, 25071 }, // U+2190
    { 11, 22, 176, 0, 17, 31, 25102 }, // U+2191
    { 11, 22, 176, 0, 17, 31, 25133 }, // U+2192
    { 11, 22, 176, 0, 17, 31, 25164 }, // U+2193
    { 11, 22, 176, 0, 17, 31, 25195 }, // U+2194
    { 11, 22, 176, 0, 17, 31, 25226 }, // U+2195
    { 10, 10, 204, 1, 9, 13, 25257 }, // U+2196
    { 10, 10, 204, 1, 9, 13, 25270 }, // U+2197
    { 10, 10, 204, 1, 10, 13, 25283 }, // U+2198
    { 10, 10, 204, 1, 10, 13, 25296 }, // U+2199
    { 11, 22, 176, 0, 17, 31, 25309 }, // U+21A4
    { 11, 22, 176, 0, 17, 31, 25340 }, // U+21A6
    { 11, 22, 176, 0, 17, 31, 25371 }, // U+21A8
    { 17, 13, 303, 1, 13, 28, 25402 }, // U+21A9
    { 17, 13, 303, 1, 13, 28, 25430 }, // U+21AA
    { 14, 13, 261, 1, 13, 23, 25458 }, // U+21B0
    { 14, 13, 261, 1, 13, 23, 25481 }, // U+21B1
    { 11, 22, 176, 0, 17, 31, 25504 }, // U+21B2
    { 11, 22, 176, 0, 17, 31, 25535 }, // U+21B3
    { 12, 14, 220, 1, 13, 21, 25566 }, // U+21B4
    { 11, 22, 176, 0, 17, 31, 25587 }, // U+21B5
    { 13, 15, 253, 1, 15, 25, 25618 }, // U+21BA
    { 11, 22, 176, 0, 17, 31, 25643 }, // U+21BB
    { 11, 22, 176, 0, 17, 31, 25674 }, // U+21CB
    { 11, 22, 176, 0, 17, 31, 25705 }, // U+21CC
    { 11, 22, 176, 0, 17, 31, 25736 }, // U+21D0
    { 11, 22, 176, 0, 17, 31, 25767 }, // U+21D1
    { 11, 22, 176, 0, 17, 31, 25798 }, // U+21D2
    { 11, 22, 176, 0, 17, 31, 25829 }, // U+21D3
    { 11, 22, 176, 0, 17, 31, 25860 }, // U+21D4
    { 11, 22, 176, 0, 17, 31, 25891 }, // U+21D5
    { 8, 13, 160, 1, 13, 13, 25922 }, // U+21DE
    { 8, 14, 160, 1, 13, 14, 25935 }, // U+21DF
    { 15, 8, 269, 1, 10, 15, 25949 }, // U+21E4
    { 15, 8, 269, 1, 10, 15, 25964 }, // U+21E5
    { 15, 14, 273, 1, 14, 27, 25979 }, // U+21E7
    { 15, 17, 273, 1, 14, 32, 26006 }, // U+21EA
    { 11, 22, 176, 0, 17, 31, 26038 }, // U+2200
    { 9, 14, 167, 1, 13, 16, 26069 }, // U+2202
    { 11, 22, 176, 0, 17, 31, 26085 }, // U+2203
    { 11, 22, 176, 0, 17, 31, 26116 }, // U+2204
    { 11, 22, 176, 0, 17, 31, 26147 }, // U+2205
    { 11, 22, 176, 0, 17, 31, 26178 }, // U+2206
    { 11, 22, 176, 0, 17, 31, 26209 }, // U+2207
    { 11, 22, 176, 0, 17, 31, 26240 }, // U+2208
    { 11, 22, 176, 0, 17, 31, 26271 }, // U+2209
    { 11, 22, 176, 0, 17, 31, 26302 }, // U+220A
    { 11, 22, 176, 0, 17, 31, 26333 }, // U+220B
    { 11, 22, 176, 0, 17, 31, 26364 }, // U+220C
    { 11, 22, 176, 0, 17, 31, 26395 }, // U+220D
    { 10, 15, 191, 1, 13, 19, 26426 }, // U+220F
    { 10, 16, 167, 0, 13, 20, 26445 }, // U+2211
    { 11, 22, 176, 0, 17, 31, 26465 }, // U+2212
    { 11, 22, 176, 0, 17, 31, 26496 }, // U+2213
    { 11, 22, 176, 0, 17, 31, 26527 }, // U+2214
    { 11, 22, 176, 0, 17, 31, 26558 }, // U+2215
    { 11, 22, 176, 0, 17, 31, 26589 }, // U+2216
    { 11, 22, 176, 0, 17, 31, 26620 }, // U+2219
    { 11, 22, 176, 0, 17, 31, 26651 }, // U+221A
    { 11, 22, 176, 0, 17, 31, 26682 }, // U+221E
    { 11, 22, 176, 0, 17, 31, 26713 }, // U+221F
    { 11, 22, 176, 0, 17, 31, 26744 }, // U+2225
    { 11, 22, 176, 0, 17, 31, 26775 }, // U+2227
    { 11, 22, 176, 0, 17, 31, 26806 }, // U+2228
    { 11, 22, 176, 0, 17, 31, 26837 }, // U+2229
    { 11, 22, 176, 0, 17, 31, 26868 }, // U+222A
    { 7, 17, 96, -1, 13, 15, 26899 }, // U+222B
    { 3, 10, 73, 1, 11, 4, 26914 }, // U+2236
    { 11, 22, 176, 0, 17, 31, 26918 }, // U+2248
    { 11, 22, 176, 0, 17, 31, 26949 }, // U+2260
    { 11, 22, 176, 0, 17, 31, 26980 }, // U+2261
    { 11, 22, 176, 0, 17, 31, 27011 }, // U+2264
    { 11, 22, 176, 0, 17, 31, 27042 }, // U+2265
    { 11, 22, 176, 0, 17, 31, 27073 }, // U+226A
    { 11, 22, 176, 0, 17, 31, 27104 }, // U+226B
    { 11, 22, 176, 0, 17, 31, 27135 }, // U+2282
    { 11, 22, 176, 0, 17, 31, 27166 }, // U+2283
    { 11, 22, 176, 0, 17, 31, 27197 }, // U+2286
    { 11, 22, 176, 0, 17, 31, 27228 }, // U+2287
    { 23, 24, 371, 0, 18, 69, 27259 }, // U+2295
    { 23, 24, 371, 0, 18, 69, 27328 }, // U+2296
    { 23, 24, 371, 0, 18, 69, 27397 }, // U+2297
    { 23, 24, 371, 0, 18, 69, 27466 }, // U+2298
    { 11, 22, 176, 0, 17, 31, 27535 }, // U+22A5
    { 11, 22, 176, 0, 17, 31, 27566 }, // U+22C2
    { 11, 22, 176, 0, 17, 31, 27597 }, // U+22C3
    { 11, 22, 176, 0, 17, 31, 27628 }, // U+FFFD
};

static const EpdUnicodeInterval inter_8_regularIntervals[] = {
    { 0x0, 0x17F, 0x0 },
    { 0x1A0, 0x1A1, 0x180 },
    { 0x1AF, 0x1B0, 0x182 },
    { 0x1C5, 0x21F, 0x184 },
    { 0x300, 0x30C, 0x1DF },
    { 0x30F, 0x30F, 0x1EC },
    { 0x313, 0x313, 0x1ED },
    { 0x315, 0x315, 0x1EE },
    { 0x31B, 0x31B, 0x1EF },
    { 0x323, 0x323, 0x1F0 },
    { 0x326, 0x329, 0x1F1 },
    { 0x32C, 0x32C, 0x1F5 },
    { 0x337, 0x338, 0x1F6 },
    { 0x342, 0x343, 0x1F8 },
    { 0x346, 0x36F, 0x1FA },
    { 0x400, 0x479, 0x224 },
    { 0x480, 0x49D, 0x29E },
    { 0x4A0, 0x4FF, 0x2BC },
    { 0x1EA0, 0x1EF9, 0x31C },
    { 0x2000, 0x2027, 0x376 },
    { 0x202A, 0x2055, 0x39E },
    { 0x2057, 0x2057, 0x3CA },
    { 0x205F, 0x2064, 0x3CB },
    { 0x2066, 0x2071, 0x3D1 },
    { 0x2074, 0x208E, 0x3DD },
    { 0x2090, 0x209C, 0x3F8 },
    { 0x20A0, 0x20AF, 0x405 },
    { 0x20B1, 0x20B5, 0x415 },
    { 0x20B8, 0x20BA, 0x41A },
    { 0x20BC, 0x20BF, 0x41D },
    { 0x2190, 0x2199, 0x421 },
    { 0x21A4, 0x21A4, 0x42B },
    { 0x21A6, 0x21A6, 0x42C },
    { 0x21A8, 0x21AA, 0x42D },
    { 0x21B0, 0x21B5, 0x430 },
    { 0x21BA, 0x21BB, 0x436 },
    { 0x21CB, 0x21CC, 0x438 },
    { 0x21D0, 0x21D5, 0x43A },
    { 0x21DE, 0x21DF, 0x440 },
    { 0x21E4, 0x21E5, 0x442 },
    { 0x21E7, 0x21E7, 0x444 },
    { 0x21EA, 0x21EA, 0x445 },
    { 0x2200, 0x2200, 0x446 },
    { 0x2202, 0x220D, 0x447 },
    { 0x220F, 0x220F, 0x453 },
    { 0x2211, 0x2216, 0x454 },
    { 0x2219, 0x221A, 0x45A },
    { 0x221E, 0x221F, 0x45C },
    { 0x2225, 0x2225, 0x45E },
    { 0x2227, 0x222B, 0x45F },
    { 0x2236, 0x2236, 0x464 },
    { 0x2248, 0x2248, 0x465 },
    { 0x2260, 0x2261, 0x466 },
    { 0x2264, 0x2265, 0x468 },
    { 0x226A, 0x226B, 0x46A },
    { 0x2282, 0x2283, 0x46C },
    { 0x2286, 0x2287, 0x46E },
    { 0x2295, 0x2298, 0x470 },
    { 0x22A5, 0x22A5, 0x474 },
    { 0x22C2, 0x22C3, 0x475 },
    { 0xFFFD, 0xFFFD, 0x477 },
};

static const EpdKernClassEntry inter_8_regularKernLeftClasses[] = {
    { 0x01A0, 1 }, // U+01A0
    { 0x01AF, 2 }, // U+01AF
    { 0x01B0, 3 }, // U+01B0
    { 0x01C5, 4 }, // U+01C5
    { 0x01C6, 5 }, // U+01C6
    { 0x01C8, 6 }, // U+01C8
    { 0x01C9, 6 }, // U+01C9
    { 0x01CB, 6 }, // U+01CB
    { 0x01CC, 6 }, // U+01CC
    { 0x01D5, 7 }, // U+01D5
    { 0x01D6, 8 }, // U+01D6
    { 0x01D7, 7 }, // U+01D7
    { 0x01D8, 8 }, // U+01D8
    { 0x01D9, 7 }, // U+01D9
    { 0x01DA, 8 }, // U+01DA
    { 0x01DB, 7 }, // U+01DB
    { 0x01DC, 8 }, // U+01DC
    { 0x01DD, 9 }, // U+01DD
    { 0x01DE, 10 }, // U+01DE
    { 0x01DF, 11 }, // U+01DF
    { 0x01E0, 10 }, // U+01E0
    { 0x01E1, 11 }, // U+01E1
    { 0x01F1, 12 }, // U+01F1
    { 0x01F2, 5 }, // U+01F2
    { 0x01F3, 5 }, // U+01F3
    { 0x01F6, 13 }, // U+01F6
    { 0x01F8, 14 }, // U+01F8
    { 0x01F9, 11 }, // U+01F9
    { 0x01FA, 10 }, // U+01FA
    { 0x01FB, 11 }, // U+01FB
    { 0x0200, 10 }, // U+0200
    { 0x0201, 11 }, // U+0201
    { 0x0202, 10 }, // U+0202
    { 0x0203, 11 }, // U+0203
    { 0x0204, 15 }, // U+0204
    { 0x0205, 16 }, // U+0205
    { 0x0206, 15 }, // U+0206
    { 0x0207, 16 }, // U+0207
    { 0x0208, 17 }, // U+0208
    { 0x0209, 6 }, // U+0209
    { 0x020A, 18 }, // U+020A
    { 0x020B, 19 }, // U+020B
    { 0x020C, 20 }, // U+020C
    { 0x020D, 16 }, // U+020D
    { 0x020E, 20 }, // U+020E
    { 0x020F, 16 }, // U+020F
    { 0x0210, 21 }, // U+0210
    { 0x0211, 22 }, // U+0211
    { 0x0212, 21 }, // U+0212
    { 0x0213, 22 }, // U+0213
    { 0x0214, 7 }, // U+0214
    { 0x0215, 8 }, // U+0215
    { 0x0216, 7 }, // U+0216
    { 0x0217, 8 }, // U+0217
    { 0x021E, 14 }, // U+021E
    { 0x021F, 11 }, // U+021F
    { 0x0460, 14 }, // U+0460
    { 0x0464, 23 }, // U+0464
    { 0x0465, 16 }, // U+0465
    { 0x0466, 10 }, // U+0466
    { 0x0467, 10 }, // U+0467
    { 0x0468, 10 }, // U+0468
    { 0x046E, 24 }, // U+046E
    { 0x0472, 20 }, // U+0472
    { 0x0473, 16 }, // U+0473
    { 0x0474, 25 }, // U+0474
    { 0x0475, 26 }, // U+0475
    { 0x0476, 25 }, // U+0476
    { 0x0477, 26 }, // U+0477
    { 0x0479, 27 }, // U+0479
    { 0x0481, 16 }, // U+0481
    { 0x048A, 14 }, // U+048A
    { 0x048B, 28 }, // U+048B
    { 0x048C, 16 }, // U+048C
    { 0x048D, 16 }, // U+048D
    { 0x048E, 29 }, // U+048E
    { 0x048F, 16 }, // U+048F
    { 0x04A6, 16 }, // U+04A6
    { 0x04A7, 30 }, // U+04A7
    { 0x04A9, 31 }, // U+04A9
    { 0x04AC, 32 }, // U+04AC
    { 0x04AD, 22 }, // U+04AD
    { 0x04B5, 33 }, // U+04B5
    { 0x04BD, 16 }, // U+04BD
    { 0x04BF, 31 }, // U+04BF
    { 0x04C3, 24 }, // U+04C3
    { 0x04C4, 11 }, // U+04C4
    { 0x04C6, 28 }, // U+04C6
    { 0x04C7, 14 }, // U+04C7
    { 0x04C8, 11 }, // U+04C8
    { 0x04C9, 28 }, // U+04C9
    { 0x04CA, 28 }, // U+04CA
    { 0x04CC, 11 }, // U+04CC
    { 0x04CD, 14 }, // U+04CD
    { 0x04CE, 28 }, // U+04CE
    { 0x04E0, 34 }, // U+04E0
    { 0x04F6, 32 }, // U+04F6
    { 0x04F7, 22 }, // U+04F7
    { 0x04FA, 32 }, // U+04FA
    { 0x04FB, 22 }, // U+04FB
    { 0x04FC, 35 }, // U+04FC
    { 0x04FD, 36 }, // U+04FD
    { 0x04FE, 35 }, // U+04FE
    { 0x04FF, 36 }, // U+04FF
    { 0x1EA0, 10 }, // U+1EA0
    { 0x1EA1, 11 }, // U+1EA1
    { 0x1EA2, 10 }, // U+1EA2
    { 0x1EA3, 11 }, // U+1EA3
    { 0x1EA4, 10 }, // U+1EA4
    { 0x1EA5, 11 }, // U+1EA5
    { 0x1EA6, 10 }, // U+1EA6
    { 0x1EA7, 11 }, // U+1EA7
    { 0x1EA8, 10 }, // U+1EA8
    { 0x1EA9, 11 }, // U+1EA9
    { 0x1EAA, 10 }, // U+1EAA
    { 0x1EAB, 11 }, // U+1EAB
    { 0x1EAC, 10 }, // U+1EAC
    { 0x1EAD, 11 }, // U+1EAD
    { 0x1EAE, 10 }, // U+1EAE
    { 0x1EAF, 11 }, // U+1EAF
    { 0x1EB0, 10 }, // U+1EB0
    { 0x1EB1, 11 }, // U+1EB1
    { 0x1EB2, 10 }, // U+1EB2
    { 0x1EB3, 11 }, // U+1EB3
    { 0x1EB4, 10 }, // U+1EB4
    { 0x1EB5, 11 }, // U+1EB5
    { 0x1EB6, 10 }, // U+1EB6
    { 0x1EB7, 11 }, // U+1EB7
    { 0x1EBA, 15 }, // U+1EBA
    { 0x1EBB, 16 }, // U+1EBB
    { 0x1EBE, 15 }, // U+1EBE
    { 0x1EBF, 16 }, // U+1EBF
    { 0x1EC0, 15 }, // U+1EC0
    { 0x1EC1, 16 }, // U+1EC1
    { 0x1EC2, 15 }, // U+1EC2
    { 0x1EC3, 16 }, // U+1EC3
    { 0x1EC4, 15 }, // U+1EC4
    { 0x1EC5, 16 }, // U+1EC5
    { 0x1EC6, 15 }, // U+1EC6
    { 0x1EC7, 16 }, // U+1EC7
    { 0x1EC8, 14 }, // U+1EC8
    { 0x1EC9, 6 }, // U+1EC9
    { 0x1ECE, 20 }, // U+1ECE
    { 0x1ECF, 16 }, // U+1ECF
    { 0x1ED0, 20 }, // U+1ED0
    { 0x1ED1, 16 }, // U+1ED1
    { 0x1ED2, 20 }, // U+1ED2
    { 0x1ED3, 16 }, // U+1ED3
    { 0x1ED4, 20 }, // U+1ED4
    { 0x1ED5, 37 }, // U+1ED5
    { 0x1ED6, 20 }, // U+1ED6
    { 0x1ED7, 16 }, // U+1ED7
    { 0x1ED8, 20 }, // U+1ED8
    { 0x1ED9, 16 }, // U+1ED9
    { 0x1EDA, 20 }, // U+1EDA
    { 0x1EDB, 16 }, // U+1EDB
    { 0x1EDC, 20 }, // U+1EDC
    { 0x1EDD, 16 }, // U+1EDD
    { 0x1EDE, 20 }, // U+1EDE
    { 0x1EDF, 16 }, // U+1EDF
    { 0x1EE0, 20 }, // U+1EE0
    { 0x1EE1, 16 }, // U+1EE1
    { 0x1EE2, 20 }, // U+1EE2
    { 0x1EE3, 16 }, // U+1EE3
    { 0x1EE6, 7 }, // U+1EE6
    { 0x1EE7, 8 }, // U+1EE7
    { 0x1EE8, 38 }, // U+1EE8
    { 0x1EE9, 8 }, // U+1EE9
    { 0x1EEA, 38 }, // U+1EEA
    { 0x1EEB, 8 }, // U+1EEB
    { 0x1EEC, 38 }, // U+1EEC
    { 0x1EED, 3 }, // U+1EED
    { 0x1EEE, 38 }, // U+1EEE
    { 0x1EEF, 8 }, // U+1EEF
    { 0x1EF0, 38 }, // U+1EF0
    { 0x1EF1, 8 }, // U+1EF1
    { 0x1EF2, 39 }, // U+1EF2
    { 0x1EF3, 26 }, // U+1EF3
    { 0x1EF4, 39 }, // U+1EF4
    { 0x1EF5, 26 }, // U+1EF5
    { 0x1EF6, 39 }, // U+1EF6
    { 0x1EF7, 26 }, // U+1EF7
    { 0x2023, 40 }, // U+2023
    { 0x2034, 41 }, // U+2034
    { 0x203D, 42 }, // U+203D
    { 0x2043, 40 }, // U+2043
    { 0x204B, 29 }, // U+204B
    { 0x204C, 11 }, // U+204C
    { 0x204D, 40 }, // U+204D
    { 0x204F, 43 }, // U+204F
    { 0x2099, 44 }, // U+2099
    { 0x209B, 44 }, // U+209B
    { 0x209C, 44 }, // U+209C
    { 0x20A1, 23 }, // U+20A1
    { 0x20A8, 45 }, // U+20A8
    { 0x20A9, 38 }, // U+20A9
    { 0x20AF, 16 }, // U+20AF
    { 0x20B2, 46 }, // U+20B2
    { 0x20B5, 23 }, // U+20B5
    { 0x20BF, 24 }, // U+20BF
};

static const EpdKernClassEntry inter_8_regularKernRightClasses[] = {
    { 0x01A0, 1 }, // U+01A0
    { 0x01A1, 2 }, // U+01A1
    { 0x01AF, 3 }, // U+01AF
    { 0x01B0, 4 }, // U+01B0
    { 0x01C5, 5 }, // U+01C5
    { 0x01C6, 2 }, // U+01C6
    { 0x01C8, 6 }, // U+01C8
    { 0x01C9, 6 }, // U+01C9
    { 0x01CB, 6 }, // U+01CB
    { 0x01CC, 7 }, // U+01CC
    { 0x01D5, 3 }, // U+01D5
    { 0x01D6, 4 }, // U+01D6
    { 0x01D7, 3 }, // U+01D7
    { 0x01D8, 4 }, // U+01D8
    { 0x01D9, 3 }, // U+01D9
    { 0x01DA, 4 }, // U+01DA
    { 0x01DB, 3 }, // U+01DB
    { 0x01DC, 4 }, // U+01DC
    { 0x01DD, 8 }, // U+01DD
    { 0x01DE, 9 }, // U+01DE
    { 0x01DF, 10 }, // U+01DF
    { 0x01E0, 9 }, // U+01E0
    { 0x01E1, 10 }, // U+01E1
    { 0x01F2, 6 }, // U+01F2
    { 0x01F3, 8 }, // U+01F3
    { 0x01F6, 5 }, // U+01F6
    { 0x01F8, 6 }, // U+01F8
    { 0x01F9, 7 }, // U+01F9
    { 0x01FA, 9 }, // U+01FA
    { 0x01FB, 10 }, // U+01FB
    { 0x0200, 9 }, // U+0200
    { 0x0201, 10 }, // U+0201
    { 0x0202, 9 }, // U+0202
    { 0x0203, 10 }, // U+0203
    { 0x0204, 6 }, // U+0204
    { 0x0205, 2 }, // U+0205
    { 0x0206, 6 }, // U+0206
    { 0x0207, 2 }, // U+0207
    { 0x0208, 11 }, // U+0208
    { 0x0209, 12 }, // U+0209
    { 0x020A, 11 }, // U+020A
    { 0x020B, 13 }, // U+020B
    { 0x020C, 1 }, // U+020C
    { 0x020D, 2 }, // U+020D
    { 0x020E, 1 }, // U+020E
    { 0x020F, 2 }, // U+020F
    { 0x0210, 6 }, // U+0210
    { 0x0211, 7 }, // U+0211
    { 0x0212, 6 }, // U+0212
    { 0x0213, 7 }, // U+0213
    { 0x0214, 3 }, // U+0214
    { 0x0215, 4 }, // U+0215
    { 0x0216, 3 }, // U+0216
    { 0x0217, 4 }, // U+0217
    { 0x021E, 6 }, // U+021E
    { 0x021F, 6 }, // U+021F
    { 0x0460, 6 }, // U+0460
    { 0x0464, 6 }, // U+0464
    { 0x0465, 7 }, // U+0465
    { 0x0466, 9 }, // U+0466
    { 0x0467, 9 }, // U+0467
    { 0x0468, 6 }, // U+0468
    { 0x046C, 6 }, // U+046C
    { 0x046E, 6 }, // U+046E
    { 0x0472, 1 }, // U+0472
    { 0x0473, 2 }, // U+0473
    { 0x0474, 14 }, // U+0474
    { 0x0475, 15 }, // U+0475
    { 0x0476, 14 }, // U+0476
    { 0x0477, 15 }, // U+0477
    { 0x0478, 1 }, // U+0478
    { 0x0479, 2 }, // U+0479
    { 0x0481, 2 }, // U+0481
    { 0x048A, 5 }, // U+048A
    { 0x048B, 7 }, // U+048B
    { 0x048D, 16 }, // U+048D
    { 0x048E, 6 }, // U+048E
    { 0x048F, 7 }, // U+048F
    { 0x04A6, 6 }, // U+04A6
    { 0x04A7, 7 }, // U+04A7
    { 0x04A9, 2 }, // U+04A9
    { 0x04AC, 17 }, // U+04AC
    { 0x04AD, 16 }, // U+04AD
    { 0x04B4, 17 }, // U+04B4
    { 0x04B5, 16 }, // U+04B5
    { 0x04BD, 16 }, // U+04BD
    { 0x04C3, 6 }, // U+04C3
    { 0x04C4, 7 }, // U+04C4
    { 0x04C6, 18 }, // U+04C6
    { 0x04C7, 5 }, // U+04C7
    { 0x04C8, 7 }, // U+04C8
    { 0x04C9, 6 }, // U+04C9
    { 0x04CA, 7 }, // U+04CA
    { 0x04CD, 6 }, // U+04CD
    { 0x04CE, 7 }, // U+04CE
    { 0x04E1, 16 }, // U+04E1
    { 0x04F7, 7 }, // U+04F7
    { 0x04FB, 16 }, // U+04FB
    { 0x04FC, 19 }, // U+04FC
    { 0x04FD, 20 }, // U+04FD
    { 0x04FE, 19 }, // U+04FE
    { 0x04FF, 20 }, // U+04FF
    { 0x1EA0, 9 }, // U+1EA0
    { 0x1EA1, 10 }, // U+1EA1
    { 0x1EA2, 9 }, // U+1EA2
    { 0x1EA3, 10 }, // U+1EA3
    { 0x1EA4, 9 }, // U+1EA4
    { 0x1EA5, 10 }, // U+1EA5
    { 0x1EA6, 9 }, // U+1EA6
    { 0x1EA7, 10 }, // U+1EA7
    { 0x1EA8, 9 }, // U+1EA8
    { 0x1EA9, 10 }, // U+1EA9
    { 0x1EAA, 9 }, // U+1EAA
    { 0x1EAB, 10 }, // U+1EAB
    { 0x1EAC, 9 }, // U+1EAC
    { 0x1EAD, 10 }, // U+1EAD
    { 0x1EAE, 9 }, // U+1EAE
    { 0x1EAF, 10 }, // U+1EAF
    { 0x1EB0, 9 }, // U+1EB0
    { 0x1EB1, 10 }, // U+1EB1
    { 0x1EB2, 9 }, // U+1EB2
    { 0x1EB3, 10 }, // U+1EB3
    { 0x1EB4, 9 }, // U+1EB4
    { 0x1EB5, 10 }, // U+1EB5
    { 0x1EB6, 9 }, // U+1EB6
    { 0x1EB7, 10 }, // U+1EB7
    { 0x1EBA, 6 }, // U+1EBA
    { 0x1EBB, 2 }, // U+1EBB
    { 0x1EBE, 6 }, // U+1EBE
    { 0x1EBF, 2 }, // U+1EBF
    { 0x1EC0, 6 }, // U+1EC0
    { 0x1EC1, 2 }, // U+1EC1
    { 0x1EC2, 6 }, // U+1EC2
    { 0x1EC3, 2 }, // U+1EC3
    { 0x1EC4, 6 }, // U+1EC4
    { 0x1EC5, 2 }, // U+1EC5
    { 0x1EC6, 6 }, // U+1EC6
    { 0x1EC7, 2 }, // U+1EC7
    { 0x1EC8, 6 }, // U+1EC8
    { 0x1EC9, 21 }, // U+1EC9
    { 0x1ECE, 1 }, // U+1ECE
    { 0x1ECF, 2 }, // U+1ECF
    { 0x1ED0, 1 }, // U+1ED0
    { 0x1ED1, 2 }, // U+1ED1
    { 0x1ED2, 1 }, // U+1ED2
    { 0x1ED3, 2 }, // U+1ED3
    { 0x1ED4, 1 }, // U+1ED4
    { 0x1ED5, 2 }, // U+1ED5
    { 0x1ED6, 1 }, // U+1ED6
    { 0x1ED7, 2 }, // U+1ED7
    { 0x1ED8, 1 }, // U+1ED8
    { 0x1ED9, 2 }, // U+1ED9
    { 0x1EDA, 1 }, // U+1EDA
    { 0x1EDB, 2 }, // U+1EDB
    { 0x1EDC, 1 }, // U+1EDC
    { 0x1EDD, 2 }, // U+1EDD
    { 0x1EDE, 1 }, // U+1EDE
    { 0x1EDF, 2 }, // U+1EDF
    { 0x1EE0, 1 }, // U+1EE0
    { 0x1EE1, 2 }, // U+1EE1
    { 0x1EE2, 1 }, // U+1EE2
    { 0x1EE3, 2 }, // U+1EE3
    { 0x1EE6, 3 }, // U+1EE6
    { 0x1EE7, 4 }, // U+1EE7
    { 0x1EE8, 3 }, // U+1EE8
    { 0x1EE9, 4 }, // U+1EE9
    { 0x1EEA, 3 }, // U+1EEA
    { 0x1EEB, 4 }, // U+1EEB
    { 0x1EEC, 3 }, // U+1EEC
    { 0x1EED, 4 }, // U+1EED
    { 0x1EEE, 3 }, // U+1EEE
    { 0x1EEF, 4 }, // U+1EEF
    { 0x1EF0, 3 }, // U+1EF0
    { 0x1EF1, 4 }, // U+1EF1
    { 0x1EF2, 22 }, // U+1EF2
    { 0x1EF3, 15 }, // U+1EF3
    { 0x1EF4, 22 }, // U+1EF4
    { 0x1EF5, 15 }, // U+1EF5
    { 0x1EF6, 22 }, // U+1EF6
    { 0x1EF7, 15 }, // U+1EF7
    { 0x2023, 23 }, // U+2023
    { 0x2034, 24 }, // U+2034
    { 0x203D, 25 }, // U+203D
    { 0x2043, 23 }, // U+2043
    { 0x2044, 26 }, // U+2044
    { 0x204A, 16 }, // U+204A
    { 0x204B, 6 }, // U+204B
    { 0x204C, 23 }, // U+204C
    { 0x204D, 7 }, // U+204D
    { 0x204F, 27 }, // U+204F
    { 0x2099, 28 }, // U+2099
    { 0x209B, 28 }, // U+209B
    { 0x209C, 28 }, // U+209C
    { 0x20A1, 1 }, // U+20A1
    { 0x20A8, 6 }, // U+20A8
    { 0x20A9, 29 }, // U+20A9
    { 0x20AB, 2 }, // U+20AB
    { 0x20B2, 1 }, // U+20B2
    { 0x20B4, 30 }, // U+20B4
    { 0x20B5, 1 }, // U+20B5
    { 0x20B8, 31 }, // U+20B8
    { 0x20BF, 6 }, // U+20BF
    { 0x222B, 32 }, // U+222B
    { 0x2236, 27 }, // U+2236
};

static const int8_t inter_8_regularKernMatrix[] = {
       0,    0,    0,    0,    0,    0,    0,    0,   -9,    0,    0,    0,    0,    0,    0,    0,    0,    0,    0,    0,    0,    0,    0,    0,    0,    0,    0,    0,    0,    0,    0,    0,
       0,    0,    0,    0,    0,    0,    0,    0,    0,    0,    0,    0,    0,    0,    0,    0,   11,    0,    0,    0,    0,    0,    0,    0,    0,    0,    0,    0,    0,    0,    0,    0,
       0,  -10,    0,    0,    0,    0,    0,  -10,    0,    0,    0,    0,    0,    0,    4,    8,    0,    0,    0,    0,    0,    0,    0,    0,    0,    0,    0,    0,    0,    0,    0,    0,
       0,   -4,    0,    0,    0,    0,    0,   -4,    0,    0,    0,    0,    0,    0,    0,    0,  -20,    0,    0,    0,    0,    0,    0,    0,    0,    0,    0,    0,    0,    0,    0,    0,
       0,   -4,    0,    0,    0,    0,    0,   -4,    0,    0,    0,    0,    0,    0,    0,    0,   -9,    0,    0,    0,    0,    0,    0,    0,    0,    0,    0,    0,    0,    0,    0,    0,
       0,    0,    0,    0,    0,    0,    0,    0,    0,    0,    0,   23,   28,    0,    0,    1,    0,    0,    0,    0,    0,    0,    0,    0,    0,    0,    0,    0,    2,    0,    0,    0,
       0,    0,    0,    0,    0,    0,    0,    0,   -6,    0,    0,   13,    0,    0,    0,    0,    0,    0,    0,    0,    0,    0,    0,    0,    0,    0,    0,    0,    0,    0,    0,    0,
       0,    0,    0,    0,    0,    0,    0,    0,    0,    0,    0,    0,    0,    0,    0,    0,  -14,    0,    0,    0,    0,  -15,    0,    4,    0,    0,    0,    0,    0,    0,    0,    0,
       0,    0,    0,    0,    0,    0,    0,    0,   -8,    2,    0,    9,    0,  -15,   -5,    0,  -45,    0,   -8,   -6,    0,  -23,    0,   -6,    0,    0,    0,    0,    0,    0,    0,    0,
      -9,   -1,   -6,    0,    0,    0,    0,   -1,    4,    0,    0,    0,    0,  -20,  -18,   -6,  -23,    0,    0,    0,    1,  -22,   -9,  -27,  -17,   -2,    0,    0,    0,    0,  -14,    0,
       0,    0,    0,    0,    0,    0,    0,    0,    0,    0,    0,    0,    0,  -14,   -4,    0,  -20,    0,    0,    0,    0,  -20,    0,   -6,    0,    0,    0,    0,    0,    0,    0,    0,
       0,    0,    0,    0,    0,    0,    0,    0,    0,    0,    0,    9,    0,    0,    0,    0,    0,    0,    0,    0,    0,    0,    0,    0,    0,    0,    0,    0,    0,    0,    0,    0,
       0,    0,    0,    0,    0,    0,    0,    0,    0,    0,    0,    0,    0,    0,    0,    0,  -26,    0,    0,    0,    0,  -15,    0,    4,    0,    0,    0,    0,    0,    0,    0,    0,
       0,    0,    0,    0,    0,    0,    0,    0,    0,    0,    0,   13,   17,    0,    1,    3,    0,    0,    0,    0,    0,    0,    0,    0,    0,    0,    0,    0,    0,    0,    0,    0,
       0,    0,    0,    0,    0,    0,    0,    0,    0,    0,    0,   15,   20,    0,    0,    0,    0,    0,    0,    0,    0,    0,    0,    0,    0,    0,    0,    0,    0,    0,    0,    0,
       0,    0,    0,    0,    0,    0,    0,    0,   -8,    2,    0,    9,    0,  -15,   -5,    0,  -24,    0,   -8,   -6,    0,  -23,    0,   -6,    0,    0,    0,    0,    0,    0,    0,    0,
       0,    0,    0,    0,    0,    0,    0,    0,    0,    0,    0,   20,    6,    0,    0,    0,    0,    0,    0,    0,    0,    0,    0,    0,    0,    0,    0,    0,    0,    0,    0,    0,
       0,    0,    0,    0,    0,    0,    0,    0,    0,    0,    0,   11,    6,    0,    0,    0,    0,    0,    0,    0,    0,    0,    0,    0,    0,    0,    0,    0,    0,    0,    0,    0,
       0,    0,    0,    0,   36,   17,    7,    0,    0,    0,    6,   26,   57,   23,    0,   14,   24,    0,    0,    0,   28,    0,    0,    0,    0,    0,    0,    0,    0,    0,    0,   29,
       0,    0,    0,    0,    0,    0,    0,    0,   -9,    0,    0,    0,    0,   -9,    0,    0,   -9,    0,  -11,    0,    0,  -10,    0,    0,    0,    0,    0,  -10,    0,    0,    0,    0,
       0,   -4,    0,    0,    0,    0,    0,   -4,    0,   -2,    0,    0,   12,   -4,    0,    0,   -1,    0,    0,    0,    0,   -6,    0,    0,    0,    0,    0,    0,    0,    0,    0,    0,
       0,   -4,    0,    0,    3,    3,    3,   -4,  -11,   -1,    0,    0,    7,    0,    4,    4,  -15,   -6,    0,    3,    2,    0,    0,    4,    0,    0,    0,    0,    0,    0,    0,    3,
       0,    0,    0,    0,    0,    0,    0,    0,   -5,    0,    0,    0,    9,    0,    0,    0,    0,    0,   -1,    0,    0,    0,    0,    0,    0,    0,    0,    0,    0,    0,    0,    0,
       0,    0,    0,    0,    0,    0,    0,    0,    0,    0,    0,    0,    9,    0,    0,    0,  -14,    0,    0,    0,    0,    0,    0,    0,    0,    0,    0,    0,    0,    0,    0,    0,
      -9,  -15,    0,    0,    0,    0,   -2,  -15,  -20,  -14,    0,   11,   23,    4,    0,    0,    0,    0,    0,    0,    0,    0,  -11,    0,    0,    0,  -17,  -35,    0,    0,    0,    0,
       0,   -5,    0,    0,    1,    1,    0,   -5,  -18,   -2,    0,    2,    0,    0,    0,    4,   -9,  -12,    0,    0,    0,   -9,    0,    2,    0,    0,    0,    0,    0,    0,    0,    0,
       0,   -7,    0,    0,    0,    0,    0,   -7,   -9,   -4,    0,   12,   36,    0,    0,   -9,    0,    0,    0,    0,    0,    3,   -6,    0,    0,    0,    0,    0,    0,    0,    0,    0,
       0,   -3,    0,    0,    0,    0,    0,   -3,    0,    2,    0,   12,    0,   -3,    6,   -2,   -9,    0,    0,    0,    0,   -4,   -3,    2,    0,    0,    0,    0,    0,    0,    0,    3,
       0,   -3,    0,    0,    0,    0,   -1,   -3,  -20,   -1,    0,    0,    0,    0,    0,    0,   -1,    0,    0,    0,    0,    0,    0,    0,    0,    0,    0,    0,    0,    0,    0,    0,
       0,    0,    0,    0,    0,    0,    0,    0,    0,    0,    0,    0,    0,  -26,   -8,   -7,  -26,    0,   -8,   -6,    0,  -45,    0,    0,    0,    0,    0,    0,    0,    0,    0,    0,
       0,    0,    0,    0,    0,    0,    0,    0,    0,    0,    0,    0,    0,    0,    0,    0,  -21,    0,    0,    0,    0,    0,    0,    0,    0,    0,    0,    0,    0,    0,    0,    0,
      -9,  -23,    0,  -21,    0,    0,  -17,  -23,  -23,  -22,    0,   34,   24,    0,  -20,  -22,    0,    0,    0,  -19,    0,    4,   -9,    0,    0,    0,   -9,    0,    0,    0,    0,    0,
       0,   -4,    0,    0,    0,    0,    0,   -4,    0,    0,    0,    0,    0,    0,   -5,   -7,    0,    0,    0,    0,    0,    0,    0,   -7,    0,    0,    0,    0,    0,    0,    0,    0,
       0,    0,    0,    0,    0,    0,    0,    0,    0,    0,    0,    0,    0,    0,    0,    0,    0,    0,   -5,    0,    0,    0,    0,    0,    0,    0,    0,    0,    0,    0,    0,    0,
     -11,   -8,    0,    0,    0,    0,    0,   -8,    0,  -15,    0,   23,    0,    0,    0,    0,   -8,    0,    0,    0,    0,    0,  -12,    0,    0,    0,    0,    0,    0,   -9,    0,    0,
       0,   -6,    0,    0,    0,    0,    0,   -6,    0,   -1,    0,    0,    0,    0,    0,    5,  -17,    0,    0,    0,    0,    0,    0,    0,    0,    0,    0,    0,    0,    0,    0,    0,
       0,    0,    0,    0,    0,    0,    0,    0,   -8,    2,    0,   19,    0,  -15,   -5,    0,  -24,    0,   -8,   -6,    0,  -23,    0,   -6,    0,    0,    0,    0,    0,    0,    0,    0,
       0,    0,    0,    0,    0,    0,    0,    0,    0,    0,    0,   11,    0,    0,    0,    0,    0,    0,    0,    0,    0,    0,    0,    0,    0,    0,    0,    0,    0,    0,    0,    0,
     -10,  -22,    0,  -11,    0,    0,  -12,  -37,  -22,  -20,    0,   23,    0,    0,    0,    0,    4,    0,    0,    0,   -8,    0,  -11,    0,    0,    0,  -17,  -40,    0,    0,    0,    0,
       0,    0,    0,    0,    0,    0,    0,    0,   -9,    0,    0,    0,    0,  -11,    0,    0,   -9,    0,  -12,    0,    0,  -12,    0,    0,    0,    0,    0,    0,    0,    0,   -9,    0,
     -15,  -17,    0,  -11,    0,    0,   -6,  -17,  -36,  -15,    0,    0,    0,    0,    4,    4,    0,  -17,    0,    0,    0,    0,    0,    0,    0,    0,  -15,    0,    0,    0,    0,    0,
       0,    0,    0,    0,    0,    0,    0,    0,  -17,    0,    0,    0,    0,    0,    0,    0,    0,    0,    0,    0,    0,    0,    0,    0,    0,    0,    0,    0,    0,    0,    0,    0,
       0,    0,    0,    0,    0,    0,    0,    0,    0,    0,    0,    0,    0,  -17,    0,    0,   -9,    0,    0,    0,    0,    0,    0,    0,    0,    0,    0,    0,    0,    0,    0,    0,
     -10,    0,    0,    0,    0,    0,    0,    0,    0,    0,    0,    0,    0,  -35,  -14,    0,  -33,    0,    0,    0,    0,  -40,    0,    0,    0,    0,    0,    0,    0,    0,    0,    4,
       0,    0,    0,    0,    0,    0,    0,    0,    0,    0,    0,    0,    0,  -12,   -1,    1,  -20,    0,    0,    0,    0,  -20,    0,    0,    0,    0,    0,    0,    0,    0,    0,    0,
       0,    0,    0,    0,    0,    0,    0,    0,   -6,    0,    0,    6,    9,   -6,    0,    0,   -8,    0,   -1,    0,    0,   -6,    0,    0,    0,    0,    0,    0,    0,    0,    0,    0,
};

static constexpr EpdFontData inter_8_regular = {
    inter_8_regularBitmaps,
    inter_8_regularGlyphs,
    inter_8_regularIntervals,
    61,
    22,
    17,
    -5,
    false,
    nullptr,
    0,
    nullptr,
    inter_8_regularKernLeftClasses,
    inter_8_regularKernRightClasses,
    inter_8_regularKernMatrix,
    200,
    204,
    46,
    32,
    nullptr,
    0,
};
